estimator,n,correlation,rank_correlation,ceiling_pre,ceiling_post,replicate,seed,coverage,exposure
baseline,1000,0.5173210331089338,0.6159634097808806,0.068,0.184,1,20262011,balanced,all
observed_gain,1000,-0.05132101180205158,-0.0015620162918806577,0.068,0.184,1,20262011,balanced,all
post_score,1000,0.4990825222111067,0.6614381483466948,0.068,0.184,1,20262011,balanced,all
baseline,523,0.5458124307724804,0.6313228486328215,0.07074569789674952,0.16252390057361377,1,20262011,balanced,first_domain
observed_gain,523,-0.11508809539943946,-0.07167727585267251,0.07074569789674952,0.16252390057361377,1,20262011,balanced,first_domain
post_score,523,0.48693284172127627,0.6263403075037114,0.07074569789674952,0.16252390057361377,1,20262011,balanced,first_domain
baseline,477,0.48625315345433723,0.5969660622317814,0.0649895178197065,0.20754716981132076,1,20262011,balanced,second_domain
observed_gain,477,0.025428545849477218,0.08486338541491385,0.0649895178197065,0.20754716981132076,1,20262011,balanced,second_domain
post_score,477,0.5127173423866169,0.696989789002832,0.0649895178197065,0.20754716981132076,1,20262011,balanced,second_domain
baseline,1000,0.35719287153786206,0.48953379493619803,0.158,0.267,1,20262011,one_domain,all
observed_gain,1000,-0.03639948034059399,-0.027381937668824706,0.158,0.267,1,20262011,one_domain,all
post_score,1000,0.3539590518274784,0.5464278664381446,0.158,0.267,1,20262011,one_domain,all
baseline,523,0.3900197852142007,0.5253116606065245,0.14340344168260039,0.37476099426386233,1,20262011,one_domain,first_domain
observed_gain,523,-0.07830836567361388,-0.0708510836527749,0.14340344168260039,0.37476099426386233,1,20262011,one_domain,first_domain
post_score,523,0.46575895679983315,0.6964637840324218,0.14340344168260039,0.37476099426386233,1,20262011,one_domain,first_domain
baseline,477,0.3226776901779752,0.4499051849778456,0.1740041928721174,0.1488469601677149,1,20262011,one_domain,second_domain
observed_gain,477,0.02714223537572329,0.047208381631225226,0.1740041928721174,0.1488469601677149,1,20262011,one_domain,second_domain
post_score,477,0.34321072939734004,0.48590289557304306,0.1740041928721174,0.1488469601677149,1,20262011,one_domain,second_domain
baseline,1000,0.5039214469715658,0.6017132217610722,0.043,0.111,2,20262012,balanced,all
observed_gain,1000,0.05657346012497325,0.08488744105828808,0.043,0.111,2,20262012,balanced,all
post_score,1000,0.5608949025970782,0.693601571020274,0.043,0.111,2,20262012,balanced,all
baseline,536,0.4765236939386557,0.5723838338726546,0.048507462686567165,0.09514925373134328,2,20262012,balanced,first_domain
observed_gain,536,0.008448579306107158,0.028533401653143872,0.048507462686567165,0.09514925373134328,2,20262012,balanced,first_domain
post_score,536,0.5204687396372403,0.6443765497157233,0.048507462686567165,0.09514925373134328,2,20262012,balanced,first_domain
baseline,464,0.5353735461187892,0.6342464194458751,0.036637931034482756,0.12931034482758622,2,20262012,balanced,second_domain
observed_gain,464,0.11369464620474475,0.14775434038782295,0.036637931034482756,0.12931034482758622,2,20262012,balanced,second_domain
post_score,464,0.6042755163456158,0.7433716611675564,0.036637931034482756,0.12931034482758622,2,20262012,balanced,second_domain
baseline,1000,0.3935346479075361,0.4971868443127921,0.105,0.224,2,20262012,one_domain,all
observed_gain,1000,0.03021413303496367,0.005104270898151193,0.105,0.224,2,20262012,one_domain,all
post_score,1000,0.438184268302138,0.5811359215842313,0.105,0.224,2,20262012,one_domain,all
baseline,536,0.36511113085433017,0.48974177617889786,0.10261194029850747,0.3246268656716418,2,20262012,one_domain,first_domain
observed_gain,536,0.05908421235687606,0.03928741844948688,0.10261194029850747,0.3246268656716418,2,20262012,one_domain,first_domain
post_score,536,0.5404654668486467,0.7308572177017513,0.10261194029850747,0.3246268656716418,2,20262012,one_domain,first_domain
baseline,464,0.42607171247616,0.5093543970962944,0.10775862068965517,0.10775862068965517,2,20262012,one_domain,second_domain
observed_gain,464,-0.008284326745529444,-0.031172980076698685,0.10775862068965517,0.10775862068965517,2,20262012,one_domain,second_domain
post_score,464,0.42330413902045616,0.5080431183502984,0.10775862068965517,0.10775862068965517,2,20262012,one_domain,second_domain
baseline,1000,0.5039149191698384,0.6014296887533368,0.041,0.105,3,20262013,balanced,all
observed_gain,1000,0.016625230594981378,0.06931800921105419,0.041,0.105,3,20262013,balanced,all
post_score,1000,0.5305552279124927,0.681808681402335,0.041,0.105,3,20262013,balanced,all
baseline,484,0.48230086528470517,0.5631023622812483,0.03925619834710744,0.07851239669421488,3,20262013,balanced,first_domain
observed_gain,484,-0.02472678125370003,0.03944792484965224,0.03925619834710744,0.07851239669421488,3,20262013,balanced,first_domain
post_score,484,0.4977141381795781,0.6436221903819427,0.03925619834710744,0.07851239669421488,3,20262013,balanced,first_domain
baseline,516,0.5264301222352533,0.6334576550661504,0.04263565891472868,0.12984496124031009,3,20262013,balanced,second_domain
observed_gain,516,0.05874766353025663,0.1018606878439951,0.04263565891472868,0.12984496124031009,3,20262013,balanced,second_domain
post_score,516,0.5668275755468747,0.7186227155479319,0.04263565891472868,0.12984496124031009,3,20262013,balanced,second_domain
baseline,1000,0.36697322810360167,0.4724903187152211,0.197,0.334,3,20262013,one_domain,all
observed_gain,1000,-0.03295825520918372,-0.017900796498273686,0.197,0.334,3,20262013,one_domain,all
post_score,1000,0.3674927843016566,0.543381673024149,0.197,0.334,3,20262013,one_domain,all
baseline,484,0.3554037277773293,0.469588801395756,0.2066115702479339,0.4896694214876033,3,20262013,one_domain,first_domain
observed_gain,484,-0.011726604952262234,0.027321985254743476,0.2066115702479339,0.4896694214876033,3,20262013,one_domain,first_domain
post_score,484,0.49904836725363927,0.755246272439737,0.2066115702479339,0.4896694214876033,3,20262013,one_domain,first_domain
baseline,516,0.37966378457102634,0.4773763848021004,0.187984496124031,0.187984496124031,3,20262013,one_domain,second_domain
observed_gain,516,-0.06844626296553467,-0.0465552978109527,0.187984496124031,0.187984496124031,3,20262013,one_domain,second_domain
post_score,516,0.3397424221978322,0.44895610265893876,0.187984496124031,0.187984496124031,3,20262013,one_domain,second_domain
baseline,1000,0.4993117149775484,0.5894024619487207,0.019,0.052,4,20262014,balanced,all
observed_gain,1000,0.06203752011511419,0.1316806959366751,0.019,0.052,4,20262014,balanced,all
post_score,1000,0.5450106730283523,0.6726496367243133,0.019,0.052,4,20262014,balanced,all
baseline,498,0.5239642711252457,0.5927588463120151,0.02610441767068273,0.05421686746987952,4,20262014,balanced,first_domain
observed_gain,498,0.051844638036652325,0.1263937022278699,0.02610441767068273,0.05421686746987952,4,20262014,balanced,first_domain
post_score,498,0.5588499109618655,0.6734385841775337,0.02610441767068273,0.05421686746987952,4,20262014,balanced,first_domain
baseline,502,0.47516101955702644,0.5887583757293856,0.01195219123505976,0.049800796812749,4,20262014,balanced,second_domain
observed_gain,502,0.07174128985118547,0.13470699507337153,0.01195219123505976,0.049800796812749,4,20262014,balanced,second_domain
post_score,502,0.5313227578558608,0.6720289652524535,0.01195219123505976,0.049800796812749,4,20262014,balanced,second_domain
baseline,1000,0.4084508985867673,0.4990160203648683,0.089,0.14,4,20262014,one_domain,all
observed_gain,1000,0.019313761985631183,0.005974632725954309,0.089,0.14,4,20262014,one_domain,all
post_score,1000,0.4438180200967102,0.5707870399444014,0.089,0.14,4,20262014,one_domain,all
baseline,498,0.4331638964931518,0.49400652584491317,0.08433734939759036,0.22289156626506024,4,20262014,one_domain,first_domain
observed_gain,498,0.03844443199304102,0.0633643177360729,0.08433734939759036,0.22289156626506024,4,20262014,one_domain,first_domain
post_score,498,0.5947996589507734,0.7308095704686179,0.08433734939759036,0.22289156626506024,4,20262014,one_domain,first_domain
baseline,502,0.38471613675928196,0.5033507949239908,0.09362549800796813,0.05776892430278884,4,20262014,one_domain,second_domain
observed_gain,502,-0.01782746680115745,-0.04373315203384125,0.09362549800796813,0.05776892430278884,4,20262014,one_domain,second_domain
post_score,502,0.3769812500385747,0.49178630816646185,0.09362549800796813,0.05776892430278884,4,20262014,one_domain,second_domain
baseline,1000,0.4795579878299613,0.6202856375776703,0.059,0.146,5,20262015,balanced,all
observed_gain,1000,0.011261792343231986,0.023596437139514016,0.059,0.146,5,20262015,balanced,all
post_score,1000,0.4896150473325849,0.6601622716972291,0.059,0.146,5,20262015,balanced,all
baseline,493,0.5309669379115296,0.6448759391039848,0.06693711967545639,0.16024340770791076,5,20262015,balanced,first_domain
observed_gain,493,0.0172916696355361,0.050940576643241905,0.06693711967545639,0.16024340770791076,5,20262015,balanced,first_domain
post_score,493,0.5495025209457343,0.7030504860655742,0.06693711967545639,0.16024340770791076,5,20262015,balanced,first_domain
baseline,507,0.4414652361366446,0.5954901110409829,0.05128205128205128,0.13214990138067062,5,20262015,balanced,second_domain
observed_gain,507,0.013462370690339247,0.001906270134404728,0.05128205128205128,0.13214990138067062,5,20262015,balanced,second_domain
post_score,507,0.4493968846544129,0.6194173142656951,0.05128205128205128,0.13214990138067062,5,20262015,balanced,second_domain
baseline,1000,0.3695020715853179,0.48712312921179973,0.111,0.199,5,20262015,one_domain,all
observed_gain,1000,0.0038532727370874783,0.009045626443126157,0.111,0.199,5,20262015,one_domain,all
post_score,1000,0.3802856624899843,0.5543486679181969,0.111,0.199,5,20262015,one_domain,all
baseline,493,0.3940656870818447,0.5160203839565124,0.1257606490872211,0.3225152129817444,5,20262015,one_domain,first_domain
observed_gain,493,0.03726042165539993,0.045894299651760055,0.1257606490872211,0.3225152129817444,5,20262015,one_domain,first_domain
post_score,493,0.5407545948015157,0.7583108532235638,0.1257606490872211,0.3225152129817444,5,20262015,one_domain,first_domain
baseline,507,0.3563082900698161,0.46231809564087306,0.09664694280078895,0.07889546351084813,5,20262015,one_domain,second_domain
observed_gain,507,0.006077517155851519,0.005229901874938108,0.09664694280078895,0.07889546351084813,5,20262015,one_domain,second_domain
post_score,507,0.35191193226295125,0.4658281648747523,0.09664694280078895,0.07889546351084813,5,20262015,one_domain,second_domain
baseline,1000,0.4690358531139298,0.5693857630303858,0.016,0.072,6,20262016,balanced,all
observed_gain,1000,0.10455866796445976,0.14921793765765318,0.016,0.072,6,20262016,balanced,all
post_score,1000,0.55516873517111,0.6808684379508106,0.016,0.072,6,20262016,balanced,all
baseline,496,0.4985745273120066,0.6131598340836767,0.010080645161290322,0.06451612903225806,6,20262016,balanced,first_domain
observed_gain,496,0.07305318977340526,0.10905024630455452,0.010080645161290322,0.06451612903225806,6,20262016,balanced,first_domain
post_score,496,0.550049966006166,0.674368097201996,0.010080645161290322,0.06451612903225806,6,20262016,balanced,first_domain
baseline,504,0.43940096115731375,0.5273244732150373,0.021825396825396824,0.07936507936507936,6,20262016,balanced,second_domain
observed_gain,504,0.13861993320601956,0.1842110708753196,0.021825396825396824,0.07936507936507936,6,20262016,balanced,second_domain
post_score,504,0.5626240856949951,0.6866362538089348,0.021825396825396824,0.07936507936507936,6,20262016,balanced,second_domain
baseline,1000,0.34255822568568145,0.4531578373263767,0.06,0.156,6,20262016,one_domain,all
observed_gain,1000,0.08490884452464226,0.09209025213982514,0.06,0.156,6,20262016,one_domain,all
post_score,1000,0.42004714973102075,0.5632700208816926,0.06,0.156,6,20262016,one_domain,all
baseline,496,0.37505842298290415,0.48032129275279095,0.04032258064516129,0.2399193548387097,6,20262016,one_domain,first_domain
observed_gain,496,0.0859502965966606,0.08991939348214933,0.04032258064516129,0.2399193548387097,6,20262016,one_domain,first_domain
post_score,496,0.5426918099613292,0.7364895119549388,0.04032258064516129,0.2399193548387097,6,20262016,one_domain,first_domain
baseline,504,0.309086588216431,0.4285533995730515,0.07936507936507936,0.07341269841269842,6,20262016,one_domain,second_domain
observed_gain,504,0.10528811812371375,0.11360966557935849,0.07936507936507936,0.07341269841269842,6,20262016,one_domain,second_domain
post_score,504,0.3781004965777043,0.48359357807116005,0.07936507936507936,0.07341269841269842,6,20262016,one_domain,second_domain
baseline,1000,0.5270909587706523,0.6429316297092419,0.005,0.051,7,20262017,balanced,all
observed_gain,1000,0.1092396500652064,0.18254236947471203,0.005,0.051,7,20262017,balanced,all
post_score,1000,0.572083381926801,0.7376196947855219,0.005,0.051,7,20262017,balanced,all
baseline,475,0.5276990600776199,0.6613592649590436,0.002105263157894737,0.05263157894736842,7,20262017,balanced,first_domain
observed_gain,475,0.09995268613769094,0.1997238047957212,0.002105263157894737,0.05263157894736842,7,20262017,balanced,first_domain
post_score,475,0.5425135229041897,0.7364553937133518,0.002105263157894737,0.05263157894736842,7,20262017,balanced,first_domain
baseline,525,0.5318054999118952,0.6201089258800566,0.007619047619047619,0.049523809523809526,7,20262017,balanced,second_domain
observed_gain,525,0.11940870942871698,0.1551479171625103,0.007619047619047619,0.049523809523809526,7,20262017,balanced,second_domain
post_score,525,0.6098585728582528,0.7255230565063949,0.007619047619047619,0.049523809523809526,7,20262017,balanced,second_domain
baseline,1000,0.4564473617285931,0.5520151161419693,0.057,0.169,7,20262017,one_domain,all
observed_gain,1000,0.054208946449990324,0.07461696079085335,0.057,0.169,7,20262017,one_domain,all
post_score,1000,0.4829226403189193,0.633866675978345,0.057,0.169,7,20262017,one_domain,all
baseline,475,0.45396064659520063,0.5625531124636388,0.06315789473684211,0.28,7,20262017,one_domain,first_domain
observed_gain,475,0.0586914868574994,0.1605108299838299,0.06315789473684211,0.28,7,20262017,one_domain,first_domain
post_score,475,0.5525538382494336,0.8013413064414319,0.06315789473684211,0.28,7,20262017,one_domain,first_domain
baseline,525,0.4665889925610966,0.5375750092706407,0.05142857142857143,0.06857142857142857,7,20262017,one_domain,second_domain
observed_gain,525,-0.031820442278107396,-0.06257113492107724,0.05142857142857143,0.06857142857142857,7,20262017,one_domain,second_domain
post_score,525,0.4408225777914897,0.5145036996508562,0.05142857142857143,0.06857142857142857,7,20262017,one_domain,second_domain
baseline,1000,0.45955764410905825,0.6011866439072446,0.043,0.092,8,20262018,balanced,all
observed_gain,1000,0.0036023830869952147,0.05179934593132664,0.043,0.092,8,20262018,balanced,all
post_score,1000,0.4712137945065905,0.6707449935528562,0.043,0.092,8,20262018,balanced,all
baseline,495,0.5134318599515486,0.6100882619534276,0.050505050505050504,0.10909090909090909,8,20262018,balanced,first_domain
observed_gain,495,0.0479445266601971,0.13181202801667202,0.050505050505050504,0.10909090909090909,8,20262018,balanced,first_domain
post_score,495,0.5572407512657299,0.7486356978199238,0.050505050505050504,0.10909090909090909,8,20262018,balanced,first_domain
baseline,505,0.4228460200076759,0.5930007626030561,0.03564356435643564,0.07524752475247524,8,20262018,balanced,second_domain
observed_gain,505,-0.02663397822757732,-0.024267566794834036,0.03564356435643564,0.07524752475247524,8,20262018,balanced,second_domain
post_score,505,0.4164789289426576,0.5980625555161144,0.03564356435643564,0.07524752475247524,8,20262018,balanced,second_domain
baseline,1000,0.39096483915656194,0.47728093752304784,0.051,0.116,8,20262018,one_domain,all
observed_gain,1000,0.05485676387494133,0.133917293043372,0.051,0.116,8,20262018,one_domain,all
post_score,1000,0.4237255203518215,0.5978462648325998,0.051,0.116,8,20262018,one_domain,all
baseline,495,0.4439938855249229,0.49793631329185445,0.05656565656565657,0.18585858585858586,8,20262018,one_domain,first_domain
observed_gain,495,0.15331204445917299,0.25850179584631994,0.05656565656565657,0.18585858585858586,8,20262018,one_domain,first_domain
post_score,495,0.6082761535702111,0.7952099478119645,0.05656565656565657,0.18585858585858586,8,20262018,one_domain,first_domain
baseline,505,0.3538741525503724,0.4569795739151484,0.04554455445544554,0.047524752475247525,8,20262018,one_domain,second_domain
observed_gain,505,8.004324551614518e-4,0.04259106637075533,0.04554455445544554,0.047524752475247525,8,20262018,one_domain,second_domain
post_score,505,0.3601303344086793,0.4845815589363023,0.04554455445544554,0.047524752475247525,8,20262018,one_domain,second_domain
baseline,1000,0.5320061638644572,0.6172546663495376,0.018,0.07,9,20262019,balanced,all
observed_gain,1000,0.10992263842382148,0.15309284762537528,0.018,0.07,9,20262019,balanced,all
post_score,1000,0.5853100237115259,0.7258332297673464,0.018,0.07,9,20262019,balanced,all
baseline,517,0.5470722579176407,0.6497414292310819,0.019342359767891684,0.05609284332688588,9,20262019,balanced,first_domain
observed_gain,517,0.034242161633111605,0.08331740872015989,0.019342359767891684,0.05609284332688588,9,20262019,balanced,first_domain
post_score,517,0.5586574073685943,0.7154118224585985,0.019342359767891684,0.05609284332688588,9,20262019,balanced,first_domain
baseline,483,0.515079878546859,0.5815780013256847,0.016563146997929608,0.08488612836438923,9,20262019,balanced,second_domain
observed_gain,483,0.19468508183407088,0.22783216614127838,0.016563146997929608,0.08488612836438923,9,20262019,balanced,second_domain
post_score,483,0.6182248469780299,0.7376942974183861,0.016563146997929608,0.08488612836438923,9,20262019,balanced,second_domain
baseline,1000,0.38539367273829855,0.4851605094803849,0.103,0.207,9,20262019,one_domain,all
observed_gain,1000,0.008798916472483247,0.0019265318579167194,0.103,0.207,9,20262019,one_domain,all
post_score,1000,0.4007576876513086,0.5559985327872027,0.103,0.207,9,20262019,one_domain,all
baseline,517,0.41938035876126517,0.5515686719290553,0.09477756286266925,0.29980657640232106,9,20262019,one_domain,first_domain
observed_gain,517,0.01434873101536532,0.04367782816061607,0.09477756286266925,0.29980657640232106,9,20262019,one_domain,first_domain
post_score,517,0.5332160108537852,0.7896266725710808,0.09477756286266925,0.29980657640232106,9,20262019,one_domain,first_domain
baseline,483,0.34885687192629844,0.41937034764972014,0.11180124223602485,0.10766045548654245,9,20262019,one_domain,second_domain
observed_gain,483,0.019847143454306503,0.0064496757009447495,0.11180124223602485,0.10766045548654245,9,20262019,one_domain,second_domain
post_score,483,0.35928082503086495,0.42021490577972925,0.11180124223602485,0.10766045548654245,9,20262019,one_domain,second_domain
baseline,1000,0.45141200907565626,0.5981735518345417,0.058,0.158,10,20262020,balanced,all
observed_gain,1000,-0.022217280347484325,-0.02550933541109659,0.058,0.158,10,20262020,balanced,all
post_score,1000,0.4609278014846864,0.6478880472447113,0.058,0.158,10,20262020,balanced,all
baseline,480,0.4516456080967579,0.5746860017594481,0.04375,0.14375,10,20262020,balanced,first_domain
observed_gain,480,-0.011079353332623162,-0.01527035662296478,0.04375,0.14375,10,20262020,balanced,first_domain
post_score,480,0.4726989676164849,0.6165444869857247,0.04375,0.14375,10,20262020,balanced,first_domain
baseline,520,0.4519458750683033,0.6196083902288387,0.07115384615384615,0.17115384615384616,10,20262020,balanced,second_domain
observed_gain,520,-0.03240329657924546,-0.03397912980021442,0.07115384615384615,0.17115384615384616,10,20262020,balanced,second_domain
post_score,520,0.4522668894334605,0.675978781805133,0.07115384615384615,0.17115384615384616,10,20262020,balanced,second_domain
baseline,1000,0.34857103252869276,0.47124813654440706,0.156,0.249,10,20262020,one_domain,all
observed_gain,1000,-0.011896466029923376,0.01887347953566657,0.156,0.249,10,20262020,one_domain,all
post_score,1000,0.35576445924732886,0.5370892175781962,0.156,0.249,10,20262020,one_domain,all
baseline,480,0.3546352352401384,0.43003559754412995,0.14583333333333334,0.38125,10,20262020,one_domain,first_domain
observed_gain,480,-0.005236918819577622,0.04153751392457395,0.14583333333333334,0.38125,10,20262020,one_domain,first_domain
post_score,480,0.46255618633559464,0.6533332517317292,0.14583333333333334,0.38125,10,20262020,one_domain,first_domain
baseline,520,0.3439830237626445,0.5088532247768123,0.16538461538461538,0.12692307692307692,10,20262020,one_domain,second_domain
observed_gain,520,-0.009947258318974552,0.01815997821467709,0.16538461538461538,0.12692307692307692,10,20262020,one_domain,second_domain
post_score,520,0.3401372311968409,0.5162500782996965,0.16538461538461538,0.12692307692307692,10,20262020,one_domain,second_domain
baseline,1000,0.5255583258656076,0.6030782725427338,0.06,0.175,11,20262021,balanced,all
observed_gain,1000,-0.016295248293519356,0.024115381937006512,0.06,0.175,11,20262021,balanced,all
post_score,1000,0.5237406311973565,0.6600877219082143,0.06,0.175,11,20262021,balanced,all
baseline,494,0.49199376154546776,0.5792581000680368,0.06882591093117409,0.18016194331983806,11,20262021,balanced,first_domain
observed_gain,494,0.006695687749389532,0.017969869686015133,0.06882591093117409,0.18016194331983806,11,20262021,balanced,first_domain
post_score,494,0.5306977912386802,0.6560349200595507,0.06882591093117409,0.18016194331983806,11,20262021,balanced,first_domain
baseline,506,0.5578849867521466,0.6177487733927376,0.05138339920948617,0.16996047430830039,11,20262021,balanced,second_domain
observed_gain,506,-0.03706056687012327,0.03637998905099721,0.05138339920948617,0.16996047430830039,11,20262021,balanced,second_domain
post_score,506,0.5160432751719599,0.6607552013742236,0.05138339920948617,0.16996047430830039,11,20262021,balanced,second_domain
baseline,1000,0.4056384279371796,0.4732607846755537,0.077,0.162,11,20262021,one_domain,all
observed_gain,1000,0.06528397257763036,0.05609519894851117,0.077,0.162,11,20262021,one_domain,all
post_score,1000,0.45779294932771303,0.580568727236308,0.077,0.162,11,20262021,one_domain,all
baseline,494,0.3834483974003865,0.45698311462670976,0.08502024291497975,0.2591093117408907,11,20262021,one_domain,first_domain
observed_gain,494,0.1412083302987856,0.12087148751614522,0.08502024291497975,0.2591093117408907,11,20262021,one_domain,first_domain
post_score,494,0.591975973134609,0.750100334237931,0.08502024291497975,0.2591093117408907,11,20262021,one_domain,first_domain
baseline,506,0.4238306760524318,0.48634026786651946,0.0691699604743083,0.06719367588932806,11,20262021,one_domain,second_domain
observed_gain,506,-0.057559079854780724,-0.05474004350637737,0.0691699604743083,0.06719367588932806,11,20262021,one_domain,second_domain
post_score,506,0.38954283385232163,0.4553696036045574,0.0691699604743083,0.06719367588932806,11,20262021,one_domain,second_domain
baseline,1000,0.4690947657573673,0.5595232312890593,0.024,0.1,12,20262022,balanced,all
observed_gain,1000,0.1693017312707151,0.18639694916104088,0.024,0.1,12,20262022,balanced,all
post_score,1000,0.594149234813605,0.7188921757871464,0.024,0.1,12,20262022,balanced,all
baseline,514,0.4587312046822245,0.5538258912679398,0.029182879377431907,0.10894941634241245,12,20262022,balanced,first_domain
observed_gain,514,0.2043766517260483,0.25107891750067435,0.029182879377431907,0.10894941634241245,12,20262022,balanced,first_domain
post_score,514,0.6120105419467913,0.7583194696319505,0.029182879377431907,0.10894941634241245,12,20262022,balanced,first_domain
baseline,486,0.4804766895687068,0.5673074123288916,0.018518518518518517,0.09053497942386832,12,20262022,balanced,second_domain
observed_gain,486,0.126496827121543,0.10730534895065336,0.018518518518518517,0.09053497942386832,12,20262022,balanced,second_domain
post_score,486,0.5746631591625546,0.676755258827976,0.018518518518518517,0.09053497942386832,12,20262022,balanced,second_domain
baseline,1000,0.4117999090989718,0.47558930448003073,0.07,0.166,12,20262022,one_domain,all
observed_gain,1000,0.13260833935041688,0.12261466954420229,0.07,0.166,12,20262022,one_domain,all
post_score,1000,0.50910050453845,0.613650685074027,0.07,0.166,12,20262022,one_domain,all
baseline,514,0.38253607083290936,0.4685937216078458,0.07198443579766536,0.27626459143968873,12,20262022,one_domain,first_domain
observed_gain,514,0.2722685534006898,0.2885736191573374,0.07198443579766536,0.27626459143968873,12,20262022,one_domain,first_domain
post_score,514,0.6409634307470451,0.8069123251447381,0.07198443579766536,0.27626459143968873,12,20262022,one_domain,first_domain
baseline,486,0.442921579389226,0.48078976105871074,0.06790123456790123,0.04938271604938271,12,20262022,one_domain,second_domain
observed_gain,486,-0.03689207899823179,-0.029462090624716816,0.06790123456790123,0.04938271604938271,12,20262022,one_domain,second_domain
post_score,486,0.42524374469207155,0.46509720172580765,0.06790123456790123,0.04938271604938271,12,20262022,one_domain,second_domain
baseline,1000,0.5108582251904493,0.6018519107994239,0.019,0.076,13,20262023,balanced,all
observed_gain,1000,0.12980518541068742,0.1963928915876021,0.019,0.076,13,20262023,balanced,all
post_score,1000,0.5952109330377711,0.7424754772040745,0.019,0.076,13,20262023,balanced,all
baseline,494,0.5290809828750613,0.6064928630992249,0.020242914979757085,0.0708502024291498,13,20262023,balanced,first_domain
observed_gain,494,0.08264285095378533,0.16735455381324635,0.020242914979757085,0.0708502024291498,13,20262023,balanced,first_domain
post_score,494,0.58742940903154,0.7392456659605615,0.020242914979757085,0.0708502024291498,13,20262023,balanced,first_domain
baseline,506,0.49486614064245327,0.5983276164819374,0.017786561264822136,0.08102766798418973,13,20262023,balanced,second_domain
observed_gain,506,0.1756377003053041,0.22965041413854262,0.017786561264822136,0.08102766798418973,13,20262023,balanced,second_domain
post_score,506,0.6031403556995905,0.7488749579770666,0.017786561264822136,0.08102766798418973,13,20262023,balanced,second_domain
baseline,1000,0.395044954770424,0.4792914780428543,0.079,0.197,13,20262023,one_domain,all
observed_gain,1000,0.09048154260501912,0.11246742889838254,0.079,0.197,13,20262023,one_domain,all
post_score,1000,0.47388098369057313,0.6209047388263464,0.079,0.197,13,20262023,one_domain,all
baseline,494,0.387037962450744,0.4487377640010946,0.0708502024291498,0.2793522267206478,13,20262023,one_domain,first_domain
observed_gain,494,0.19677248846489173,0.2792829700516596,0.0708502024291498,0.2793522267206478,13,20262023,one_domain,first_domain
post_score,494,0.6066325304205474,0.8066492105534598,0.0708502024291498,0.2793522267206478,13,20262023,one_domain,first_domain
baseline,506,0.4013888829896104,0.5120624695653484,0.08695652173913043,0.116600790513834,13,20262023,one_domain,second_domain
observed_gain,506,0.02275114054902621,0.001901483602731639,0.08695652173913043,0.116600790513834,13,20262023,one_domain,second_domain
post_score,506,0.4232947290788456,0.5134398800822737,0.08695652173913043,0.116600790513834,13,20262023,one_domain,second_domain
baseline,1000,0.5002214095114275,0.6172995749198986,0.026,0.115,14,20262024,balanced,all
observed_gain,1000,0.07407714955005086,0.14012270770102087,0.026,0.115,14,20262024,balanced,all
post_score,1000,0.5519752265429352,0.7112738975806914,0.026,0.115,14,20262024,balanced,all
baseline,494,0.5488672167852852,0.663059552082145,0.032388663967611336,0.0951417004048583,14,20262024,balanced,first_domain
observed_gain,494,-0.043094208103836754,0.012036535894255376,0.032388663967611336,0.0951417004048583,14,20262024,balanced,first_domain
post_score,494,0.5338985252861381,0.6840838099743376,0.032388663967611336,0.0951417004048583,14,20262024,balanced,first_domain
baseline,506,0.4475372582906875,0.5712968552983758,0.019762845849802372,0.13438735177865613,14,20262024,balanced,second_domain
observed_gain,506,0.18784533891921454,0.26069412042126205,0.019762845849802372,0.13438735177865613,14,20262024,balanced,second_domain
post_score,506,0.5718644311296387,0.7349655364152602,0.019762845849802372,0.13438735177865613,14,20262024,balanced,second_domain
baseline,1000,0.397056516083199,0.4948836700717336,0.153,0.268,14,20262024,one_domain,all
observed_gain,1000,-0.012181135958371529,-0.007274128752637045,0.153,0.268,14,20262024,one_domain,all
post_score,1000,0.40683717707076317,0.5641214053679549,0.153,0.268,14,20262024,one_domain,all
baseline,494,0.40292012362326013,0.49580888855713195,0.145748987854251,0.38866396761133604,14,20262024,one_domain,first_domain
observed_gain,494,0.02965275848313353,0.08460681583959917,0.145748987854251,0.38866396761133604,14,20262024,one_domain,first_domain
post_score,494,0.536309269275893,0.7670655992689336,0.145748987854251,0.38866396761133604,14,20262024,one_domain,first_domain
baseline,506,0.3917482619966313,0.4923525648729095,0.1600790513833992,0.15019762845849802,14,20262024,one_domain,second_domain
observed_gain,506,-0.05528621854692078,-0.04252421148093511,0.1600790513833992,0.15019762845849802,14,20262024,one_domain,second_domain
post_score,506,0.3647896644805721,0.4663587955817726,0.1600790513833992,0.15019762845849802,14,20262024,one_domain,second_domain
baseline,1000,0.4665268865554722,0.556686037059431,0.072,0.182,15,20262025,balanced,all
observed_gain,1000,-0.005949275041735191,0.005088970522646416,0.072,0.182,15,20262025,balanced,all
post_score,1000,0.4724378509137447,0.6076047832671208,0.072,0.182,15,20262025,balanced,all
baseline,497,0.4766378730126393,0.5623853805369039,0.06841046277665996,0.2052313883299799,15,20262025,balanced,first_domain
observed_gain,497,0.04041907703703529,0.07576862062016965,0.06841046277665996,0.2052313883299799,15,20262025,balanced,first_domain
post_score,497,0.4997173369750241,0.6633834606685567,0.06841046277665996,0.2052313883299799,15,20262025,balanced,first_domain
baseline,503,0.4569107151251852,0.5506050141875038,0.07554671968190854,0.15904572564612326,15,20262025,balanced,second_domain
observed_gain,503,-0.046137951299775604,-0.0635513287980503,0.07554671968190854,0.15904572564612326,15,20262025,balanced,second_domain
post_score,503,0.4441950063996305,0.5531930225644435,0.07554671968190854,0.15904572564612326,15,20262025,balanced,second_domain
baseline,1000,0.42998663417289057,0.5035680013323056,0.097,0.198,15,20262025,one_domain,all
observed_gain,1000,0.03189595724046633,0.06007420514730731,0.097,0.198,15,20262025,one_domain,all
post_score,1000,0.45139657014681744,0.5864137685042736,0.097,0.198,15,20262025,one_domain,all
baseline,497,0.43097552361706887,0.49875959720521257,0.09456740442655935,0.3058350100603622,15,20262025,one_domain,first_domain
observed_gain,497,0.06473710995810886,0.12525336298001735,0.09456740442655935,0.3058350100603622,15,20262025,one_domain,first_domain
post_score,497,0.5788034760711515,0.7579278221664011,0.09456740442655935,0.3058350100603622,15,20262025,one_domain,first_domain
baseline,503,0.4290036159651723,0.507368223373121,0.09940357852882704,0.09145129224652088,15,20262025,one_domain,second_domain
observed_gain,503,-0.00358211949242238,0.007297901483442005,0.09940357852882704,0.09145129224652088,15,20262025,one_domain,second_domain
post_score,503,0.40672515257359926,0.4837241377129752,0.09940357852882704,0.09145129224652088,15,20262025,one_domain,second_domain
baseline,1000,0.5202802342416393,0.6131257033237386,0.037,0.13,16,20262026,balanced,all
observed_gain,1000,0.04347030866487573,0.11382268088164381,0.037,0.13,16,20262026,balanced,all
post_score,1000,0.5393740003860178,0.7120597219860691,0.037,0.13,16,20262026,balanced,all
baseline,505,0.5326178343858949,0.5909982348040136,0.04554455445544554,0.13267326732673268,16,20262026,balanced,first_domain
observed_gain,505,0.002392271175824914,0.1002111005155815,0.04554455445544554,0.13267326732673268,16,20262026,balanced,first_domain
post_score,505,0.5339516641704665,0.7118916974775222,0.04554455445544554,0.13267326732673268,16,20262026,balanced,first_domain
baseline,495,0.5144422953279372,0.6376628048058556,0.028282828282828285,0.12727272727272726,16,20262026,balanced,second_domain
observed_gain,495,0.08834012016439399,0.13284465333512288,0.028282828282828285,0.12727272727272726,16,20262026,balanced,second_domain
post_score,495,0.5495170848529088,0.7147041451803938,0.028282828282828285,0.12727272727272726,16,20262026,balanced,second_domain
baseline,1000,0.37353725868161936,0.4758882006488509,0.147,0.279,16,20262026,one_domain,all
observed_gain,1000,-0.0012116157205440048,0.03857050320014732,0.147,0.279,16,20262026,one_domain,all
post_score,1000,0.3831149614158971,0.5720749839964686,0.147,0.279,16,20262026,one_domain,all
baseline,505,0.38139453708906224,0.45920238595375396,0.13663366336633664,0.39603960396039606,16,20262026,one_domain,first_domain
observed_gain,505,-0.0042271095034446685,0.06254871037974837,0.13663366336633664,0.39603960396039606,16,20262026,one_domain,first_domain
post_score,505,0.49304975904435916,0.7205042336934739,0.13663366336633664,0.39603960396039606,16,20262026,one_domain,first_domain
baseline,495,0.36915899875152336,0.4914095735690218,0.15757575757575756,0.1595959595959596,16,20262026,one_domain,second_domain
observed_gain,495,0.03360651420098289,0.06641105590315029,0.15757575757575756,0.1595959595959596,16,20262026,one_domain,second_domain
post_score,495,0.3838551151550171,0.5243269823182382,0.15757575757575756,0.1595959595959596,16,20262026,one_domain,second_domain
baseline,1000,0.48472474208703875,0.6187416497948389,0.058,0.116,17,20262027,balanced,all
observed_gain,1000,0.007035213527661752,0.007101418512555057,0.058,0.116,17,20262027,balanced,all
post_score,1000,0.513815901113163,0.6634107789645284,0.058,0.116,17,20262027,balanced,all
baseline,486,0.4783448842163134,0.627761857816276,0.05555555555555555,0.12139917695473251,17,20262027,balanced,first_domain
observed_gain,486,-0.035931209363415303,-0.028863357871154294,0.05555555555555555,0.12139917695473251,17,20262027,balanced,first_domain
post_score,486,0.4957175886028393,0.6639278885660662,0.05555555555555555,0.12139917695473251,17,20262027,balanced,first_domain
baseline,514,0.48985483852262207,0.6074309434685563,0.06031128404669261,0.11089494163424124,17,20262027,balanced,second_domain
observed_gain,514,0.055040575729209465,0.05199104607929507,0.06031128404669261,0.11089494163424124,17,20262027,balanced,second_domain
post_score,514,0.5361402454561234,0.6714300458678436,0.06031128404669261,0.11089494163424124,17,20262027,balanced,second_domain
baseline,1000,0.3917052986769477,0.5060476428476012,0.085,0.191,17,20262027,one_domain,all
observed_gain,1000,0.009386882023212102,0.007299270194450491,0.085,0.191,17,20262027,one_domain,all
post_score,1000,0.4220995095902583,0.5808187899800604,0.085,0.191,17,20262027,one_domain,all
baseline,486,0.4073282581616512,0.5145750096994464,0.08641975308641975,0.2880658436213992,17,20262027,one_domain,first_domain
observed_gain,486,0.046734351717901135,0.09173784373418382,0.08641975308641975,0.2880658436213992,17,20262027,one_domain,first_domain
post_score,486,0.5668758275312366,0.7969422952072311,0.08641975308641975,0.2880658436213992,17,20262027,one_domain,first_domain
baseline,514,0.3754338888499641,0.4939845572948784,0.08365758754863813,0.09922178988326848,17,20262027,one_domain,second_domain
observed_gain,514,-0.0012451285159227462,-0.012312089484086214,0.08365758754863813,0.09922178988326848,17,20262027,one_domain,second_domain
post_score,514,0.37710140348193055,0.4812579671363941,0.08365758754863813,0.09922178988326848,17,20262027,one_domain,second_domain
baseline,1000,0.489200164258142,0.6212481976621259,0.069,0.194,18,20262028,balanced,all
observed_gain,1000,0.03826286244982211,0.06991642156089184,0.069,0.194,18,20262028,balanced,all
post_score,1000,0.5181247674825334,0.6779764068553147,0.069,0.194,18,20262028,balanced,all
baseline,467,0.5133111365841933,0.6176873880896849,0.0728051391862955,0.19271948608137046,18,20262028,balanced,first_domain
observed_gain,467,0.07173498231518068,0.0883952325284875,0.0728051391862955,0.19271948608137046,18,20262028,balanced,first_domain
post_score,467,0.5836304553409819,0.7039705647754617,0.0728051391862955,0.19271948608137046,18,20262028,balanced,first_domain
baseline,533,0.474940580780792,0.6254866734860337,0.06566604127579738,0.1951219512195122,18,20262028,balanced,second_domain
observed_gain,533,0.014422132438180442,0.05394276021150696,0.06566604127579738,0.1951219512195122,18,20262028,balanced,second_domain
post_score,533,0.47398910877009304,0.6559045244229047,0.06566604127579738,0.1951219512195122,18,20262028,balanced,second_domain
baseline,1000,0.3732541722286288,0.4859522315298428,0.169,0.302,18,20262028,one_domain,all
observed_gain,1000,-0.010407651795797777,0.009042214163579112,0.169,0.302,18,20262028,one_domain,all
post_score,1000,0.38651622853483947,0.5732883234425673,0.169,0.302,18,20262028,one_domain,all
baseline,467,0.3892052819615468,0.4848092383122315,0.1670235546038544,0.41541755888650966,18,20262028,one_domain,first_domain
observed_gain,467,0.025765929357672624,0.009807157174104112,0.1670235546038544,0.41541755888650966,18,20262028,one_domain,first_domain
post_score,467,0.5641879997020891,0.7553492485601132,0.1670235546038544,0.41541755888650966,18,20262028,one_domain,first_domain
baseline,533,0.3643988560563374,0.4851806266964053,0.17073170731707318,0.2026266416510319,18,20262028,one_domain,second_domain
observed_gain,533,-0.029256426487504383,0.010359174539419144,0.17073170731707318,0.2026266416510319,18,20262028,one_domain,second_domain
post_score,533,0.3447773227604764,0.486849765250395,0.17073170731707318,0.2026266416510319,18,20262028,one_domain,second_domain
baseline,1000,0.4925241092487152,0.5735008980215137,0.029,0.082,19,20262029,balanced,all
observed_gain,1000,0.07148539778218516,0.1276142120282461,0.029,0.082,19,20262029,balanced,all
post_score,1000,0.5485709753763646,0.6872767205548119,0.029,0.082,19,20262029,balanced,all
baseline,501,0.4940716708955837,0.5526312974833562,0.027944111776447105,0.06986027944111776,19,20262029,balanced,first_domain
observed_gain,501,0.09714220996310849,0.13198939953500435,0.027944111776447105,0.06986027944111776,19,20262029,balanced,first_domain
post_score,501,0.5720557157596167,0.6831071800580403,0.027944111776447105,0.06986027944111776,19,20262029,balanced,first_domain
baseline,499,0.4931769054771114,0.5946282135451456,0.03006012024048096,0.09418837675350701,19,20262029,balanced,second_domain
observed_gain,499,0.04681829069416496,0.12344699642115611,0.03006012024048096,0.09418837675350701,19,20262029,balanced,second_domain
post_score,499,0.5297862001293926,0.6910617149122918,0.03006012024048096,0.09418837675350701,19,20262029,balanced,second_domain
baseline,1000,0.3778307641063814,0.45666527195515316,0.085,0.185,19,20262029,one_domain,all
observed_gain,1000,0.011448426047644903,0.04178603935989407,0.085,0.185,19,20262029,one_domain,all
post_score,1000,0.41061829014469936,0.5649231926770727,0.085,0.185,19,20262029,one_domain,all
baseline,501,0.38672464394528755,0.4506524980648654,0.07584830339321358,0.2634730538922156,19,20262029,one_domain,first_domain
observed_gain,501,0.10288684960691737,0.13280734018828808,0.07584830339321358,0.2634730538922156,19,20262029,one_domain,first_domain
post_score,501,0.5959311889142644,0.762036901853461,0.07584830339321358,0.2634730538922156,19,20262029,one_domain,first_domain
baseline,499,0.3703281197952079,0.4608333980272628,0.09418837675350701,0.1062124248496994,19,20262029,one_domain,second_domain
observed_gain,499,-0.049627935292495005,-0.013692800159316742,0.09418837675350701,0.1062124248496994,19,20262029,one_domain,second_domain
post_score,499,0.3459025816644965,0.45903822076612216,0.09418837675350701,0.1062124248496994,19,20262029,one_domain,second_domain
baseline,1000,0.4786581557805481,0.6431085641294585,0.086,0.173,20,20262030,balanced,all
observed_gain,1000,0.004459847843594776,0.05141015129360846,0.086,0.173,20,20262030,balanced,all
post_score,1000,0.48270282407888687,0.6901763777715578,0.086,0.173,20,20262030,balanced,all
baseline,478,0.4984814532626096,0.6388741750974242,0.07112970711297072,0.16527196652719664,20,20262030,balanced,first_domain
observed_gain,478,0.07196664344546409,0.12360835173424264,0.07112970711297072,0.16527196652719664,20,20262030,balanced,first_domain
post_score,478,0.5401630456718602,0.7325439973089665,0.07112970711297072,0.16527196652719664,20,20262030,balanced,first_domain
baseline,522,0.45903703498054166,0.6440697287750268,0.09961685823754789,0.18007662835249041,20,20262030,balanced,second_domain
observed_gain,522,-0.04795076488993117,-0.014593744387029818,0.09961685823754789,0.18007662835249041,20,20262030,balanced,second_domain
post_score,522,0.4295673320250897,0.6431984269090282,0.09961685823754789,0.18007662835249041,20,20262030,balanced,second_domain
baseline,1000,0.34075736108205645,0.4641666443519318,0.086,0.169,20,20262030,one_domain,all
observed_gain,1000,0.041349721633153716,0.04722260548807527,0.086,0.169,20,20262030,one_domain,all
post_score,1000,0.3618529732965166,0.5445476923669355,0.086,0.169,20,20262030,one_domain,all
baseline,478,0.35810441496252,0.4345978756644154,0.08577405857740586,0.24686192468619247,20,20262030,one_domain,first_domain
observed_gain,478,0.1521496945715088,0.2404252086047495,0.08577405857740586,0.24686192468619247,20,20262030,one_domain,first_domain
post_score,478,0.519242696826413,0.7511849090252027,0.08577405857740586,0.24686192468619247,20,20262030,one_domain,first_domain
baseline,522,0.3267366894590758,0.49129942935616355,0.08620689655172414,0.09770114942528736,20,20262030,one_domain,second_domain
observed_gain,522,-0.006868606773872335,-0.03166958337324703,0.08620689655172414,0.09770114942528736,20,20262030,one_domain,second_domain
post_score,522,0.315456754309802,0.47072210562875744,0.08620689655172414,0.09770114942528736,20,20262030,one_domain,second_domain
baseline,1000,0.5102012760365223,0.6165736417214018,0.034,0.123,21,20262031,balanced,all
observed_gain,1000,0.07023901038615697,0.14731121500689595,0.034,0.123,21,20262031,balanced,all
post_score,1000,0.5596918968859118,0.7224959272692737,0.034,0.123,21,20262031,balanced,all
baseline,473,0.5224713568267155,0.6142322435384847,0.035940803382663845,0.1331923890063425,21,20262031,balanced,first_domain
observed_gain,473,0.12729487830137712,0.23088964671907267,0.035940803382663845,0.1331923890063425,21,20262031,balanced,first_domain
post_score,473,0.5752565134643686,0.7365504030124203,0.035940803382663845,0.1331923890063425,21,20262031,balanced,first_domain
baseline,527,0.4997152255223401,0.618288236827984,0.03225806451612903,0.11385199240986717,21,20262031,balanced,second_domain
observed_gain,527,0.02547564589410418,0.07593712813157111,0.03225806451612903,0.11385199240986717,21,20262031,balanced,second_domain
post_score,527,0.5458077163603207,0.7068446891897628,0.03225806451612903,0.11385199240986717,21,20262031,balanced,second_domain
baseline,1000,0.4375487279241287,0.5169782270311236,0.095,0.191,21,20262031,one_domain,all
observed_gain,1000,0.05115236436121276,0.08579585292154582,0.095,0.191,21,20262031,one_domain,all
post_score,1000,0.466958394606101,0.6021031222893591,0.095,0.191,21,20262031,one_domain,all
baseline,473,0.4531341612035444,0.49153059979087016,0.0824524312896406,0.3023255813953488,21,20262031,one_domain,first_domain
observed_gain,473,0.08186204961584442,0.20218545801722124,0.0824524312896406,0.3023255813953488,21,20262031,one_domain,first_domain
post_score,473,0.5904827207783209,0.7843086118003636,0.0824524312896406,0.3023255813953488,21,20262031,one_domain,first_domain
baseline,527,0.42445929139848937,0.5386307710853522,0.1062618595825427,0.09108159392789374,21,20262031,one_domain,second_domain
observed_gain,527,0.03437866421262984,0.017623460812074766,0.1062618595825427,0.09108159392789374,21,20262031,one_domain,second_domain
post_score,527,0.44155077542904914,0.533016033155779,0.1062618595825427,0.09108159392789374,21,20262031,one_domain,second_domain
baseline,1000,0.4885328196747418,0.5958362755376823,0.06,0.18,22,20262032,balanced,all
observed_gain,1000,0.0033859364407235596,0.03592398060816286,0.06,0.18,22,20262032,balanced,all
post_score,1000,0.49439505976593834,0.644970513283996,0.06,0.18,22,20262032,balanced,all
baseline,535,0.4920715787239756,0.5925008512522503,0.056074766355140186,0.16448598130841122,22,20262032,balanced,first_domain
observed_gain,535,-0.06131549014895664,-0.002469181611194345,0.056074766355140186,0.16448598130841122,22,20262032,balanced,first_domain
post_score,535,0.45226968298792825,0.6144470639406852,0.056074766355140186,0.16448598130841122,22,20262032,balanced,first_domain
baseline,465,0.48197004036805813,0.5985128776711345,0.06451612903225806,0.1978494623655914,22,20262032,balanced,second_domain
observed_gain,465,0.09265020031565194,0.08849665480956413,0.06451612903225806,0.1978494623655914,22,20262032,balanced,second_domain
post_score,465,0.5396385401305839,0.6782547856108181,0.06451612903225806,0.1978494623655914,22,20262032,balanced,second_domain
baseline,1000,0.3826141638347147,0.4659460410741333,0.062,0.142,22,20262032,one_domain,all
observed_gain,1000,0.02252393804375775,0.02106097555198251,0.062,0.142,22,20262032,one_domain,all
post_score,1000,0.4314544710256611,0.5654094585948319,0.062,0.142,22,20262032,one_domain,all
baseline,535,0.3691178597218695,0.4441337772033114,0.05794392523364486,0.20186915887850468,22,20262032,one_domain,first_domain
observed_gain,535,0.07783996392413736,0.13054392459157718,0.05794392523364486,0.20186915887850468,22,20262032,one_domain,first_domain
post_score,535,0.5579560269270534,0.7448394291227117,0.05794392523364486,0.20186915887850468,22,20262032,one_domain,first_domain
baseline,465,0.3962016237997915,0.4856768408794831,0.06666666666666667,0.07311827956989247,22,20262032,one_domain,second_domain
observed_gain,465,-2.0089191105269083e-4,-0.044676343671843886,0.06666666666666667,0.07311827956989247,22,20262032,one_domain,second_domain
post_score,465,0.3839725737621453,0.4474250736167734,0.06666666666666667,0.07311827956989247,22,20262032,one_domain,second_domain
baseline,1000,0.5165263691557375,0.5847511763979285,0.012,0.061,23,20262033,balanced,all
observed_gain,1000,0.12496208881721961,0.21457696115494937,0.012,0.061,23,20262033,balanced,all
post_score,1000,0.5831361182021645,0.7166141124046173,0.012,0.061,23,20262033,balanced,all
baseline,532,0.5389613650387584,0.6073716817632842,0.009398496240601503,0.06766917293233082,23,20262033,balanced,first_domain
observed_gain,532,0.1456048770542882,0.2266530688180487,0.009398496240601503,0.06766917293233082,23,20262033,balanced,first_domain
post_score,532,0.6123228716139797,0.7395269819048599,0.009398496240601503,0.06766917293233082,23,20262033,balanced,first_domain
baseline,468,0.5027688743640133,0.5616670506689557,0.014957264957264958,0.053418803418803416,23,20262033,balanced,second_domain
observed_gain,468,0.10535755972475641,0.2021837108288179,0.014957264957264958,0.053418803418803416,23,20262033,balanced,second_domain
post_score,468,0.5644017663843875,0.6918675597890778,0.014957264957264958,0.053418803418803416,23,20262033,balanced,second_domain
baseline,1000,0.392010491856472,0.4541162260006449,0.101,0.206,23,20262033,one_domain,all
observed_gain,1000,0.05484150574317323,0.09627370819467032,0.101,0.206,23,20262033,one_domain,all
post_score,1000,0.42422712841610394,0.5717345140247819,0.101,0.206,23,20262033,one_domain,all
baseline,532,0.4076907258121467,0.4738438417973684,0.09774436090225563,0.2951127819548872,23,20262033,one_domain,first_domain
observed_gain,532,0.16593044154422337,0.22385335467010706,0.09774436090225563,0.2951127819548872,23,20262033,one_domain,first_domain
post_score,532,0.5942702281456375,0.8097999517359667,0.09774436090225563,0.2951127819548872,23,20262033,one_domain,first_domain
baseline,468,0.3822442321560451,0.4331108259713426,0.1047008547008547,0.1047008547008547,23,20262033,one_domain,second_domain
observed_gain,468,0.0120308892814368,0.04952600759430833,0.1047008547008547,0.1047008547008547,23,20262033,one_domain,second_domain
post_score,468,0.38672693980078915,0.45204250583509664,0.1047008547008547,0.1047008547008547,23,20262033,one_domain,second_domain
baseline,1000,0.5151256431923054,0.6106075040466932,0.024,0.093,24,20262034,balanced,all
observed_gain,1000,0.04889747655337109,0.09185911018706389,0.024,0.093,24,20262034,balanced,all
post_score,1000,0.5561321529540216,0.6882642002771316,0.024,0.093,24,20262034,balanced,all
baseline,511,0.5054641608380785,0.606460215640812,0.0273972602739726,0.08610567514677103,24,20262034,balanced,first_domain
observed_gain,511,-0.01829544127585734,0.008883816644190226,0.0273972602739726,0.08610567514677103,24,20262034,balanced,first_domain
post_score,511,0.513087028823936,0.6188217520254078,0.0273972602739726,0.08610567514677103,24,20262034,balanced,first_domain
baseline,489,0.5301729945731802,0.61363357610073,0.02044989775051125,0.10020449897750511,24,20262034,balanced,second_domain
observed_gain,489,0.11925666745043864,0.1689229094528936,0.02044989775051125,0.10020449897750511,24,20262034,balanced,second_domain
post_score,489,0.610076436013902,0.7519599573403486,0.02044989775051125,0.10020449897750511,24,20262034,balanced,second_domain
baseline,1000,0.32848994581567403,0.4506630364287301,0.158,0.304,24,20262034,one_domain,all
observed_gain,1000,0.025602611781807453,0.013153494857252694,0.158,0.304,24,20262034,one_domain,all
post_score,1000,0.3864757640190343,0.55505161421311,0.158,0.304,24,20262034,one_domain,all
baseline,511,0.32574205771670783,0.45864885114594267,0.14677103718199608,0.41682974559686886,24,20262034,one_domain,first_domain
observed_gain,511,0.019018218400504668,-0.014864459482998364,0.14677103718199608,0.41682974559686886,24,20262034,one_domain,first_domain
post_score,511,0.5018391441396881,0.7085956099574254,0.14677103718199608,0.41682974559686886,24,20262034,one_domain,first_domain
baseline,489,0.3366263070810984,0.44412104797559043,0.16973415132924335,0.18609406952965235,24,20262034,one_domain,second_domain
observed_gain,489,0.04066098498738258,0.0696596703435616,0.16973415132924335,0.18609406952965235,24,20262034,one_domain,second_domain
post_score,489,0.37932979296477826,0.4928270814252741,0.16973415132924335,0.18609406952965235,24,20262034,one_domain,second_domain
baseline,1000,0.5139041235898679,0.6133635508949602,0.055,0.128,25,20262035,balanced,all
observed_gain,1000,0.023987095755539693,0.055523963650187184,0.055,0.128,25,20262035,balanced,all
post_score,1000,0.531452499475197,0.6755701050590155,0.055,0.128,25,20262035,balanced,all
baseline,517,0.5181646113736694,0.6217290985988899,0.048355899419729204,0.12959381044487428,25,20262035,balanced,first_domain
observed_gain,517,0.08835013272316894,0.11205805960121672,0.048355899419729204,0.12959381044487428,25,20262035,balanced,first_domain
post_score,517,0.5614937727760645,0.7024063012604116,0.048355899419729204,0.12959381044487428,25,20262035,balanced,first_domain
baseline,483,0.5090359696584678,0.6020468906442353,0.062111801242236024,0.12629399585921325,25,20262035,balanced,second_domain
observed_gain,483,-0.049264130695038204,-0.011546611845851729,0.062111801242236024,0.12629399585921325,25,20262035,balanced,second_domain
post_score,483,0.4977193503915928,0.6368786522867991,0.062111801242236024,0.12629399585921325,25,20262035,balanced,second_domain
baseline,1000,0.4155365603592423,0.478920292308248,0.07,0.165,25,20262035,one_domain,all
observed_gain,1000,0.0947720974986217,0.095299708117047785,0.07,0.165,25,20262035,one_domain,all
post_score,1000,0.4985691816477996,0.6119785567012279,0.07,0.165,25,20262035,one_domain,all
baseline,517,0.42449690985133237,0.48610402411432746,0.06769825918762089,0.2263056092843327,25,20262035,one_domain,first_domain
observed_gain,517,0.19727592986211276,0.2508045205195293,0.06769825918762089,0.2263056092843327,25,20262035,one_domain,first_domain
post_score,517,0.6461342682310589,0.8099008523686176,0.06769825918762089,0.2263056092843327,25,20262035,one_domain,first_domain
baseline,483,0.4059434210162667,0.4678254738950533,0.07246376811594203,0.09937888198757763,25,20262035,one_domain,second_domain
observed_gain,483,-0.0032929421826761395,-0.005363496189456391,0.07246376811594203,0.09937888198757763,25,20262035,one_domain,second_domain
post_score,483,0.40700975843259657,0.4743998368315132,0.07246376811594203,0.09937888198757763,25,20262035,one_domain,second_domain
baseline,1000,0.5201872776010851,0.6073767303008079,0.038,0.122,26,20262036,balanced,all
observed_gain,1000,0.048274696782007874,0.10896579479604686,0.038,0.122,26,20262036,balanced,all
post_score,1000,0.5403880380441247,0.6692568856933708,0.038,0.122,26,20262036,balanced,all
baseline,491,0.5224967692577063,0.6003579587131492,0.04684317718940937,0.14052953156822812,26,20262036,balanced,first_domain
observed_gain,491,0.18660308330068523,0.27852720074743986,0.04684317718940937,0.14052953156822812,26,20262036,balanced,first_domain
post_score,491,0.6145043533886096,0.7785591961920065,0.04684317718940937,0.14052953156822812,26,20262036,balanced,first_domain
baseline,509,0.5183370397399798,0.614838707976604,0.029469548133595286,0.10412573673870335,26,20262036,balanced,second_domain
observed_gain,509,-0.07907750985080021,-0.05238484114710958,0.029469548133595286,0.10412573673870335,26,20262036,balanced,second_domain
post_score,509,0.46326390688820385,0.5554290177903191,0.029469548133595286,0.10412573673870335,26,20262036,balanced,second_domain
baseline,1000,0.422510784774348,0.5014550761199105,0.093,0.203,26,20262036,one_domain,all
observed_gain,1000,-4.801619441766918e-4,0.020373202838976225,0.093,0.203,26,20262036,one_domain,all
post_score,1000,0.4265046974718585,0.5656499875260323,0.093,0.203,26,20262036,one_domain,all
baseline,491,0.44857425974155296,0.5208426799329572,0.10183299389002037,0.285132382892057,26,20262036,one_domain,first_domain
observed_gain,491,0.04869618151788487,0.11467057621850854,0.10183299389002037,0.285132382892057,26,20262036,one_domain,first_domain
post_score,491,0.5792412258473476,0.7723248884965296,0.10183299389002037,0.285132382892057,26,20262036,one_domain,first_domain
baseline,509,0.39673611115568663,0.48107367908538634,0.08447937131630648,0.1237721021611002,26,20262036,one_domain,second_domain
observed_gain,509,-0.04538654723653282,-0.03383316449946094,0.08447937131630648,0.1237721021611002,26,20262036,one_domain,second_domain
post_score,509,0.3589325711512672,0.437712654620365,0.08447937131630648,0.1237721021611002,26,20262036,one_domain,second_domain
baseline,1000,0.5218432503363403,0.6322737881072473,0.038,0.086,27,20262037,balanced,all
observed_gain,1000,0.05947169688898486,0.10397848484326581,0.038,0.086,27,20262037,balanced,all
post_score,1000,0.5655933601139054,0.7069879298044066,0.038,0.086,27,20262037,balanced,all
baseline,517,0.5042896903163713,0.6140991567018479,0.0425531914893617,0.0851063829787234,27,20262037,balanced,first_domain
observed_gain,517,0.04707571589259784,0.10074880471614442,0.0425531914893617,0.0851063829787234,27,20262037,balanced,first_domain
post_score,517,0.5377539003558761,0.7007933570736428,0.0425531914893617,0.0851063829787234,27,20262037,balanced,first_domain
baseline,483,0.5448556357568731,0.6525699926067005,0.033126293995859216,0.08695652173913043,27,20262037,balanced,second_domain
observed_gain,483,0.07458525399197463,0.10845812147180067,0.033126293995859216,0.08695652173913043,27,20262037,balanced,second_domain
post_score,483,0.6023718927885916,0.7178415638438441,0.033126293995859216,0.08695652173913043,27,20262037,balanced,second_domain
baseline,1000,0.43970732734168394,0.5051231731445778,0.042,0.123,27,20262037,one_domain,all
observed_gain,1000,0.10393649506273055,0.13168382760304073,0.042,0.123,27,20262037,one_domain,all
post_score,1000,0.49743203366346395,0.6035411459928198,0.042,0.123,27,20262037,one_domain,all
baseline,517,0.42059700564429386,0.49557864867781704,0.04642166344294004,0.2011605415860735,27,20262037,one_domain,first_domain
observed_gain,517,0.1843291802598969,0.29385384005361487,0.04642166344294004,0.2011605415860735,27,20262037,one_domain,first_domain
post_score,517,0.5837602035380184,0.7864570457825201,0.04642166344294004,0.2011605415860735,27,20262037,one_domain,first_domain
baseline,483,0.4644490291405828,0.5164691862437089,0.037267080745341616,0.039337474120082816,27,20262037,one_domain,second_domain
observed_gain,483,0.02453841010800136,-0.007518015030053834,0.037267080745341616,0.039337474120082816,27,20262037,one_domain,second_domain
post_score,483,0.4754831853692144,0.505462898550187,0.037267080745341616,0.039337474120082816,27,20262037,one_domain,second_domain
baseline,1000,0.5501579117352664,0.6634521905837668,0.051,0.142,28,20262038,balanced,all
observed_gain,1000,0.037062634920620625,0.08914276105924893,0.051,0.142,28,20262038,balanced,all
post_score,1000,0.5677742155170165,0.7176936249584005,0.051,0.142,28,20262038,balanced,all
baseline,490,0.5538325541232448,0.6749744113545405,0.04693877551020408,0.16122448979591836,28,20262038,balanced,first_domain
observed_gain,490,0.047956021736552286,0.11515629143682628,0.04693877551020408,0.16122448979591836,28,20262038,balanced,first_domain
post_score,490,0.5821082822812894,0.7425165361208793,0.04693877551020408,0.16122448979591836,28,20262038,balanced,first_domain
baseline,510,0.5480738279574267,0.6501022337423059,0.054901960784313725,0.12352941176470589,28,20262038,balanced,second_domain
observed_gain,510,0.024700074203269775,0.06103606277367084,0.054901960784313725,0.12352941176470589,28,20262038,balanced,second_domain
post_score,510,0.5535819180474087,0.68819036589753535,0.054901960784313725,0.12352941176470589,28,20262038,balanced,second_domain
baseline,1000,0.43049935022707625,0.5084882723349547,0.104,0.218,28,20262038,one_domain,all
observed_gain,1000,0.0766565942524878,0.11256325899022229,0.104,0.218,28,20262038,one_domain,all
post_score,1000,0.49308005088007156,0.6373269542570922,0.104,0.218,28,20262038,one_domain,all
baseline,490,0.4474595451773064,0.5223639996228143,0.11836734693877551,0.3306122448979592,28,20262038,one_domain,first_domain
observed_gain,490,0.053323327911889366,0.1377859975587654,0.11836734693877551,0.3306122448979592,28,20262038,one_domain,first_domain
post_score,490,0.5870464505947698,0.8199125313743464,0.11836734693877551,0.3306122448979592,28,20262038,one_domain,first_domain
baseline,510,0.41438253900590977,0.5009994532603158,0.09019607843137255,0.10980392156862745,28,20262038,one_domain,second_domain
observed_gain,510,0.06598303168049006,0.06117639304611378,0.09019607843137255,0.10980392156862745,28,20262038,one_domain,second_domain
post_score,510,0.4490739593969714,0.5256923192101285,0.09019607843137255,0.10980392156862745,28,20262038,one_domain,second_domain
baseline,1000,0.5167156218279145,0.6253970664079679,0.035,0.125,29,20262039,balanced,all
observed_gain,1000,0.0013359946604130529,0.047042654701766856,0.035,0.125,29,20262039,balanced,all
post_score,1000,0.5259308046608518,0.6840712416272297,0.035,0.125,29,20262039,balanced,all
baseline,491,0.5604448309241443,0.676874244878017,0.034623217922606926,0.13034623217922606,29,20262039,balanced,first_domain
observed_gain,491,-0.03750774913548042,0.024387940582556212,0.034623217922606926,0.13034623217922606,29,20262039,balanced,first_domain
post_score,491,0.5381710169216564,0.7220925936711883,0.034623217922606926,0.13034623217922606,29,20262039,balanced,first_domain
baseline,509,0.4732368447848994,0.5721983355787646,0.03536345776031434,0.11984282907662082,29,20262039,balanced,second_domain
observed_gain,509,0.040680552782293114,0.06852605139479226,0.03536345776031434,0.11984282907662082,29,20262039,balanced,second_domain
post_score,509,0.5149358582484993,0.6464835528909485,0.03536345776031434,0.11984282907662082,29,20262039,balanced,second_domain
baseline,1000,0.3937080029176354,0.4889795034913701,0.137,0.249,29,20262039,one_domain,all
observed_gain,1000,5.238615453209367e-5,0.008918594507070134,0.137,0.249,29,20262039,one_domain,all
post_score,1000,0.4095315065436153,0.5645877624816829,0.137,0.249,29,20262039,one_domain,all
baseline,491,0.4186735370283043,0.505621979772661,0.13441955193482688,0.3665987780040733,29,20262039,one_domain,first_domain
observed_gain,491,0.010463877694434423,0.06477141102887364,0.13441955193482688,0.3665987780040733,29,20262039,one_domain,first_domain
post_score,491,0.542943396722902,0.7652239335369236,0.13441955193482688,0.3665987780040733,29,20262039,one_domain,first_domain
baseline,509,0.36884717750720536,0.47245555192361194,0.13948919449901767,0.13555992141453832,29,20262039,one_domain,second_domain
observed_gain,509,-0.0410895820486911,-0.04246840703985149,0.13948919449901767,0.13555992141453832,29,20262039,one_domain,second_domain
post_score,509,0.3453758413494715,0.45104175984039835,0.13948919449901767,0.13555992141453832,29,20262039,one_domain,second_domain
baseline,1000,0.5030974491939562,0.5828415653362446,0.041,0.125,30,20262040,balanced,all
observed_gain,1000,0.05158176291528708,0.12289659752835068,0.041,0.125,30,20262040,balanced,all
post_score,1000,0.5308544133326952,0.6824520243109325,0.041,0.125,30,20262040,balanced,all
baseline,497,0.498001583837711,0.5786225373005439,0.03822937625754527,0.09859154929577464,30,20262040,balanced,first_domain
observed_gain,497,-0.013104673466589344,0.03403436568322237,0.03822937625754527,0.09859154929577464,30,20262040,balanced,first_domain
post_score,497,0.5074614781161088,0.6559675278752768,0.03822937625754527,0.09859154929577464,30,20262040,balanced,first_domain
baseline,503,0.5079152900200571,0.5880732932435809,0.0437375745526839,0.15109343936381708,30,20262040,balanced,second_domain
observed_gain,503,0.11830525740523935,0.20871315690848144,0.0437375745526839,0.15109343936381708,30,20262040,balanced,second_domain
post_score,503,0.5522830761661297,0.7013421737578566,0.0437375745526839,0.15109343936381708,30,20262040,balanced,second_domain
baseline,1000,0.3705424143636117,0.49133711732973995,0.152,0.299,30,20262040,one_domain,all
observed_gain,1000,0.020257751411761053,0.05777175565839774,0.152,0.299,30,20262040,one_domain,all
post_score,1000,0.3981430464843792,0.5926482593754081,0.152,0.299,30,20262040,one_domain,all
baseline,497,0.359554650049012,0.47493665455194106,0.1448692152917505,0.44064386317907445,30,20262040,one_domain,first_domain
observed_gain,497,0.03820644157736513,0.11228016984845549,0.1448692152917505,0.44064386317907445,30,20262040,one_domain,first_domain
post_score,497,0.49476819226804325,0.7424822886528963,0.1448692152917505,0.44064386317907445,30,20262040,one_domain,first_domain
baseline,503,0.38034215716713105,0.5081499590655365,0.15904572564612326,0.15904572564612326,30,20262040,one_domain,second_domain
observed_gain,503,0.0148087374565972,0.010271638779128813,0.15904572564612326,0.15904572564612326,30,20262040,one_domain,second_domain
post_score,503,0.3903902816794511,0.5002743435968046,0.15904572564612326,0.15904572564612326,30,20262040,one_domain,second_domain
baseline,1000,0.5217466676645726,0.6000027112556177,0.013,0.046,31,20262041,balanced,all
observed_gain,1000,0.08112256882097788,0.12429626292101371,0.013,0.046,31,20262041,balanced,all
post_score,1000,0.578979744725877,0.6929376615165839,0.013,0.046,31,20262041,balanced,all
baseline,510,0.5537024995044914,0.6260400248075132,0.00196078431372549,0.045098039215686274,31,20262041,balanced,first_domain
observed_gain,510,0.08152516315003097,0.1199921301764753,0.00196078431372549,0.045098039215686274,31,20262041,balanced,first_domain
post_score,510,0.5840456790518108,0.6804442898700103,0.00196078431372549,0.045098039215686274,31,20262041,balanced,first_domain
baseline,490,0.4936893833742955,0.5694557515026168,0.024489795918367346,0.04693877551020408,31,20262041,balanced,second_domain
observed_gain,490,0.08435063063931902,0.13492517268963922,0.024489795918367346,0.04693877551020408,31,20262041,balanced,second_domain
post_score,490,0.5766211463177681,0.7047104744246858,0.024489795918367346,0.04693877551020408,31,20262041,balanced,second_domain
baseline,1000,0.36464067859320015,0.478061392161142,0.067,0.155,31,20262041,one_domain,all
observed_gain,1000,-3.5166859932024894e-4,-0.015495230666660857,0.067,0.155,31,20262041,one_domain,all
post_score,1000,0.38119911229831227,0.5282766694657578,0.067,0.155,31,20262041,one_domain,all
baseline,510,0.38678854420250447,0.4873361566469289,0.058823529411764705,0.21764705882352942,31,20262041,one_domain,first_domain
observed_gain,510,0.11709928524749512,0.11313318807062664,0.058823529411764705,0.21764705882352942,31,20262041,one_domain,first_domain
post_score,510,0.5843485578803342,0.7234976951040322,0.058823529411764705,0.21764705882352942,31,20262041,one_domain,first_domain
baseline,490,0.3443509423302125,0.46918747809585915,0.07551020408163266,0.08979591836734693,31,20262041,one_domain,second_domain
observed_gain,490,-0.06256586740503853,-0.10804972234237467,0.07551020408163266,0.08979591836734693,31,20262041,one_domain,second_domain
post_score,490,0.3079107683579904,0.41311529633014876,0.07551020408163266,0.08979591836734693,31,20262041,one_domain,second_domain
baseline,1000,0.5302468290173081,0.64422243831479,0.028,0.095,32,20262042,balanced,all
observed_gain,1000,0.06996848761190233,0.1294266814791372,0.028,0.095,32,20262042,balanced,all
post_score,1000,0.5717280936706844,0.7262402261166876,0.028,0.095,32,20262042,balanced,all
baseline,473,0.4975957996309309,0.6127361660305041,0.02536997885835095,0.09725158562367865,32,20262042,balanced,first_domain
observed_gain,473,0.10425985488363287,0.18650472944023266,0.02536997885835095,0.09725158562367865,32,20262042,balanced,first_domain
post_score,473,0.5611277729303532,0.726405319892365,0.02536997885835095,0.09725158562367865,32,20262042,balanced,first_domain
baseline,527,0.5602861515162577,0.6735079888718137,0.030360531309297913,0.09297912713472485,32,20262042,balanced,second_domain
observed_gain,527,0.03794108079586086,0.07652914155638225,0.030360531309297913,0.09297912713472485,32,20262042,balanced,second_domain
post_score,527,0.5817633850098605,0.7276587392214018,0.030360531309297913,0.09297912713472485,32,20262042,balanced,second_domain
baseline,1000,0.4129029763310603,0.5061594657882881,0.113,0.241,32,20262042,one_domain,all
observed_gain,1000,0.049710598407691445,0.05974599226721385,0.113,0.241,32,20262042,one_domain,all
post_score,1000,0.44319011713288975,0.5984781196995309,0.113,0.241,32,20262042,one_domain,all
baseline,473,0.3844604936646822,0.4782937845962843,0.11416490486257928,0.37209302325581395,32,20262042,one_domain,first_domain
observed_gain,473,0.14608620655146948,0.20860911850777775,0.11416490486257928,0.37209302325581395,32,20262042,one_domain,first_domain
post_score,473,0.5765603350922551,0.8111975987491261,0.11416490486257928,0.37209302325581395,32,20262042,one_domain,first_domain
baseline,527,0.44035120385613685,0.5325662835826142,0.11195445920303605,0.12333965844402277,32,20262042,one_domain,second_domain
observed_gain,527,-0.05074545577488134,-0.039843517292171796,0.11195445920303605,0.12333965844402277,32,20262042,one_domain,second_domain
post_score,527,0.39458870574997224,0.48962698989029724,0.11195445920303605,0.12333965844402277,32,20262042,one_domain,second_domain
baseline,1000,0.5027891486604373,0.6618776665762377,0.064,0.166,33,20262043,balanced,all
observed_gain,1000,-0.011754723422685381,0.038351072387600264,0.064,0.166,33,20262043,balanced,all
post_score,1000,0.4901115313942876,0.7106092825451239,0.064,0.166,33,20262043,balanced,all
baseline,499,0.4722153851067644,0.6488402433844299,0.050100200400801605,0.17635270541082165,33,20262043,balanced,first_domain
observed_gain,499,-0.008960015936712244,0.09000678849319772,0.050100200400801605,0.17635270541082165,33,20262043,balanced,first_domain
post_score,499,0.45681713588525846,0.7362094082893927,0.050100200400801605,0.17635270541082165,33,20262043,balanced,first_domain
baseline,501,0.536959391761102,0.6729508061807875,0.07784431137724551,0.15568862275449102,33,20262043,balanced,second_domain
observed_gain,501,-0.012085966981834366,-0.0096175753019089,0.07784431137724551,0.15568862275449102,33,20262043,balanced,second_domain
post_score,501,0.5314570289030517,0.6939870317915091,0.07784431137724551,0.15568862275449102,33,20262043,balanced,second_domain
baseline,1000,0.3604679441340534,0.4826542566846859,0.137,0.251,33,20262043,one_domain,all
observed_gain,1000,0.04759041588505842,0.03490381876015107,0.137,0.251,33,20262043,one_domain,all
post_score,1000,0.4052631245874844,0.585528609091053,0.137,0.251,33,20262043,one_domain,all
baseline,499,0.33843195297855,0.466436687794339,0.12424849699398798,0.3587174348697395,33,20262043,one_domain,first_domain
observed_gain,499,0.06384662293401727,0.13793398367753273,0.12424849699398798,0.3587174348697395,33,20262043,one_domain,first_domain
post_score,499,0.4672599273278473,0.7593577034378963,0.12424849699398798,0.3587174348697395,33,20262043,one_domain,first_domain
baseline,501,0.38508671963508134,0.4974575265057059,0.1497005988023952,0.1437125748502994,33,20262043,one_domain,second_domain
observed_gain,501,0.05748657316415185,7.797344887869992e-4,0.1497005988023952,0.1437125748502994,33,20262043,one_domain,second_domain
post_score,501,0.4147986718884999,0.502687882007292,0.1497005988023952,0.1437125748502994,33,20262043,one_domain,second_domain
baseline,1000,0.47701397173305404,0.593895602845654,0.087,0.204,34,20262044,balanced,all
observed_gain,1000,0.013442587779721848,0.048988128292805855,0.087,0.204,34,20262044,balanced,all
post_score,1000,0.49837758438468993,0.6737821480648079,0.087,0.204,34,20262044,balanced,all
baseline,508,0.4900815928823271,0.6050797699339869,0.07677165354330709,0.19291338582677164,34,20262044,balanced,first_domain
observed_gain,508,0.042157060496258926,0.09424409511643764,0.07677165354330709,0.19291338582677164,34,20262044,balanced,first_domain
post_score,508,0.5267406042707236,0.723299337549573,0.07677165354330709,0.19291338582677164,34,20262044,balanced,first_domain
baseline,492,0.4643476866268764,0.5858167434793461,0.0975609756097561,0.21544715447154472,34,20262044,balanced,second_domain
observed_gain,492,-0.018158799957342594,-0.0017157450306230996,0.0975609756097561,0.21544715447154472,34,20262044,balanced,second_domain
post_score,492,0.46918665552918004,0.6262941060608832,0.0975609756097561,0.21544715447154472,34,20262044,balanced,second_domain
baseline,1000,0.4066520866931134,0.4579211599283028,0.071,0.148,34,20262044,one_domain,all
observed_gain,1000,0.09412447131372324,0.1383618470172255,0.071,0.148,34,20262044,one_domain,all
post_score,1000,0.4850730483555957,0.6146722018472552,0.071,0.148,34,20262044,one_domain,all
baseline,508,0.4469423880295757,0.473917704017385,0.06496062992125984,0.2125984251968504,34,20262044,one_domain,first_domain
observed_gain,508,0.14174354316946938,0.25290296285837777,0.06496062992125984,0.2125984251968504,34,20262044,one_domain,first_domain
post_score,508,0.6328123189704583,0.8011733976085769,0.06496062992125984,0.2125984251968504,34,20262044,one_domain,first_domain
baseline,492,0.36792909992053763,0.4435326976481789,0.07723577235772358,0.08130081300813008,34,20262044,one_domain,second_domain
observed_gain,492,0.0433247805291733,0.03836844685461617,0.07723577235772358,0.08130081300813008,34,20262044,one_domain,second_domain
post_score,492,0.40536186044801736,0.4751290080074248,0.07723577235772358,0.08130081300813008,34,20262044,one_domain,second_domain
baseline,1000,0.519922125192131,0.6153538504811746,0.029,0.083,35,20262045,balanced,all
observed_gain,1000,0.058606565156403626,0.11325121916525532,0.029,0.083,35,20262045,balanced,all
post_score,1000,0.5537743758862731,0.6961708078559145,0.029,0.083,35,20262045,balanced,all
baseline,490,0.5331868694860261,0.6128538234384789,0.036734693877551024,0.08979591836734693,35,20262045,balanced,first_domain
observed_gain,490,0.10221186330894769,0.12152030419552012,0.036734693877551024,0.08979591836734693,35,20262045,balanced,first_domain
post_score,490,0.6169299615978241,0.7196535500915641,0.036734693877551024,0.08979591836734693,35,20262045,balanced,first_domain
baseline,510,0.5163059122666678,0.6179713763777706,0.021568627450980392,0.07647058823529412,35,20262045,balanced,second_domain
observed_gain,510,0.021540755000299745,0.10944590342780355,0.021568627450980392,0.07647058823529412,35,20262045,balanced,second_domain
post_score,510,0.5057226307625161,0.6766280906990577,0.021568627450980392,0.07647058823529412,35,20262045,balanced,second_domain
baseline,1000,0.41971574540063006,0.4987925717570309,0.074,0.164,35,20262045,one_domain,all
observed_gain,1000,0.02640123795286674,0.05768407249584961,0.074,0.164,35,20262045,one_domain,all
post_score,1000,0.4434776740707859,0.5970591628687718,0.074,0.164,35,20262045,one_domain,all
baseline,490,0.4505347887405721,0.5281079971795327,0.08775510204081632,0.24285714285714285,35,20262045,one_domain,first_domain
observed_gain,490,0.10713344953564104,0.14755426323621007,0.08775510204081632,0.24285714285714285,35,20262045,one_domain,first_domain
post_score,490,0.6223138980715571,0.8015163856747581,0.08775510204081632,0.24285714285714285,35,20262045,one_domain,first_domain
baseline,510,0.3980823378654445,0.467971002327577,0.060784313725490195,0.08823529411764706,35,20262045,one_domain,second_domain
observed_gain,510,-0.028181248859819485,1.1008311142987753e-4,0.060784313725490195,0.08823529411764706,35,20262045,one_domain,second_domain
post_score,510,0.3774473946289496,0.4767652188353233,0.060784313725490195,0.08823529411764706,35,20262045,one_domain,second_domain
baseline,1000,0.5663770125899266,0.625649853384294,0.012,0.063,36,20262046,balanced,all
observed_gain,1000,0.1161601044009258,0.18808402199149626,0.012,0.063,36,20262046,balanced,all
post_score,1000,0.6219656385653036,0.7364425452027985,0.012,0.063,36,20262046,balanced,all
baseline,501,0.5808378132281361,0.6435768253480962,0.013972055888223553,0.0718562874251497,36,20262046,balanced,first_domain
observed_gain,501,0.18253567573586496,0.23718930526412133,0.013972055888223553,0.0718562874251497,36,20262046,balanced,first_domain
post_score,501,0.6567931851764008,0.7512351542072405,0.013972055888223553,0.0718562874251497,36,20262046,balanced,first_domain
baseline,499,0.5558993884888948,0.6090220695128078,0.01002004008016032,0.05410821643286573,36,20262046,balanced,second_domain
observed_gain,499,0.05860268455657489,0.1387926151207579,0.01002004008016032,0.05410821643286573,36,20262046,balanced,second_domain
post_score,499,0.5937952104687275,0.7188114151741063,0.01002004008016032,0.05410821643286573,36,20262046,balanced,second_domain
baseline,1000,0.4110034267884267,0.4947845471753623,0.039,0.109,36,20262046,one_domain,all
observed_gain,1000,0.10122235609908165,0.11858119282420279,0.039,0.109,36,20262046,one_domain,all
post_score,1000,0.4725515206398816,0.5837406378639537,0.039,0.109,36,20262046,one_domain,all
baseline,501,0.4185215042504147,0.5125605816363434,0.031936127744510975,0.17764471057884232,36,20262046,one_domain,first_domain
observed_gain,501,0.26893041458984784,0.31196251354220167,0.031936127744510975,0.17764471057884232,36,20262046,one_domain,first_domain
post_score,501,0.6512533091302911,0.7954158558235848,0.031936127744510975,0.17764471057884232,36,20262046,one_domain,first_domain
baseline,499,0.4065448440731109,0.4781142553471288,0.04609218436873747,0.04008016032064128,36,20262046,one_domain,second_domain
observed_gain,499,-0.01579672648104144,-0.021247839735226794,0.04609218436873747,0.04008016032064128,36,20262046,one_domain,second_domain
post_score,499,0.39108875192152337,0.44900759396280016,0.04609218436873747,0.04008016032064128,36,20262046,one_domain,second_domain
baseline,1000,0.5289611884024705,0.628452614573234,0.024,0.072,37,20262047,balanced,all
observed_gain,1000,0.08117572907585781,0.13341784020262365,0.024,0.072,37,20262047,balanced,all
post_score,1000,0.5732410051323693,0.705443648205426,0.024,0.072,37,20262047,balanced,all
baseline,520,0.5089174606054429,0.6189333265058303,0.021153846153846155,0.07884615384615384,37,20262047,balanced,first_domain
observed_gain,520,0.11373719471965457,0.16558109478021163,0.021153846153846155,0.07884615384615384,37,20262047,balanced,first_domain
post_score,520,0.5635589069898438,0.6973537281207434,0.021153846153846155,0.07884615384615384,37,20262047,balanced,first_domain
baseline,480,0.5499239868682525,0.6433618551844545,0.027083333333333334,0.06458333333333334,37,20262047,balanced,second_domain
observed_gain,480,0.046584859506500736,0.10125735291144121,0.027083333333333334,0.06458333333333334,37,20262047,balanced,second_domain
post_score,480,0.5857289202471637,0.7180001588388002,0.027083333333333334,0.06458333333333334,37,20262047,balanced,second_domain
baseline,1000,0.3831532506831104,0.48380256695141155,0.11,0.223,37,20262047,one_domain,all
observed_gain,1000,0.04374939863131829,0.045292781923360885,0.11,0.223,37,20262047,one_domain,all
post_score,1000,0.44481568108421404,0.6123671861896534,0.11,0.223,37,20262047,one_domain,all
baseline,520,0.35456805873325775,0.456992671013779,0.10384615384615385,0.325,37,20262047,one_domain,first_domain
observed_gain,520,0.08268513213904101,0.10907597239308953,0.10384615384615385,0.325,37,20262047,one_domain,first_domain
post_score,520,0.5516294245373113,0.7770894198562625,0.10384615384615385,0.325,37,20262047,one_domain,first_domain
baseline,480,0.4142607612569222,0.5159473361301579,0.11666666666666667,0.1125,37,20262047,one_domain,second_domain
observed_gain,480,0.0030972749169786407,-0.021576585339116838,0.11666666666666667,0.1125,37,20262047,one_domain,second_domain
post_score,480,0.4241327014627252,0.5168804720268395,0.11666666666666667,0.1125,37,20262047,one_domain,second_domain
baseline,1000,0.4906942888835526,0.5943025857094053,0.023,0.072,38,20262048,balanced,all
observed_gain,1000,0.08158369119123235,0.11126245964410435,0.023,0.072,38,20262048,balanced,all
post_score,1000,0.5498465632188737,0.6846228038224189,0.023,0.072,38,20262048,balanced,all
baseline,522,0.48019060613200754,0.597284469277767,0.0210727969348659,0.08237547892720307,38,20262048,balanced,first_domain
observed_gain,522,0.13725324538009942,0.19420788414498721,0.0210727969348659,0.08237547892720307,38,20262048,balanced,first_domain
post_score,522,0.5600634316677868,0.7224291817211723,0.0210727969348659,0.08237547892720307,38,20262048,balanced,first_domain
baseline,478,0.5019167856034737,0.5903913333732537,0.02510460251046025,0.060669456066945605,38,20262048,balanced,second_domain
observed_gain,478,0.020372720342396594,0.02200451206341947,0.02510460251046025,0.060669456066945605,38,20262048,balanced,second_domain
post_score,478,0.5397438754664254,0.6421018286296817,0.02510460251046025,0.060669456066945605,38,20262048,balanced,second_domain
baseline,1000,0.34346560894138056,0.4618311692720496,0.12,0.225,38,20262048,one_domain,all
observed_gain,1000,0.03707237718188681,0.028264413421059818,0.12,0.225,38,20262048,one_domain,all
post_score,1000,0.40491023424407846,0.5581431350464908,0.12,0.225,38,20262048,one_domain,all
baseline,522,0.31458713259754645,0.445546036800746,0.1053639846743295,0.3275862068965517,38,20262048,one_domain,first_domain
observed_gain,522,0.07219515075738789,0.056871846100814076,0.1053639846743295,0.3275862068965517,38,20262048,one_domain,first_domain
post_score,522,0.5166703982033518,0.7204662346090437,0.1053639846743295,0.3275862068965517,38,20262048,one_domain,first_domain
baseline,478,0.3744033087642814,0.4770942838578475,0.13598326359832635,0.11297071129707113,38,20262048,one_domain,second_domain
observed_gain,478,0.009977452330957644,0.015879757864626812,0.13598326359832635,0.11297071129707113,38,20262048,one_domain,second_domain
post_score,478,0.3881161106245265,0.48814423343567354,0.13598326359832635,0.11297071129707113,38,20262048,one_domain,second_domain
baseline,1000,0.48022954856577205,0.5860945188616358,0.068,0.212,39,20262049,balanced,all
observed_gain,1000,0.0010135984054551002,0.044249395651205496,0.068,0.212,39,20262049,balanced,all
post_score,1000,0.4991039314071546,0.6790751450292237,0.068,0.212,39,20262049,balanced,all
baseline,495,0.47947596710252727,0.6071615800274218,0.06464646464646465,0.23232323232323232,39,20262049,balanced,first_domain
observed_gain,495,-0.01094149302901723,0.04421650194304887,0.06464646464646465,0.23232323232323232,39,20262049,balanced,first_domain
post_score,495,0.487217337654636,0.6887865332842322,0.06464646464646465,0.23232323232323232,39,20262049,balanced,first_domain
baseline,505,0.4878993324507872,0.5644658355119313,0.07128712871287128,0.19207920792079208,39,20262049,balanced,second_domain
observed_gain,505,0.00814956498234483,0.046241527280682364,0.07128712871287128,0.19207920792079208,39,20262049,balanced,second_domain
post_score,505,0.5149082243554701,0.6712975907451313,0.07128712871287128,0.19207920792079208,39,20262049,balanced,second_domain
baseline,1000,0.39489877130371237,0.48233318396474945,0.096,0.232,39,20262049,one_domain,all
observed_gain,1000,0.0724838292883271,0.05670520154065121,0.096,0.232,39,20262049,one_domain,all
post_score,1000,0.46307633381941216,0.6048185038145547,0.096,0.232,39,20262049,one_domain,all
baseline,495,0.39835395564092574,0.4771657371349926,0.10303030303030303,0.3414141414141414,39,20262049,one_domain,first_domain
observed_gain,495,0.08056418068335905,0.14959914173035616,0.10303030303030303,0.3414141414141414,39,20262049,one_domain,first_domain
post_score,495,0.564903640272173,0.7982941473032752,0.10303030303030303,0.3414141414141414,39,20262049,one_domain,first_domain
baseline,505,0.40117691381234605,0.4931407318822573,0.0891089108910891,0.12475247524752475,39,20262049,one_domain,second_domain
observed_gain,505,0.023409629699189947,0.004569829825840307,0.0891089108910891,0.12475247524752475,39,20262049,one_domain,second_domain
post_score,505,0.418352555223022,0.4902750902604789,0.0891089108910891,0.12475247524752475,39,20262049,one_domain,second_domain
baseline,1000,0.5203008170151003,0.6247403944345781,0.038,0.111,40,20262050,balanced,all
observed_gain,1000,0.08877681262192519,0.12916999622670297,0.038,0.111,40,20262050,balanced,all
post_score,1000,0.5795091087453305,0.7214313174641507,0.038,0.111,40,20262050,balanced,all
baseline,501,0.5105348818677906,0.619070467053371,0.04590818363273453,0.10379241516966067,40,20262050,balanced,first_domain
observed_gain,501,0.07650937079336176,0.13652099377614776,0.04590818363273453,0.10379241516966067,40,20262050,balanced,first_domain
post_score,501,0.5523990635788103,0.7078950502332392,0.04590818363273453,0.10379241516966067,40,20262050,balanced,first_domain
baseline,499,0.52689759101362,0.6290543874072171,0.03006012024048096,0.11823647294589178,40,20262050,balanced,second_domain
observed_gain,499,0.10397142823185979,0.12693023510566181,0.03006012024048096,0.11823647294589178,40,20262050,balanced,second_domain
post_score,499,0.6050266275703711,0.7370476979804713,0.03006012024048096,0.11823647294589178,40,20262050,balanced,second_domain
baseline,1000,0.4339276380596788,0.5032717353956555,0.112,0.239,40,20262050,one_domain,all
observed_gain,1000,0.08676692821600732,0.11382794425207918,0.112,0.239,40,20262050,one_domain,all
post_score,1000,0.4974789520582313,0.6376537826296474,0.112,0.239,40,20262050,one_domain,all
baseline,501,0.4216207742599279,0.4970633789559428,0.12375249500998003,0.3592814371257485,40,20262050,one_domain,first_domain
observed_gain,501,0.08280586216809345,0.1304373840607922,0.12375249500998003,0.3592814371257485,40,20262050,one_domain,first_domain
post_score,501,0.5814001640794575,0.7742387871163863,0.12375249500998003,0.3592814371257485,40,20262050,one_domain,first_domain
baseline,499,0.4456848961267846,0.5090937460342255,0.10020040080160321,0.11823647294589178,40,20262050,one_domain,second_domain
observed_gain,499,0.051639848112088514,0.05300790607805297,0.10020040080160321,0.11823647294589178,40,20262050,one_domain,second_domain
post_score,499,0.4629463034469344,0.5339952684365687,0.10020040080160321,0.11823647294589178,40,20262050,one_domain,second_domain
baseline,1000,0.4770671787147834,0.6195636315557097,0.066,0.155,41,20262051,balanced,all
observed_gain,1000,-0.02805231507026667,0.017672247314693426,0.066,0.155,41,20262051,balanced,all
post_score,1000,0.4581569545011561,0.6496916484524123,0.066,0.155,41,20262051,balanced,all
baseline,521,0.44878654043525035,0.5735385735082744,0.0690978886756238,0.10748560460652591,41,20262051,balanced,first_domain
observed_gain,521,-0.061352368115305145,-0.031470770969859126,0.0690978886756238,0.10748560460652591,41,20262051,balanced,first_domain
post_score,521,0.42124502941666464,0.5791977071787614,0.0690978886756238,0.10748560460652591,41,20262051,balanced,first_domain
baseline,479,0.508280213951746,0.6664667247107499,0.06263048016701461,0.20668058455114824,41,20262051,balanced,second_domain
observed_gain,479,0.01084505922522214,0.08236182202054654,0.06263048016701461,0.20668058455114824,41,20262051,balanced,second_domain
post_score,479,0.5013342278714469,0.7286824543276845,0.06263048016701461,0.20668058455114824,41,20262051,balanced,second_domain
baseline,1000,0.38365561857302805,0.5190418676067923,0.13,0.239,41,20262051,one_domain,all
observed_gain,1000,0.012205924305813192,0.04055151366851273,0.13,0.239,41,20262051,one_domain,all
post_score,1000,0.4074635391054837,0.6140517693165877,0.13,0.239,41,20262051,one_domain,all
baseline,521,0.3465574503174866,0.49200356432221687,0.13051823416506717,0.3685220729366603,41,20262051,one_domain,first_domain
observed_gain,521,0.03524536893356373,0.10510825588056033,0.13051823416506717,0.3685220729366603,41,20262051,one_domain,first_domain
post_score,521,0.47419618802056096,0.7611128262878547,0.13051823416506717,0.3685220729366603,41,20262051,one_domain,first_domain
baseline,479,0.4255031117104145,0.5502186738932566,0.12943632567849686,0.09812108559498957,41,20262051,one_domain,second_domain
observed_gain,479,-0.02098630728558705,-0.02839003631629064,0.12943632567849686,0.09812108559498957,41,20262051,one_domain,second_domain
post_score,479,0.41786029177045,0.5554916100376632,0.12943632567849686,0.09812108559498957,41,20262051,one_domain,second_domain
baseline,1000,0.4653794394373934,0.6007778112815755,0.022,0.085,42,20262052,balanced,all
observed_gain,1000,0.0832548010033796,0.13989856001982817,0.022,0.085,42,20262052,balanced,all
post_score,1000,0.5301806826034973,0.7135524804811625,0.022,0.085,42,20262052,balanced,all
baseline,499,0.5077809803267244,0.6036695219205017,0.02004008016032064,0.08617234468937876,42,20262052,balanced,first_domain
observed_gain,499,0.05593072969143523,0.09057448645180134,0.02004008016032064,0.08617234468937876,42,20262052,balanced,first_domain
post_score,499,0.5615393728517295,0.7142792170098128,0.02004008016032064,0.08617234468937876,42,20262052,balanced,first_domain
baseline,501,0.4314256555064569,0.5953136101720884,0.023952095808383235,0.08383233532934131,42,20262052,balanced,second_domain
observed_gain,501,0.10885187859691858,0.19203389922175657,0.023952095808383235,0.08383233532934131,42,20262052,balanced,second_domain
post_score,501,0.5059555937888898,0.7082713926430951,0.023952095808383235,0.08383233532934131,42,20262052,balanced,second_domain
baseline,1000,0.36109617499940583,0.4802894428038118,0.142,0.255,42,20262052,one_domain,all
observed_gain,1000,0.03953237846097052,0.05627705226254613,0.142,0.255,42,20262052,one_domain,all
post_score,1000,0.4106708214097341,0.6003803139802137,0.142,0.255,42,20262052,one_domain,all
baseline,499,0.3714520648197296,0.4677433595640017,0.14228456913827656,0.3787575150300601,42,20262052,one_domain,first_domain
observed_gain,499,0.05161491408435085,0.08018156135204126,0.14228456913827656,0.3787575150300601,42,20262052,one_domain,first_domain
post_score,499,0.5370314504871754,0.763163629867499,0.14228456913827656,0.3787575150300601,42,20262052,one_domain,first_domain
baseline,501,0.3558360629796779,0.49052761287652025,0.14171656686626746,0.1317365269461078,42,20262052,one_domain,second_domain
observed_gain,501,0.010239496483058982,0.01617995891527904,0.14171656686626746,0.1317365269461078,42,20262052,one_domain,second_domain
post_score,501,0.36011306709860746,0.4875882871975826,0.14171656686626746,0.1317365269461078,42,20262052,one_domain,second_domain
baseline,1000,0.5189790836897514,0.6487650839397237,0.049,0.134,43,20262053,balanced,all
observed_gain,1000,0.003012093305967027,0.032205072167026894,0.049,0.134,43,20262053,balanced,all
post_score,1000,0.5306756240016574,0.6851162672901766,0.049,0.134,43,20262053,balanced,all
baseline,514,0.5167835611011447,0.6390528868635393,0.042801556420233464,0.13618677042801555,43,20262053,balanced,first_domain
observed_gain,514,-0.008122598220549447,0.0070041332059074006,0.042801556420233464,0.13618677042801555,43,20262053,balanced,first_domain
post_score,514,0.5271690555598483,0.6568355789830349,0.042801556420233464,0.13618677042801555,43,20262053,balanced,first_domain
baseline,486,0.5223925793646119,0.6553635659206294,0.05555555555555555,0.13168724279835392,43,20262053,balanced,second_domain
observed_gain,486,0.014585914041729243,0.05718114694094342,0.05555555555555555,0.13168724279835392,43,20262053,balanced,second_domain
post_score,486,0.5349644069714936,0.7086596252327344,0.05555555555555555,0.13168724279835392,43,20262053,balanced,second_domain
baseline,1000,0.3551335478443085,0.47832067357097113,0.101,0.208,43,20262053,one_domain,all
observed_gain,1000,-0.002058514595285353,-0.011199243082093914,0.101,0.208,43,20262053,one_domain,all
post_score,1000,0.3752803775139517,0.5531470349119267,0.101,0.208,43,20262053,one_domain,all
baseline,514,0.31427144434620236,0.4560030072949928,0.08949416342412451,0.3035019455252918,43,20262053,one_domain,first_domain
observed_gain,514,0.0567218287715691,0.013389018718945595,0.08949416342412451,0.3035019455252918,43,20262053,one_domain,first_domain
post_score,514,0.5044443613047385,0.7366439240487269,0.08949416342412451,0.3035019455252918,43,20262053,one_domain,first_domain
baseline,486,0.4001912562834673,0.4994848653746627,0.11316872427983539,0.10699588477366255,43,20262053,one_domain,second_domain
observed_gain,486,-0.05611454143853456,0.004586249046991467,0.11316872427983539,0.10699588477366255,43,20262053,one_domain,second_domain
post_score,486,0.3537058782771726,0.48398047164427227,0.11316872427983539,0.10699588477366255,43,20262053,one_domain,second_domain
baseline,1000,0.47604024811633305,0.6083466955656851,0.067,0.167,44,20262054,balanced,all
observed_gain,1000,0.010518612973591683,0.014837767369444706,0.067,0.167,44,20262054,balanced,all
post_score,1000,0.48858943253325476,0.6466413607354841,0.067,0.167,44,20262054,balanced,all
baseline,528,0.4977775468986421,0.609878733036306,0.06060606060606061,0.19318181818181818,44,20262054,balanced,first_domain
observed_gain,528,0.06947597147076738,0.09294354013755189,0.06060606060606061,0.19318181818181818,44,20262054,balanced,first_domain
post_score,528,0.5344381620948709,0.6836555611693967,0.06060606060606061,0.19318181818181818,44,20262054,balanced,first_domain
baseline,472,0.45408527745507044,0.6057999081615769,0.07415254237288135,0.13771186440677965,44,20262054,balanced,second_domain
observed_gain,472,-0.04855969373302744,-0.07352936161428145,0.07415254237288135,0.13771186440677965,44,20262054,balanced,second_domain
post_score,472,0.44150688051389225,0.6015431278727077,0.07415254237288135,0.13771186440677965,44,20262054,balanced,second_domain
baseline,1000,0.35289648857541056,0.49341101953091704,0.181,0.291,44,20262054,one_domain,all
observed_gain,1000,-0.01659394997084731,-0.031971497284539685,0.181,0.291,44,20262054,one_domain,all
post_score,1000,0.3656163721523257,0.5574617377373522,0.181,0.291,44,20262054,one_domain,all
baseline,528,0.39653119742135134,0.528898333019143,0.19318181818181818,0.4109848484848485,44,20262054,one_domain,first_domain
observed_gain,528,-0.013484744380639738,-0.012706127934751925,0.19318181818181818,0.4109848484848485,44,20262054,one_domain,first_domain
post_score,528,0.5377941926427184,0.7653095917491697,0.19318181818181818,0.4109848484848485,44,20262054,one_domain,first_domain
baseline,472,0.3113630276103497,0.4517771376637242,0.1673728813559322,0.15677966101694915,44,20262054,one_domain,second_domain
observed_gain,472,1.0376942354198838e-4,-0.035596648945489834,0.1673728813559322,0.15677966101694915,44,20262054,one_domain,second_domain
post_score,472,0.3116895930931043,0.4442921832389641,0.1673728813559322,0.15677966101694915,44,20262054,one_domain,second_domain
baseline,1000,0.5138625784579568,0.6140375636314306,0.041,0.135,45,20262055,balanced,all
observed_gain,1000,0.07795187377128603,0.11821499024319014,0.041,0.135,45,20262055,balanced,all
post_score,1000,0.55856753260111,0.7063238181732363,0.041,0.135,45,20262055,balanced,all
baseline,505,0.5336832830122707,0.6382591453084174,0.04554455445544554,0.1306930693069307,45,20262055,balanced,first_domain
observed_gain,505,0.009932598097455003,0.07573246197646309,0.04554455445544554,0.1306930693069307,45,20262055,balanced,first_domain
post_score,505,0.5295670825175908,0.7094502031595658,0.04554455445544554,0.1306930693069307,45,20262055,balanced,first_domain
baseline,495,0.4891548953226412,0.5841838947401415,0.03636363636363636,0.1393939393939394,45,20262055,balanced,second_domain
observed_gain,495,0.1644132245723683,0.16805815875271135,0.03636363636363636,0.1393939393939394,45,20262055,balanced,second_domain
post_score,495,0.5978058884718676,0.7035320382290898,0.03636363636363636,0.1393939393939394,45,20262055,balanced,second_domain
baseline,1000,0.38287262507535397,0.47297066934838056,0.163,0.276,45,20262055,one_domain,all
observed_gain,1000,0.04108567157473841,0.040828106880157075,0.163,0.276,45,20262055,one_domain,all
post_score,1000,0.4396232439725639,0.5803920325527111,0.163,0.276,45,20262055,one_domain,all
baseline,505,0.3784272204551406,0.4952723166300013,0.16831683168316833,0.4,45,20262055,one_domain,first_domain
observed_gain,505,0.010334553398994334,0.014558618568967266,0.16831683168316833,0.4,45,20262055,one_domain,first_domain
post_score,505,0.5186650453279702,0.752679021353027,0.16831683168316833,0.4,45,20262055,one_domain,first_domain
baseline,495,0.3893459340007372,0.4430589995811596,0.15757575757575756,0.1494949494949495,45,20262055,one_domain,second_domain
observed_gain,495,0.06156529268517311,0.07673963029786735,0.15757575757575756,0.1494949494949495,45,20262055,one_domain,second_domain
post_score,495,0.43041231453935197,0.47725311142497,0.15757575757575756,0.1494949494949495,45,20262055,one_domain,second_domain
baseline,1000,0.4997675930099675,0.5915157432518764,0.035,0.095,46,20262056,balanced,all
observed_gain,1000,0.028919601948160366,0.04252166531500345,0.035,0.095,46,20262056,balanced,all
post_score,1000,0.5410050643441436,0.6499481263465586,0.035,0.095,46,20262056,balanced,all
baseline,482,0.4939877255475546,0.5801985109189959,0.03941908713692946,0.08091286307053942,46,20262056,balanced,first_domain
observed_gain,482,-0.037175662313372826,-0.024639854409218766,0.03941908713692946,0.08091286307053942,46,20262056,balanced,first_domain
post_score,482,0.4920067061943338,0.5782875904942223,0.03941908713692946,0.08091286307053942,46,20262056,balanced,first_domain
baseline,518,0.506366908410283,0.5972289733893619,0.03088803088803089,0.10810810810810811,46,20262056,balanced,second_domain
observed_gain,518,0.10081096684770041,0.10764446529920547,0.03088803088803089,0.10810810810810811,46,20262056,balanced,second_domain
post_score,518,0.5910332239856556,0.714232080487754,0.03088803088803089,0.10810810810810811,46,20262056,balanced,second_domain
baseline,1000,0.3800433795553854,0.48933019643392406,0.083,0.162,46,20262056,one_domain,all
observed_gain,1000,0.0643563931946342,0.025463187295864487,0.083,0.162,46,20262056,one_domain,all
post_score,1000,0.4567722568296967,0.5924506886104587,0.083,0.162,46,20262056,one_domain,all
baseline,482,0.3364818727946169,0.48312135225417285,0.08091286307053942,0.26141078838174275,46,20262056,one_domain,first_domain
observed_gain,482,0.15270271582051434,0.14968698257143365,0.08091286307053942,0.26141078838174275,46,20262056,one_domain,first_domain
post_score,482,0.5761548443520007,0.7838168571599758,0.08091286307053942,0.26141078838174275,46,20262056,one_domain,first_domain
baseline,518,0.4237731763383389,0.49393034163905447,0.08494208494208494,0.0694980694980695,46,20262056,one_domain,second_domain
observed_gain,518,-0.02951515415708953,-0.05549256606130192,0.08494208494208494,0.0694980694980695,46,20262056,one_domain,second_domain
post_score,518,0.4202970274161395,0.4955225770950984,0.08494208494208494,0.0694980694980695,46,20262056,one_domain,second_domain
baseline,1000,0.4929807854530552,0.6008785359521372,0.1,0.257,47,20262057,balanced,all
observed_gain,1000,-0.0013015609241804566,0.030034329542473537,0.1,0.257,47,20262057,balanced,all
post_score,1000,0.5001539164319472,0.651457475262444,0.1,0.257,47,20262057,balanced,all
baseline,495,0.503085761809977,0.6158034716314875,0.09090909090909091,0.29292929292929293,47,20262057,balanced,first_domain
observed_gain,495,0.016709081069022122,0.05608469871955253,0.09090909090909091,0.29292929292929293,47,20262057,balanced,first_domain
post_score,495,0.5132004643119231,0.6947404048721816,0.09090909090909091,0.29292929292929293,47,20262057,balanced,first_domain
baseline,505,0.483123561619597,0.5865316161245411,0.10891089108910891,0.22178217821782178,47,20262057,balanced,second_domain
observed_gain,505,-0.019169561697848995,0.004298620724422175,0.10891089108910891,0.22178217821782178,47,20262057,balanced,second_domain
post_score,505,0.48486747878697595,0.605854570140429,0.10891089108910891,0.22178217821782178,47,20262057,balanced,second_domain
baseline,1000,0.3895305330301983,0.4867882422305115,0.122,0.217,47,20262057,one_domain,all
observed_gain,1000,-0.010579053507791246,-0.01321919402444547,0.122,0.217,47,20262057,one_domain,all
post_score,1000,0.41246955830646254,0.565289814260964,0.122,0.217,47,20262057,one_domain,all
baseline,495,0.38802698869756075,0.48969025707918845,0.10303030303030303,0.30707070707070705,47,20262057,one_domain,first_domain
observed_gain,495,-0.023019803885681825,-0.008586530737010503,0.10303030303030303,0.30707070707070705,47,20262057,one_domain,first_domain
post_score,495,0.5214368147562517,0.7400496291827033,0.10303030303030303,0.30707070707070705,47,20262057,one_domain,first_domain
baseline,505,0.39324609036568026,0.4837039936919895,0.1405940594059406,0.12871287128712872,47,20262057,one_domain,second_domain
observed_gain,505,-0.004958630178851706,-0.0037480108004780397,0.1405940594059406,0.12871287128712872,47,20262057,one_domain,second_domain
post_score,505,0.37861664180400134,0.45227785876377635,0.1405940594059406,0.12871287128712872,47,20262057,one_domain,second_domain
baseline,1000,0.472024451876236,0.5755644411012192,0.034,0.107,48,20262058,balanced,all
observed_gain,1000,0.019700326400386884,0.03567965806013976,0.034,0.107,48,20262058,balanced,all
post_score,1000,0.5095793459694224,0.6332240302012249,0.034,0.107,48,20262058,balanced,all
baseline,471,0.45125920913953865,0.5634861906561457,0.03397027600849257,0.13800424628450106,48,20262058,balanced,first_domain
observed_gain,471,0.1074983527835611,0.12534942991869452,0.03397027600849257,0.13800424628450106,48,20262058,balanced,first_domain
post_score,471,0.5299695594082127,0.6678802760407059,0.03397027600849257,0.13800424628450106,48,20262058,balanced,first_domain
baseline,529,0.49778305759663466,0.5877404934358276,0.034026465028355386,0.07939508506616257,48,20262058,balanced,second_domain
observed_gain,529,-0.07405014789235685,-0.04677836973139277,0.034026465028355386,0.07939508506616257,48,20262058,balanced,second_domain
post_score,529,0.484354633580291,0.6019986323502313,0.034026465028355386,0.07939508506616257,48,20262058,balanced,second_domain
baseline,1000,0.38934868140053097,0.4735921676122449,0.042,0.108,48,20262058,one_domain,all
observed_gain,1000,0.10155831457705658,0.10053123245488019,0.042,0.108,48,20262058,one_domain,all
post_score,1000,0.4618064830195036,0.5683652838427632,0.042,0.108,48,20262058,one_domain,all
baseline,471,0.38158391769863037,0.47269217689981397,0.055201698513800426,0.19745222929936307,48,20262058,one_domain,first_domain
observed_gain,471,0.18890449125418052,0.2577131476673553,0.055201698513800426,0.19745222929936307,48,20262058,one_domain,first_domain
post_score,471,0.6045745189790026,0.7865602548700323,0.055201698513800426,0.19745222929936307,48,20262058,one_domain,first_domain
baseline,529,0.397846002869278,0.472633368800545,0.030245746691871456,0.02835538752362949,48,20262058,one_domain,second_domain
observed_gain,529,-0.03341981839962741,-0.045474289430323916,0.030245746691871456,0.02835538752362949,48,20262058,one_domain,second_domain
post_score,529,0.3772146032065213,0.43996453301457067,0.030245746691871456,0.02835538752362949,48,20262058,one_domain,second_domain
baseline,1000,0.4799480297483224,0.5952154558276418,0.055,0.153,49,20262059,balanced,all
observed_gain,1000,0.0022562423910179193,-0.003575730844224351,0.055,0.153,49,20262059,balanced,all
post_score,1000,0.5029735959626933,0.6353871828013457,0.055,0.153,49,20262059,balanced,all
baseline,505,0.4770865853745912,0.5685279970166226,0.053465346534653464,0.15643564356435644,49,20262059,balanced,first_domain
observed_gain,505,0.05814523585014852,0.08488548289529302,0.053465346534653464,0.15643564356435644,49,20262059,balanced,first_domain
post_score,505,0.5278043192187799,0.6686125406849441,0.053465346534653464,0.15643564356435644,49,20262059,balanced,first_domain
baseline,495,0.4813277723832639,0.6147172468924812,0.05656565656565657,0.1494949494949495,49,20262059,balanced,second_domain
observed_gain,495,-0.043002495801234886,-0.07324714070120965,0.05656565656565657,0.1494949494949495,49,20262059,balanced,second_domain
post_score,495,0.4855842408795233,0.6133600342764843,0.05656565656565657,0.1494949494949495,49,20262059,balanced,second_domain
baseline,1000,0.3767706000722524,0.48785512926408936,0.146,0.271,49,20262059,one_domain,all
observed_gain,1000,-0.026301816375706253,-0.042141555554235925,0.146,0.271,49,20262059,one_domain,all
post_score,1000,0.38729884410342735,0.5424230163996612,0.146,0.271,49,20262059,one_domain,all
baseline,505,0.34510770861325424,0.4373957038827859,0.15445544554455445,0.3702970297029703,49,20262059,one_domain,first_domain
observed_gain,505,-0.011462298760554546,-0.012367447661285967,0.15445544554455445,0.3702970297029703,49,20262059,one_domain,first_domain
post_score,505,0.487974362391054,0.6674711899841844,0.15445544554455445,0.3702970297029703,49,20262059,one_domain,first_domain
baseline,495,0.4078973305712076,0.5355188020896733,0.13737373737373737,0.1696969696969697,49,20262059,one_domain,second_domain
observed_gain,495,-0.004799627441960613,-0.0168024757065892,0.13737373737373737,0.1696969696969697,49,20262059,one_domain,second_domain
post_score,495,0.40117058997366994,0.5286204296802105,0.13737373737373737,0.1696969696969697,49,20262059,one_domain,second_domain
baseline,1000,0.4850497615332679,0.5952992915677267,0.058,0.16,50,20262060,balanced,all
observed_gain,1000,0.00580248382606671,0.03196304747771409,0.058,0.16,50,20262060,balanced,all
post_score,1000,0.4986992630914639,0.652871126122087,0.058,0.16,50,20262060,balanced,all
baseline,495,0.4866241057180371,0.579666914523104,0.05454545454545454,0.13737373737373737,50,20262060,balanced,first_domain
observed_gain,495,-0.007046246658236604,0.013931855877678371,0.05454545454545454,0.13737373737373737,50,20262060,balanced,first_domain
post_score,495,0.5157009077652173,0.6547109633278057,0.05454545454545454,0.13737373737373737,50,20262060,balanced,first_domain
baseline,505,0.4865260881298658,0.6071113964195028,0.061386138613861385,0.18217821782178217,50,20262060,balanced,second_domain
observed_gain,505,0.021705394939805667,0.049490547215852554,0.061386138613861385,0.18217821782178217,50,20262060,balanced,second_domain
post_score,505,0.4897235925202064,0.6503165619088074,0.061386138613861385,0.18217821782178217,50,20262060,balanced,second_domain
baseline,1000,0.3295947922657981,0.4545750576216378,0.134,0.281,50,20262060,one_domain,all
observed_gain,1000,0.022530039962974875,0.00862188983492262,0.134,0.281,50,20262060,one_domain,all
post_score,1000,0.3641380699695245,0.54456922355656745,0.134,0.281,50,20262060,one_domain,all
baseline,495,0.3101361699445254,0.42717526842307796,0.12525252525252525,0.3838383838383838,50,20262060,one_domain,first_domain
observed_gain,495,0.07871067232183981,0.0487232997322412,0.12525252525252525,0.3838383838383838,50,20262060,one_domain,first_domain
post_score,495,0.5172882526391447,0.71908182027935,0.12525252525252525,0.3838383838383838,50,20262060,one_domain,first_domain
baseline,505,0.34782030448010914,0.4765374054212968,0.14257425742574256,0.1801980198019802,50,20262060,one_domain,second_domain
observed_gain,505,0.030560090219177865,0.022611877653175887,0.14257425742574256,0.1801980198019802,50,20262060,one_domain,second_domain
post_score,505,0.348696238375313,0.475873657853624,0.14257425742574256,0.1801980198019802,50,20262060,one_domain,second_domain
baseline,1000,0.5062121344745081,0.6300677589865549,0.102,0.198,51,20262061,balanced,all
observed_gain,1000,-0.04347024738816585,-5.650577254882775e-4,0.102,0.198,51,20262061,balanced,all
post_score,1000,0.4845325333814702,0.6508926073302186,0.102,0.198,51,20262061,balanced,all
baseline,496,0.4832713359029135,0.6166267457529273,0.10887096774193548,0.17943548387096775,51,20262061,balanced,first_domain
observed_gain,496,-0.1022410608926895,-0.11147968885789941,0.10887096774193548,0.17943548387096775,51,20262061,balanced,first_domain
post_score,496,0.4420757445226094,0.5786218367861575,0.10887096774193548,0.17943548387096775,51,20262061,balanced,first_domain
baseline,504,0.5296618967478623,0.6395367617340492,0.09523809523809523,0.21626984126984128,51,20262061,balanced,second_domain
observed_gain,504,0.017149043988609988,0.11407917168416458,0.09523809523809523,0.21626984126984128,51,20262061,balanced,second_domain
post_score,504,0.5273174251624954,0.7205458947021656,0.09523809523809523,0.21626984126984128,51,20262061,balanced,second_domain
baseline,1000,0.3324374076217951,0.47680711416133387,0.288,0.448,51,20262061,one_domain,all
observed_gain,1000,-0.050037745938326716,-0.07167782339296969,0.288,0.448,51,20262061,one_domain,all
post_score,1000,0.3245417454241954,0.5206558874677277,0.288,0.448,51,20262061,one_domain,all
baseline,496,0.3247593627164065,0.47945535243358395,0.2963709677419355,0.6391129032258065,51,20262061,one_domain,first_domain
observed_gain,496,-0.11165751736381287,-0.1883146591486783,0.2963709677419355,0.6391129032258065,51,20262061,one_domain,first_domain
post_score,496,0.3999805904309653,0.6733979968227932,0.2963709677419355,0.6391129032258065,51,20262061,one_domain,first_domain
baseline,504,0.33961404427318137,0.46902035452911706,0.27976190476190477,0.25992063492063494,51,20262061,one_domain,second_domain
observed_gain,504,0.0015111674790239044,0.017455147062494694,0.27976190476190477,0.25992063492063494,51,20262061,one_domain,second_domain
post_score,504,0.33952006285706404,0.4788040571174703,0.27976190476190477,0.25992063492063494,51,20262061,one_domain,second_domain
baseline,1000,0.5137647724981872,0.6074026932528007,0.027,0.1,52,20262062,balanced,all
observed_gain,1000,0.042247568837924396,0.09486860643117001,0.027,0.1,52,20262062,balanced,all
post_score,1000,0.5395040528074694,0.6802467343660316,0.027,0.1,52,20262062,balanced,all
baseline,506,0.5407237628702717,0.6111048920959751,0.02766798418972332,0.08498023715415019,52,20262062,balanced,first_domain
observed_gain,506,-0.021855462946963285,0.012891556409275135,0.02766798418972332,0.08498023715415019,52,20262062,balanced,first_domain
post_score,506,0.5392508216554134,0.6518085794554409,0.02766798418972332,0.08498023715415019,52,20262062,balanced,first_domain
baseline,494,0.4947853654538746,0.6051028841513071,0.02631578947368421,0.11538461538461539,52,20262062,balanced,second_domain
observed_gain,494,0.09679340953881513,0.18065168951174101,0.02631578947368421,0.11538461538461539,52,20262062,balanced,second_domain
post_score,494,0.5407476077633198,0.7152750060803285,0.02631578947368421,0.11538461538461539,52,20262062,balanced,second_domain
baseline,1000,0.4063530532972198,0.4914432630322247,0.063,0.144,52,20262062,one_domain,all
observed_gain,1000,0.04226153194303184,0.06360318992628182,0.063,0.144,52,20262062,one_domain,all
post_score,1000,0.4461312210648487,0.5803509176210271,0.063,0.144,52,20262062,one_domain,all
baseline,506,0.408805275137123,0.46992439887208437,0.05533596837944664,0.233201581027668,52,20262062,one_domain,first_domain
observed_gain,506,0.0957837458228414,0.11720138892800205,0.05533596837944664,0.233201581027668,52,20262062,one_domain,first_domain
post_score,506,0.6143769260049879,0.7393237169976763,0.05533596837944664,0.233201581027668,52,20262062,one_domain,first_domain
baseline,494,0.408096010222137,0.514708087741276,0.0708502024291498,0.05263157894736842,52,20262062,one_domain,second_domain
observed_gain,494,0.013962051297095249,0.02125547571133171,0.0708502024291498,0.05263157894736842,52,20262062,one_domain,second_domain
post_score,494,0.4008364672430552,0.5061802934081168,0.0708502024291498,0.05263157894736842,52,20262062,one_domain,second_domain
baseline,1000,0.5137643354871937,0.6396823776673102,0.053,0.146,53,20262063,balanced,all
observed_gain,1000,-0.04206287393402187,-0.027033989004708464,0.053,0.146,53,20262063,balanced,all
post_score,1000,0.49050359219845574,0.6467545205690947,0.053,0.146,53,20262063,balanced,all
baseline,522,0.4887555648321946,0.6102990937300794,0.05363984674329502,0.1532567049808429,53,20262063,balanced,first_domain
observed_gain,522,-0.015189330358813922,-0.004055204221356382,0.05363984674329502,0.1532567049808429,53,20262063,balanced,first_domain
post_score,522,0.49997486577818234,0.6625453295595636,0.05363984674329502,0.1532567049808429,53,20262063,balanced,first_domain
baseline,478,0.5417767401004031,0.6695045257740176,0.05230125523012552,0.13807531380753138,53,20262063,balanced,second_domain
observed_gain,478,-0.07029575803076997,-0.04924951379648819,0.05230125523012552,0.13807531380753138,53,20262063,balanced,second_domain
post_score,478,0.4821725068184888,0.63027183568579,0.05230125523012552,0.13807531380753138,53,20262063,balanced,second_domain
baseline,1000,0.3785516834847996,0.48984187569273074,0.07,0.149,53,20262063,one_domain,all
observed_gain,1000,0.004926045646112691,0.024977364059555123,0.07,0.149,53,20262063,one_domain,all
post_score,1000,0.38153877211156456,0.5572658365711675,0.07,0.149,53,20262063,one_domain,all
baseline,522,0.3683290394762892,0.4765910235999883,0.06513409961685823,0.210727969348659,53,20262063,one_domain,first_domain
observed_gain,522,0.06702406102130928,0.12757686058107226,0.06513409961685823,0.210727969348659,53,20262063,one_domain,first_domain
post_score,522,0.5262413804920123,0.7471850781586775,0.06513409961685823,0.210727969348659,53,20262063,one_domain,first_domain
baseline,478,0.39026484140104134,0.5025293480400496,0.07531380753138076,0.08158995815899582,53,20262063,one_domain,second_domain
observed_gain,478,-0.06483037711218632,-0.0761119956701508,0.07531380753138076,0.08158995815899582,53,20262063,one_domain,second_domain
post_score,478,0.3341791134943141,0.4481244643694006,0.07531380753138076,0.08158995815899582,53,20262063,one_domain,second_domain
baseline,1000,0.5391970412032611,0.6268374447310644,0.016,0.059,54,20262064,balanced,all
observed_gain,1000,0.08918348206792993,0.17953205742853293,0.016,0.059,54,20262064,balanced,all
post_score,1000,0.5787918459088329,0.7269877379122183,0.016,0.059,54,20262064,balanced,all
baseline,519,0.5224293393749908,0.6292069134532061,0.015414258188824663,0.04816955684007707,54,20262064,balanced,first_domain
observed_gain,519,0.033282962385749654,0.11962180872740012,0.015414258188824663,0.04816955684007707,54,20262064,balanced,first_domain
post_score,519,0.5304731193184973,0.7005563449612562,0.015414258188824663,0.04816955684007707,54,20262064,balanced,first_domain
baseline,481,0.5616509606630371,0.6193638252681188,0.016632016632016633,0.07068607068607069,54,20262064,balanced,second_domain
observed_gain,481,0.15384400645772067,0.23918075443627806,0.016632016632016633,0.07068607068607069,54,20262064,balanced,second_domain
post_score,481,0.6390084322455725,0.7497502016938469,0.016632016632016633,0.07068607068607069,54,20262064,balanced,second_domain
baseline,1000,0.4333002041940408,0.49362946964324395,0.072,0.136,54,20262064,one_domain,all
observed_gain,1000,0.03397696969841785,0.07793704438975635,0.072,0.136,54,20262064,one_domain,all
post_score,1000,0.4629435462055379,0.5883661827593045,0.072,0.136,54,20262064,one_domain,all
baseline,519,0.394695083098995,0.49404380086522265,0.055876685934489405,0.19845857418111754,54,20262064,one_domain,first_domain
observed_gain,519,0.12004561229106814,0.2591264083053495,0.055876685934489405,0.19845857418111754,54,20262064,one_domain,first_domain
post_score,519,0.5235162123396347,0.7737676122491175,0.055876685934489405,0.19845857418111754,54,20262064,one_domain,first_domain
baseline,481,0.48135950002900463,0.4948687159388822,0.0893970893970894,0.06860706860706861,54,20262064,one_domain,second_domain
observed_gain,481,-0.04616324023507425,-0.03983770791582998,0.0893970893970894,0.06860706860706861,54,20262064,one_domain,second_domain
post_score,481,0.4853292640903116,0.5000718084495703,0.0893970893970894,0.06860706860706861,54,20262064,one_domain,second_domain
baseline,1000,0.5668005051784761,0.6764224763066005,0.041,0.11,55,20262065,balanced,all
observed_gain,1000,0.050053008539965894,0.08580148281041468,0.041,0.11,55,20262065,balanced,all
post_score,1000,0.5885447381917389,0.7243365941526827,0.041,0.11,55,20262065,balanced,all
baseline,516,0.5608410477693189,0.6621816182936614,0.03875968992248062,0.12209302325581395,55,20262065,balanced,first_domain
observed_gain,516,0.12023383215828524,0.1703555723631042,0.03875968992248062,0.12209302325581395,55,20262065,balanced,first_domain
post_score,516,0.6147198893608725,0.7554796273919133,0.03875968992248062,0.12209302325581395,55,20262065,balanced,first_domain
baseline,484,0.5727606689950177,0.692272102964138,0.04338842975206612,0.09710743801652892,55,20262065,balanced,second_domain
observed_gain,484,-0.029056292228948667,-0.00827875753500515,0.04338842975206612,0.09710743801652892,55,20262065,balanced,second_domain
post_score,484,0.5606631073677907,0.6878161382347172,0.04338842975206612,0.09710743801652892,55,20262065,balanced,second_domain
baseline,1000,0.4228814333104779,0.5021101329977027,0.058,0.153,55,20262065,one_domain,all
observed_gain,1000,0.09010184834043743,0.08266170638093062,0.058,0.153,55,20262065,one_domain,all
post_score,1000,0.48895689601606457,0.5990068954622284,0.058,0.153,55,20262065,one_domain,all
baseline,516,0.41717441497583013,0.5041770144412108,0.06395348837209303,0.23449612403100775,55,20262065,one_domain,first_domain
observed_gain,516,0.21139663215053417,0.25689642640379445,0.06395348837209303,0.23449612403100775,55,20262065,one_domain,first_domain
post_score,516,0.6368517958538922,0.8120412138220308,0.06395348837209303,0.23449612403100775,55,20262065,one_domain,first_domain
baseline,484,0.4289751272714183,0.4958322001832928,0.05165289256198347,0.06611570247933884,55,20262065,one_domain,second_domain
observed_gain,484,-0.012336790128397538,-0.05692873947034396,0.05165289256198347,0.06611570247933884,55,20262065,one_domain,second_domain
post_score,484,0.4283599074904187,0.465542334028553,0.05165289256198347,0.06611570247933884,55,20262065,one_domain,second_domain
baseline,1000,0.5032402510579065,0.609560352869426,0.021,0.082,56,20262066,balanced,all
observed_gain,1000,0.08103541181573615,0.14205164288555625,0.021,0.082,56,20262066,balanced,all
post_score,1000,0.5454959162072931,0.6884887541504278,0.021,0.082,56,20262066,balanced,all
baseline,505,0.48836066381915466,0.5989708019278767,0.023762376237623763,0.08514851485148515,56,20262066,balanced,first_domain
observed_gain,505,-0.00722690934464019,0.050579836257498054,0.023762376237623763,0.08514851485148515,56,20262066,balanced,first_domain
post_score,505,0.48258074739813484,0.626504640997984,0.023762376237623763,0.08514851485148515,56,20262066,balanced,first_domain
baseline,495,0.5180028076844205,0.6202610586681456,0.01818181818181818,0.07878787878787878,56,20262066,balanced,second_domain
observed_gain,495,0.17069596624892372,0.2327917960241876,0.01818181818181818,0.07878787878787878,56,20262066,balanced,second_domain
post_score,495,0.6014121183172452,0.7451393210979459,0.01818181818181818,0.07878787878787878,56,20262066,balanced,second_domain
baseline,1000,0.4020746156468376,0.5143833024679325,0.208,0.331,56,20262066,one_domain,all
observed_gain,1000,-0.021283140642961867,-9.780268246417968e-4,0.208,0.331,56,20262066,one_domain,all
post_score,1000,0.4054361787913681,0.5901992612535947,0.208,0.331,56,20262066,one_domain,all
baseline,505,0.39617055214693864,0.5019953060815125,0.21782178217821782,0.47128712871287126,56,20262066,one_domain,first_domain
observed_gain,505,-0.08674504578194785,-0.07490547587985281,0.21782178217821782,0.47128712871287126,56,20262066,one_domain,first_domain
post_score,505,0.4672619018495084,0.7167768327476992,0.21782178217821782,0.47128712871287126,56,20262066,one_domain,first_domain
baseline,495,0.40792671783168366,0.5265206469700322,0.19797979797979798,0.18787878787878787,56,20262066,one_domain,second_domain
observed_gain,495,0.06317446672756508,0.07497174726320813,0.19797979797979798,0.18787878787878787,56,20262066,one_domain,second_domain
post_score,495,0.4385851501914715,0.5567971599037822,0.19797979797979798,0.18787878787878787,56,20262066,one_domain,second_domain
baseline,1000,0.5102566176563877,0.6572743530221463,0.07,0.199,57,20262067,balanced,all
observed_gain,1000,0.03057215049922391,0.05663105777344574,0.07,0.199,57,20262067,balanced,all
post_score,1000,0.5352272912863584,0.7123111283218945,0.07,0.199,57,20262067,balanced,all
baseline,510,0.49238039515114096,0.6625717217304334,0.07254901960784314,0.17254901960784313,57,20262067,balanced,first_domain
observed_gain,510,-0.0011387743018316356,0.007973062168839775,0.07254901960784314,0.17254901960784313,57,20262067,balanced,first_domain
post_score,510,0.5287950445043114,0.727117035898732,0.07254901960784314,0.17254901960784313,57,20262067,balanced,first_domain
baseline,490,0.5349252857069088,0.6589585660001516,0.0673469387755102,0.22653061224489796,57,20262067,balanced,second_domain
observed_gain,490,0.07108257402008293,0.1057488553275023,0.0673469387755102,0.22653061224489796,57,20262067,balanced,second_domain
post_score,490,0.5520085144607367,0.7014109272324953,0.0673469387755102,0.22653061224489796,57,20262067,balanced,second_domain
baseline,1000,0.3926930323868511,0.5324823740559674,0.219,0.35,57,20262067,one_domain,all
observed_gain,1000,-0.009396421048760548,-0.049083098368582406,0.219,0.35,57,20262067,one_domain,all
post_score,1000,0.4143565900212323,0.6026943433270412,0.219,0.35,57,20262067,one_domain,all
baseline,510,0.37498075315344415,0.5312920436842329,0.22549019607843138,0.4666666666666667,57,20262067,one_domain,first_domain
observed_gain,510,-0.049154697710062194,-0.09705388631435978,0.22549019607843138,0.4666666666666667,57,20262067,one_domain,first_domain
post_score,510,0.47583958878124405,0.73786995618501106,0.22549019607843138,0.4666666666666667,57,20262067,one_domain,first_domain
baseline,490,0.41756925632401537,0.534126805400332,0.21224489795918366,0.22857142857142856,57,20262067,one_domain,second_domain
observed_gain,490,0.034720926902748084,0.03795338947763926,0.21224489795918366,0.22857142857142856,57,20262067,one_domain,second_domain
post_score,490,0.4281796147748879,0.5480933576003224,0.21224489795918366,0.22857142857142856,57,20262067,one_domain,second_domain
baseline,1000,0.5111931917339406,0.6101909210112549,0.015,0.062,58,20262068,balanced,all
observed_gain,1000,0.04997565026161226,0.10037721637311724,0.015,0.062,58,20262068,balanced,all
post_score,1000,0.544520837793674,0.6728626536293703,0.015,0.062,58,20262068,balanced,all
baseline,502,0.4746035832615469,0.5905483124628202,0.0099601593625498,0.05776892430278884,58,20262068,balanced,first_domain
observed_gain,502,0.07272416886492844,0.11153133136559504,0.0099601593625498,0.05776892430278884,58,20262068,balanced,first_domain
post_score,502,0.5320939462827151,0.6682749229734581,0.0099601593625498,0.05776892430278884,58,20262068,balanced,first_domain
baseline,498,0.5543478363779843,0.6288202229654556,0.020080321285140562,0.06626506024096386,58,20262068,balanced,second_domain
observed_gain,498,0.024951191694834014,0.09277445537051983,0.020080321285140562,0.06626506024096386,58,20262068,balanced,second_domain
post_score,498,0.5630735445894474,0.678703512433406,0.020080321285140562,0.06626506024096386,58,20262068,balanced,second_domain
baseline,1000,0.36410727336775717,0.4608725427261917,0.099,0.208,58,20262068,one_domain,all
observed_gain,1000,0.05349662108781983,0.040505792906739876,0.099,0.208,58,20262068,one_domain,all
post_score,1000,0.4103010159442426,0.5559278064592887,0.099,0.208,58,20262068,one_domain,all
baseline,502,0.3350991731327905,0.4393979669303711,0.11752988047808766,0.3107569721115538,58,20262068,one_domain,first_domain
observed_gain,502,0.10586340982911159,0.11052232831533179,0.11752988047808766,0.3107569721115538,58,20262068,one_domain,first_domain
post_score,502,0.5500977559827247,0.7457045489154592,0.11752988047808766,0.3107569721115538,58,20262068,one_domain,first_domain
baseline,498,0.39630871511542615,0.48282968994371245,0.08032128514056225,0.10441767068273092,58,20262068,one_domain,second_domain
observed_gain,498,-0.05559660291971869,-0.04602892135902481,0.08032128514056225,0.10441767068273092,58,20262068,one_domain,second_domain
post_score,498,0.34905120868007683,0.4386652664148676,0.08032128514056225,0.10441767068273092,58,20262068,one_domain,second_domain
baseline,1000,0.48042762111086523,0.579379925180148,0.019,0.094,59,20262069,balanced,all
observed_gain,1000,0.07298840215040506,0.09945476958616946,0.019,0.094,59,20262069,balanced,all
post_score,1000,0.5340773024065949,0.6581208793066048,0.019,0.094,59,20262069,balanced,all
baseline,509,0.4938607618144216,0.5700208390431153,0.01768172888015717,0.10019646365422397,59,20262069,balanced,first_domain
observed_gain,509,0.0945107869801951,0.13503270774652157,0.01768172888015717,0.10019646365422397,59,20262069,balanced,first_domain
post_score,509,0.5550969469480195,0.6667732910845985,0.01768172888015717,0.10019646365422397,59,20262069,balanced,first_domain
baseline,491,0.46672388102100765,0.5902901947118213,0.020366598778004074,0.08757637474541752,59,20262069,balanced,second_domain
observed_gain,491,0.048378091659951834,0.05778791820770917,0.020366598778004074,0.08757637474541752,59,20262069,balanced,second_domain
post_score,491,0.5115608175757405,0.6454982692699234,0.020366598778004074,0.08757637474541752,59,20262069,balanced,second_domain
baseline,1000,0.3569748546850616,0.46579852511170333,0.09,0.171,59,20262069,one_domain,all
observed_gain,1000,0.02830656662441065,0.0031299605560921274,0.09,0.171,59,20262069,one_domain,all
post_score,1000,0.41351194553073417,0.5628611358088859,0.09,0.171,59,20262069,one_domain,all
baseline,509,0.3400129429726392,0.425339264305908,0.09430255402750491,0.2593320235756385,59,20262069,one_domain,first_domain
observed_gain,509,0.09009321679111876,0.09937314843196628,0.09430255402750491,0.2593320235756385,59,20262069,one_domain,first_domain
post_score,509,0.5476046334086125,0.7240970261110742,0.09430255402750491,0.2593320235756385,59,20262069,one_domain,first_domain
baseline,491,0.3754559346582128,0.5082862715113722,0.0855397148676171,0.07942973523421588,59,20262069,one_domain,second_domain
observed_gain,491,-0.052258082607224095,-0.07944768638951813,0.0855397148676171,0.07942973523421588,59,20262069,one_domain,second_domain
post_score,491,0.34992430538746955,0.4549110963930694,0.0855397148676171,0.07942973523421588,59,20262069,one_domain,second_domain
baseline,1000,0.5048902076480645,0.6587847600624968,0.048,0.147,60,20262070,balanced,all
observed_gain,1000,-6.717805169040334e-4,0.04974483441799999,0.048,0.147,60,20262070,balanced,all
post_score,1000,0.4848631230157844,0.7031787239581383,0.048,0.147,60,20262070,balanced,all
baseline,488,0.4935055618299963,0.6513705847942447,0.055327868852459015,0.1557377049180328,60,20262070,balanced,first_domain
observed_gain,488,-0.032002142785669624,0.044200948738285895,0.055327868852459015,0.1557377049180328,60,20262070,balanced,first_domain
post_score,488,0.4498747066524214,0.6972699165389304,0.055327868852459015,0.1557377049180328,60,20262070,balanced,first_domain
baseline,512,0.5274240995322048,0.6658487168741108,0.041015625,0.138671875,60,20262070,balanced,second_domain
observed_gain,512,0.041915749865621195,0.05676918063401339,0.041015625,0.138671875,60,20262070,balanced,second_domain
post_score,512,0.5391678503918066,0.7086588517617456,0.041015625,0.138671875,60,20262070,balanced,second_domain
baseline,1000,0.437750877666247,0.5494960922654024,0.093,0.205,60,20262070,one_domain,all
observed_gain,1000,-0.006684768575984913,-1.429929633134928e-4,0.093,0.205,60,20262070,one_domain,all
post_score,1000,0.44180412813818104,0.6234045421161429,0.093,0.205,60,20262070,one_domain,all
baseline,488,0.4262654306124261,0.5383485835528499,0.09221311475409837,0.2930327868852459,60,20262070,one_domain,first_domain
observed_gain,488,-0.038614313248284286,0.022985439897606267,0.09221311475409837,0.2930327868852459,60,20262070,one_domain,first_domain
post_score,488,0.5103802383188907,0.7839214331490751,0.09221311475409837,0.2930327868852459,60,20262070,one_domain,first_domain
baseline,512,0.46013798097394343,0.5614899712168229,0.09375,0.12109375,60,20262070,one_domain,second_domain
observed_gain,512,-0.016427633917665215,-0.025290469662230548,0.09375,0.12109375,60,20262070,one_domain,second_domain
post_score,512,0.43673748195365,0.5309511650197604,0.09375,0.12109375,60,20262070,one_domain,second_domain
baseline,1000,0.46622281592489434,0.5824853379418649,0.05,0.145,61,20262071,balanced,all
observed_gain,1000,0.04389551529590755,0.04801985151358709,0.05,0.145,61,20262071,balanced,all
post_score,1000,0.5006575979668243,0.6329954165562602,0.05,0.145,61,20262071,balanced,all
baseline,514,0.4668096905787155,0.5957965252718643,0.048638132295719845,0.14202334630350194,61,20262071,balanced,first_domain
observed_gain,514,-0.003268679071394292,-0.036565126920939106,0.048638132295719845,0.14202334630350194,61,20262071,balanced,first_domain
post_score,514,0.4711573496719365,0.5748211065969051,0.048638132295719845,0.14202334630350194,61,20262071,balanced,first_domain
baseline,486,0.46728359027623984,0.5675461282643008,0.051440329218107,0.14814814814814814,61,20262071,balanced,second_domain
observed_gain,486,0.10453244096436805,0.14369085193840075,0.051440329218107,0.14814814814814814,61,20262071,balanced,second_domain
post_score,486,0.5428863561761637,0.7013659345828,0.051440329218107,0.14814814814814814,61,20262071,balanced,second_domain
baseline,1000,0.37745699455414916,0.5086831578991832,0.171,0.289,61,20262071,one_domain,all
observed_gain,1000,-0.008904226759636627,-0.04512594663856198,0.171,0.289,61,20262071,one_domain,all
post_score,1000,0.4099125392016908,0.5861148253982367,0.171,0.289,61,20262071,one_domain,all
baseline,514,0.35965412722953166,0.5262003035993896,0.16536964980544747,0.3949416342412451,61,20262071,one_domain,first_domain
observed_gain,514,-0.044948807753211154,-0.12419250600590062,0.16536964980544747,0.3949416342412451,61,20262071,one_domain,first_domain
post_score,514,0.49468884049221956,0.7248552379633727,0.16536964980544747,0.3949416342412451,61,20262071,one_domain,first_domain
baseline,486,0.39993505814782687,0.4898051188633196,0.17695473251028807,0.17695473251028807,61,20262071,one_domain,second_domain
observed_gain,486,0.0031463109300029976,0.036619271293935336,0.17695473251028807,0.17695473251028807,61,20262071,one_domain,second_domain
post_score,486,0.394538495641826,0.5003436879363404,0.17695473251028807,0.17695473251028807,61,20262071,one_domain,second_domain
baseline,1000,0.5207684823409376,0.6117319314648759,0.047,0.108,62,20262072,balanced,all
observed_gain,1000,-0.03157279343074162,-0.012210460579494653,0.047,0.108,62,20262072,balanced,all
post_score,1000,0.515630395989906,0.6362894137625612,0.047,0.108,62,20262072,balanced,all
baseline,497,0.508792708629468,0.6176705976185143,0.04627766599597585,0.10663983903420524,62,20262072,balanced,first_domain
observed_gain,497,-0.014700250562146865,-0.03215982368443123,0.04627766599597585,0.10663983903420524,62,20262072,balanced,first_domain
post_score,497,0.5180839992391931,0.625870354127549,0.04627766599597585,0.10663983903420524,62,20262072,balanced,first_domain
baseline,503,0.5338599571561371,0.6070759993602212,0.04771371769383698,0.10934393638170974,62,20262072,balanced,second_domain
observed_gain,503,-0.04688445015486745,0.010630148673452862,0.04771371769383698,0.10934393638170974,62,20262072,balanced,second_domain
post_score,503,0.5134785578815959,0.6483978877152102,0.04771371769383698,0.10934393638170974,62,20262072,balanced,second_domain
baseline,1000,0.38639197040918183,0.49452531522676824,0.131,0.257,62,20262072,one_domain,all
observed_gain,1000,0.007783780808221872,-0.008198816422215222,0.131,0.257,62,20262072,one_domain,all
post_score,1000,0.40367337638788414,0.5550637450073876,0.131,0.257,62,20262072,one_domain,all
baseline,497,0.3815565732029031,0.5172306374476722,0.15492957746478872,0.37424547283702214,62,20262072,one_domain,first_domain
observed_gain,497,0.03533858249141033,-0.009464334507422803,0.15492957746478872,0.37424547283702214,62,20262072,one_domain,first_domain
post_score,497,0.5383424126113321,0.7309036813810004,0.15492957746478872,0.37424547283702214,62,20262072,one_domain,first_domain
baseline,503,0.39205131514536035,0.46898464072386686,0.1073558648111332,0.1411530815109344,62,20262072,one_domain,second_domain
observed_gain,503,-0.027520504507542017,-0.005664534242536342,0.1073558648111332,0.1411530815109344,62,20262072,one_domain,second_domain
post_score,503,0.3747766295871835,0.4606694429352921,0.1073558648111332,0.1411530815109344,62,20262072,one_domain,second_domain
baseline,1000,0.49186397550635674,0.5458885413799465,0.016,0.051,63,20262073,balanced,all
observed_gain,1000,0.11646366379186213,0.18715750713593432,0.016,0.051,63,20262073,balanced,all
post_score,1000,0.5797584977189644,0.6999676306424403,0.016,0.051,63,20262073,balanced,all
baseline,487,0.47919822729521017,0.5115153592987939,0.018480492813141684,0.03490759753593429,63,20262073,balanced,first_domain
observed_gain,487,0.13281823475948884,0.21794074157452903,0.018480492813141684,0.03490759753593429,63,20262073,balanced,first_domain
post_score,487,0.5836746272799257,0.6886536077149654,0.018480492813141684,0.03490759753593429,63,20262073,balanced,first_domain
baseline,513,0.5065841373074909,0.5810776841354259,0.01364522417153996,0.06627680311890838,63,20262073,balanced,second_domain
observed_gain,513,0.10481335628460497,0.15825226614184426,0.01364522417153996,0.06627680311890838,63,20262073,balanced,second_domain
post_score,513,0.5853289265130637,0.7157552097050164,0.01364522417153996,0.06627680311890838,63,20262073,balanced,second_domain
baseline,1000,0.3952976502812127,0.4752517334429616,0.105,0.191,63,20262073,one_domain,all
observed_gain,1000,0.04203998528664994,0.05958770426482622,0.105,0.191,63,20262073,one_domain,all
post_score,1000,0.4303096743319626,0.567447089293886,0.105,0.191,63,20262073,one_domain,all
baseline,487,0.4257725179272669,0.48608273142952807,0.09650924024640657,0.28542094455852157,63,20262073,one_domain,first_domain
observed_gain,487,0.07135905720332997,0.14478079342954453,0.09650924024640657,0.28542094455852157,63,20262073,one_domain,first_domain
post_score,487,0.5691725657430142,0.7811896419026689,0.09650924024640657,0.28542094455852157,63,20262073,one_domain,first_domain
baseline,513,0.3669833713050691,0.4667371653057863,0.11306042884990253,0.10136452241715399,63,20262073,one_domain,second_domain
observed_gain,513,0.007565511897419515,-0.010915069358122248,0.11306042884990253,0.10136452241715399,63,20262073,one_domain,second_domain
post_score,513,0.3720113102407671,0.44768417428245016,0.11306042884990253,0.10136452241715399,63,20262073,one_domain,second_domain
baseline,1000,0.490876637455547,0.5601636122557697,0.024,0.095,64,20262074,balanced,all
observed_gain,1000,0.09500827991026628,0.14584789797916561,0.024,0.095,64,20262074,balanced,all
post_score,1000,0.5447738136195318,0.6697896036882677,0.024,0.095,64,20262074,balanced,all
baseline,523,0.48753640707452034,0.5636405213368981,0.0248565965583174,0.124282982791587,64,20262074,balanced,first_domain
observed_gain,523,0.19390096781860594,0.25046216703293867,0.0248565965583174,0.124282982791587,64,20262074,balanced,first_domain
post_score,523,0.5772326626851638,0.7139124775833918,0.0248565965583174,0.124282982791587,64,20262074,balanced,first_domain
baseline,477,0.49488972078363747,0.5574264469449468,0.023060796645702306,0.06289308176100629,64,20262074,balanced,second_domain
observed_gain,477,-0.018196880711073993,0.027395048347012473,0.023060796645702306,0.06289308176100629,64,20262074,balanced,second_domain
post_score,477,0.5037336019119742,0.6232309610693417,0.023060796645702306,0.06289308176100629,64,20262074,balanced,second_domain
baseline,1000,0.3840680561514962,0.4390952298868104,0.036,0.107,64,20262074,one_domain,all
observed_gain,1000,0.1516697811978762,0.17059677129620124,0.036,0.107,64,20262074,one_domain,all
post_score,1000,0.495520020952713,0.6034198255438364,0.036,0.107,64,20262074,one_domain,all
baseline,523,0.3800252057856981,0.44123509657928744,0.04780114722753346,0.17590822179732313,64,20262074,one_domain,first_domain
observed_gain,523,0.22609388271452383,0.2830140100502083,0.04780114722753346,0.17590822179732313,64,20262074,one_domain,first_domain
post_score,523,0.6199680310097228,0.7681142861007477,0.04780114722753346,0.17590822179732313,64,20262074,one_domain,first_domain
baseline,477,0.3889746219366884,0.43663530141270585,0.023060796645702306,0.031446540880503145,64,20262074,one_domain,second_domain
observed_gain,477,0.07056614504480958,0.07728688663448935,0.023060796645702306,0.031446540880503145,64,20262074,one_domain,second_domain
post_score,477,0.4266241228363296,0.497259887377081,0.023060796645702306,0.031446540880503145,64,20262074,one_domain,second_domain
baseline,1000,0.48024506069671974,0.5969509725375197,0.061,0.121,65,20262075,balanced,all
observed_gain,1000,-0.016805712228249226,-0.008109069582368775,0.061,0.121,65,20262075,balanced,all
post_score,1000,0.4898698819446056,0.6245275225164201,0.061,0.121,65,20262075,balanced,all
baseline,502,0.5030708409132165,0.6186571366788474,0.06573705179282868,0.1294820717131474,65,20262075,balanced,first_domain
observed_gain,502,-0.07824536957656515,-0.12506437513514176,0.06573705179282868,0.1294820717131474,65,20262075,balanced,first_domain
post_score,502,0.5017241148934183,0.5892099741385841,0.06573705179282868,0.1294820717131474,65,20262075,balanced,first_domain
baseline,498,0.4607025293373507,0.5757297421898907,0.05622489959839357,0.11244979919678715,65,20262075,balanced,second_domain
observed_gain,498,0.0413061304691299,0.1101456904988547,0.05622489959839357,0.11244979919678715,65,20262075,balanced,second_domain
post_score,498,0.4794057115940041,0.6629964097065795,0.05622489959839357,0.11244979919678715,65,20262075,balanced,second_domain
baseline,1000,0.369248322381196,0.5003871553433189,0.115,0.229,65,20262075,one_domain,all
observed_gain,1000,0.01657031287078172,5.840171652386643e-4,0.115,0.229,65,20262075,one_domain,all
post_score,1000,0.38977534070105635,0.5628524018590059,0.115,0.229,65,20262075,one_domain,all
baseline,502,0.4154197082785884,0.5464144058311593,0.14342629482071714,0.3605577689243028,65,20262075,one_domain,first_domain
observed_gain,502,-0.003989187461412503,-0.07092320924300032,0.14342629482071714,0.3605577689243028,65,20262075,one_domain,first_domain
post_score,502,0.541973919319419,0.7392355340062526,0.14342629482071714,0.3605577689243028,65,20262075,one_domain,first_domain
baseline,498,0.3250949823183745,0.4453244546161237,0.08634538152610442,0.0963855421686747,65,20262075,one_domain,second_domain
observed_gain,498,0.01962937205640245,0.018993294191323066,0.08634538152610442,0.0963855421686747,65,20262075,one_domain,second_domain
post_score,498,0.33345996323590393,0.4442014378786301,0.08634538152610442,0.0963855421686747,65,20262075,one_domain,second_domain
baseline,1000,0.5429394665058259,0.6244380225665316,0.01,0.043,66,20262076,balanced,all
observed_gain,1000,0.05209087938963136,0.09333314551475254,0.01,0.043,66,20262076,balanced,all
post_score,1000,0.5978243549465406,0.706166253440557,0.01,0.043,66,20262076,balanced,all
baseline,504,0.5135900886164778,0.613609823557725,0.007936507936507936,0.02976190476190476,66,20262076,balanced,first_domain
observed_gain,504,0.08192127409434714,0.12050320411956907,0.007936507936507936,0.02976190476190476,66,20262076,balanced,first_domain
post_score,504,0.5874899809434571,0.698929969368667,0.007936507936507936,0.02976190476190476,66,20262076,balanced,first_domain
baseline,496,0.5782290055828349,0.6396143755186524,0.012096774193548387,0.056451612903225805,66,20262076,balanced,second_domain
observed_gain,496,0.01476911267874245,0.051962118978011305,0.012096774193548387,0.056451612903225805,66,20262076,balanced,second_domain
post_score,496,0.6157289668345292,0.7151676468008803,0.012096774193548387,0.056451612903225805,66,20262076,balanced,second_domain
baseline,1000,0.4011075568648134,0.5107527180672221,0.093,0.193,66,20262076,one_domain,all
observed_gain,1000,-0.01258151191460093,-0.040658036124401456,0.093,0.193,66,20262076,one_domain,all
post_score,1000,0.42028310615706155,0.5626155446010361,0.093,0.193,66,20262076,one_domain,all
baseline,504,0.38767218355620947,0.5408175082772447,0.07738095238095238,0.28174603174603174,66,20262076,one_domain,first_domain
observed_gain,504,0.05373552665936396,0.04558158703186995,0.07738095238095238,0.28174603174603174,66,20262076,one_domain,first_domain
post_score,504,0.5430730032574147,0.7510361950520885,0.07738095238095238,0.28174603174603174,66,20262076,one_domain,first_domain
baseline,496,0.4195134552481631,0.49159092208546534,0.10887096774193548,0.1028225806451613,66,20262076,one_domain,second_domain
observed_gain,496,-0.07494022604698919,-0.08256845486017941,0.10887096774193548,0.1028225806451613,66,20262076,one_domain,second_domain
post_score,496,0.3805462358445787,0.4642388006552782,0.10887096774193548,0.1028225806451613,66,20262076,one_domain,second_domain
baseline,1000,0.48939373052893503,0.6142257439521035,0.097,0.202,67,20262077,balanced,all
observed_gain,1000,0.037092658104860836,0.08264820172251289,0.097,0.202,67,20262077,balanced,all
post_score,1000,0.5095336909082249,0.677355486870459,0.097,0.202,67,20262077,balanced,all
baseline,484,0.5462095810494932,0.6385800776518847,0.11363636363636363,0.19834710743801653,67,20262077,balanced,first_domain
observed_gain,484,-0.026930551445482884,0.022003479283953974,0.11363636363636363,0.19834710743801653,67,20262077,balanced,first_domain
post_score,484,0.5336136128428207,0.6568666792685223,0.11363636363636363,0.19834710743801653,67,20262077,balanced,first_domain
baseline,516,0.4444498316982072,0.5913467959259125,0.08139534883720931,0.2054263565891473,67,20262077,balanced,second_domain
observed_gain,516,0.08959727983513412,0.14564217848083427,0.08139534883720931,0.2054263565891473,67,20262077,balanced,second_domain
post_score,516,0.49315357158686957,0.7026829963300041,0.08139534883720931,0.2054263565891473,67,20262077,balanced,second_domain
baseline,1000,0.391440451917641,0.47567538419896666,0.093,0.174,67,20262077,one_domain,all
observed_gain,1000,0.03390528110810431,0.0704025119366332,0.093,0.174,67,20262077,one_domain,all
post_score,1000,0.4376151657799179,0.599349244604958,0.093,0.174,67,20262077,one_domain,all
baseline,484,0.401637565144202,0.48573817868394525,0.1115702479338843,0.2768595041322314,67,20262077,one_domain,first_domain
observed_gain,484,0.09572138301229245,0.11995391582706762,0.1115702479338843,0.2768595041322314,67,20262077,one_domain,first_domain
post_score,484,0.6052808774653954,0.7802918712391542,0.1115702479338843,0.2768595041322314,67,20262077,one_domain,first_domain
baseline,516,0.38712492519113934,0.4649364925929395,0.0755813953488372,0.07751937984496124,67,20262077,one_domain,second_domain
observed_gain,516,-0.0262320342465621,0.005334911238963402,0.0755813953488372,0.07751937984496124,67,20262077,one_domain,second_domain
post_score,516,0.36414959796788166,0.4663185353504932,0.0755813953488372,0.07751937984496124,67,20262077,one_domain,second_domain
baseline,1000,0.47245465069158693,0.5769715969007051,0.051,0.152,68,20262078,balanced,all
observed_gain,1000,0.06519680928099161,0.12047432316553494,0.051,0.152,68,20262078,balanced,all
post_score,1000,0.5256991883155576,0.6845892411578306,0.051,0.152,68,20262078,balanced,all
baseline,471,0.5105030872457428,0.601905424679815,0.055201698513800426,0.12526539278131635,68,20262078,balanced,first_domain
observed_gain,471,-0.014130707667727532,0.044501194402673784,0.055201698513800426,0.12526539278131635,68,20262078,balanced,first_domain
post_score,471,0.5293882258996742,0.6785160704205806,0.055201698513800426,0.12526539278131635,68,20262078,balanced,first_domain
baseline,529,0.43498229835641067,0.5523330478231344,0.04725897920604915,0.17580340264650285,68,20262078,balanced,second_domain
observed_gain,529,0.14123294648067558,0.19267819641778722,0.04725897920604915,0.17580340264650285,68,20262078,balanced,second_domain
post_score,529,0.528839082309139,0.6946610544922281,0.04725897920604915,0.17580340264650285,68,20262078,balanced,second_domain
baseline,1000,0.3923054701848047,0.4946789097668161,0.189,0.314,68,20262078,one_domain,all
observed_gain,1000,-0.005456314645745761,-0.008534026076568165,0.189,0.314,68,20262078,one_domain,all
post_score,1000,0.4143405388169706,0.5822112829744793,0.189,0.314,68,20262078,one_domain,all
baseline,471,0.4137474304587069,0.50353131518623,0.19957537154989385,0.4607218683651805,68,20262078,one_domain,first_domain
observed_gain,471,-0.03835224908899463,-0.006929961830416995,0.19957537154989385,0.4607218683651805,68,20262078,one_domain,first_domain
post_score,471,0.5187373195321835,0.7633853307217141,0.19957537154989385,0.4607218683651805,68,20262078,one_domain,first_domain
baseline,529,0.3733510849886674,0.48675854959138337,0.17958412098298676,0.1833648393194707,68,20262078,one_domain,second_domain
observed_gain,529,-1.8883539459928073e-4,-0.0041298741299661415,0.17958412098298676,0.1833648393194707,68,20262078,one_domain,second_domain
post_score,529,0.3773031326931307,0.48615151096288456,0.17958412098298676,0.1833648393194707,68,20262078,one_domain,second_domain
baseline,1000,0.4862746440813096,0.5854028433424239,0.066,0.146,69,20262079,balanced,all
observed_gain,1000,0.017638358963175775,0.051310029347790886,0.066,0.146,69,20262079,balanced,all
post_score,1000,0.5303346155002538,0.6781299618361077,0.066,0.146,69,20262079,balanced,all
baseline,500,0.50778027345383,0.5910309432639057,0.06,0.144,69,20262079,balanced,first_domain
observed_gain,500,-0.028313207777237715,0.03343704926233598,0.06,0.144,69,20262079,balanced,first_domain
post_score,500,0.5199423574151888,0.6841419436807978,0.06,0.144,69,20262079,balanced,first_domain
baseline,500,0.46724095076834765,0.5797091104474624,0.072,0.148,69,20262079,balanced,second_domain
observed_gain,500,0.06152463009204501,0.07120745896729015,0.072,0.148,69,20262079,balanced,second_domain
post_score,500,0.5425319079244234,0.6762629339031231,0.072,0.148,69,20262079,balanced,second_domain
baseline,1000,0.40495250474619926,0.4893646581559522,0.19,0.305,69,20262079,one_domain,all
observed_gain,1000,-0.01330506580193307,-0.009652053180778558,0.19,0.305,69,20262079,one_domain,all
post_score,1000,0.42340097517029013,0.5800571748136393,0.19,0.305,69,20262079,one_domain,all
baseline,500,0.4156120723564285,0.49728120502294554,0.19,0.43,69,20262079,one_domain,first_domain
observed_gain,500,-0.08463587001176795,-0.06303237126654551,0.19,0.43,69,20262079,one_domain,first_domain
post_score,500,0.5121761116833341,0.7378650364488052,0.19,0.43,69,20262079,one_domain,first_domain
baseline,500,0.3964022176250626,0.48095560276161053,0.19,0.18,69,20262079,one_domain,second_domain
observed_gain,500,0.07897914808640426,0.06698798803808899,0.19,0.18,69,20262079,one_domain,second_domain
post_score,500,0.4512373770180556,0.5366660749065087,0.19,0.18,69,20262079,one_domain,second_domain
baseline,1000,0.43006168463923755,0.5627844323151989,0.083,0.198,70,20262080,balanced,all
observed_gain,1000,-0.00932881215071675,0.025576968424790108,0.083,0.198,70,20262080,balanced,all
post_score,1000,0.4322316295357895,0.6023424122057783,0.083,0.198,70,20262080,balanced,all
baseline,508,0.473124290122615,0.581513189574763,0.10039370078740158,0.1968503937007874,70,20262080,balanced,first_domain
observed_gain,508,-0.006408191275526204,0.011334330231881079,0.10039370078740158,0.1968503937007874,70,20262080,balanced,first_domain
post_score,508,0.4836635997026661,0.6187127586566814,0.10039370078740158,0.1968503937007874,70,20262080,balanced,first_domain
baseline,492,0.40923060296928526,0.5486938140465953,0.06504065040650407,0.1991869918699187,70,20262080,balanced,second_domain
observed_gain,492,-0.011891689326020425,0.04085419767800552,0.06504065040650407,0.1991869918699187,70,20262080,balanced,second_domain
post_score,492,0.40397746130026235,0.5845648568125672,0.06504065040650407,0.1991869918699187,70,20262080,balanced,second_domain
baseline,1000,0.3636838722595722,0.4488628227405391,0.109,0.231,70,20262080,one_domain,all
observed_gain,1000,-0.001299002331289574,0.06333862716080207,0.109,0.231,70,20262080,one_domain,all
post_score,1000,0.36117364813077707,0.5417675839927141,0.109,0.231,70,20262080,one_domain,all
baseline,508,0.4151915336908751,0.4865304836528859,0.10826771653543307,0.33070866141732286,70,20262080,one_domain,first_domain
observed_gain,508,0.04573749957898648,0.10616270715035249,0.10826771653543307,0.33070866141732286,70,20262080,one_domain,first_domain
post_score,508,0.5638096847547314,0.7448920801193392,0.10826771653543307,0.33070866141732286,70,20262080,one_domain,first_domain
baseline,492,0.3432033741058112,0.4163150562930695,0.10975609756097561,0.12804878048780488,70,20262080,one_domain,second_domain
observed_gain,492,0.024712984970858946,0.07899147585437531,0.10975609756097561,0.12804878048780488,70,20262080,one_domain,second_domain
post_score,492,0.34132669149401174,0.4613525051276133,0.10975609756097561,0.12804878048780488,70,20262080,one_domain,second_domain
baseline,1000,0.48188664223038813,0.6087584690781704,0.097,0.199,71,20262081,balanced,all
observed_gain,1000,-0.04592768694597887,-0.014319628408881832,0.097,0.199,71,20262081,balanced,all
post_score,1000,0.4760747886163538,0.6649566627830311,0.097,0.199,71,20262081,balanced,all
baseline,493,0.4964250284960192,0.6373141278141874,0.10141987829614604,0.20892494929006086,71,20262081,balanced,first_domain
observed_gain,493,-0.017975087639657026,0.024117840916237913,0.10141987829614604,0.20892494929006086,71,20262081,balanced,first_domain
post_score,493,0.4910840705535356,0.69293431819442175,0.10141987829614604,0.20892494929006086,71,20262081,balanced,first_domain
baseline,507,0.4660657044127878,0.5777788742821675,0.09270216962524655,0.1893491124260355,71,20262081,balanced,second_domain
observed_gain,507,-0.07096750513482597,-0.055148432851168175,0.09270216962524655,0.1893491124260355,71,20262081,balanced,second_domain
post_score,507,0.471473062788293,0.6344193069069446,0.09270216962524655,0.1893491124260355,71,20262081,balanced,second_domain
baseline,1000,0.3894220044403641,0.517653519263663,0.146,0.266,71,20262081,one_domain,all
observed_gain,1000,0.010305065732083367,0.0012528039749962014,0.146,0.266,71,20262081,one_domain,all
post_score,1000,0.42835452431091675,0.5949883756806265,0.146,0.266,71,20262081,one_domain,all
baseline,493,0.4434484689658456,0.5807054281383376,0.1460446247464503,0.385395537525355,71,20262081,one_domain,first_domain
observed_gain,493,-0.048306635940266365,-0.03977004715896866,0.1460446247464503,0.385395537525355,71,20262081,one_domain,first_domain
post_score,493,0.5219767161620096,0.7482399395660538,0.1460446247464503,0.385395537525355,71,20262081,one_domain,first_domain
baseline,507,0.3335181950324986,0.4537299812085671,0.14595660749506903,0.14990138067061143,71,20262081,one_domain,second_domain
observed_gain,507,0.05706721768884565,0.04969542279423008,0.14595660749506903,0.14990138067061143,71,20262081,one_domain,second_domain
post_score,507,0.38313529179586375,0.4998695186930291,0.14595660749506903,0.14990138067061143,71,20262081,one_domain,second_domain
baseline,1000,0.5272553079354729,0.6274032593471213,0.039,0.143,72,20262082,balanced,all
observed_gain,1000,0.08760057803877212,0.1354784414551426,0.039,0.143,72,20262082,balanced,all
post_score,1000,0.5748166077002068,0.7103414605302326,0.039,0.143,72,20262082,balanced,all
baseline,511,0.5223588740860973,0.6123452392686096,0.0410958904109589,0.13307240704500978,72,20262082,balanced,first_domain
observed_gain,511,0.10822236552554948,0.17394291183798408,0.0410958904109589,0.13307240704500978,72,20262082,balanced,first_domain
post_score,511,0.589784252305357,0.7360291011531028,0.0410958904109589,0.13307240704500978,72,20262082,balanced,first_domain
baseline,489,0.5328339542448197,0.6419261931604281,0.03680981595092025,0.15337423312883436,72,20262082,balanced,second_domain
observed_gain,489,0.06477698955447403,0.10139964641354837,0.03680981595092025,0.15337423312883436,72,20262082,balanced,second_domain
post_score,489,0.5582024252196367,0.6874085844346293,0.03680981595092025,0.15337423312883436,72,20262082,balanced,second_domain
baseline,1000,0.4337604115817151,0.5338364039181301,0.163,0.295,72,20262082,one_domain,all
observed_gain,1000,0.03375511970200366,-0.0024268339594451503,0.163,0.295,72,20262082,one_domain,all
post_score,1000,0.4728414481558716,0.6205892222505865,0.163,0.295,72,20262082,one_domain,all
baseline,511,0.42089900838635924,0.49919431612133314,0.14090019569471623,0.40117416829745595,72,20262082,one_domain,first_domain
observed_gain,511,0.09363006014165559,0.10359898337807985,0.14090019569471623,0.40117416829745595,72,20262082,one_domain,first_domain
post_score,511,0.5852937139593061,0.7926590290484942,0.14090019569471623,0.40117416829745595,72,20262082,one_domain,first_domain
baseline,489,0.4487769734925761,0.5647382679731057,0.18609406952965235,0.18404907975460122,72,20262082,one_domain,second_domain
observed_gain,489,-0.02701430506501936,-0.06077059829158443,0.18609406952965235,0.18404907975460122,72,20262082,one_domain,second_domain
post_score,489,0.4308393237099586,0.5332661963890312,0.18609406952965235,0.18404907975460122,72,20262082,one_domain,second_domain
baseline,1000,0.5103016945050988,0.623469046992051,0.038,0.134,73,20262083,balanced,all
observed_gain,1000,0.02491548241208756,0.08420595332739035,0.038,0.134,73,20262083,balanced,all
post_score,1000,0.5193001703017751,0.6895385634970642,0.038,0.134,73,20262083,balanced,all
baseline,496,0.5179054306547409,0.6144384263814818,0.038306451612903226,0.13306451612903225,73,20262083,balanced,first_domain
observed_gain,496,0.0034620569705132694,0.09263078320280015,0.038306451612903226,0.13306451612903225,73,20262083,balanced,first_domain
post_score,496,0.5138803933928553,0.6827426318744331,0.038306451612903226,0.13306451612903225,73,20262083,balanced,first_domain
baseline,504,0.5035118603835145,0.6355145853075682,0.037698412698412696,0.1349206349206349,73,20262083,balanced,second_domain
observed_gain,504,0.046649037125743385,0.07330508199675917,0.037698412698412696,0.1349206349206349,73,20262083,balanced,second_domain
post_score,504,0.5252558046222485,0.6981960130009254,0.037698412698412696,0.1349206349206349,73,20262083,balanced,second_domain
baseline,1000,0.33779344848126863,0.4462519909088579,0.094,0.223,73,20262083,one_domain,all
observed_gain,1000,0.06055522862263769,0.0941425087579606,0.094,0.223,73,20262083,one_domain,all
post_score,1000,0.39956276672827196,0.5844281638236821,0.094,0.223,73,20262083,one_domain,all
baseline,496,0.34943314404488035,0.46413944493822545,0.08266129032258064,0.3346774193548387,73,20262083,one_domain,first_domain
observed_gain,496,0.11635404776361657,0.1712217731449939,0.08266129032258064,0.3346774193548387,73,20262083,one_domain,first_domain
post_score,496,0.5391739572213886,0.789396516510424,0.08266129032258064,0.3346774193548387,73,20262083,one_domain,first_domain
baseline,504,0.3269794860163765,0.42967461299163,0.10515873015873016,0.1130952380952381,73,20262083,one_domain,second_domain
observed_gain,504,-0.009934575063849182,0.017435979055147776,0.10515873015873016,0.1130952380952381,73,20262083,one_domain,second_domain
post_score,504,0.3259173552548147,0.44301549422922964,0.10515873015873016,0.1130952380952381,73,20262083,one_domain,second_domain
baseline,1000,0.4956125556856593,0.6541872505289975,0.087,0.192,74,20262084,balanced,all
observed_gain,1000,-0.03959258360475089,-0.00956247343624401,0.087,0.192,74,20262084,balanced,all
post_score,1000,0.4804980482682616,0.6828783707302482,0.087,0.192,74,20262084,balanced,all
baseline,509,0.5334002885543868,0.6561857422710651,0.08447937131630648,0.2200392927308448,74,20262084,balanced,first_domain
observed_gain,509,0.025682134651221402,0.04819335258060566,0.08447937131630648,0.2200392927308448,74,20262084,balanced,first_domain
post_score,509,0.5352612239457955,0.6950070636365219,0.08447937131630648,0.2200392927308448,74,20262084,balanced,first_domain
baseline,491,0.46932611190895157,0.6535942576628628,0.08961303462321792,0.1629327902240326,74,20262084,balanced,second_domain
observed_gain,491,-0.09302306079677132,-0.07113720374855462,0.08961303462321792,0.1629327902240326,74,20262084,balanced,second_domain
post_score,491,0.4435807956300684,0.6735313013983155,0.08961303462321792,0.1629327902240326,74,20262084,balanced,second_domain
baseline,1000,0.39746813450964513,0.5269961781568401,0.129,0.237,74,20262084,one_domain,all
observed_gain,1000,0.018003742640860416,0.004680287782438777,0.129,0.237,74,20262084,one_domain,all
post_score,1000,0.4293016901582909,0.6142311849869864,0.129,0.237,74,20262084,one_domain,all
baseline,509,0.4173499491949782,0.5323588379390525,0.10216110019646366,0.33398821218074654,74,20262084,one_domain,first_domain
observed_gain,509,0.0775320524752703,0.08470004965195593,0.10216110019646366,0.33398821218074654,74,20262084,one_domain,first_domain
post_score,509,0.5760817728074036,0.7887290473538332,0.10216110019646366,0.33398821218074654,74,20262084,one_domain,first_domain
baseline,491,0.3835600840066159,0.5222188684565414,0.15682281059063136,0.1364562118126273,74,20262084,one_domain,second_domain
observed_gain,491,-0.02297896035163759,-0.035699240062241906,0.15682281059063136,0.1364562118126273,74,20262084,one_domain,second_domain
post_score,491,0.377741566940174,0.5253542150872269,0.15682281059063136,0.1364562118126273,74,20262084,one_domain,second_domain
baseline,1000,0.4866291478137769,0.5826817086422319,0.03,0.094,75,20262085,balanced,all
observed_gain,1000,0.08418271854235138,0.12266885437818596,0.03,0.094,75,20262085,balanced,all
post_score,1000,0.543547470973668,0.6720492103857341,0.03,0.094,75,20262085,balanced,all
baseline,486,0.4714870927199741,0.5887542023749522,0.03292181069958848,0.08024691358024691,75,20262085,balanced,first_domain
observed_gain,486,0.05027273488680834,0.06876555056952968,0.03292181069958848,0.08024691358024691,75,20262085,balanced,first_domain
post_score,486,0.5365280450437728,0.6773074314955219,0.03292181069958848,0.08024691358024691,75,20262085,balanced,first_domain
baseline,514,0.5032079667348921,0.5795099018940878,0.027237354085603113,0.10700389105058365,75,20262085,balanced,second_domain
observed_gain,514,0.11810994300897211,0.1737678749992829,0.027237354085603113,0.10700389105058365,75,20262085,balanced,second_domain
post_score,514,0.5550313269669448,0.6728825050003836,0.027237354085603113,0.10700389105058365,75,20262085,balanced,second_domain
baseline,1000,0.40994840395577337,0.5143680879674025,0.111,0.253,75,20262085,one_domain,all
observed_gain,1000,0.04386767525865354,0.027451298362403124,0.111,0.253,75,20262085,one_domain,all
post_score,1000,0.44998771471561627,0.5909638935807318,0.111,0.253,75,20262085,one_domain,all
baseline,486,0.37833383755018657,0.49932215826698895,0.10493827160493827,0.37448559670781895,75,20262085,one_domain,first_domain
observed_gain,486,0.10681212639761188,0.11403469970791778,0.10493827160493827,0.37448559670781895,75,20262085,one_domain,first_domain
post_score,486,0.5534154624247007,0.7675453779994522,0.10493827160493827,0.37448559670781895,75,20262085,one_domain,first_domain
baseline,514,0.4398516811750405,0.5281457863308019,0.11673151750972763,0.13813229571984437,75,20262085,one_domain,second_domain
observed_gain,514,-0.01761752747104617,-0.03375877231364132,0.11673151750972763,0.13813229571984437,75,20262085,one_domain,second_domain
post_score,514,0.4372709279983842,0.5196755368038198,0.11673151750972763,0.13813229571984437,75,20262085,one_domain,second_domain
baseline,1000,0.5087950560020501,0.6165203508567553,0.075,0.175,76,20262086,balanced,all
observed_gain,1000,0.03738717285624944,0.05332601498090996,0.075,0.175,76,20262086,balanced,all
post_score,1000,0.5443742764813279,0.6797102663149688,0.075,0.175,76,20262086,balanced,all
baseline,462,0.5497855744459607,0.6001501153344219,0.08874458874458875,0.14502164502164502,76,20262086,balanced,first_domain
observed_gain,462,-0.07783149983093389,-0.04158920405974491,0.08874458874458875,0.14502164502164502,76,20262086,balanced,first_domain
post_score,462,0.5326528837769248,0.6192875253012717,0.08874458874458875,0.14502164502164502,76,20262086,balanced,first_domain
baseline,538,0.4790272818387581,0.6313944420452182,0.06319702602230483,0.20074349442379183,76,20262086,balanced,second_domain
observed_gain,538,0.12344740940040194,0.13420025771196445,0.06319702602230483,0.20074349442379183,76,20262086,balanced,second_domain
post_score,538,0.5530112463655268,0.7339676291697315,0.06319702602230483,0.20074349442379183,76,20262086,balanced,second_domain
baseline,1000,0.4221491319802617,0.5425259513760424,0.251,0.384,76,20262086,one_domain,all
observed_gain,1000,-0.09307806923260716,-0.12047014220409107,0.251,0.384,76,20262086,one_domain,all
post_score,1000,0.39185845113575074,0.5695883754583579,0.251,0.384,76,20262086,one_domain,all
baseline,462,0.4193853232310226,0.5159284746870281,0.23593073593073594,0.5497835497835498,76,20262086,one_domain,first_domain
observed_gain,462,-0.1428689839334222,-0.16891908363553915,0.23593073593073594,0.5497835497835498,76,20262086,one_domain,first_domain
post_score,462,0.4912963248777013,0.7088739990498069,0.23593073593073594,0.5497835497835498,76,20262086,one_domain,first_domain
baseline,538,0.4253227535484033,0.5660027403030994,0.26394052044609667,0.241635687732342,76,20262086,one_domain,second_domain
observed_gain,538,-0.06411937962183907,-0.09363621371697754,0.26394052044609667,0.241635687732342,76,20262086,one_domain,second_domain
post_score,538,0.3930400930911287,0.5262372924496572,0.26394052044609667,0.241635687732342,76,20262086,one_domain,second_domain
baseline,1000,0.5356621743808966,0.625976826415695,0.049,0.114,77,20262087,balanced,all
observed_gain,1000,0.008057312771763896,0.08197970834911059,0.049,0.114,77,20262087,balanced,all
post_score,1000,0.54281581024821,0.7139658274365326,0.049,0.114,77,20262087,balanced,all
baseline,499,0.5235966936332442,0.6098341884696971,0.050100200400801605,0.11823647294589178,77,20262087,balanced,first_domain
observed_gain,499,0.0036672690090185367,0.09472694565196893,0.050100200400801605,0.11823647294589178,77,20262087,balanced,first_domain
post_score,499,0.5285072966913661,0.7067452861584007,0.050100200400801605,0.11823647294589178,77,20262087,balanced,first_domain
baseline,501,0.5481955913715069,0.6424365982619028,0.04790419161676647,0.10978043912175649,77,20262087,balanced,second_domain
observed_gain,501,0.01433867421004841,0.06880067606301501,0.04790419161676647,0.10978043912175649,77,20262087,balanced,second_domain
post_score,501,0.5594219266528235,0.719851724896693,0.04790419161676647,0.10978043912175649,77,20262087,balanced,second_domain
baseline,1000,0.43466377486370067,0.5248867456829849,0.13,0.249,77,20262087,one_domain,all
observed_gain,1000,-0.030569463110062697,0.006729978914333219,0.13,0.249,77,20262087,one_domain,all
post_score,1000,0.41375499989521286,0.5856331162997326,0.13,0.249,77,20262087,one_domain,all
baseline,499,0.4381269312719722,0.5187822295196867,0.12625250501002003,0.3667334669338677,77,20262087,one_domain,first_domain
observed_gain,499,-0.020273937011381457,0.06220281469226031,0.12625250501002003,0.3667334669338677,77,20262087,one_domain,first_domain
post_score,499,0.5321468982048883,0.7689660004139297,0.12625250501002003,0.3667334669338677,77,20262087,one_domain,first_domain
baseline,501,0.43138857945461623,0.5290828076522978,0.13373253493013973,0.1317365269461078,77,20262087,one_domain,second_domain
observed_gain,501,-0.02692150930234392,-0.01752159720356823,0.13373253493013973,0.1317365269461078,77,20262087,one_domain,second_domain
post_score,501,0.3940941178625462,0.4992982840254164,0.13373253493013973,0.1317365269461078,77,20262087,one_domain,second_domain
baseline,1000,0.4762536640818437,0.5437056008185188,0.003,0.042,78,20262088,balanced,all
observed_gain,1000,0.2647899635194262,0.27302286707137235,0.003,0.042,78,20262088,balanced,all
post_score,1000,0.6380057841638396,0.7065178713289997,0.003,0.042,78,20262088,balanced,all
baseline,483,0.5072470754990376,0.5627463845199188,0.002070393374741201,0.045548654244306416,78,20262088,balanced,first_domain
observed_gain,483,0.35405912945100443,0.3492522683766823,0.002070393374741201,0.045548654244306416,78,20262088,balanced,first_domain
post_score,483,0.7006839388200797,0.748673158455345,0.002070393374741201,0.045548654244306416,78,20262088,balanced,first_domain
baseline,517,0.448518349295481,0.5211778928558488,0.0038684719535783366,0.03868471953578337,78,20262088,balanced,second_domain
observed_gain,517,0.18592574465697354,0.1989648282758997,0.0038684719535783366,0.03868471953578337,78,20262088,balanced,second_domain
post_score,517,0.580792235009451,0.6542406072370346,0.0038684719535783366,0.03868471953578337,78,20262088,balanced,second_domain
baseline,1000,0.36511896351980416,0.3943488813782194,0.035,0.085,78,20262088,one_domain,all
observed_gain,1000,0.21644295064391453,0.1937360203204314,0.035,0.085,78,20262088,one_domain,all
post_score,1000,0.5176145617599827,0.5577466443409851,0.035,0.085,78,20262088,one_domain,all
baseline,483,0.3438099844184617,0.394087313956401,0.031055900621118012,0.13043478260869565,78,20262088,one_domain,first_domain
observed_gain,483,0.44683761437682656,0.44330177687575384,0.031055900621118012,0.13043478260869565,78,20262088,one_domain,first_domain
post_score,483,0.7099853552505097,0.7948419815646616,0.031055900621118012,0.13043478260869565,78,20262088,one_domain,first_domain
baseline,517,0.38245565296539447,0.39352227408528634,0.03868471953578337,0.0425531914893617,78,20262088,one_domain,second_domain
observed_gain,517,0.05614318219685988,0.04078869395349058,0.03868471953578337,0.0425531914893617,78,20262088,one_domain,second_domain
post_score,517,0.41338077970909887,0.41110537190912566,0.03868471953578337,0.0425531914893617,78,20262088,one_domain,second_domain
baseline,1000,0.4774995569667209,0.5504709895122187,0.027,0.091,79,20262089,balanced,all
observed_gain,1000,0.09549069826580214,0.13835891518912083,0.027,0.091,79,20262089,balanced,all
post_score,1000,0.5607035627441858,0.6835767453591478,0.027,0.091,79,20262089,balanced,all
baseline,510,0.5011403770285537,0.5428978798699975,0.027450980392156862,0.11372549019607843,79,20262089,balanced,first_domain
observed_gain,510,0.28304283314848827,0.33967576723789955,0.027450980392156862,0.11372549019607843,79,20262089,balanced,first_domain
post_score,510,0.6582691127742231,0.7643920631790858,0.027450980392156862,0.11372549019607843,79,20262089,balanced,first_domain
baseline,490,0.45732713350680615,0.5601035688207595,0.026530612244897958,0.0673469387755102,79,20262089,balanced,second_domain
observed_gain,490,-0.07626613177188095,-0.07153298295225596,0.026530612244897958,0.0673469387755102,79,20262089,balanced,second_domain
post_score,490,0.4632647113906073,0.594057480591399,0.026530612244897958,0.0673469387755102,79,20262089,balanced,second_domain
baseline,1000,0.4212184691032564,0.49711261053529476,0.05,0.143,79,20262089,one_domain,all
observed_gain,1000,0.11484701051294294,0.13042203356853638,0.05,0.143,79,20262089,one_domain,all
post_score,1000,0.4895444081193333,0.6296756999019696,0.05,0.143,79,20262089,one_domain,all
baseline,510,0.4521735234594178,0.49741846621410607,0.047058823529411764,0.22549019607843138,79,20262089,one_domain,first_domain
observed_gain,510,0.2728619967997206,0.32767379170583133,0.047058823529411764,0.22549019607843138,79,20262089,one_domain,first_domain
post_score,510,0.6688912317002669,0.8176756317148484,0.047058823529411764,0.22549019607843138,79,20262089,one_domain,first_domain
baseline,490,0.39458213027848943,0.49746337802520285,0.053061224489795916,0.05714285714285714,79,20262089,one_domain,second_domain
observed_gain,490,-0.021118454739740184,-0.03416702175753933,0.053061224489795916,0.05714285714285714,79,20262089,one_domain,second_domain
post_score,490,0.3818939850275221,0.49355609031430914,0.053061224489795916,0.05714285714285714,79,20262089,one_domain,second_domain
baseline,1000,0.504511230664358,0.6013176548232435,0.018,0.072,80,20262090,balanced,all
observed_gain,1000,0.07136595510784896,0.1215267049993194,0.018,0.072,80,20262090,balanced,all
post_score,1000,0.5585245602746265,0.6884219752142882,0.018,0.072,80,20262090,balanced,all
baseline,523,0.5187133598601514,0.614597664621468,0.01338432122370937,0.055449330783938815,80,20262090,balanced,first_domain
observed_gain,523,-0.020505147411613446,0.02642733461878215,0.01338432122370937,0.055449330783938815,80,20262090,balanced,first_domain
post_score,523,0.5086095860554075,0.6338382374627733,0.01338432122370937,0.055449330783938815,80,20262090,balanced,first_domain
baseline,477,0.4907863702943189,0.5890494499946288,0.023060796645702306,0.09014675052410902,80,20262090,balanced,second_domain
observed_gain,477,0.18292938090614097,0.2246719513305871,0.023060796645702306,0.09014675052410902,80,20262090,balanced,second_domain
post_score,477,0.622640965443054,0.7504327180855548,0.023060796645702306,0.09014675052410902,80,20262090,balanced,second_domain
baseline,1000,0.44917959930416845,0.5484451768859259,0.088,0.188,80,20262090,one_domain,all
observed_gain,1000,0.023830870032323627,0.039700234222085455,0.088,0.188,80,20262090,one_domain,all
post_score,1000,0.4751599899539183,0.622563149819259,0.088,0.188,80,20262090,one_domain,all
baseline,523,0.45559179194552557,0.5560364499807418,0.09560229445506692,0.27151051625239003,80,20262090,one_domain,first_domain
observed_gain,523,0.048949355606728036,0.1115304313781191,0.09560229445506692,0.27151051625239003,80,20262090,one_domain,first_domain
post_score,523,0.5815985842474536,0.8021781603876368,0.09560229445506692,0.27151051625239003,80,20262090,one_domain,first_domain
baseline,477,0.44161342511359,0.5383682987604773,0.07966457023060797,0.09643605870020965,80,20262090,one_domain,second_domain
observed_gain,477,-0.021964786249046686,-0.021695844100444606,0.07966457023060797,0.09643605870020965,80,20262090,one_domain,second_domain
post_score,477,0.4248398307824947,0.5130940063530149,0.07966457023060797,0.09643605870020965,80,20262090,one_domain,second_domain
baseline,1000,0.5117787194361008,0.6169223170355459,0.068,0.188,81,20262091,balanced,all
observed_gain,1000,0.012027931914767353,0.044249558498335714,0.068,0.188,81,20262091,balanced,all
post_score,1000,0.5180813862786569,0.6605977226834687,0.068,0.188,81,20262091,balanced,all
baseline,484,0.541333707026006,0.6290632296670146,0.05785123966942149,0.2024793388429752,81,20262091,balanced,first_domain
observed_gain,484,0.04100333410939069,0.09533839879709724,0.05785123966942149,0.2024793388429752,81,20262091,balanced,first_domain
post_score,484,0.5511110681651464,0.6966900786632617,0.05785123966942149,0.2024793388429752,81,20262091,balanced,first_domain
baseline,516,0.48568227435678024,0.6043308705351789,0.07751937984496124,0.1744186046511628,81,20262091,balanced,second_domain
observed_gain,516,-0.016568008874009724,-4.698416113397847e-4,0.07751937984496124,0.1744186046511628,81,20262091,balanced,second_domain
post_score,516,0.48528543055766327,0.6224807775639569,0.07751937984496124,0.1744186046511628,81,20262091,balanced,second_domain
baseline,1000,0.3780452386378865,0.43671759522509357,0.029,0.11,81,20262091,one_domain,all
observed_gain,1000,0.15752285373670113,0.16808571127707056,0.029,0.11,81,20262091,one_domain,all
post_score,1000,0.49383338684609557,0.5920547578672413,0.029,0.11,81,20262091,one_domain,all
baseline,484,0.3933315377351553,0.4364516986161836,0.026859504132231406,0.1859504132231405,81,20262091,one_domain,first_domain
observed_gain,484,0.27453683970295184,0.35134337634054247,0.026859504132231406,0.1859504132231405,81,20262091,one_domain,first_domain
post_score,484,0.6557833073092768,0.7936313329959581,0.026859504132231406,0.1859504132231405,81,20262091,one_domain,first_domain
baseline,516,0.36422876988310565,0.43656804176549074,0.031007751937984496,0.03875968992248062,81,20262091,one_domain,second_domain
observed_gain,516,0.049401775278624264,0.02231849781732419,0.031007751937984496,0.03875968992248062,81,20262091,one_domain,second_domain
post_score,516,0.395879397805203,0.45708869212060377,0.031007751937984496,0.03875968992248062,81,20262091,one_domain,second_domain
baseline,1000,0.5484094064540934,0.6243013323612805,0.009,0.057,82,20262092,balanced,all
observed_gain,1000,0.08531653635086421,0.1205285714970435,0.009,0.057,82,20262092,balanced,all
post_score,1000,0.5854045790922373,0.676567215690849,0.009,0.057,82,20262092,balanced,all
baseline,512,0.5235218512850983,0.5981765958291013,0.013671875,0.0625,82,20262092,balanced,first_domain
observed_gain,512,0.12345361490859623,0.17397205724786066,0.013671875,0.0625,82,20262092,balanced,first_domain
post_score,512,0.5899083898909043,0.6957750164855709,0.013671875,0.0625,82,20262092,balanced,first_domain
baseline,488,0.5801772124879667,0.6571723792764597,0.004098360655737705,0.05122950819672131,82,20262092,balanced,second_domain
observed_gain,488,0.041423045543425366,0.06156861050777611,0.004098360655737705,0.05122950819672131,82,20262092,balanced,second_domain
post_score,488,0.5793489160343857,0.6584557941780024,0.004098360655737705,0.05122950819672131,82,20262092,balanced,second_domain
baseline,1000,0.482637820088572,0.5122977341643409,0.07,0.165,82,20262092,one_domain,all
observed_gain,1000,0.06863751966294408,0.10108677995653804,0.07,0.165,82,20262092,one_domain,all
post_score,1000,0.5139180325566741,0.5996321976307919,0.07,0.165,82,20262092,one_domain,all
baseline,512,0.4793737248186539,0.5335805030636214,0.08984375,0.251953125,82,20262092,one_domain,first_domain
observed_gain,512,0.10801606134941727,0.1559708808598161,0.08984375,0.251953125,82,20262092,one_domain,first_domain
post_score,512,0.6241680881061825,0.7763222463364882,0.08984375,0.251953125,82,20262092,one_domain,first_domain
baseline,488,0.48485497433584246,0.4902557942914945,0.04918032786885246,0.07377049180327869,82,20262092,one_domain,second_domain
observed_gain,488,0.0011375467694769146,0.03844865220515183,0.04918032786885246,0.07377049180327869,82,20262092,one_domain,second_domain
post_score,488,0.46637439250394386,0.49211248426998205,0.04918032786885246,0.07377049180327869,82,20262092,one_domain,second_domain
baseline,1000,0.49286402565508414,0.6034104226663078,0.036,0.119,83,20262093,balanced,all
observed_gain,1000,0.05846316385913418,0.10912221105308563,0.036,0.119,83,20262093,balanced,all
post_score,1000,0.5355859199273101,0.6953486796386288,0.036,0.119,83,20262093,balanced,all
baseline,513,0.532611109904277,0.6023144768907596,0.04093567251461988,0.09161793372319688,83,20262093,balanced,first_domain
observed_gain,513,-0.03944879673988035,-0.0031638902635275057,0.04093567251461988,0.09161793372319688,83,20262093,balanced,first_domain
post_score,513,0.5272341818981489,0.6254083091263295,0.04093567251461988,0.09161793372319688,83,20262093,balanced,first_domain
baseline,487,0.4695797343468353,0.6025668785424724,0.030800821355236138,0.14784394250513347,83,20262093,balanced,second_domain
observed_gain,487,0.13819479868102766,0.21895485110532426,0.030800821355236138,0.14784394250513347,83,20262093,balanced,second_domain
post_score,487,0.5413951201266529,0.7534240149477859,0.030800821355236138,0.14784394250513347,83,20262093,balanced,second_domain
baseline,1000,0.39420800249925664,0.5143255664088484,0.113,0.214,83,20262093,one_domain,all
observed_gain,1000,-0.016771976495822374,0.020179644569518696,0.113,0.214,83,20262093,one_domain,all
post_score,1000,0.40290840006003614,0.5837320018048702,0.113,0.214,83,20262093,one_domain,all
baseline,513,0.43536424840841587,0.48872044145669874,0.10916179337231968,0.31773879142300193,83,20262093,one_domain,first_domain
observed_gain,513,0.003844381278293109,0.07900788558650529,0.10916179337231968,0.31773879142300193,83,20262093,one_domain,first_domain
post_score,513,0.5717513545254339,0.7493760519327228,0.10916179337231968,0.31773879142300193,83,20262093,one_domain,first_domain
baseline,487,0.37039850867762664,0.535892389431231,0.11704312114989733,0.10472279260780287,83,20262093,one_domain,second_domain
observed_gain,487,0.006971387317276238,0.011629660071585826,0.11704312114989733,0.10472279260780287,83,20262093,one_domain,second_domain
post_score,487,0.3786087561083178,0.5262649651929923,0.11704312114989733,0.10472279260780287,83,20262093,one_domain,second_domain
baseline,1000,0.4820229224558342,0.5961514856634366,0.078,0.21,84,20262094,balanced,all
observed_gain,1000,-0.017869094794639332,-0.003981217303367395,0.078,0.21,84,20262094,balanced,all
post_score,1000,0.49085877541452305,0.6447285232216985,0.078,0.21,84,20262094,balanced,all
baseline,486,0.49825789212782284,0.6149358329386353,0.0823045267489712,0.2736625514403292,84,20262094,balanced,first_domain
observed_gain,486,0.048624228553215555,0.06989273002979926,0.0823045267489712,0.2736625514403292,84,20262094,balanced,first_domain
post_score,486,0.5221273395054805,0.7129700813516098,0.0823045267489712,0.2736625514403292,84,20262094,balanced,first_domain
baseline,514,0.4685198458404487,0.5788393020792776,0.07392996108949416,0.14980544747081712,84,20262094,balanced,second_domain
observed_gain,514,-0.06604230546339318,-0.06226981615180565,0.07392996108949416,0.14980544747081712,84,20262094,balanced,second_domain
post_score,514,0.4711517066696802,0.5964535472870102,0.07392996108949416,0.14980544747081712,84,20262094,balanced,second_domain
baseline,1000,0.4446286480735874,0.5307842606762848,0.093,0.199,84,20262094,one_domain,all
observed_gain,1000,0.0028017946425169782,0.008805630263306687,0.093,0.199,84,20262094,one_domain,all
post_score,1000,0.45370437270889385,0.5906169286294235,0.093,0.199,84,20262094,one_domain,all
baseline,486,0.4289790869317741,0.5122063452360295,0.09670781893004116,0.2839506172839506,84,20262094,one_domain,first_domain
observed_gain,486,0.0683842701409345,0.12110201424050672,0.09670781893004116,0.2839506172839506,84,20262094,one_domain,first_domain
post_score,486,0.5782880981308786,0.7757676312152336,0.09670781893004116,0.2839506172839506,84,20262094,one_domain,first_domain
baseline,514,0.4574463645775183,0.5478127076009935,0.08949416342412451,0.11867704280155641,84,20262094,one_domain,second_domain
observed_gain,514,-0.030468763906241675,-0.054727319990781974,0.08949416342412451,0.11867704280155641,84,20262094,one_domain,second_domain
post_score,514,0.433549763797544,0.5145986454216694,0.08949416342412451,0.11867704280155641,84,20262094,one_domain,second_domain
baseline,1000,0.5097540965820293,0.6189207864813793,0.02,0.07,85,20262095,balanced,all
observed_gain,1000,0.03697046530693819,0.0747480110615393,0.02,0.07,85,20262095,balanced,all
post_score,1000,0.5481776284021066,0.673248842366372,0.02,0.07,85,20262095,balanced,all
baseline,471,0.48225850677097376,0.5905022903394105,0.02335456475583864,0.04883227176220807,85,20262095,balanced,first_domain
observed_gain,471,-0.027302542816799336,-0.04790339032803315,0.02335456475583864,0.04883227176220807,85,20262095,balanced,first_domain
post_score,471,0.5016837784579122,0.5727782511936212,0.02335456475583864,0.04883227176220807,85,20262095,balanced,first_domain
baseline,529,0.5315697237954665,0.640803621234545,0.017013232514177693,0.0888468809073724,85,20262095,balanced,second_domain
observed_gain,529,0.09095134602543077,0.17942388346500845,0.017013232514177693,0.0888468809073724,85,20262095,balanced,second_domain
post_score,529,0.5840100073309116,0.7532530558957071,0.017013232514177693,0.0888468809073724,85,20262095,balanced,second_domain
baseline,1000,0.3901827535953485,0.5234411991136262,0.126,0.219,85,20262095,one_domain,all
observed_gain,1000,-0.02852147364443674,-0.048699358579507704,0.126,0.219,85,20262095,one_domain,all
post_score,1000,0.39361173015844264,0.5605755992540974,0.126,0.219,85,20262095,one_domain,all
baseline,471,0.39834933178802595,0.5176848679546001,0.1316348195329087,0.3354564755838641,85,20262095,one_domain,first_domain
observed_gain,471,0.0011008089433300074,-0.035771326015747534,0.1316348195329087,0.3354564755838641,85,20262095,one_domain,first_domain
post_score,471,0.5487160941494686,0.7447275253376578,0.1316348195329087,0.3354564755838641,85,20262095,one_domain,first_domain
baseline,529,0.3838842543952692,0.5288548815411754,0.12098298676748583,0.11531190926275993,85,20262095,one_domain,second_domain
observed_gain,529,-0.04949939325799042,-0.04416112795067864,0.12098298676748583,0.11531190926275993,85,20262095,one_domain,second_domain
post_score,529,0.36345105606639466,0.5065654414814876,0.12098298676748583,0.11531190926275993,85,20262095,one_domain,second_domain
baseline,1000,0.4876624194726587,0.6055584965306506,0.036,0.102,86,20262096,balanced,all
observed_gain,1000,0.036984526834614194,0.05836132890830279,0.036,0.102,86,20262096,balanced,all
post_score,1000,0.5232229822664884,0.6673337416573241,0.036,0.102,86,20262096,balanced,all
baseline,490,0.48365573854112576,0.6155294756765674,0.044897959183673466,0.11020408163265306,86,20262096,balanced,first_domain
observed_gain,490,0.0382095697782017,0.0579834293974636,0.044897959183673466,0.11020408163265306,86,20262096,balanced,first_domain
post_score,490,0.5056124229775236,0.6653817215913068,0.044897959183673466,0.11020408163265306,86,20262096,balanced,first_domain
baseline,510,0.49415920593150625,0.5968381328797935,0.027450980392156862,0.09411764705882353,86,20262096,balanced,second_domain
observed_gain,510,0.0367967944892459,0.06081555873434175,0.027450980392156862,0.09411764705882353,86,20262096,balanced,second_domain
post_score,510,0.5456708816147418,0.6705166777876426,0.027450980392156862,0.09411764705882353,86,20262096,balanced,second_domain
baseline,1000,0.36226079903015673,0.4731627001238933,0.097,0.18,86,20262096,one_domain,all
observed_gain,1000,9.842416569711145e-4,-0.0202987400254359,0.097,0.18,86,20262096,one_domain,all
post_score,1000,0.3948288277688836,0.5522664436808121,0.097,0.18,86,20262096,one_domain,all
baseline,490,0.36235086715443304,0.5037559289007899,0.10612244897959183,0.27346938775510204,86,20262096,one_domain,first_domain
observed_gain,490,0.027979810393980786,0.04278983731348574,0.10612244897959183,0.27346938775510204,86,20262096,one_domain,first_domain
post_score,490,0.5082403739483603,0.7624528644243296,0.10612244897959183,0.27346938775510204,86,20262096,one_domain,first_domain
baseline,510,0.3639649134357591,0.44402882903168045,0.08823529411764706,0.09019607843137255,86,20262096,one_domain,second_domain
observed_gain,510,-0.042527242069205246,-0.07162294449162322,0.08823529411764706,0.09019607843137255,86,20262096,one_domain,second_domain
post_score,510,0.35627741695696263,0.4186117997797136,0.08823529411764706,0.09019607843137255,86,20262096,one_domain,second_domain
baseline,1000,0.5049907673847748,0.6128210919493996,0.045,0.147,87,20262097,balanced,all
observed_gain,1000,0.018603990882111288,0.0723445660252104,0.045,0.147,87,20262097,balanced,all
post_score,1000,0.5223730321842569,0.6914599601319896,0.045,0.147,87,20262097,balanced,all
baseline,473,0.46152710194305613,0.564668487056047,0.04439746300211417,0.15644820295983086,87,20262097,balanced,first_domain
observed_gain,473,0.018744914937742208,0.02381664355830546,0.04439746300211417,0.15644820295983086,87,20262097,balanced,first_domain
post_score,473,0.5110120464199936,0.650515882504814,0.04439746300211417,0.15644820295983086,87,20262097,balanced,first_domain
baseline,527,0.5409822779842332,0.6530364496526538,0.04554079696394687,0.13851992409867173,87,20262097,balanced,second_domain
observed_gain,527,0.017772485796876663,0.11907505623120188,0.04554079696394687,0.13851992409867173,87,20262097,balanced,second_domain
post_score,527,0.5307597512581476,0.7276592586927231,0.04554079696394687,0.13851992409867173,87,20262097,balanced,second_domain
baseline,1000,0.383027946309485,0.4900533235875292,0.105,0.236,87,20262097,one_domain,all
observed_gain,1000,0.052624696921415616,0.07749032050180449,0.105,0.236,87,20262097,one_domain,all
post_score,1000,0.4319826217406969,0.6077459176648818,0.105,0.236,87,20262097,one_domain,all
baseline,473,0.37069719211716934,0.4793364601840835,0.09725158562367865,0.36363636363636365,87,20262097,one_domain,first_domain
observed_gain,473,0.02294081449812106,0.02500541437881243,0.09725158562367865,0.36363636363636365,87,20262097,one_domain,first_domain
post_score,473,0.5383015823672156,0.7610885315374973,0.09725158562367865,0.36363636363636365,87,20262097,one_domain,first_domain
baseline,527,0.39291027508185944,0.5015424107682153,0.11195445920303605,0.12144212523719165,87,20262097,one_domain,second_domain
observed_gain,527,0.04044297047174317,0.07953340078554133,0.11195445920303605,0.12144212523719165,87,20262097,one_domain,second_domain
post_score,527,0.4115068588150648,0.5336357693338842,0.11195445920303605,0.12144212523719165,87,20262097,one_domain,second_domain
baseline,1000,0.4560646130416538,0.587457650915645,0.094,0.217,88,20262098,balanced,all
observed_gain,1000,-0.022303553271698407,-0.014187609393994875,0.094,0.217,88,20262098,balanced,all
post_score,1000,0.46193480522955904,0.6223332044647021,0.094,0.217,88,20262098,balanced,all
baseline,482,0.43997315438882334,0.5712457966412989,0.08921161825726141,0.2572614107883817,88,20262098,balanced,first_domain
observed_gain,482,0.037737600208507,0.04674889930683334,0.08921161825726141,0.2572614107883817,88,20262098,balanced,first_domain
post_score,482,0.4843663854507614,0.662421550828852,0.08921161825726141,0.2572614107883817,88,20262098,balanced,first_domain
baseline,518,0.4701259231719129,0.6005989968682296,0.09845559845559845,0.17953667953667954,88,20262098,balanced,second_domain
observed_gain,518,-0.07589886953363997,-0.07327806116528353,0.09845559845559845,0.17953667953667954,88,20262098,balanced,second_domain
post_score,518,0.4466702422915358,0.59254386787889,0.09845559845559845,0.17953667953667954,88,20262098,balanced,second_domain
baseline,1000,0.36631922565747643,0.4642643173420559,0.075,0.135,88,20262098,one_domain,all
observed_gain,1000,0.07231042746499874,0.09833646640629341,0.075,0.135,88,20262098,one_domain,all
post_score,1000,0.42918945977662726,0.5737026749364396,0.075,0.135,88,20262098,one_domain,all
baseline,482,0.32757384905986076,0.4088773329855615,0.07676348547717843,0.22199170124481327,88,20262098,one_domain,first_domain
observed_gain,482,0.16746481277385905,0.21390277004899966,0.07676348547717843,0.22199170124481327,88,20262098,one_domain,first_domain
post_score,482,0.5568685416278817,0.7295299974371361,0.07676348547717843,0.22199170124481327,88,20262098,one_domain,first_domain
baseline,518,0.3994292315824355,0.5066884794123815,0.07335907335907337,0.05405405405405406,88,20262098,one_domain,second_domain
observed_gain,518,-0.012620174667544785,-0.004756079598897359,0.07335907335907337,0.05405405405405406,88,20262098,one_domain,second_domain
post_score,518,0.3982186357474257,0.5139309578059247,0.07335907335907337,0.05405405405405406,88,20262098,one_domain,second_domain
baseline,1000,0.4869572693723885,0.6226106538857036,0.05,0.134,89,20262099,balanced,all
observed_gain,1000,0.00928911013272044,-0.022554548853728068,0.05,0.134,89,20262099,balanced,all
post_score,1000,0.5167253387687192,0.6514665962546645,0.05,0.134,89,20262099,balanced,all
baseline,501,0.4856741150954967,0.6269060682657869,0.03992015968063872,0.14770459081836326,89,20262099,balanced,first_domain
observed_gain,501,0.11343435944625602,0.0721633580567494,0.03992015968063872,0.14770459081836326,89,20262099,balanced,first_domain
post_score,501,0.5608244990539542,0.7150155762150054,0.03992015968063872,0.14770459081836326,89,20262099,balanced,first_domain
baseline,499,0.48795281347856007,0.6168831389881726,0.06012024048096192,0.12024048096192384,89,20262099,balanced,second_domain
observed_gain,499,-0.07462210690589588,-0.10792160052078519,0.06012024048096192,0.12024048096192384,89,20262099,balanced,second_domain
post_score,499,0.4769149223847796,0.5938752023339914,0.06012024048096192,0.12024048096192384,89,20262099,balanced,second_domain
baseline,1000,0.39186388685239465,0.4573323342390146,0.051,0.114,89,20262099,one_domain,all
observed_gain,1000,0.12060492234679258,0.11913236102759696,0.051,0.114,89,20262099,one_domain,all
post_score,1000,0.4666058759339637,0.5671158218406219,0.051,0.114,89,20262099,one_domain,all
baseline,501,0.34746125647637077,0.4323102814793117,0.03992015968063872,0.16167664670658682,89,20262099,one_domain,first_domain
observed_gain,501,0.29422255413129544,0.32315353862335716,0.03992015968063872,0.16167664670658682,89,20262099,one_domain,first_domain
post_score,501,0.6107719984740417,0.7743047510377158,0.03992015968063872,0.16167664670658682,89,20262099,one_domain,first_domain
baseline,499,0.431282163628354,0.48239767454222926,0.06212424849699399,0.06613226452905811,89,20262099,one_domain,second_domain
observed_gain,499,-0.0058492928232502205,-0.03446906980896643,0.06212424849699399,0.06613226452905811,89,20262099,one_domain,second_domain
post_score,499,0.42500233063116355,0.4555884560840352,0.06212424849699399,0.06613226452905811,89,20262099,one_domain,second_domain
baseline,1000,0.46584513738450306,0.578197276298244,0.035,0.103,90,20262100,balanced,all
observed_gain,1000,0.03193079932010729,0.03417287651458121,0.035,0.103,90,20262100,balanced,all
post_score,1000,0.5194425474070474,0.6553849161882358,0.035,0.103,90,20262100,balanced,all
baseline,503,0.4535481221458526,0.5402081819310924,0.041749502982107355,0.09741550695825049,90,20262100,balanced,first_domain
observed_gain,503,0.046195793759721396,0.03748643806059303,0.041749502982107355,0.09741550695825049,90,20262100,balanced,first_domain
post_score,503,0.5309790864588542,0.6386382867092797,0.041749502982107355,0.09741550695825049,90,20262100,balanced,first_domain
baseline,497,0.47742053229853204,0.6174961121155406,0.028169014084507043,0.10865191146881288,90,20262100,balanced,second_domain
observed_gain,497,0.020077673826317054,0.031444559614985074,0.028169014084507043,0.10865191146881288,90,20262100,balanced,second_domain
post_score,497,0.5105599294107956,0.6764492835773652,0.028169014084507043,0.10865191146881288,90,20262100,balanced,second_domain
baseline,1000,0.3598123468797775,0.47819031874991524,0.114,0.209,90,20262100,one_domain,all
observed_gain,1000,0.07343773196530984,0.048137923026605245,0.114,0.209,90,20262100,one_domain,all
post_score,1000,0.45039252142870295,0.6000966331777792,0.114,0.209,90,20262100,one_domain,all
baseline,503,0.35049212897915016,0.46089349178659894,0.12524850894632206,0.3260437375745527,90,20262100,one_domain,first_domain
observed_gain,503,0.08750142760829309,0.058801390356314896,0.12524850894632206,0.3260437375745527,90,20262100,one_domain,first_domain
post_score,503,0.5717651870598283,0.7428588456760871,0.12524850894632206,0.3260437375745527,90,20262100,one_domain,first_domain
baseline,497,0.3731428471205482,0.5016501560735148,0.10261569416498995,0.09054325955734406,90,20262100,one_domain,second_domain
observed_gain,497,0.035528507850606475,-0.00933167723964187,0.10261569416498995,0.09054325955734406,90,20262100,one_domain,second_domain
post_score,497,0.399327342767981,0.5047129554923866,0.10261569416498995,0.09054325955734406,90,20262100,one_domain,second_domain
baseline,1000,0.5281589191210936,0.6446508761884515,0.032,0.105,91,20262101,balanced,all
observed_gain,1000,0.060657729145152314,0.12015921326171386,0.032,0.105,91,20262101,balanced,all
post_score,1000,0.5703614455609071,0.7200251652712365,0.032,0.105,91,20262101,balanced,all
baseline,496,0.5443663161035548,0.6559084977485024,0.034274193548387094,0.08064516129032258,91,20262101,balanced,first_domain
observed_gain,496,-0.042202886620294144,0.033209947648082806,0.034274193548387094,0.08064516129032258,91,20262101,balanced,first_domain
post_score,496,0.5236450200256793,0.6796317438683794,0.034274193548387094,0.08064516129032258,91,20262101,balanced,first_domain
baseline,504,0.5137932096667857,0.6341809259069694,0.02976190476190476,0.12896825396825398,91,20262101,balanced,second_domain
observed_gain,504,0.1514978258213966,0.20355017142522636,0.02976190476190476,0.12896825396825398,91,20262101,balanced,second_domain
post_score,504,0.6112223928008297,0.7571138152727486,0.02976190476190476,0.12896825396825398,91,20262101,balanced,second_domain
baseline,1000,0.4610750771775247,0.5439013839214416,0.149,0.271,91,20262101,one_domain,all
observed_gain,1000,-0.02386533536330163,0.021032707910912114,0.149,0.271,91,20262101,one_domain,all
post_score,1000,0.4674794241518941,0.6279708640732701,0.149,0.271,91,20262101,one_domain,all
baseline,496,0.4517546722568516,0.52793005348269,0.13709677419354838,0.375,91,20262101,one_domain,first_domain
observed_gain,496,-0.01785291642306779,0.037701734900456786,0.13709677419354838,0.375,91,20262101,one_domain,first_domain
post_score,496,0.5681590606042102,0.7792434903634817,0.13709677419354838,0.375,91,20262101,one_domain,first_domain
baseline,504,0.46934105298658535,0.5568760272586085,0.16071428571428573,0.16865079365079366,91,20262101,one_domain,second_domain
observed_gain,504,-0.008061833417406163,0.045621070499549055,0.16071428571428573,0.16865079365079366,91,20262101,one_domain,second_domain
post_score,504,0.46380201666303333,0.5745563009396487,0.16071428571428573,0.16865079365079366,91,20262101,one_domain,second_domain
baseline,1000,0.4820033686256828,0.595067001231681,0.042,0.147,92,20262102,balanced,all
observed_gain,1000,0.004296735321718249,0.0453171773334897,0.042,0.147,92,20262102,balanced,all
post_score,1000,0.4980925283335922,0.6559466479682651,0.042,0.147,92,20262102,balanced,all
baseline,511,0.47712522748021957,0.5830218221872028,0.04500978473581213,0.162426614481409,92,20262102,balanced,first_domain
observed_gain,511,0.05525620958203037,0.07416643237590745,0.04500978473581213,0.162426614481409,92,20262102,balanced,first_domain
post_score,511,0.5329258810236568,0.6600399831394909,0.04500978473581213,0.162426614481409,92,20262102,balanced,first_domain
baseline,489,0.4876641140156048,0.6086505781431025,0.03885480572597137,0.130879345603272,92,20262102,balanced,second_domain
observed_gain,489,-0.047856657047124246,0.01497705569481713,0.03885480572597137,0.130879345603272,92,20262102,balanced,second_domain
post_score,489,0.46095907996530733,0.6512161024388453,0.03885480572597137,0.130879345603272,92,20262102,balanced,second_domain
baseline,1000,0.39617006507589514,0.49174402551547985,0.108,0.211,92,20262102,one_domain,all
observed_gain,1000,0.008674931490417264,0.012575564723362832,0.108,0.211,92,20262102,one_domain,all
post_score,1000,0.41154995453328985,0.5687458013557561,0.108,0.211,92,20262102,one_domain,all
baseline,511,0.41738292858227777,0.5150642257668437,0.10763209393346379,0.30332681017612523,92,20262102,one_domain,first_domain
observed_gain,511,0.038022645300356275,0.054001542190512286,0.10763209393346379,0.30332681017612523,92,20262102,one_domain,first_domain
post_score,511,0.5846128522637478,0.7763875383089994,0.10763209393346379,0.30332681017612523,92,20262102,one_domain,first_domain
baseline,489,0.37353077552891417,0.467807207350114,0.1083844580777096,0.11451942740286299,92,20262102,one_domain,second_domain
observed_gain,489,-0.02682594280749055,0.0034924115626325867,0.1083844580777096,0.11451942740286299,92,20262102,one_domain,second_domain
post_score,489,0.33690823282085824,0.45376178278845025,0.1083844580777096,0.11451942740286299,92,20262102,one_domain,second_domain
baseline,1000,0.5177954294464373,0.5804591638648263,0.059,0.164,93,20262103,balanced,all
observed_gain,1000,-5.487590112283054e-4,0.03443637966814114,0.059,0.164,93,20262103,balanced,all
post_score,1000,0.5215507911992316,0.6374439789511577,0.059,0.164,93,20262103,balanced,all
baseline,507,0.5331031096745676,0.5986746388283272,0.05719921104536489,0.1834319526627219,93,20262103,balanced,first_domain
observed_gain,507,0.023178433699981228,0.053187699120400854,0.05719921104536489,0.1834319526627219,93,20262103,balanced,first_domain
post_score,507,0.5486725678334056,0.6842007341880657,0.05719921104536489,0.1834319526627219,93,20262103,balanced,first_domain
baseline,493,0.5030315489069037,0.5585999962562009,0.060851926977687626,0.1440162271805274,93,20262103,balanced,second_domain
observed_gain,493,-0.030819018319824025,0.010484037191459012,0.060851926977687626,0.1440162271805274,93,20262103,balanced,second_domain
post_score,493,0.490187315487339,0.5874389482006656,0.060851926977687626,0.1440162271805274,93,20262103,balanced,second_domain
baseline,1000,0.450459390001924,0.49271112353667723,0.084,0.154,93,20262103,one_domain,all
observed_gain,1000,0.024488975034778176,0.05077869691477969,0.084,0.154,93,20262103,one_domain,all
post_score,1000,0.48106635250338664,0.587013497866428,0.084,0.154,93,20262103,one_domain,all
baseline,507,0.4712666995180533,0.5224133243479951,0.09072978303747535,0.2406311637080868,93,20262103,one_domain,first_domain
observed_gain,507,0.043200885080119295,0.11453497497162078,0.09072978303747535,0.2406311637080868,93,20262103,one_domain,first_domain
post_score,507,0.6166535136664774,0.7771788415497485,0.09072978303747535,0.2406311637080868,93,20262103,one_domain,first_domain
baseline,493,0.4285927520426205,0.4597136551656474,0.07707910750507099,0.06490872210953347,93,20262103,one_domain,second_domain
observed_gain,493,-0.020914084477096417,0.014383319499372405,0.07707910750507099,0.06490872210953347,93,20262103,one_domain,second_domain
post_score,493,0.40568154746964163,0.45329475073753,0.07707910750507099,0.06490872210953347,93,20262103,one_domain,second_domain
baseline,1000,0.4910903523931885,0.5990488920663989,0.068,0.179,94,20262104,balanced,all
observed_gain,1000,-0.030677680719779873,0.010424454900405503,0.068,0.179,94,20262104,balanced,all
post_score,1000,0.47863440023242004,0.6342158230809547,0.068,0.179,94,20262104,balanced,all
baseline,506,0.518931778264848,0.5878107638549286,0.06126482213438735,0.17786561264822134,94,20262104,balanced,first_domain
observed_gain,506,-0.05011107806480527,0.035905924237292906,0.06126482213438735,0.17786561264822134,94,20262104,balanced,first_domain
post_score,506,0.4824440415272295,0.6406994895141064,0.06126482213438735,0.17786561264822134,94,20262104,balanced,first_domain
baseline,494,0.4716090251021847,0.6115689342040597,0.07489878542510121,0.18016194331983806,94,20262104,balanced,second_domain
observed_gain,494,-0.01476980091302868,-0.018858876449110627,0.07489878542510121,0.18016194331983806,94,20262104,balanced,second_domain
post_score,494,0.48036958403992147,0.6293791262649139,0.07489878542510121,0.18016194331983806,94,20262104,balanced,second_domain
baseline,1000,0.43540620064415375,0.49847257081699814,0.076,0.168,94,20262104,one_domain,all
observed_gain,1000,0.05754362697327689,0.07946634496364571,0.076,0.168,94,20262104,one_domain,all
post_score,1000,0.46890601640161234,0.5812321896977909,0.076,0.168,94,20262104,one_domain,all
baseline,506,0.4877030187983625,0.5206475832142966,0.07905138339920949,0.2509881422924901,94,20262104,one_domain,first_domain
observed_gain,506,0.1266539919511052,0.21097882685395528,0.07905138339920949,0.2509881422924901,94,20262104,one_domain,first_domain
post_score,506,0.637647054258303,0.8009806443277657,0.07905138339920949,0.2509881422924901,94,20262104,one_domain,first_domain
baseline,494,0.39532759917422916,0.4741023398512352,0.0728744939271255,0.08299595141700405,94,20262104,one_domain,second_domain
observed_gain,494,0.04164665118412172,4.345678866349052e-4,0.0728744939271255,0.08299595141700405,94,20262104,one_domain,second_domain
post_score,494,0.4274843418604495,0.45292106938221427,0.0728744939271255,0.08299595141700405,94,20262104,one_domain,second_domain
baseline,1000,0.5376969076191728,0.6144748057101749,0.024,0.067,95,20262105,balanced,all
observed_gain,1000,0.09886378897765358,0.17372601444689095,0.024,0.067,95,20262105,balanced,all
post_score,1000,0.5931132717974015,0.7369802454398817,0.024,0.067,95,20262105,balanced,all
baseline,513,0.556948885768737,0.6077107332846327,0.023391812865497075,0.07407407407407407,95,20262105,balanced,first_domain
observed_gain,513,0.1312642914899738,0.19836790590503223,0.023391812865497075,0.07407407407407407,95,20262105,balanced,first_domain
post_score,513,0.6301464078922429,0.7486179832172951,0.023391812865497075,0.07407407407407407,95,20262105,balanced,first_domain
baseline,487,0.520489491861869,0.6195828476380472,0.024640657084188913,0.059548254620123205,95,20262105,balanced,second_domain
observed_gain,487,0.06705169209800922,0.14372932283223383,0.024640657084188913,0.059548254620123205,95,20262105,balanced,second_domain
post_score,487,0.5600187153150933,0.7223493297830871,0.024640657084188913,0.059548254620123205,95,20262105,balanced,second_domain
baseline,1000,0.41023286964366745,0.5328807056729741,0.117,0.241,95,20262105,one_domain,all
observed_gain,1000,0.03817070196577301,0.0679411979708662,0.117,0.241,95,20262105,one_domain,all
post_score,1000,0.4519238029007266,0.6506283322279316,0.117,0.241,95,20262105,one_domain,all
baseline,513,0.42134724084864644,0.5155387442210533,0.1267056530214425,0.35477582846003897,95,20262105,one_domain,first_domain
observed_gain,513,0.08975937718397176,0.13220763219320658,0.1267056530214425,0.35477582846003897,95,20262105,one_domain,first_domain
post_score,513,0.5886163180387554,0.8083783853380911,0.1267056530214425,0.35477582846003897,95,20262105,one_domain,first_domain
baseline,487,0.40026511570040907,0.5536331515309955,0.10677618069815195,0.12114989733059549,95,20262105,one_domain,second_domain
observed_gain,487,-0.02735235302335984,-0.021074716574625472,0.10677618069815195,0.12114989733059549,95,20262105,one_domain,second_domain
post_score,487,0.38962778864002345,0.5436539692615748,0.10677618069815195,0.12114989733059549,95,20262105,one_domain,second_domain
baseline,1000,0.47580276010285183,0.5683286222821606,0.019,0.064,96,20262106,balanced,all
observed_gain,1000,0.09542912617603051,0.16764135934949487,0.019,0.064,96,20262106,balanced,all
post_score,1000,0.5453748367620191,0.6978739962610668,0.019,0.064,96,20262106,balanced,all
baseline,499,0.4773930050563508,0.566832144618268,0.026052104208416832,0.07414829659318638,96,20262106,balanced,first_domain
observed_gain,499,0.10962969817587188,0.1625643065577652,0.026052104208416832,0.07414829659318638,96,20262106,balanced,first_domain
post_score,499,0.5585063166068809,0.6905694141625831,0.026052104208416832,0.07414829659318638,96,20262106,balanced,first_domain
baseline,501,0.47349009407615666,0.5672067440676813,0.011976047904191617,0.05389221556886228,96,20262106,balanced,second_domain
observed_gain,501,0.08154105239578756,0.1733190337799599,0.011976047904191617,0.05389221556886228,96,20262106,balanced,second_domain
post_score,501,0.5321422479620386,0.7041858355717572,0.011976047904191617,0.05389221556886228,96,20262106,balanced,second_domain
baseline,1000,0.3221008588270817,0.44108407350870554,0.072,0.163,96,20262106,one_domain,all
observed_gain,1000,0.05618579614657307,0.07013067763087051,0.072,0.163,96,20262106,one_domain,all
post_score,1000,0.3992693144272522,0.5679116201443284,0.072,0.163,96,20262106,one_domain,all
baseline,499,0.3603566739114038,0.45035316534453845,0.0781563126252505,0.26452905811623245,96,20262106,one_domain,first_domain
observed_gain,499,0.06901527257487941,0.055925765237699716,0.0781563126252505,0.26452905811623245,96,20262106,one_domain,first_domain
post_score,499,0.5749576497014366,0.7079450538674797,0.0781563126252505,0.26452905811623245,96,20262106,one_domain,first_domain
baseline,501,0.28448554946684435,0.4266772531905727,0.0658682634730539,0.06187624750499002,96,20262106,one_domain,second_domain
observed_gain,501,0.02776709752352675,0.05965275096198557,0.0658682634730539,0.06187624750499002,96,20262106,one_domain,second_domain
post_score,501,0.31514665477098414,0.48755783964863203,0.0658682634730539,0.06187624750499002,96,20262106,one_domain,second_domain
baseline,1000,0.47388889070184875,0.5586937897976245,0.026,0.092,97,20262107,balanced,all
observed_gain,1000,0.035673141224623915,0.06044933245432626,0.026,0.092,97,20262107,balanced,all
post_score,1000,0.5123045141891128,0.6360825605894203,0.026,0.092,97,20262107,balanced,all
baseline,518,0.47185768081270724,0.5219525336183815,0.019305019305019305,0.07722007722007722,97,20262107,balanced,first_domain
observed_gain,518,-0.06497469309224357,-0.053971698569128944,0.019305019305019305,0.07722007722007722,97,20262107,balanced,first_domain
post_score,518,0.46771557936214,0.5527084715772052,0.019305019305019305,0.07722007722007722,97,20262107,balanced,first_domain
baseline,482,0.4764557803244174,0.5986126297202481,0.03319502074688797,0.1078838174273859,97,20262107,balanced,second_domain
observed_gain,482,0.1521596140131825,0.1839529325979834,0.03319502074688797,0.1078838174273859,97,20262107,balanced,second_domain
post_score,482,0.5535120510692213,0.70951642923964,0.03319502074688797,0.1078838174273859,97,20262107,balanced,second_domain
baseline,1000,0.39983614684193,0.5077620601592037,0.093,0.204,97,20262107,one_domain,all
observed_gain,1000,0.021787011423773057,0.041887527251340914,0.093,0.204,97,20262107,one_domain,all
post_score,1000,0.4299492106343796,0.5991140977049297,0.093,0.204,97,20262107,one_domain,all
baseline,518,0.3971313243123946,0.503386405287856,0.09845559845559845,0.30694980694980695,97,20262107,one_domain,first_domain
observed_gain,518,0.026147998089325487,0.0512849308070266,0.09845559845559845,0.30694980694980695,97,20262107,one_domain,first_domain
post_score,518,0.5753426607707097,0.7648744648430498,0.09845559845559845,0.30694980694980695,97,20262107,one_domain,first_domain
baseline,482,0.4032808624449589,0.5158492853480334,0.08713692946058091,0.09336099585062241,97,20262107,one_domain,second_domain
observed_gain,482,0.014299582566304201,0.010765873447407346,0.08713692946058091,0.09336099585062241,97,20262107,one_domain,second_domain
post_score,482,0.3880652161572902,0.49987783175996803,0.08713692946058091,0.09336099585062241,97,20262107,one_domain,second_domain
baseline,1000,0.4792749922503537,0.6178492504379681,0.036,0.124,98,20262108,balanced,all
observed_gain,1000,0.016137205520376903,0.034702273601178744,0.036,0.124,98,20262108,balanced,all
post_score,1000,0.5014971820740592,0.6712082275395078,0.036,0.124,98,20262108,balanced,all
baseline,504,0.5143410641963857,0.6420890108935107,0.047619047619047616,0.10714285714285714,98,20262108,balanced,first_domain
observed_gain,504,-0.08308336647539112,-0.10081470192236112,0.047619047619047616,0.10714285714285714,98,20262108,balanced,first_domain
post_score,504,0.5097547713592694,0.641274373044097,0.047619047619047616,0.10714285714285714,98,20262108,balanced,first_domain
baseline,496,0.43232631255866655,0.5866360922351932,0.024193548387096774,0.14112903225806453,98,20262108,balanced,second_domain
observed_gain,496,0.14894714271657464,0.1934403867051824,0.024193548387096774,0.14112903225806453,98,20262108,balanced,second_domain
post_score,496,0.51266621606555,0.7068848397182615,0.024193548387096774,0.14112903225806453,98,20262108,balanced,second_domain
baseline,1000,0.34236407001143643,0.486515398735824,0.169,0.287,98,20262108,one_domain,all
observed_gain,1000,0.014200468719620121,-0.007203247825694107,0.169,0.287,98,20262108,one_domain,all
post_score,1000,0.37619487143646235,0.5870447101051249,0.169,0.287,98,20262108,one_domain,all
baseline,504,0.3715140274250155,0.5143549984565098,0.19444444444444445,0.42658730158730157,98,20262108,one_domain,first_domain
observed_gain,504,-0.057230999284299464,-0.10112239765000394,0.19444444444444445,0.42658730158730157,98,20262108,one_domain,first_domain
post_score,504,0.4870185283197546,0.7596155364990869,0.19444444444444445,0.42658730158730157,98,20262108,one_domain,first_domain
baseline,496,0.3089583149364648,0.45384870677564565,0.1431451612903226,0.14516129032258066,98,20262108,one_domain,second_domain
observed_gain,496,0.01586633848953644,0.0445815902815407,0.1431451612903226,0.14516129032258066,98,20262108,one_domain,second_domain
post_score,496,0.3064028043036537,0.462973710292087,0.1431451612903226,0.14516129032258066,98,20262108,one_domain,second_domain
baseline,1000,0.4685763559929736,0.6132424621818366,0.082,0.215,99,20262109,balanced,all
observed_gain,1000,0.029515304402036282,0.0016099294375314652,0.082,0.215,99,20262109,balanced,all
post_score,1000,0.5048060427174575,0.656385775202379,0.082,0.215,99,20262109,balanced,all
baseline,494,0.44794563024758394,0.6089383996200566,0.06882591093117409,0.24696356275303644,99,20262109,balanced,first_domain
observed_gain,494,0.1534483934586797,0.12389491907224019,0.06882591093117409,0.24696356275303644,99,20262109,balanced,first_domain
post_score,494,0.5470960824234326,0.7239099890447547,0.06882591093117409,0.24696356275303644,99,20262109,balanced,first_domain
baseline,506,0.4881613722402185,0.6171117006588577,0.09486166007905138,0.18379446640316205,99,20262109,balanced,second_domain
observed_gain,506,-0.09146155387790186,-0.12206623285211071,0.09486166007905138,0.18379446640316205,99,20262109,balanced,second_domain
post_score,506,0.46147077630799,0.5840692455416383,0.09486166007905138,0.18379446640316205,99,20262109,balanced,second_domain
baseline,1000,0.3810239744595991,0.5011775692255874,0.14,0.276,99,20262109,one_domain,all
observed_gain,1000,0.029719331740495326,-0.009157040943987865,0.14,0.276,99,20262109,one_domain,all
post_score,1000,0.4183103030354264,0.5732181380689235,0.14,0.276,99,20262109,one_domain,all
baseline,494,0.3519346484005619,0.48358879370440067,0.1214574898785425,0.4008097165991903,99,20262109,one_domain,first_domain
observed_gain,494,0.07975713465674458,0.04865356174320861,0.1214574898785425,0.4008097165991903,99,20262109,one_domain,first_domain
post_score,494,0.5348499690904639,0.7358162321514609,0.1214574898785425,0.4008097165991903,99,20262109,one_domain,first_domain
baseline,506,0.4082827103542528,0.5168497126860535,0.15810276679841898,0.1541501976284585,99,20262109,one_domain,second_domain
observed_gain,506,-0.007609868383370614,-0.0344268045814312,0.15810276679841898,0.1541501976284585,99,20262109,one_domain,second_domain
post_score,506,0.39735435281984616,0.5022560138749993,0.15810276679841898,0.1541501976284585,99,20262109,one_domain,second_domain
baseline,1000,0.42345925830538406,0.5908794384892379,0.03,0.09,100,20262110,balanced,all
observed_gain,1000,0.04884858011853974,0.07759138466202363,0.03,0.09,100,20262110,balanced,all
post_score,1000,0.4725621085235201,0.6777683983023958,0.03,0.09,100,20262110,balanced,all
baseline,485,0.5114482330662533,0.6027583528934989,0.0288659793814433,0.06597938144329897,100,20262110,balanced,first_domain
observed_gain,485,-0.02900556436370641,0.020692704694006605,0.0288659793814433,0.06597938144329897,100,20262110,balanced,first_domain
post_score,485,0.516469023303707,0.667736980658637,0.0288659793814433,0.06597938144329897,100,20262110,balanced,first_domain
baseline,515,0.37728111168754863,0.5778937233554118,0.031067961165048542,0.11262135922330097,100,20262110,balanced,second_domain
observed_gain,515,0.10607873823831337,0.1378307541103479,0.031067961165048542,0.11262135922330097,100,20262110,balanced,second_domain
post_score,515,0.4535601657861094,0.6912879172912965,0.031067961165048542,0.11262135922330097,100,20262110,balanced,second_domain
baseline,1000,0.3716250468230196,0.5219485119017692,0.154,0.282,100,20262110,one_domain,all
observed_gain,1000,-8.084680179302099e-5,0.04010302677479148,0.154,0.282,100,20262110,one_domain,all
post_score,1000,0.3823763071904233,0.6331749732236953,0.154,0.282,100,20262110,one_domain,all
baseline,485,0.4133006111684147,0.49057760782517273,0.15257731958762888,0.38556701030927837,100,20262110,one_domain,first_domain
observed_gain,485,0.041451065594224,0.10948031532479109,0.15257731958762888,0.38556701030927837,100,20262110,one_domain,first_domain
post_score,485,0.5773423491799048,0.80738157808029265,0.15257731958762888,0.38556701030927837,100,20262110,one_domain,first_domain
baseline,515,0.35419905755087655,0.5516053738980924,0.1553398058252427,0.18446601941747573,100,20262110,one_domain,second_domain
observed_gain,515,-0.013577345282474212,-0.00484993000427598,0.1553398058252427,0.18446601941747573,100,20262110,one_domain,second_domain
post_score,515,0.3317475531337902,0.5445940705887697,0.1553398058252427,0.18446601941747573,100,20262110,one_domain,second_domain
