replicate,coverage,exposure,correlation_baseline,correlation_observed_gain,correlation_post_score,rank_correlation_baseline,rank_correlation_observed_gain,rank_correlation_post_score,post_minus_gain,post_minus_baseline,rank_post_minus_gain
1,balanced,all,0.5173210331089338,-0.05132101180205158,0.4990825222111067,0.6159634097808806,-0.0015620162918806577,0.6614381483466948,0.5504035340131583,-0.01823851089782713,0.6630001646385755
1,balanced,first_domain,0.5458124307724804,-0.11508809539943946,0.48693284172127627,0.6313228486328215,-0.07167727585267251,0.6263403075037114,0.6020209371207157,-0.05887958905120416,0.6980175833563839
1,balanced,second_domain,0.48625315345433723,0.025428545849477218,0.5127173423866169,0.5969660622317814,0.08486338541491385,0.696989789002832,0.4872887965371397,0.026464188932279697,0.6121264035879181
1,one_domain,all,0.35719287153786206,-0.03639948034059399,0.3539590518274784,0.48953379493619803,-0.027381937668824706,0.5464278664381446,0.39035853216807237,-0.0032338197103836674,0.5738098041069692
1,one_domain,first_domain,0.3900197852142007,-0.07830836567361388,0.46575895679983315,0.5253116606065245,-0.0708510836527749,0.6964637840324218,0.544067322473447,0.07573917158563243,0.7673148676851967
1,one_domain,second_domain,0.3226776901779752,0.02714223537572329,0.34321072939734004,0.4499051849778456,0.047208381631225226,0.48590289557304306,0.31606849402161674,0.020533039219364835,0.43869451394181785
2,balanced,all,0.5039214469715658,0.05657346012497325,0.5608949025970782,0.6017132217610722,0.08488744105828808,0.693601571020274,0.504321442472105,0.05697345562551237,0.6087141299619859
2,balanced,first_domain,0.4765236939386557,0.008448579306107158,0.5204687396372403,0.5723838338726546,0.028533401653143872,0.6443765497157233,0.5120201603311331,0.043945045698584595,0.6158431480625794
2,balanced,second_domain,0.5353735461187892,0.11369464620474475,0.6042755163456158,0.6342464194458751,0.14775434038782295,0.7433716611675564,0.4905808701408711,0.06890197022682665,0.5956173207797334
2,one_domain,all,0.3935346479075361,0.03021413303496367,0.438184268302138,0.4971868443127921,0.005104270898151193,0.5811359215842313,0.40797013526717435,0.04464962039460191,0.5760316506860801
2,one_domain,first_domain,0.36511113085433017,0.05908421235687606,0.5404654668486467,0.48974177617889786,0.03928741844948688,0.7308572177017513,0.48138125449177066,0.17535433599431655,0.6915697992522644
2,one_domain,second_domain,0.42607171247616,-0.008284326745529444,0.42330413902045616,0.5093543970962944,-0.031172980076698685,0.5080431183502984,0.4315884657659856,-0.002767573455703831,0.539216098426997
3,balanced,all,0.5039149191698384,0.016625230594981378,0.5305552279124927,0.6014296887533368,0.06931800921105419,0.681808681402335,0.5139299973175113,0.026640308742654217,0.6124906721912808
3,balanced,first_domain,0.48230086528470517,-0.02472678125370003,0.4977141381795781,0.5631023622812483,0.03944792484965224,0.6436221903819427,0.5224409194332781,0.015413272894872931,0.6041742655322905
3,balanced,second_domain,0.5264301222352533,0.05874766353025663,0.5668275755468747,0.6334576550661504,0.1018606878439951,0.7186227155479319,0.5080799120166181,0.04039745331162137,0.6167620277039367
3,one_domain,all,0.36697322810360167,-0.03295825520918372,0.3674927843016566,0.4724903187152211,-0.017900796498273686,0.543381673024149,0.4004510395108403,5.195561980549379e-4,0.5612824695224227
3,one_domain,first_domain,0.3554037277773293,-0.011726604952262234,0.49904836725363927,0.469588801395756,0.027321985254743476,0.755246272439737,0.5107749722059015,0.14364463947630995,0.7279242871849935
3,one_domain,second_domain,0.37966378457102634,-0.06844626296553467,0.3397424221978322,0.4773763848021004,-0.0465552978109527,0.44895610265893876,0.40818868516336687,-0.03992136237319416,0.49551140046989145
4,balanced,all,0.4993117149775484,0.06203752011511419,0.5450106730283523,0.5894024619487207,0.1316806959366751,0.6726496367243133,0.48297315291323806,0.04569895805080387,0.5409689407876382
4,balanced,first_domain,0.5239642711252457,0.051844638036652325,0.5588499109618655,0.5927588463120151,0.1263937022278699,0.6734385841775337,0.5070052729252132,0.03488563983661985,0.5470448819496638
4,balanced,second_domain,0.47516101955702644,0.07174128985118547,0.5313227578558608,0.5887583757293856,0.13470699507337153,0.6720289652524535,0.45958146800467536,0.05616173829883436,0.5373219701790819
4,one_domain,all,0.4084508985867673,0.019313761985631183,0.4438180200967102,0.4990160203648683,0.005974632725954309,0.5707870399444014,0.424504258111079,0.03536712150994287,0.564812407218447
4,one_domain,first_domain,0.4331638964931518,0.03844443199304102,0.5947996589507734,0.49400652584491317,0.0633643177360729,0.7308095704686179,0.5563552269577323,0.16163576245762157,0.6674452527325451
4,one_domain,second_domain,0.38471613675928196,-0.01782746680115745,0.3769812500385747,0.5033507949239908,-0.04373315203384125,0.49178630816646185,0.3948087168397321,-0.007734886720707268,0.535519460200303
5,balanced,all,0.4795579878299613,0.011261792343231986,0.4896150473325849,0.6202856375776703,0.023596437139514016,0.6601622716972291,0.4783532549893529,0.010057059502623589,0.6365658345577151
5,balanced,first_domain,0.5309669379115296,0.0172916696355361,0.5495025209457343,0.6448759391039848,0.050940576643241905,0.7030504860655742,0.5322108513101982,0.01853558303420466,0.6521099094223323
5,balanced,second_domain,0.4414652361366446,0.013462370690339247,0.4493968846544129,0.5954901110409829,0.001906270134404728,0.6194173142656951,0.4359345139640737,0.007931648517768286,0.6175110441312904
5,one_domain,all,0.3695020715853179,0.0038532727370874783,0.3802856624899843,0.48712312921179973,0.009045626443126157,0.5543486679181969,0.37643238975289683,0.010783590904666407,0.5453030414750708
5,one_domain,first_domain,0.3940656870818447,0.03726042165539993,0.5407545948015157,0.5160203839565124,0.045894299651760055,0.7583108532235638,0.5034941731461158,0.14668890771967097,0.7124165535718038
5,one_domain,second_domain,0.3563082900698161,0.006077517155851519,0.35191193226295125,0.46231809564087306,0.005229901874938108,0.4658281648747523,0.3458344151070997,-0.00439635780686487,0.4605982629998142
6,balanced,all,0.4690358531139298,0.10455866796445976,0.55516873517111,0.5693857630303858,0.14921793765765318,0.6808684379508106,0.4506100672066502,0.08613288205718017,0.5316505002931575
6,balanced,first_domain,0.4985745273120066,0.07305318977340526,0.550049966006166,0.6131598340836767,0.10905024630455452,0.674368097201996,0.4769967762327607,0.05147543869415938,0.5653178508974415
6,balanced,second_domain,0.43940096115731375,0.13861993320601956,0.5626240856949951,0.5273244732150373,0.1842110708753196,0.6866362538089348,0.42400415248897555,0.12322312453768136,0.5024251829336152
6,one_domain,all,0.34255822568568145,0.08490884452464226,0.42004714973102075,0.4531578373263767,0.09209025213982514,0.5632700208816926,0.3351383052063785,0.0774889240453393,0.4711797687418675
6,one_domain,first_domain,0.37505842298290415,0.0859502965966606,0.5426918099613292,0.48032129275279095,0.08991939348214933,0.7364895119549388,0.45674151336466856,0.167633386978425,0.6465701184727894
6,one_domain,second_domain,0.309086588216431,0.10528811812371375,0.3781004965777043,0.4285533995730515,0.11360966557935849,0.48359357807116005,0.27281237845399053,0.0690139083612733,0.36998391249180157
7,balanced,all,0.5270909587706523,0.1092396500652064,0.572083381926801,0.6429316297092419,0.18254236947471203,0.7376196947855219,0.46284373186159455,0.04499242315614871,0.5550773253108099
7,balanced,first_domain,0.5276990600776199,0.09995268613769094,0.5425135229041897,0.6613592649590436,0.1997238047957212,0.7364553937133518,0.4425608367664988,0.01481446282656984,0.5367315889176306
7,balanced,second_domain,0.5318054999118952,0.11940870942871698,0.6098585728582528,0.6201089258800566,0.1551479171625103,0.7255230565063949,0.4904498634295359,0.07805307294635766,0.5703751393438846
7,one_domain,all,0.4564473617285931,0.054208946449990324,0.4829226403189193,0.5520151161419693,0.07461696079085335,0.633866675978345,0.428713693868929,0.026475278590326168,0.5592497151874917
7,one_domain,first_domain,0.45396064659520063,0.0586914868574994,0.5525538382494336,0.5625531124636388,0.1605108299838299,0.8013413064414319,0.4938623513919342,0.09859319165423297,0.6408304764576019
7,one_domain,second_domain,0.4665889925610966,-0.031820442278107396,0.4408225777914897,0.5375750092706407,-0.06257113492107724,0.5145036996508562,0.4726430200695971,-0.025766414769606893,0.5770748345719334
8,balanced,all,0.45955764410905825,0.0036023830869952147,0.4712137945065905,0.6011866439072446,0.05179934593132664,0.6707449935528562,0.4676114114195953,0.011656150397532261,0.6189456476215296
8,balanced,first_domain,0.5134318599515486,0.0479445266601971,0.5572407512657299,0.6100882619534276,0.13181202801667202,0.7486356978199238,0.5092962246055328,0.04380889131418131,0.6168236698032518
8,balanced,second_domain,0.4228460200076759,-0.02663397822757732,0.4164789289426576,0.5930007626030561,-0.024267566794834036,0.5980625555161144,0.4431129071702349,-0.0063670910650183155,0.6223301223109484
8,one_domain,all,0.39096483915656194,0.05485676387494133,0.4237255203518215,0.47728093752304784,0.133917293043372,0.5978462648325998,0.36886875647688017,0.032760681195259544,0.4639289717892279
8,one_domain,first_domain,0.4439938855249229,0.15331204445917299,0.6082761535702111,0.49793631329185445,0.25850179584631994,0.7952099478119645,0.45496410911103813,0.16428226804528823,0.5367081519656446
8,one_domain,second_domain,0.3538741525503724,8.004324551614518e-4,0.3601303344086793,0.4569795739151484,0.04259106637075533,0.4845815589363023,0.3593299019535179,0.006256181858306897,0.44199049256554696
9,balanced,all,0.5320061638644572,0.10992263842382148,0.5853100237115259,0.6172546663495376,0.15309284762537528,0.7258332297673464,0.47538738528770436,0.053303859847068646,0.5727403821419712
9,balanced,first_domain,0.5470722579176407,0.034242161633111605,0.5586574073685943,0.6497414292310819,0.08331740872015989,0.7154118224585985,0.5244152457354827,0.011585149450953569,0.6320944137384386
9,balanced,second_domain,0.515079878546859,0.19468508183407088,0.6182248469780299,0.5815780013256847,0.22783216614127838,0.7376942974183861,0.4235397651439591,0.10314496843117094,0.5098621312771077
9,one_domain,all,0.38539367273829855,0.008798916472483247,0.4007576876513086,0.4851605094803849,0.0019265318579167194,0.5559985327872027,0.3919587711788253,0.015364014913010038,0.554072000929286
9,one_domain,first_domain,0.41938035876126517,0.01434873101536532,0.5332160108537852,0.5515686719290553,0.04367782816061607,0.7896266725710808,0.51886727983842,0.11383565209252006,0.7459488444104647
9,one_domain,second_domain,0.34885687192629844,0.019847143454306503,0.35928082503086495,0.41937034764972014,0.0064496757009447495,0.42021490577972925,0.33943368157655845,0.010423953104566508,0.4137652300787845
10,balanced,all,0.45141200907565626,-0.022217280347484325,0.4609278014846864,0.5981735518345417,-0.02550933541109659,0.6478880472447113,0.4831450818321707,0.00951579240903011,0.6733973826558078
10,balanced,first_domain,0.4516456080967579,-0.011079353332623162,0.4726989676164849,0.5746860017594481,-0.01527035662296478,0.6165444869857247,0.48377832094910805,0.021053359519726977,0.6318148436086896
10,balanced,second_domain,0.4519458750683033,-0.03240329657924546,0.4522668894334605,0.6196083902288387,-0.03397912980021442,0.675978781805133,0.48467018601270595,3.210143651571906e-4,0.7099579116053475
10,one_domain,all,0.34857103252869276,-0.011896466029923376,0.35576445924732886,0.47124813654440706,0.01887347953566657,0.5370892175781962,0.36766092527725225,0.007193426718636098,0.5182157380425296
10,one_domain,first_domain,0.3546352352401384,-0.005236918819577622,0.46255618633559464,0.43003559754412995,0.04153751392457395,0.6533332517317292,0.46779310515517225,0.10792095109545624,0.6117957378071552
10,one_domain,second_domain,0.3439830237626445,-0.009947258318974552,0.3401372311968409,0.5088532247768123,0.01815997821467709,0.5162500782996965,0.35008448951581544,-0.003845792565803585,0.4980901000850194
11,balanced,all,0.5255583258656076,-0.016295248293519356,0.5237406311973565,0.6030782725427338,0.024115381937006512,0.6600877219082143,0.5400358794908758,-0.001817694668251102,0.6359723399712078
11,balanced,first_domain,0.49199376154546776,0.006695687749389532,0.5306977912386802,0.5792581000680368,0.017969869686015133,0.6560349200595507,0.5240021034892907,0.03870402969321246,0.6380650503735356
11,balanced,second_domain,0.5578849867521466,-0.03706056687012327,0.5160432751719599,0.6177487733927376,0.03637998905099721,0.6607552013742236,0.5531038420420832,-0.04184171158018668,0.6243752123232265
11,one_domain,all,0.4056384279371796,0.06528397257763036,0.45779294932771303,0.4732607846755537,0.05609519894851117,0.580568727236308,0.39250897675008267,0.05215452139053345,0.5244735282877968
11,one_domain,first_domain,0.3834483974003865,0.1412083302987856,0.591975973134609,0.45698311462670976,0.12087148751614522,0.750100334237931,0.45076764283582343,0.20852757573422254,0.6292288467217858
11,one_domain,second_domain,0.4238306760524318,-0.057559079854780724,0.38954283385232163,0.48634026786651946,-0.05474004350637737,0.4553696036045574,0.44710191370710234,-0.034287842200110163,0.5101096471109348
12,balanced,all,0.4690947657573673,0.1693017312707151,0.594149234813605,0.5595232312890593,0.18639694916104088,0.7188921757871464,0.4248475035428899,0.12505446905623774,0.5324952266261055
12,balanced,first_domain,0.4587312046822245,0.2043766517260483,0.6120105419467913,0.5538258912679398,0.25107891750067435,0.7583194696319505,0.407633890220743,0.15327933726456677,0.5072405521312762
12,balanced,second_domain,0.4804766895687068,0.126496827121543,0.5746631591625546,0.5673074123288916,0.10730534895065336,0.676755258827976,0.44816633204101164,0.0941864695938478,0.5694499098773227
12,one_domain,all,0.4117999090989718,0.13260833935041688,0.50910050453845,0.47558930448003073,0.12261466954420229,0.613650685074027,0.37649216518803313,0.09730059543947822,0.4910360155298247
12,one_domain,first_domain,0.38253607083290936,0.2722685534006898,0.6409634307470451,0.4685937216078458,0.2885736191573374,0.8069123251447381,0.3686948773463553,0.25842735991413573,0.5183387059874007
12,one_domain,second_domain,0.442921579389226,-0.03689207899823179,0.42524374469207155,0.48078976105871074,-0.029462090624716816,0.46509720172580765,0.4621358236903033,-0.01767783469715445,0.4945592923505245
13,balanced,all,0.5108582251904493,0.12980518541068742,0.5952109330377711,0.6018519107994239,0.1963928915876021,0.7424754772040745,0.46540574762708364,0.08435270784732174,0.5460825856164724
13,balanced,first_domain,0.5290809828750613,0.08264285095378533,0.58742940903154,0.6064928630992249,0.16735455381324635,0.7392456659605615,0.5047865580777546,0.05834842615647862,0.5718911121473151
13,balanced,second_domain,0.49486614064245327,0.1756377003053041,0.6031403556995905,0.5983276164819374,0.22965041413854262,0.7488749579770666,0.42750265539428633,0.10827421505713719,0.519224543838524
13,one_domain,all,0.395044954770424,0.09048154260501912,0.47388098369057313,0.4792914780428543,0.11246742889838254,0.6209047388263464,0.383399441085554,0.07883602892014913,0.5084373099279639
13,one_domain,first_domain,0.387037962450744,0.19677248846489173,0.6066325304205474,0.4487377640010946,0.2792829700516596,0.8066492105534598,0.40986004195565573,0.21959456796980342,0.5273662405018003
13,one_domain,second_domain,0.4013888829896104,0.02275114054902621,0.4232947290788456,0.5120624695653484,0.001901483602731639,0.5134398800822737,0.40054358852981936,0.02190584608923518,0.511538396479542
14,balanced,all,0.5002214095114275,0.07407714955005086,0.5519752265429352,0.6172995749198986,0.14012270770102087,0.7112738975806914,0.47789807699288434,0.05175381703150772,0.5711511898796705
14,balanced,first_domain,0.5488672167852852,-0.043094208103836754,0.5338985252861381,0.663059552082145,0.012036535894255376,0.6840838099743376,0.5769927333899749,-0.014968691499147035,0.6720472740800822
14,balanced,second_domain,0.4475372582906875,0.18784533891921454,0.5718644311296387,0.5712968552983758,0.26069412042126205,0.7349655364152602,0.3840190922104242,0.12432717283895117,0.47427141599399814
14,one_domain,all,0.397056516083199,-0.012181135958371529,0.40683717707076317,0.4948836700717336,-0.007274128752637045,0.5641214053679549,0.41901831302913467,0.009780660987564194,0.5713955341205919
14,one_domain,first_domain,0.40292012362326013,0.02965275848313353,0.536309269275893,0.49580888855713195,0.08460681583959917,0.7670655992689336,0.5066565107927594,0.13338914565263282,0.6824587834293344
14,one_domain,second_domain,0.3917482619966313,-0.05528621854692078,0.3647896644805721,0.4923525648729095,-0.04252421148093511,0.4663587955817726,0.4200758830274929,-0.026958597516059224,0.5088830070627077
15,balanced,all,0.4665268865554722,-0.005949275041735191,0.4724378509137447,0.556686037059431,0.005088970522646416,0.6076047832671208,0.4783871259554799,0.005910964358272486,0.6025158127444743
15,balanced,first_domain,0.4766378730126393,0.04041907703703529,0.4997173369750241,0.5623853805369039,0.07576862062016965,0.6633834606685567,0.4592982599379888,0.02307946396238475,0.587614840048387
15,balanced,second_domain,0.4569107151251852,-0.046137951299775604,0.4441950063996305,0.5506050141875038,-0.0635513287980503,0.5531930225644435,0.4903329576994061,-0.01271570872555472,0.6167443513624937
15,one_domain,all,0.42998663417289057,0.03189595724046633,0.45139657014681744,0.5035680013323056,0.06007420514730731,0.5864137685042736,0.4195006129063511,0.021409935973926875,0.5263395633569663
15,one_domain,first_domain,0.43097552361706887,0.06473710995810886,0.5788034760711515,0.49875959720521257,0.12525336298001735,0.7579278221664011,0.5140663661130426,0.1478279524540826,0.6326744591863838
15,one_domain,second_domain,0.4290036159651723,-0.00358211949242238,0.40672515257359926,0.507368223373121,0.007297901483442005,0.4837241377129752,0.41030727206602163,-0.022278463391573022,0.4764262362295332
16,balanced,all,0.5202802342416393,0.04347030866487573,0.5393740003860178,0.6131257033237386,0.11382268088164381,0.7120597219860691,0.49590369172114207,0.01909376614437852,0.5982370411044253
16,balanced,first_domain,0.5326178343858949,0.002392271175824914,0.5339516641704665,0.5909982348040136,0.1002111005155815,0.7118916974775222,0.5315593929946415,0.0013338297845715275,0.6116805969619408
16,balanced,second_domain,0.5144422953279372,0.08834012016439399,0.5495170848529088,0.6376628048058556,0.13284465333512288,0.7147041451803938,0.4611769646885149,0.03507478952497167,0.581859491845271
16,one_domain,all,0.37353725868161936,-0.0012116157205440048,0.3831149614158971,0.4758882006488509,0.03857050320014732,0.5720749839964686,0.38432657713644114,0.009577702734277771,0.5335044807963213
16,one_domain,first_domain,0.38139453708906224,-0.0042271095034446685,0.49304975904435916,0.45920238595375396,0.06254871037974837,0.7205042336934739,0.49727686854780384,0.11165522195529692,0.6579555233137255
16,one_domain,second_domain,0.36915899875152336,0.03360651420098289,0.3838551151550171,0.4914095735690218,0.06641105590315029,0.5243269823182382,0.3502486009540342,0.01469611640349372,0.4579159264150879
17,balanced,all,0.48472474208703875,0.007035213527661752,0.513815901113163,0.6187416497948389,0.007101418512555057,0.6634107789645284,0.5067806875855012,0.029091159026124247,0.6563093604519733
17,balanced,first_domain,0.4783448842163134,-0.035931209363415303,0.4957175886028393,0.627761857816276,-0.028863357871154294,0.6639278885660662,0.5316487979662546,0.01737270438652594,0.6927912464372206
17,balanced,second_domain,0.48985483852262207,0.055040575729209465,0.5361402454561234,0.6074309434685563,0.05199104607929507,0.6714300458678436,0.4810996697269139,0.046285406933501305,0.61943899978854855
17,one_domain,all,0.3917052986769477,0.009386882023212102,0.4220995095902583,0.5060476428476012,0.007299270194450491,0.5808187899800604,0.41271262756704624,0.030394210913310626,0.5735195197856099
17,one_domain,first_domain,0.4073282581616512,0.046734351717901135,0.5668758275312366,0.5145750096994464,0.09173784373418382,0.7969422952072311,0.5201414758133354,0.15954756936958536,0.7052044514730473
17,one_domain,second_domain,0.3754338888499641,-0.0012451285159227462,0.37710140348193055,0.4939845572948784,-0.012312089484086214,0.4812579671363941,0.3783465319978533,0.0016675146319664602,0.49357005662048037
18,balanced,all,0.489200164258142,0.03826286244982211,0.5181247674825334,0.6212481976621259,0.06991642156089184,0.6779764068553147,0.4798619050327113,0.028924603224391443,0.6080599852944228
18,balanced,first_domain,0.5133111365841933,0.07173498231518068,0.5836304553409819,0.6176873880896849,0.0883952325284875,0.7039705647754617,0.5118954730258012,0.07031931875678865,0.6155753322469742
18,balanced,second_domain,0.474940580780792,0.014422132438180442,0.47398910877009304,0.6254866734860337,0.05394276021150696,0.6559045244229047,0.45956697633191257,-9.514720106989505e-4,0.6019617642113977
18,one_domain,all,0.3732541722286288,-0.010407651795797777,0.38651622853483947,0.4859522315298428,0.009042214163579112,0.5732883234425673,0.39692388033063725,0.01326205630621069,0.5642461092789882
18,one_domain,first_domain,0.3892052819615468,0.025765929357672624,0.5641879997020891,0.4848092383122315,0.009807157174104112,0.7553492485601132,0.5384220703444165,0.1749827177405423,0.7455420913860091
18,one_domain,second_domain,0.3643988560563374,-0.029256426487504383,0.3447773227604764,0.4851806266964053,0.010359174539419144,0.486849765250395,0.3740337492479808,-0.01962153329586097,0.4764905907109758
19,balanced,all,0.4925241092487152,0.07148539778218516,0.5485709753763646,0.5735008980215137,0.1276142120282461,0.6872767205548119,0.4770855775941794,0.056046866127649364,0.5596625085265658
19,balanced,first_domain,0.4940716708955837,0.09714220996310849,0.5720557157596167,0.5526312974833562,0.13198939953500435,0.6831071800580403,0.47491350579650815,0.07798404486403299,0.551117780523036
19,balanced,second_domain,0.4931769054771114,0.04681829069416496,0.5297862001293926,0.5946282135451456,0.12344699642115611,0.6910617149122918,0.4829679094352276,0.03660929465228119,0.5676147184911358
19,one_domain,all,0.3778307641063814,0.011448426047644903,0.41061829014469936,0.45666527195515316,0.04178603935989407,0.5649231926770727,0.39916986409705446,0.03278752603831797,0.5231371533171786
19,one_domain,first_domain,0.38672464394528755,0.10288684960691737,0.5959311889142644,0.4506524980648654,0.13280734018828808,0.762036901853461,0.4930443393073471,0.2092065449689769,0.6292295616651729
19,one_domain,second_domain,0.3703281197952079,-0.049627935292495005,0.3459025816644965,0.4608333980272628,-0.013692800159316742,0.45903822076612216,0.3955305169569915,-0.02442553813071141,0.4727310209254389
20,balanced,all,0.4786581557805481,0.004459847843594776,0.48270282407888687,0.6431085641294585,0.05141015129360846,0.6901763777715578,0.4782429762352921,0.004044668298338772,0.6387662264779493
20,balanced,first_domain,0.4984814532626096,0.07196664344546409,0.5401630456718602,0.6388741750974242,0.12360835173424264,0.7325439973089665,0.46819640222639614,0.04168159240925062,0.6089356455747238
20,balanced,second_domain,0.45903703498054166,-0.04795076488993117,0.4295673320250897,0.6440697287750268,-0.014593744387029818,0.6431984269090282,0.47751809691502084,-0.029469702955451982,0.657792171296058
20,one_domain,all,0.34075736108205645,0.041349721633153716,0.3618529732965166,0.4641666443519318,0.04722260548807527,0.5445476923669355,0.3205032516633629,0.021095612214460158,0.4973250868788602
20,one_domain,first_domain,0.35810441496252,0.1521496945715088,0.519242696826413,0.4345978756644154,0.2404252086047495,0.7511849090252027,0.3670930022549042,0.161138281863893,0.5107597004204533
20,one_domain,second_domain,0.3267366894590758,-0.006868606773872335,0.315456754309802,0.49129942935616355,-0.03166958337324703,0.47072210562875744,0.3223253610836744,-0.011279935149273779,0.5023916890020045
21,balanced,all,0.5102012760365223,0.07023901038615697,0.5596918968859118,0.6165736417214018,0.14731121500689595,0.7224959272692737,0.4894528864997548,0.04949062084938949,0.5751847122623778
21,balanced,first_domain,0.5224713568267155,0.12729487830137712,0.5752565134643686,0.6142322435384847,0.23088964671907267,0.7365504030124203,0.4479616351629915,0.05278515663765304,0.5056607562933476
21,balanced,second_domain,0.4997152255223401,0.02547564589410418,0.5458077163603207,0.618288236827984,0.07593712813157111,0.7068446891897628,0.5203320704662164,0.04609249083798056,0.6309075610581918
21,one_domain,all,0.4375487279241287,0.05115236436121276,0.466958394606101,0.5169782270311236,0.08579585292154582,0.6021031222893591,0.41580603024488827,0.029409666681972313,0.5163072693678133
21,one_domain,first_domain,0.4531341612035444,0.08186204961584442,0.5904827207783209,0.49153059979087016,0.20218545801722124,0.7843086118003636,0.5086206711624764,0.13734855957477649,0.5821231537831424
21,one_domain,second_domain,0.42445929139848937,0.03437866421262984,0.44155077542904914,0.5386307710853522,0.017623460812074766,0.533016033155779,0.4071721112164193,0.017091484030559767,0.5153925723437042
22,balanced,all,0.4885328196747418,0.0033859364407235596,0.49439505976593834,0.5958362755376823,0.03592398060816286,0.644970513283996,0.4910091233252148,0.005862240091196513,0.6090465326758332
22,balanced,first_domain,0.4920715787239756,-0.06131549014895664,0.45226968298792825,0.5925008512522503,-0.002469181611194345,0.6144470639406852,0.5135851731368849,-0.039801895736047366,0.6169162455518795
22,balanced,second_domain,0.48197004036805813,0.09265020031565194,0.5396385401305839,0.5985128776711345,0.08849665480956413,0.6782547856108181,0.4469883398149319,0.05766849976252575,0.5897581308012539
22,one_domain,all,0.3826141638347147,0.02252393804375775,0.4314544710256611,0.4659460410741333,0.02106097555198251,0.5654094585948319,0.40893053298190335,0.0488403071909464,0.5443484830428494
22,one_domain,first_domain,0.3691178597218695,0.07783996392413736,0.5579560269270534,0.4441337772033114,0.13054392459157718,0.7448394291227117,0.480116063002916,0.18883816720518387,0.6142955045311346
22,one_domain,second_domain,0.3962016237997915,-2.0089191105269083e-4,0.3839725737621453,0.4856768408794831,-0.044676343671843886,0.4474250736167734,0.384173465673198,-0.012229050037646239,0.4921014172886173
23,balanced,all,0.5165263691557375,0.12496208881721961,0.5831361182021645,0.5847511763979285,0.21457696115494937,0.7166141124046173,0.4581740293849449,0.06660974904642702,0.5020371512496679
23,balanced,first_domain,0.5389613650387584,0.1456048770542882,0.6123228716139797,0.6073716817632842,0.2266530688180487,0.7395269819048599,0.4667179945596915,0.07336150657522134,0.5128739130868112
23,balanced,second_domain,0.5027688743640133,0.10535755972475641,0.5644017663843875,0.5616670506689557,0.2021837108288179,0.6918675597890778,0.45904420665963114,0.06163289202037425,0.48968384896025985
23,one_domain,all,0.392010491856472,0.05484150574317323,0.42422712841610394,0.4541162260006449,0.09627370819467032,0.5717345140247819,0.36938562267293074,0.03221663655963192,0.47546080583011163
23,one_domain,first_domain,0.4076907258121467,0.16593044154422337,0.5942702281456375,0.4738438417973684,0.22385335467010706,0.8097999517359667,0.4283397866014141,0.18657950233349074,0.5859465970658597
23,one_domain,second_domain,0.3822442321560451,0.0120308892814368,0.38672693980078915,0.4331108259713426,0.04952600759430833,0.45204250583509664,0.37469605051935234,0.004482707644744066,0.40251649824078833
24,balanced,all,0.5151256431923054,0.04889747655337109,0.5561321529540216,0.6106075040466932,0.09185911018706389,0.6882642002771316,0.5072346764006506,0.04100650976171627,0.5964050900900677
24,balanced,first_domain,0.5054641608380785,-0.01829544127585734,0.513087028823936,0.606460215640812,0.008883816644190226,0.6188217520254078,0.5313824700997933,0.007622867985857429,0.6099379353812175
24,balanced,second_domain,0.5301729945731802,0.11925666745043864,0.610076436013902,0.61363357610073,0.1689229094528936,0.7519599573403486,0.49081976856346343,0.07990344144072181,0.583037047887455
24,one_domain,all,0.32848994581567403,0.025602611781807453,0.3864757640190343,0.4506630364287301,0.013153494857252694,0.55505161421311,0.3608731522372268,0.05798581820336024,0.5418981193558573
24,one_domain,first_domain,0.32574205771670783,0.019018218400504668,0.5018391441396881,0.45864885114594267,-0.014864459482998364,0.7085956099574254,0.48282092573918345,0.17609708642298028,0.7234600694404238
24,one_domain,second_domain,0.3366263070810984,0.04066098498738258,0.37932979296477826,0.44412104797559043,0.0696596703435616,0.4928270814252741,0.3386688079773957,0.04270348588367984,0.4231674110817125
25,balanced,all,0.5139041235898679,0.023987095755539693,0.531452499475197,0.6133635508949602,0.055523963650187184,0.6755701050590155,0.5074654037196573,0.017548375885329093,0.6200461414088283
25,balanced,first_domain,0.5181646113736694,0.08835013272316894,0.5614937727760645,0.6217290985988899,0.11205805960121672,0.7024063012604116,0.47314364005289555,0.04332916140239507,0.5903482416591949
25,balanced,second_domain,0.5090359696584678,-0.049264130695038204,0.4977193503915928,0.6020468906442353,-0.011546611845851729,0.6368786522867991,0.546983481086631,-0.011316619266874939,0.6484252641326508
25,one_domain,all,0.4155365603592423,0.0947720974986217,0.4985691816477996,0.478920292308248,0.095299708117047785,0.6119785567012279,0.4037970841491779,0.08303262128855732,0.5166788485841801
25,one_domain,first_domain,0.42449690985133237,0.19727592986211276,0.6461342682310589,0.48610402411432746,0.2508045205195293,0.8099008523686176,0.4488583383689462,0.22163735837972653,0.5590963318490884
25,one_domain,second_domain,0.4059434210162667,-0.0032929421826761395,0.40700975843259657,0.4678254738950533,-0.005363496189456391,0.4743998368315132,0.4103027006152727,0.0010663374163298878,0.47976333302096963
26,balanced,all,0.5201872776010851,0.048274696782007874,0.5403880380441247,0.6073767303008079,0.10896579479604686,0.6692568856933708,0.49211334126211687,0.020200760443039645,0.560291090897324
26,balanced,first_domain,0.5224967692577063,0.18660308330068523,0.6145043533886096,0.6003579587131492,0.27852720074743986,0.7785591961920065,0.42790127008792445,0.09200758413090337,0.5000319954445667
26,balanced,second_domain,0.5183370397399798,-0.07907750985080021,0.46326390688820385,0.614838707976604,-0.05238484114710958,0.5554290177903191,0.542341416739004,-0.05507313285177595,0.6078138589374287
26,one_domain,all,0.422510784774348,-4.801619441766918e-4,0.4265046974718585,0.5014550761199105,0.020373202838976225,0.5656499875260323,0.4269848594160352,0.003993912697510482,0.5452767846870561
26,one_domain,first_domain,0.44857425974155296,0.04869618151788487,0.5792412258473476,0.5208426799329572,0.11467057621850854,0.7723248884965296,0.5305450443294627,0.13066696610579465,0.6576543122780211
26,one_domain,second_domain,0.39673611115568663,-0.04538654723653282,0.3589325711512672,0.48107367908538634,-0.03383316449946094,0.437712654620365,0.4043191183878,-0.037803540004419434,0.47154581911982596
27,balanced,all,0.5218432503363403,0.05947169688898486,0.5655933601139054,0.6322737881072473,0.10397848484326581,0.7069879298044066,0.5061216632249205,0.043750109777565105,0.6030094449611408
27,balanced,first_domain,0.5042896903163713,0.04707571589259784,0.5377539003558761,0.6140991567018479,0.10074880471614442,0.7007933570736428,0.49067818446327827,0.03346421003950484,0.6000445523574983
27,balanced,second_domain,0.5448556357568731,0.07458525399197463,0.6023718927885916,0.6525699926067005,0.10845812147180067,0.7178415638438441,0.527786638796617,0.057516257031718476,0.6093834423720434
27,one_domain,all,0.43970732734168394,0.10393649506273055,0.49743203366346395,0.5051231731445778,0.13168382760304073,0.6035411459928198,0.3934955386007334,0.057724706321780006,0.47185731838977907
27,one_domain,first_domain,0.42059700564429386,0.1843291802598969,0.5837602035380184,0.49557864867781704,0.29385384005361487,0.7864570457825201,0.3994310232781215,0.16316319789372452,0.4926032057289052
27,one_domain,second_domain,0.4644490291405828,0.02453841010800136,0.4754831853692144,0.5164691862437089,-0.007518015030053834,0.505462898550187,0.45094477526121307,0.01103415622863163,0.5129809135802408
28,balanced,all,0.5501579117352664,0.037062634920620625,0.5677742155170165,0.6634521905837668,0.08914276105924893,0.7176936249584005,0.5307115805963958,0.017616303781750053,0.6285508638991516
28,balanced,first_domain,0.5538325541232448,0.047956021736552286,0.5821082822812894,0.6749744113545405,0.11515629143682628,0.7425165361208793,0.5341522605447371,0.028275728158044577,0.627360244684053
28,balanced,second_domain,0.5480738279574267,0.024700074203269775,0.5535819180474087,0.6501022337423059,0.06103606277367084,0.68819036589753535,0.5288818438441389,0.005508090089982098,0.6271543031238646
28,one_domain,all,0.43049935022707625,0.0766565942524878,0.49308005088007156,0.5084882723349547,0.11256325899022229,0.6373269542570922,0.41642345662758373,0.06258070065299531,0.52476369526687
28,one_domain,first_domain,0.4474595451773064,0.053323327911889366,0.5870464505947698,0.5223639996228143,0.1377859975587654,0.8199125313743464,0.5337231226828805,0.13958690541746338,0.682126533815581
28,one_domain,second_domain,0.41438253900590977,0.06598303168049006,0.4490739593969714,0.5009994532603158,0.06117639304611378,0.5256923192101285,0.38309092771648134,0.034691420391061656,0.4645159261640147
29,balanced,all,0.5167156218279145,0.0013359946604130529,0.5259308046608518,0.6253970664079679,0.047042654701766856,0.6840712416272297,0.5245948100004388,0.009215182832937319,0.6370285869254628
29,balanced,first_domain,0.5604448309241443,-0.03750774913548042,0.5381710169216564,0.676874244878017,0.024387940582556212,0.7220925936711883,0.5756787660571367,-0.022273814002487957,0.697704653088632
29,balanced,second_domain,0.4732368447848994,0.040680552782293114,0.5149358582484993,0.5721983355787646,0.06852605139479226,0.6464835528909485,0.4742553054662062,0.04169901346359989,0.5779575014961562
29,one_domain,all,0.3937080029176354,5.238615453209367e-5,0.4095315065436153,0.4889795034913701,0.008918594507070134,0.5645877624816829,0.40947912038908324,0.015823503625979896,0.5556691679746127
29,one_domain,first_domain,0.4186735370283043,0.010463877694434423,0.542943396722902,0.505621979772661,0.06477141102887364,0.7652239335369236,0.5324795190284676,0.12426985969459775,0.70045252250805
29,one_domain,second_domain,0.36884717750720536,-0.0410895820486911,0.3453758413494715,0.47245555192361194,-0.04246840703985149,0.45104175984039835,0.38646542339816264,-0.023471336157733835,0.49351016688024985
30,balanced,all,0.5030974491939562,0.05158176291528708,0.5308544133326952,0.5828415653362446,0.12289659752835068,0.6824520243109325,0.47927265041740813,0.02775696413873907,0.5595554267825819
30,balanced,first_domain,0.498001583837711,-0.013104673466589344,0.5074614781161088,0.5786225373005439,0.03403436568322237,0.6559675278752768,0.5205661515826981,0.009459894278397774,0.6219331621920544
30,balanced,second_domain,0.5079152900200571,0.11830525740523935,0.5522830761661297,0.5880732932435809,0.20871315690848144,0.7013421737578566,0.43397781876089037,0.04436778614607262,0.4926290168493751
30,one_domain,all,0.3705424143636117,0.020257751411761053,0.3981430464843792,0.49133711732973995,0.05777175565839774,0.5926482593754081,0.37788529507261814,0.02760063212076752,0.5348765037170103
30,one_domain,first_domain,0.359554650049012,0.03820644157736513,0.49476819226804325,0.47493665455194106,0.11228016984845549,0.7424822886528963,0.4565617506906781,0.13521354221903126,0.6302021188044409
30,one_domain,second_domain,0.38034215716713105,0.0148087374565972,0.3903902816794511,0.5081499590655365,0.010271638779128813,0.5002743435968046,0.3755815442228539,0.010048124512320067,0.49000270481767577
31,balanced,all,0.5217466676645726,0.08112256882097788,0.578979744725877,0.6000027112556177,0.12429626292101371,0.6929376615165839,0.4978571759048991,0.05723307706130443,0.5686413985955702
31,balanced,first_domain,0.5537024995044914,0.08152516315003097,0.5840456790518108,0.6260400248075132,0.1199921301764753,0.6804442898700103,0.5025205159017798,0.030343179547319465,0.560452159693535
31,balanced,second_domain,0.4936893833742955,0.08435063063931902,0.5766211463177681,0.5694557515026168,0.13492517268963922,0.7047104744246858,0.49227051567844904,0.08293176294347254,0.5697853017350466
31,one_domain,all,0.36464067859320015,-3.5166859932024894e-4,0.38119911229831227,0.478061392161142,-0.015495230666660857,0.5282766694657578,0.3815507808976325,0.01655843370511212,0.5437719001324186
31,one_domain,first_domain,0.38678854420250447,0.11709928524749512,0.5843485578803342,0.4873361566469289,0.11313318807062664,0.7234976951040322,0.4672492726328391,0.19756001367782977,0.6103645070334055
31,one_domain,second_domain,0.3443509423302125,-0.06256586740503853,0.3079107683579904,0.46918747809585915,-0.10804972234237467,0.41311529633014876,0.3704766357630289,-0.0364401739722221,0.5211650186725234
32,balanced,all,0.5302468290173081,0.06996848761190233,0.5717280936706844,0.64422243831479,0.1294266814791372,0.7262402261166876,0.5017596060587821,0.041481264653376315,0.5968135446375504
32,balanced,first_domain,0.4975957996309309,0.10425985488363287,0.5611277729303532,0.6127361660305041,0.18650472944023266,0.726405319892365,0.45686791804672033,0.06353197329942228,0.5399005904521323
32,balanced,second_domain,0.5602861515162577,0.03794108079586086,0.5817633850098605,0.6735079888718137,0.07652914155638225,0.7276587392214018,0.5438223042139996,0.021477233493602754,0.6511295976650195
32,one_domain,all,0.4129029763310603,0.049710598407691445,0.44319011713288975,0.5061594657882881,0.05974599226721385,0.5984781196995309,0.3934795187251983,0.030287140801829426,0.538732127432317
32,one_domain,first_domain,0.3844604936646822,0.14608620655146948,0.5765603350922551,0.4782937845962843,0.20860911850777775,0.8111975987491261,0.43047412854078565,0.19209984142757291,0.6025884802413484
32,one_domain,second_domain,0.44035120385613685,-0.05074545577488134,0.39458870574997224,0.5325662835826142,-0.039843517292171796,0.48962698989029724,0.44533416152485356,-0.04576249810616462,0.529470507182469
33,balanced,all,0.5027891486604373,-0.011754723422685381,0.4901115313942876,0.6618776665762377,0.038351072387600264,0.7106092825451239,0.501866254816973,-0.012677617266149743,0.6722582101575236
33,balanced,first_domain,0.4722153851067644,-0.008960015936712244,0.45681713588525846,0.6488402433844299,0.09000678849319772,0.7362094082893927,0.4657771518219707,-0.015398249221505955,0.646202619796195
33,balanced,second_domain,0.536959391761102,-0.012085966981834366,0.5314570289030517,0.6729508061807875,-0.0096175753019089,0.6939870317915091,0.5435429958848861,-0.00550236285805028,0.703604607093418
33,one_domain,all,0.3604679441340534,0.04759041588505842,0.4052631245874844,0.4826542566846859,0.03490381876015107,0.585528609091053,0.357672708702426,0.044795180453431005,0.550624790330902
33,one_domain,first_domain,0.33843195297855,0.06384662293401727,0.4672599273278473,0.466436687794339,0.13793398367753273,0.7593577034378963,0.40341330439383005,0.12882797434929733,0.6214237197603636
33,one_domain,second_domain,0.38508671963508134,0.05748657316415185,0.4147986718884999,0.4974575265057059,7.797344887869992e-4,0.502687882007292,0.35731209872434805,0.02971195225341855,0.501908147518505
34,balanced,all,0.47701397173305404,0.013442587779721848,0.49837758438468993,0.593895602845654,0.048988128292805855,0.6737821480648079,0.4849349966049681,0.021363612651635888,0.624794019772002
34,balanced,first_domain,0.4900815928823271,0.042157060496258926,0.5267406042707236,0.6050797699339869,0.09424409511643764,0.723299337549573,0.4845835437744646,0.036659011388396445,0.6290552424331354
34,balanced,second_domain,0.4643476866268764,-0.018158799957342594,0.46918665552918004,0.5858167434793461,-0.0017157450306230996,0.6262941060608832,0.48734545548652264,0.00483896890230362,0.6280098510915063
34,one_domain,all,0.4066520866931134,0.09412447131372324,0.4850730483555957,0.4579211599283028,0.1383618470172255,0.6146722018472552,0.39094857704187247,0.0784209616624823,0.4763103548300297
34,one_domain,first_domain,0.4469423880295757,0.14174354316946938,0.6328123189704583,0.473917704017385,0.25290296285837777,0.8011733976085769,0.49106877580098895,0.1858699309408826,0.5482704347501991
34,one_domain,second_domain,0.36792909992053763,0.0433247805291733,0.40536186044801736,0.4435326976481789,0.03836844685461617,0.4751290080074248,0.36203707991884404,0.037432760527479736,0.43676056115280865
35,balanced,all,0.519922125192131,0.058606565156403626,0.5537743758862731,0.6153538504811746,0.11325121916525532,0.6961708078559145,0.4951678107298695,0.033852250694142105,0.5829195886906591
35,balanced,first_domain,0.5331868694860261,0.10221186330894769,0.6169299615978241,0.6128538234384789,0.12152030419552012,0.7196535500915641,0.5147180982888764,0.08374309211179798,0.598133245896044
35,balanced,second_domain,0.5163059122666678,0.021540755000299745,0.5057226307625161,0.6179713763777706,0.10944590342780355,0.6766280906990577,0.4841818757622164,-0.010583281504151665,0.5671821872712541
35,one_domain,all,0.41971574540063006,0.02640123795286674,0.4434776740707859,0.4987925717570309,0.05768407249584961,0.5970591628687718,0.41707643611791917,0.023761928670155863,0.5393750903729222
35,one_domain,first_domain,0.4505347887405721,0.10713344953564104,0.6223138980715571,0.5281079971795327,0.14755426323621007,0.8015163856747581,0.515180448535916,0.171779109330985,0.6539621224385481
35,one_domain,second_domain,0.3980823378654445,-0.028181248859819485,0.3774473946289496,0.467971002327577,1.1008311142987753e-4,0.4767652188353233,0.4056286434887691,-0.020634943236494896,0.4766551357238934
36,balanced,all,0.5663770125899266,0.1161601044009258,0.6219656385653036,0.625649853384294,0.18808402199149626,0.7364425452027985,0.5058055341643778,0.05558862597537706,0.5483585232113022
36,balanced,first_domain,0.5808378132281361,0.18253567573586496,0.6567931851764008,0.6435768253480962,0.23718930526412133,0.7512351542072405,0.4742575094405359,0.07595537194826474,0.5140458489431192
36,balanced,second_domain,0.5558993884888948,0.05860268455657489,0.5937952104687275,0.6090220695128078,0.1387926151207579,0.7188114151741063,0.5351925259121526,0.03789582197983277,0.5800188000533484
36,one_domain,all,0.4110034267884267,0.10122235609908165,0.4725515206398816,0.4947845471753623,0.11858119282420279,0.5837406378639537,0.37132916454079995,0.06154809385145488,0.46515944503975093
36,one_domain,first_domain,0.4185215042504147,0.26893041458984784,0.6512533091302911,0.5125605816363434,0.31196251354220167,0.7954158558235848,0.38232289454044327,0.23273180487987644,0.4834533422813831
36,one_domain,second_domain,0.4065448440731109,-0.01579672648104144,0.39108875192152337,0.4781142553471288,-0.021247839735226794,0.44900759396280016,0.40688547840256484,-0.015456092151587553,0.47025543369802697
37,balanced,all,0.5289611884024705,0.08117572907585781,0.5732410051323693,0.628452614573234,0.13341784020262365,0.705443648205426,0.4920652760565115,0.04427981672989878,0.5720258080028024
37,balanced,first_domain,0.5089174606054429,0.11373719471965457,0.5635589069898438,0.6189333265058303,0.16558109478021163,0.6973537281207434,0.4498217122701892,0.05464144638440094,0.5317726333405317
37,balanced,second_domain,0.5499239868682525,0.046584859506500736,0.5857289202471637,0.6433618551844545,0.10125735291144121,0.7180001588388002,0.539144060740663,0.03580493337891122,0.616742805927359
37,one_domain,all,0.3831532506831104,0.04374939863131829,0.44481568108421404,0.48380256695141155,0.045292781923360885,0.6123671861896534,0.4010662824528958,0.06166243040110364,0.5670744042662925
37,one_domain,first_domain,0.35456805873325775,0.08268513213904101,0.5516294245373113,0.456992671013779,0.10907597239308953,0.7770894198562625,0.46894429239827035,0.1970613658040536,0.6680134474631729
37,one_domain,second_domain,0.4142607612569222,0.0030972749169786407,0.4241327014627252,0.5159473361301579,-0.021576585339116838,0.5168804720268395,0.42103542654574655,0.00987194020580301,0.5384570573659564
38,balanced,all,0.4906942888835526,0.08158369119123235,0.5498465632188737,0.5943025857094053,0.11126245964410435,0.6846228038224189,0.4682628720276414,0.05915227433532111,0.5733603441783146
38,balanced,first_domain,0.48019060613200754,0.13725324538009942,0.5600634316677868,0.597284469277767,0.19420788414498721,0.7224291817211723,0.4228101862876874,0.07987282553577929,0.5282212975761851
38,balanced,second_domain,0.5019167856034737,0.020372720342396594,0.5397438754664254,0.5903913333732537,0.02200451206341947,0.6421018286296817,0.5193711551240289,0.03782708986295169,0.6200973165662622
38,one_domain,all,0.34346560894138056,0.03707237718188681,0.40491023424407846,0.4618311692720496,0.028264413421059818,0.5581431350464908,0.36783785706219163,0.0614446253026979,0.529878721625431
38,one_domain,first_domain,0.31458713259754645,0.07219515075738789,0.5166703982033518,0.445546036800746,0.056871846100814076,0.7204662346090437,0.4444752474459639,0.20208326560580536,0.6635943885082296
38,one_domain,second_domain,0.3744033087642814,0.009977452330957644,0.3881161106245265,0.4770942838578475,0.015879757864626812,0.48814423343567354,0.37813865829356885,0.013712801860245094,0.4722644755710467
39,balanced,all,0.48022954856577205,0.0010135984054551002,0.4991039314071546,0.5860945188616358,0.044249395651205496,0.6790751450292237,0.49809033300169947,0.018874382841382542,0.6348257493780183
39,balanced,first_domain,0.47947596710252727,-0.01094149302901723,0.487217337654636,0.6071615800274218,0.04421650194304887,0.6887865332842322,0.4981588306836532,0.007741370552108717,0.6445700313411834
39,balanced,second_domain,0.4878993324507872,0.00814956498234483,0.5149082243554701,0.5644658355119313,0.046241527280682364,0.6712975907451313,0.5067586593731253,0.02700889190468292,0.625056063464449
39,one_domain,all,0.39489877130371237,0.0724838292883271,0.46307633381941216,0.48233318396474945,0.05670520154065121,0.6048185038145547,0.39059250453108507,0.06817756251569979,0.5481133022739035
39,one_domain,first_domain,0.39835395564092574,0.08056418068335905,0.564903640272173,0.4771657371349926,0.14959914173035616,0.7982941473032752,0.48433945958881397,0.16654968463124725,0.648695005572919
39,one_domain,second_domain,0.40117691381234605,0.023409629699189947,0.418352555223022,0.4931407318822573,0.004569829825840307,0.4902750902604789,0.39494292552383203,0.017175641410675957,0.4857052604346386
40,balanced,all,0.5203008170151003,0.08877681262192519,0.5795091087453305,0.6247403944345781,0.12916999622670297,0.7214313174641507,0.4907322961234053,0.05920829173023012,0.5922613212374477
40,balanced,first_domain,0.5105348818677906,0.07650937079336176,0.5523990635788103,0.619070467053371,0.13652099377614776,0.7078950502332392,0.47588969278544857,0.04186418171101969,0.5713740564570914
40,balanced,second_domain,0.52689759101362,0.10397142823185979,0.6050266275703711,0.6290543874072171,0.12693023510566181,0.7370476979804713,0.5010551993385113,0.07812903655675107,0.6101174628748095
40,one_domain,all,0.4339276380596788,0.08676692821600732,0.4974789520582313,0.5032717353956555,0.11382794425207918,0.6376537826296474,0.41071202384222394,0.06355131399855246,0.5238258383775682
40,one_domain,first_domain,0.4216207742599279,0.08280586216809345,0.5814001640794575,0.4970633789559428,0.1304373840607922,0.7742387871163863,0.49859430191136406,0.1597793898195296,0.6438014030555941
40,one_domain,second_domain,0.4456848961267846,0.051639848112088514,0.4629463034469344,0.5090937460342255,0.05300790607805297,0.5339952684365687,0.4113064553348459,0.017261407320149802,0.4809873623585158
41,balanced,all,0.4770671787147834,-0.02805231507026667,0.4581569545011561,0.6195636315557097,0.017672247314693426,0.6496916484524123,0.4862092695714228,-0.018910224213627258,0.6320194011377189
41,balanced,first_domain,0.44878654043525035,-0.061352368115305145,0.42124502941666464,0.5735385735082744,-0.031470770969859126,0.5791977071787614,0.4825973975319698,-0.027541511018585707,0.6106684781486206
41,balanced,second_domain,0.508280213951746,0.01084505922522214,0.5013342278714469,0.6664667247107499,0.08236182202054654,0.7286824543276845,0.4904891686462247,-0.006945986080299171,0.646320632307138
41,one_domain,all,0.38365561857302805,0.012205924305813192,0.4074635391054837,0.5190418676067923,0.04055151366851273,0.6140517693165877,0.39525761479967053,0.023807920532455673,0.5735002556480749
41,one_domain,first_domain,0.3465574503174866,0.03524536893356373,0.47419618802056096,0.49200356432221687,0.10510825588056033,0.7611128262878547,0.43895081908699723,0.12763873770307438,0.6560045704072943
41,one_domain,second_domain,0.4255031117104145,-0.02098630728558705,0.41786029177045,0.5502186738932566,-0.02839003631629064,0.5554916100376632,0.438846599056037,-0.007642819939964518,0.5838816463539539
42,balanced,all,0.4653794394373934,0.0832548010033796,0.5301806826034973,0.6007778112815755,0.13989856001982817,0.7135524804811625,0.44692588160011765,0.06480124316610386,0.5736539204613343
42,balanced,first_domain,0.5077809803267244,0.05593072969143523,0.5615393728517295,0.6036695219205017,0.09057448645180134,0.7142792170098128,0.5056086431602943,0.05375839252500514,0.6237047305580115
42,balanced,second_domain,0.4314256555064569,0.10885187859691858,0.5059555937888898,0.5953136101720884,0.19203389922175657,0.7082713926430951,0.3971037151919712,0.07452993828243287,0.5162374934213385
42,one_domain,all,0.36109617499940583,0.03953237846097052,0.4106708214097341,0.4802894428038118,0.05627705226254613,0.6003803139802137,0.3711384429487636,0.04957464641032827,0.5441032617176677
42,one_domain,first_domain,0.3714520648197296,0.05161491408435085,0.5370314504871754,0.4677433595640017,0.08018156135204126,0.763163629867499,0.4854165364028245,0.1655793856674458,0.6829820685154577
42,one_domain,second_domain,0.3558360629796779,0.010239496483058982,0.36011306709860746,0.49052761287652025,0.01617995891527904,0.4875882871975826,0.34987357061554847,0.0042770041189295616,0.4714083282823036
43,balanced,all,0.5189790836897514,0.003012093305967027,0.5306756240016574,0.6487650839397237,0.032205072167026894,0.6851162672901766,0.5276635306956903,0.011696540311905923,0.6529111951231497
43,balanced,first_domain,0.5167835611011447,-0.008122598220549447,0.5271690555598483,0.6390528868635393,0.0070041332059074006,0.6568355789830349,0.5352916537803977,0.010385494458703626,0.6498314457771275
43,balanced,second_domain,0.5223925793646119,0.014585914041729243,0.5349644069714936,0.6553635659206294,0.05718114694094342,0.7086596252327344,0.5203784929297643,0.012571827606881691,0.651478478291791
43,one_domain,all,0.3551335478443085,-0.002058514595285353,0.3752803775139517,0.47832067357097113,-0.011199243082093914,0.5531470349119267,0.37733889210923705,0.020146829669643207,0.5643462779940207
43,one_domain,first_domain,0.31427144434620236,0.0567218287715691,0.5044443613047385,0.4560030072949928,0.013389018718945595,0.7366439240487269,0.44772253253316935,0.1901729169585361,0.7232549053297813
43,one_domain,second_domain,0.4001912562834673,-0.05611454143853456,0.3537058782771726,0.4994848653746627,0.004586249046991467,0.48398047164427227,0.40982041971570715,-0.04648537800629471,0.4793942225972808
44,balanced,all,0.47604024811633305,0.010518612973591683,0.48858943253325476,0.6083466955656851,0.014837767369444706,0.6466413607354841,0.4780708195596631,0.01254918441692171,0.6318035933660393
44,balanced,first_domain,0.4977775468986421,0.06947597147076738,0.5344381620948709,0.609878733036306,0.09294354013755189,0.6836555611693967,0.46496219062410354,0.03666061519622882,0.5907120210318448
44,balanced,second_domain,0.45408527745507044,-0.04855969373302744,0.44150688051389225,0.6057999081615769,-0.07352936161428145,0.6015431278727077,0.4900665742469197,-0.012578396941178183,0.6750724894869892
44,one_domain,all,0.35289648857541056,-0.01659394997084731,0.3656163721523257,0.49341101953091704,-0.031971497284539685,0.5574617377373522,0.38221032212317296,0.012719883576915114,0.5894332350218918
44,one_domain,first_domain,0.39653119742135134,-0.013484744380639738,0.5377941926427184,0.528898333019143,-0.012706127934751925,0.7653095917491697,0.5512789370233582,0.1412629952213671,0.7780157196839216
44,one_domain,second_domain,0.3113630276103497,1.0376942354198838e-4,0.3116895930931043,0.4517771376637242,-0.035596648945489834,0.4442921832389641,0.3115858236695623,3.2656548275461494e-4,0.4798888321844539
45,balanced,all,0.5138625784579568,0.07795187377128603,0.55856753260111,0.6140375636314306,0.11821499024319014,0.7063238181732363,0.480615658829824,0.04470495414315323,0.5881088279300462
45,balanced,first_domain,0.5336832830122707,0.009932598097455003,0.5295670825175908,0.6382591453084174,0.07573246197646309,0.7094502031595658,0.5196344844201357,-0.004116200494679978,0.6337177411831026
45,balanced,second_domain,0.4891548953226412,0.1644132245723683,0.5978058884718676,0.5841838947401415,0.16805815875271135,0.7035320382290898,0.43339266389949926,0.10865099314922633,0.5354738794763785
45,one_domain,all,0.38287262507535397,0.04108567157473841,0.4396232439725639,0.47297066934838056,0.040828106880157075,0.5803920325527111,0.3985375723978255,0.05675061889720995,0.5395639256725541
45,one_domain,first_domain,0.3784272204551406,0.010334553398994334,0.5186650453279702,0.4952723166300013,0.014558618568967266,0.752679021353027,0.5083304919289758,0.1402378248728296,0.7381204027840598
45,one_domain,second_domain,0.3893459340007372,0.06156529268517311,0.43041231453935197,0.4430589995811596,0.07673963029786735,0.47725311142497,0.36884702185417884,0.04106638053861478,0.40051348112710267
46,balanced,all,0.4997675930099675,0.028919601948160366,0.5410050643441436,0.5915157432518764,0.04252166531500345,0.6499481263465586,0.5120854623959833,0.04123747133417616,0.6074264610315552
46,balanced,first_domain,0.4939877255475546,-0.037175662313372826,0.4920067061943338,0.5801985109189959,-0.024639854409218766,0.5782875904942223,0.5291823685077066,-0.0019810193532208142,0.6029274449034411
46,balanced,second_domain,0.506366908410283,0.10081096684770041,0.5910332239856556,0.5972289733893619,0.10764446529920547,0.714232080487754,0.4902222571379552,0.08466631557537263,0.6065876151885485
46,one_domain,all,0.3800433795553854,0.0643563931946342,0.4567722568296967,0.48933019643392406,0.025463187295864487,0.5924506886104587,0.3924158636350625,0.07672887727431127,0.5669875013145942
46,one_domain,first_domain,0.3364818727946169,0.15270271582051434,0.5761548443520007,0.48312135225417285,0.14968698257143365,0.7838168571599758,0.4234521285314864,0.23967297155738382,0.6341298745885422
46,one_domain,second_domain,0.4237731763383389,-0.02951515415708953,0.4202970274161395,0.49393034163905447,-0.05549256606130192,0.4955225770950984,0.44981218157322905,-0.0034761489221993846,0.5510151431564003
47,balanced,all,0.4929807854530552,-0.0013015609241804566,0.5001539164319472,0.6008785359521372,0.030034329542473537,0.651457475262444,0.5014554773561276,0.007173130978891995,0.6214231457199705
47,balanced,first_domain,0.503085761809977,0.016709081069022122,0.5132004643119231,0.6158034716314875,0.05608469871955253,0.6947404048721816,0.496491383242901,0.010114702501946127,0.638655706152629
47,balanced,second_domain,0.483123561619597,-0.019169561697848995,0.48486747878697595,0.5865316161245411,0.004298620724422175,0.605854570140429,0.5040370404848249,0.0017439171673789278,0.6015559494160068
47,one_domain,all,0.3895305330301983,-0.010579053507791246,0.41246955830646254,0.4867882422305115,-0.01321919402444547,0.565289814260964,0.4230486118142538,0.022939025276264235,0.5785090082854095
47,one_domain,first_domain,0.38802698869756075,-0.023019803885681825,0.5214368147562517,0.48969025707918845,-0.008586530737010503,0.7400496291827033,0.5444566186419335,0.13340982605869095,0.7486361599197139
47,one_domain,second_domain,0.39324609036568026,-0.004958630178851706,0.37861664180400134,0.4837039936919895,-0.0037480108004780397,0.45227785876377635,0.38357527198285307,-0.014629448561678915,0.4560258695642544
48,balanced,all,0.472024451876236,0.019700326400386884,0.5095793459694224,0.5755644411012192,0.03567965806013976,0.6332240302012249,0.48987901956903557,0.037554894093186464,0.5975443721410851
48,balanced,first_domain,0.45125920913953865,0.1074983527835611,0.5299695594082127,0.5634861906561457,0.12534942991869452,0.6678802760407059,0.42247120662465154,0.07871035026867401,0.5425308461220113
48,balanced,second_domain,0.49778305759663466,-0.07405014789235685,0.484354633580291,0.5877404934358276,-0.04677836973139277,0.6019986323502313,0.5584047814726478,-0.013428424016343643,0.6487770020816241
48,one_domain,all,0.38934868140053097,0.10155831457705658,0.4618064830195036,0.4735921676122449,0.10053123245488019,0.5683652838427632,0.360248168442447,0.07245780161897264,0.46783405138788303
48,one_domain,first_domain,0.38158391769863037,0.18890449125418052,0.6045745189790026,0.47269217689981397,0.2577131476673553,0.7865602548700323,0.4156700277248221,0.22299060128037224,0.528847107202677
48,one_domain,second_domain,0.397846002869278,-0.03341981839962741,0.3772146032065213,0.472633368800545,-0.045474289430323916,0.43996453301457067,0.4106344216061487,-0.020631399662756733,0.48543882244489456
49,balanced,all,0.4799480297483224,0.0022562423910179193,0.5029735959626933,0.5952154558276418,-0.003575730844224351,0.6353871828013457,0.5007173535716753,0.023025566214370907,0.63896291364557
49,balanced,first_domain,0.4770865853745912,0.05814523585014852,0.5278043192187799,0.5685279970166226,0.08488548289529302,0.6686125406849441,0.4696590833686314,0.050717733844188706,0.5837270577896512
49,balanced,second_domain,0.4813277723832639,-0.043002495801234886,0.4855842408795233,0.6147172468924812,-0.07324714070120965,0.6133600342764843,0.5285867366807582,0.00425646849625938,0.686607174977694
49,one_domain,all,0.3767706000722524,-0.026301816375706253,0.38729884410342735,0.48785512926408936,-0.042141555554235925,0.5424230163996612,0.41360066047913363,0.010528244031174971,0.5845645719538971
49,one_domain,first_domain,0.34510770861325424,-0.011462298760554546,0.487974362391054,0.4373957038827859,-0.012367447661285967,0.6674711899841844,0.49943666115160856,0.14286665377779978,0.6798386376454704
49,one_domain,second_domain,0.4078973305712076,-0.004799627441960613,0.40117058997366994,0.5355188020896733,-0.0168024757065892,0.5286204296802105,0.40597021741563055,-0.006726740597537639,0.5454229053867997
50,balanced,all,0.4850497615332679,0.00580248382606671,0.4986992630914639,0.5952992915677267,0.03196304747771409,0.652871126122087,0.4928967792653972,0.013649501558195998,0.6209080786443729
50,balanced,first_domain,0.4866241057180371,-0.007046246658236604,0.5157009077652173,0.579666914523104,0.013931855877678371,0.6547109633278057,0.5227471544234539,0.02907680204718016,0.6407791074501272
50,balanced,second_domain,0.4865260881298658,0.021705394939805667,0.4897235925202064,0.6071113964195028,0.049490547215852554,0.6503165619088074,0.46801819758040075,0.003197504390340611,0.6008260146929548
50,one_domain,all,0.3295947922657981,0.022530039962974875,0.3641380699695245,0.4545750576216378,0.00862188983492262,0.54456922355656745,0.34160803000654966,0.03454327770372645,0.5359473337216448
50,one_domain,first_domain,0.3101361699445254,0.07871067232183981,0.5172882526391447,0.42717526842307796,0.0487232997322412,0.71908182027935,0.43857758031730487,0.20715208269461927,0.6703585205471088
50,one_domain,second_domain,0.34782030448010914,0.030560090219177865,0.348696238375313,0.4765374054212968,0.022611877653175887,0.475873657853624,0.3181361481561351,8.759338952038509e-4,0.4532617802004481
51,balanced,all,0.5062121344745081,-0.04347024738816585,0.4845325333814702,0.6300677589865549,-5.650577254882775e-4,0.6508926073302186,0.528002780769636,-0.021679601093037904,0.6514576650557069
51,balanced,first_domain,0.4832713359029135,-0.1022410608926895,0.4420757445226094,0.6166267457529273,-0.11147968885789941,0.5786218367861575,0.5443168054152989,-0.0411955913803041,0.6901015256440569
51,balanced,second_domain,0.5296618967478623,0.017149043988609988,0.5273174251624954,0.6395367617340492,0.11407917168416458,0.7205458947021656,0.5101683811738854,-0.0023444715853669917,0.606466723018001
51,one_domain,all,0.3324374076217951,-0.050037745938326716,0.3245417454241954,0.47680711416133387,-0.07167782339296969,0.5206558874677277,0.3745794913625221,-0.007895662197599684,0.5923337108606974
51,one_domain,first_domain,0.3247593627164065,-0.11165751736381287,0.3999805904309653,0.47945535243358395,-0.1883146591486783,0.6733979968227932,0.5116381077947781,0.0752212277145588,0.8617126559714715
51,one_domain,second_domain,0.33961404427318137,0.0015111674790239044,0.33952006285706404,0.46902035452911706,0.017455147062494694,0.4788040571174703,0.33800889537804013,-9.398141611732802e-5,0.46134891005497564
52,balanced,all,0.5137647724981872,0.042247568837924396,0.5395040528074694,0.6074026932528007,0.09486860643117001,0.6802467343660316,0.49725648396954497,0.025739280309282186,0.5853781279348615
52,balanced,first_domain,0.5407237628702717,-0.021855462946963285,0.5392508216554134,0.6111048920959751,0.012891556409275135,0.6518085794554409,0.5611062846023767,-0.0014729412148583032,0.6389170230461658
52,balanced,second_domain,0.4947853654538746,0.09679340953881513,0.5407476077633198,0.6051028841513071,0.18065168951174101,0.7152750060803285,0.44395419822450466,0.04596224230944518,0.5346233165685874
52,one_domain,all,0.4063530532972198,0.04226153194303184,0.4461312210648487,0.4914432630322247,0.06360318992628182,0.5803509176210271,0.40386968912181687,0.03977816776762888,0.5167477276947453
52,one_domain,first_domain,0.408805275137123,0.0957837458228414,0.6143769260049879,0.46992439887208437,0.11720138892800205,0.7393237169976763,0.5185931801821465,0.20557165086786494,0.6221223280696743
52,one_domain,second_domain,0.408096010222137,0.013962051297095249,0.4008364672430552,0.514708087741276,0.02125547571133171,0.5061802934081168,0.38687441594595995,-0.007259542979081768,0.4849248176967851
53,balanced,all,0.5137643354871937,-0.04206287393402187,0.49050359219845574,0.6396823776673102,-0.027033989004708464,0.6467545205690947,0.5325664661324776,-0.02326074328873795,0.6737885095738031
53,balanced,first_domain,0.4887555648321946,-0.015189330358813922,0.49997486577818234,0.6102990937300794,-0.004055204221356382,0.6625453295595636,0.5151641961369963,0.01121930094598772,0.66660053378092
53,balanced,second_domain,0.5417767401004031,-0.07029575803076997,0.4821725068184888,0.6695045257740176,-0.04924951379648819,0.63027183568579,0.5524682648492587,-0.05960423328191433,0.6795213494822783
53,one_domain,all,0.3785516834847996,0.004926045646112691,0.38153877211156456,0.48984187569273074,0.024977364059555123,0.5572658365711675,0.37661272646545185,0.0029870886267649444,0.5322884725116124
53,one_domain,first_domain,0.3683290394762892,0.06702406102130928,0.5262413804920123,0.4765910235999883,0.12757686058107226,0.7471850781586775,0.459217319470703,0.1579123410157231,0.6196082175776052
53,one_domain,second_domain,0.39026484140104134,-0.06483037711218632,0.3341791134943141,0.5025293480400496,-0.0761119956701508,0.4481244643694006,0.39900949060650043,-0.05608572790672722,0.5242364600395514
54,balanced,all,0.5391970412032611,0.08918348206792993,0.5787918459088329,0.6268374447310644,0.17953205742853293,0.7269877379122183,0.489608363840903,0.03959480470557186,0.5474556804836853
54,balanced,first_domain,0.5224293393749908,0.033282962385749654,0.5304731193184973,0.6292069134532061,0.11962180872740012,0.7005563449612562,0.4971901569327476,0.008043779943506468,0.580934536233856
54,balanced,second_domain,0.5616509606630371,0.15384400645772067,0.6390084322455725,0.6193638252681188,0.23918075443627806,0.7497502016938469,0.4851644257878518,0.07735747158253536,0.5105694472575688
54,one_domain,all,0.4333002041940408,0.03397696969841785,0.4629435462055379,0.49362946964324395,0.07793704438975635,0.5883661827593045,0.42896657650712006,0.029643342011497098,0.5104291383695482
54,one_domain,first_domain,0.394695083098995,0.12004561229106814,0.5235162123396347,0.49404380086522265,0.2591264083053495,0.7737676122491175,0.4034706000485666,0.12882112924063976,0.514641203943768
54,one_domain,second_domain,0.48135950002900463,-0.04616324023507425,0.4853292640903116,0.4948687159388822,-0.03983770791582998,0.5000718084495703,0.5314925043253859,0.003969764061306946,0.5399095163654003
55,balanced,all,0.5668005051784761,0.050053008539965894,0.5885447381917389,0.6764224763066005,0.08580148281041468,0.7243365941526827,0.538491729651773,0.02174423301326278,0.638535111342268
55,balanced,first_domain,0.5608410477693189,0.12023383215828524,0.6147198893608725,0.6621816182936614,0.1703555723631042,0.7554796273919133,0.49448605720258726,0.05387884159155365,0.5851240550288092
55,balanced,second_domain,0.5727606689950177,-0.029056292228948667,0.5606631073677907,0.692272102964138,-0.00827875753500515,0.6878161382347172,0.5897193995967394,-0.012097561627226971,0.6960948957697224
55,one_domain,all,0.4228814333104779,0.09010184834043743,0.48895689601606457,0.5021101329977027,0.08266170638093062,0.5990068954622284,0.39885504767562713,0.06607546270558667,0.5163451890812978
55,one_domain,first_domain,0.41717441497583013,0.21139663215053417,0.6368517958538922,0.5041770144412108,0.25689642640379445,0.8120412138220308,0.425455163703358,0.21967738087806205,0.5551447874182363
55,one_domain,second_domain,0.4289751272714183,-0.012336790128397538,0.4283599074904187,0.4958322001832928,-0.05692873947034396,0.465542334028553,0.44069669761881625,-6.152197809995985e-4,0.522471073498897
56,balanced,all,0.5032402510579065,0.08103541181573615,0.5454959162072931,0.609560352869426,0.14205164288555625,0.6884887541504278,0.46446050439155695,0.04225566514938661,0.5464371112648715
56,balanced,first_domain,0.48836066381915466,-0.00722690934464019,0.48258074739813484,0.5989708019278767,0.050579836257498054,0.626504640997984,0.48980765674277504,-0.005779916421019826,0.5759248047404859
56,balanced,second_domain,0.5180028076844205,0.17069596624892372,0.6014121183172452,0.6202610586681456,0.2327917960241876,0.7451393210979459,0.4307161520683215,0.08340931063282464,0.5123475250737584
56,one_domain,all,0.4020746156468376,-0.021283140642961867,0.4054361787913681,0.5143833024679325,-9.780268246417968e-4,0.5901992612535947,0.42671931943433,0.0033615631445305105,0.5911772880782364
56,one_domain,first_domain,0.39617055214693864,-0.08674504578194785,0.4672619018495084,0.5019953060815125,-0.07490547587985281,0.7167768327476992,0.5540069476314562,0.07109134970256975,0.7916823086275521
56,one_domain,second_domain,0.40792671783168366,0.06317446672756508,0.4385851501914715,0.5265206469700322,0.07497174726320813,0.5567971599037822,0.3754106834639064,0.030658432359787824,0.4818254126405741
57,balanced,all,0.5102566176563877,0.03057215049922391,0.5352272912863584,0.6572743530221463,0.05663105777344574,0.7123111283218945,0.5046551407871345,0.02497067362997063,0.6556800705484487
57,balanced,first_domain,0.49238039515114096,-0.0011387743018316356,0.5287950445043114,0.6625717217304334,0.007973062168839775,0.727117035898732,0.529933818806143,0.0364146493531704,0.7191439737298922
57,balanced,second_domain,0.5349252857069088,0.07108257402008293,0.5520085144607367,0.6589585660001516,0.1057488553275023,0.7014109272324953,0.4809259404406538,0.01708322875382795,0.595662071904993
57,one_domain,all,0.3926930323868511,-0.009396421048760548,0.4143565900212323,0.5324823740559674,-0.049083098368582406,0.6026943433270412,0.42375301106999286,0.021663557634381214,0.6517774416956236
57,one_domain,first_domain,0.37498075315344415,-0.049154697710062194,0.47583958878124405,0.5312920436842329,-0.09705388631435978,0.73786995618501106,0.5249942864913062,0.1008588356277999,0.8349238424993708
57,one_domain,second_domain,0.41756925632401537,0.034720926902748084,0.4281796147748879,0.534126805400332,0.03795338947763926,0.5480933576003224,0.39345868787213983,0.010610358450872548,0.5101399681226831
58,balanced,all,0.5111931917339406,0.04997565026161226,0.544520837793674,0.6101909210112549,0.10037721637311724,0.6728626536293703,0.4945451875320617,0.033327646059733373,0.572485437256253
58,balanced,first_domain,0.4746035832615469,0.07272416886492844,0.5320939462827151,0.5905483124628202,0.11153133136559504,0.6682749229734581,0.4593697774177867,0.05749036302116822,0.5567435916078631
58,balanced,second_domain,0.5543478363779843,0.024951191694834014,0.5630735445894474,0.6288202229654556,0.09277445537051983,0.678703512433406,0.5381223528946133,0.008725708211463012,0.5859290570628861
58,one_domain,all,0.36410727336775717,0.05349662108781983,0.4103010159442426,0.4608725427261917,0.040505792906739876,0.5559278064592887,0.3568043948564228,0.04619374257648545,0.5154220135525489
58,one_domain,first_domain,0.3350991731327905,0.10586340982911159,0.5500977559827247,0.4393979669303711,0.11052232831533179,0.7457045489154592,0.4442343461536131,0.21499858284993423,0.6351822206001274
58,one_domain,second_domain,0.39630871511542615,-0.05559660291971869,0.34905120868007683,0.48282968994371245,-0.04602892135902481,0.4386652664148676,0.4046478115997955,-0.04725750643534932,0.4846941877738924
59,balanced,all,0.48042762111086523,0.07298840215040506,0.5340773024065949,0.579379925180148,0.09945476958616946,0.6581208793066048,0.46108890025618987,0.05364968129572967,0.5586661097204353
59,balanced,first_domain,0.4938607618144216,0.0945107869801951,0.5550969469480195,0.5700208390431153,0.13503270774652157,0.6667732910845985,0.46058615996782437,0.061236185133597854,0.5317405833380769
59,balanced,second_domain,0.46672388102100765,0.048378091659951834,0.5115608175757405,0.5902901947118213,0.05778791820770917,0.6454982692699234,0.46318272591578863,0.04483693655473281,0.5877103510622143
59,one_domain,all,0.3569748546850616,0.02830656662441065,0.41351194553073417,0.46579852511170333,0.0031299605560921274,0.5628611358088859,0.3852053789063235,0.056537090845672544,0.5597311752527937
59,one_domain,first_domain,0.3400129429726392,0.09009321679111876,0.5476046334086125,0.425339264305908,0.09937314843196628,0.7240970261110742,0.4575114166174938,0.20759169043597336,0.6247238776791079
59,one_domain,second_domain,0.3754559346582128,-0.052258082607224095,0.34992430538746955,0.5082862715113722,-0.07944768638951813,0.4549110963930694,0.40218238799469364,-0.02553162927074326,0.5343587827825875
60,balanced,all,0.5048902076480645,-6.717805169040334e-4,0.4848631230157844,0.6587847600624968,0.04974483441799999,0.7031787239581383,0.4855349035326884,-0.02002708463228009,0.6534338895401383
60,balanced,first_domain,0.4935055618299963,-0.032002142785669624,0.4498747066524214,0.6513705847942447,0.044200948738285895,0.6972699165389304,0.48187684943809106,-0.04363085517757487,0.6530689678006445
60,balanced,second_domain,0.5274240995322048,0.041915749865621195,0.5391678503918066,0.6658487168741108,0.05676918063401339,0.7086588517617456,0.4972521005261854,0.011743750859601776,0.6518896711277322
60,one_domain,all,0.437750877666247,-0.006684768575984913,0.44180412813818104,0.5494960922654024,-1.429929633134928e-4,0.6234045421161429,0.448488896714166,0.004053250471934056,0.6235475350794564
60,one_domain,first_domain,0.4262654306124261,-0.038614313248284286,0.5103802383188907,0.5383485835528499,0.022985439897606267,0.7839214331490751,0.5489945515671749,0.08411480770646457,0.7609359932514689
60,one_domain,second_domain,0.46013798097394343,-0.016427633917665215,0.43673748195365,0.5614899712168229,-0.025290469662230548,0.5309511650197604,0.4531651158713152,-0.023400499020293453,0.556241634681991
61,balanced,all,0.46622281592489434,0.04389551529590755,0.5006575979668243,0.5824853379418649,0.04801985151358709,0.6329954165562602,0.4567620826709167,0.03443478204192996,0.5849755650426731
61,balanced,first_domain,0.4668096905787155,-0.003268679071394292,0.4711573496719365,0.5957965252718643,-0.036565126920939106,0.5748211065969051,0.4744260287433308,0.00434765909322099,0.6113862335178442
61,balanced,second_domain,0.46728359027623984,0.10453244096436805,0.5428863561761637,0.5675461282643008,0.14369085193840075,0.7013659345828,0.4383539152117956,0.07560276589992382,0.5576750826443992
61,one_domain,all,0.37745699455414916,-0.008904226759636627,0.4099125392016908,0.5086831578991832,-0.04512594663856198,0.5861148253982367,0.41881676596132744,0.032455544647541634,0.6312407720367986
61,one_domain,first_domain,0.35965412722953166,-0.044948807753211154,0.49468884049221956,0.5262003035993896,-0.12419250600590062,0.7248552379633727,0.5396376482454307,0.1350347132626879,0.8490477439692733
61,one_domain,second_domain,0.39993505814782687,0.0031463109300029976,0.394538495641826,0.4898051188633196,0.036619271293935336,0.5003436879363404,0.391392184711823,-0.005396562506000846,0.4637244166424051
62,balanced,all,0.5207684823409376,-0.03157279343074162,0.515630395989906,0.6117319314648759,-0.012210460579494653,0.6362894137625612,0.5472031894206476,-0.005138086351031634,0.6484998743420558
62,balanced,first_domain,0.508792708629468,-0.014700250562146865,0.5180839992391931,0.6176705976185143,-0.03215982368443123,0.625870354127549,0.53278424980134,0.009291290609725111,0.6580301778119803
62,balanced,second_domain,0.5338599571561371,-0.04688445015486745,0.5134785578815959,0.6070759993602212,0.010630148673452862,0.6483978877152102,0.5603630080364633,-0.02038139927454119,0.6377677390417573
62,one_domain,all,0.38639197040918183,0.007783780808221872,0.40367337638788414,0.49452531522676824,-0.008198816422215222,0.5550637450073876,0.39588959557966225,0.017281405978702313,0.5632625614296028
62,one_domain,first_domain,0.3815565732029031,0.03533858249141033,0.5383424126113321,0.5172306374476722,-0.009464334507422803,0.7309036813810004,0.5030038301199218,0.156785839408429,0.7403680158884232
62,one_domain,second_domain,0.39205131514536035,-0.027520504507542017,0.3747766295871835,0.46898464072386686,-0.005664534242536342,0.4606694429352921,0.4022971340947255,-0.01727468555817685,0.46633397717782843
63,balanced,all,0.49186397550635674,0.11646366379186213,0.5797584977189644,0.5458885413799465,0.18715750713593432,0.6999676306424403,0.46329483392710225,0.08789452221260763,0.5128101235065059
63,balanced,first_domain,0.47919822729521017,0.13281823475948884,0.5836746272799257,0.5115153592987939,0.21794074157452903,0.6886536077149654,0.45085639252043685,0.10447639998471553,0.4707128661404364
63,balanced,second_domain,0.5065841373074909,0.10481335628460497,0.5853289265130637,0.5810776841354259,0.15825226614184426,0.7157552097050164,0.4805155702284587,0.07874478920557282,0.5575029435631721
63,one_domain,all,0.3952976502812127,0.04203998528664994,0.4303096743319626,0.4752517334429616,0.05958770426482622,0.567447089293886,0.38826968904531267,0.03501202405074988,0.5078593850290598
63,one_domain,first_domain,0.4257725179272669,0.07135905720332997,0.5691725657430142,0.48608273142952807,0.14478079342954453,0.7811896419026689,0.49781350853968426,0.14340004781574733,0.6364088484731244
63,one_domain,second_domain,0.3669833713050691,0.007565511897419515,0.3720113102407671,0.4667371653057863,-0.010915069358122248,0.44768417428245016,0.3644457983433476,0.005027938935698029,0.4585992436405724
64,balanced,all,0.490876637455547,0.09500827991026628,0.5447738136195318,0.5601636122557697,0.14584789797916561,0.6697896036882677,0.44976553370926553,0.05389717616398482,0.523941705709102
64,balanced,first_domain,0.48753640707452034,0.19390096781860594,0.5772326626851638,0.5636405213368981,0.25046216703293867,0.7139124775833918,0.3833316948665579,0.08969625561064348,0.46345031055045316
64,balanced,second_domain,0.49488972078363747,-0.018196880711073993,0.5037336019119742,0.5574264469449468,0.027395048347012473,0.6232309610693417,0.5219304826230482,0.008843881128336784,0.5958359127223293
64,one_domain,all,0.3840680561514962,0.1516697811978762,0.495520020952713,0.4390952298868104,0.17059677129620124,0.6034198255438364,0.34385023975483686,0.11145196480121683,0.43282305424763523
64,one_domain,first_domain,0.3800252057856981,0.22609388271452383,0.6199680310097228,0.44123509657928744,0.2830140100502083,0.7681142861007477,0.39387414829519896,0.23994282522402466,0.4851002760505394
64,one_domain,second_domain,0.3889746219366884,0.07056614504480958,0.4266241228363296,0.43663530141270585,0.07728688663448935,0.497259887377081,0.35605797779152004,0.0376495008996412,0.41997300074259164
65,balanced,all,0.48024506069671974,-0.016805712228249226,0.4898698819446056,0.5969509725375197,-0.008109069582368775,0.6245275225164201,0.5066755941728549,0.009624821247885884,0.6326365920987889
65,balanced,first_domain,0.5030708409132165,-0.07824536957656515,0.5017241148934183,0.6186571366788474,-0.12506437513514176,0.5892099741385841,0.5799694844699834,-0.001346726019798239,0.7142743492737259
65,balanced,second_domain,0.4607025293373507,0.0413061304691299,0.4794057115940041,0.5757297421898907,0.1101456904988547,0.6629964097065795,0.4380995811248742,0.018703182256653406,0.5528507192077248
65,one_domain,all,0.369248322381196,0.01657031287078172,0.38977534070105635,0.5003871553433189,5.840171652386643e-4,0.5628524018590059,0.37320502783027465,0.02052701831986037,0.5622683846937672
65,one_domain,first_domain,0.4154197082785884,-0.003989187461412503,0.541973919319419,0.5464144058311593,-0.07092320924300032,0.7392355340062526,0.5459631067808315,0.1265542110408306,0.810158743249253
65,one_domain,second_domain,0.3250949823183745,0.01962937205640245,0.33345996323590393,0.4453244546161237,0.018993294191323066,0.4442014378786301,0.31383059117950146,0.008364980917529408,0.425208143687307
66,balanced,all,0.5429394665058259,0.05209087938963136,0.5978243549465406,0.6244380225665316,0.09333314551475254,0.706166253440557,0.5457334755569092,0.05488488844071471,0.6128331079258044
66,balanced,first_domain,0.5135900886164778,0.08192127409434714,0.5874899809434571,0.613609823557725,0.12050320411956907,0.698929969368667,0.5055687068491099,0.07389989232697924,0.578426765249098
66,balanced,second_domain,0.5782290055828349,0.01476911267874245,0.6157289668345292,0.6396143755186524,0.051962118978011305,0.7151676468008803,0.6009598541557867,0.0374999612516943,0.663205527822869
66,one_domain,all,0.4011075568648134,-0.01258151191460093,0.42028310615706155,0.5107527180672221,-0.040658036124401456,0.5626155446010361,0.4328646180716625,0.01917554929224813,0.6032735807254376
66,one_domain,first_domain,0.38767218355620947,0.05373552665936396,0.5430730032574147,0.5408175082772447,0.04558158703186995,0.7510361950520885,0.4893374765980507,0.15540081970120523,0.7054546080202185
66,one_domain,second_domain,0.4195134552481631,-0.07494022604698919,0.3805462358445787,0.49159092208546534,-0.08256845486017941,0.4642388006552782,0.4554864618915679,-0.038967219403584386,0.5468072555154576
67,balanced,all,0.48939373052893503,0.037092658104860836,0.5095336909082249,0.6142257439521035,0.08264820172251289,0.677355486870459,0.472441032803364,0.020139960379289834,0.5947072851479461
67,balanced,first_domain,0.5462095810494932,-0.026930551445482884,0.5336136128428207,0.6385800776518847,0.022003479283953974,0.6568666792685223,0.5605441642883036,-0.012595968206672525,0.6348631999845683
67,balanced,second_domain,0.4444498316982072,0.08959727983513412,0.49315357158686957,0.5913467959259125,0.14564217848083427,0.7026829963300041,0.40355629175173546,0.04870373988866239,0.5570408178491698
67,one_domain,all,0.391440451917641,0.03390528110810431,0.4376151657799179,0.47567538419896666,0.0704025119366332,0.599349244604958,0.40370988467181357,0.046174713862276895,0.5289467326683248
67,one_domain,first_domain,0.401637565144202,0.09572138301229245,0.6052808774653954,0.48573817868394525,0.11995391582706762,0.7802918712391542,0.5095594944531029,0.20364331232119337,0.6603379554120866
67,one_domain,second_domain,0.38712492519113934,-0.0262320342465621,0.36414959796788166,0.4649364925929395,0.005334911238963402,0.4663185353504932,0.3903816322144438,-0.02297532722325768,0.4609836241115298
68,balanced,all,0.47245465069158693,0.06519680928099161,0.5256991883155576,0.5769715969007051,0.12047432316553494,0.6845892411578306,0.46050237903456603,0.05324453762397069,0.5641149179922956
68,balanced,first_domain,0.5105030872457428,-0.014130707667727532,0.5293882258996742,0.601905424679815,0.044501194402673784,0.6785160704205806,0.5435189335674017,0.018885138653931377,0.6340148760179068
68,balanced,second_domain,0.43498229835641067,0.14123294648067558,0.528839082309139,0.5523330478231344,0.19267819641778722,0.6946610544922281,0.3876061358284634,0.09385678395272834,0.501982858074441
68,one_domain,all,0.3923054701848047,-0.005456314645745761,0.4143405388169706,0.4946789097668161,-0.008534026076568165,0.5822112829744793,0.41979685346271634,0.022035068632165866,0.5907453090510475
68,one_domain,first_domain,0.4137474304587069,-0.03835224908899463,0.5187373195321835,0.50353131518623,-0.006929961830416995,0.7633853307217141,0.5570895686211781,0.10498988907347662,0.770315292552131
68,one_domain,second_domain,0.3733510849886674,-1.8883539459928073e-4,0.3773031326931307,0.48675854959138337,-0.0041298741299661415,0.48615151096288456,0.37749196808773,0.00395204770446328,0.4902813850928507
69,balanced,all,0.4862746440813096,0.017638358963175775,0.5303346155002538,0.5854028433424239,0.051310029347790886,0.6781299618361077,0.5126962565370781,0.044059971418944244,0.6268199324883168
69,balanced,first_domain,0.50778027345383,-0.028313207777237715,0.5199423574151888,0.5910309432639057,0.03343704926233598,0.6841419436807978,0.5482555651924265,0.01216208396135876,0.6507048944184619
69,balanced,second_domain,0.46724095076834765,0.06152463009204501,0.5425319079244234,0.5797091104474624,0.07120745896729015,0.6762629339031231,0.4810072778323784,0.07529095715607576,0.6050554749358329
69,one_domain,all,0.40495250474619926,-0.01330506580193307,0.42340097517029013,0.4893646581559522,-0.009652053180778558,0.5800571748136393,0.4367060409722232,0.018448470424090868,0.5897092279944178
69,one_domain,first_domain,0.4156120723564285,-0.08463587001176795,0.5121761116833341,0.49728120502294554,-0.06303237126654551,0.7378650364488052,0.5968119816951021,0.0965640393269056,0.8008974077153507
69,one_domain,second_domain,0.3964022176250626,0.07897914808640426,0.4512373770180556,0.48095560276161053,0.06698798803808899,0.5366660749065087,0.37225822893165134,0.054835159392992994,0.4696780868684198
70,balanced,all,0.43006168463923755,-0.00932881215071675,0.4322316295357895,0.5627844323151989,0.025576968424790108,0.6023424122057783,0.4415604416865062,0.002169944896551923,0.5767654437809883
70,balanced,first_domain,0.473124290122615,-0.006408191275526204,0.4836635997026661,0.581513189574763,0.011334330231881079,0.6187127586566814,0.4900717909781923,0.010539309580051115,0.6073784284248003
70,balanced,second_domain,0.40923060296928526,-0.011891689326020425,0.40397746130026235,0.5486938140465953,0.04085419767800552,0.5845648568125672,0.41586915062628277,-0.005253141669022909,0.5437106591345617
70,one_domain,all,0.3636838722595722,-0.001299002331289574,0.36117364813077707,0.4488628227405391,0.06333862716080207,0.5417675839927141,0.36247265046206667,-0.0025102241287951466,0.478428956831912
70,one_domain,first_domain,0.4151915336908751,0.04573749957898648,0.5638096847547314,0.4865304836528859,0.10616270715035249,0.7448920801193392,0.5180721851757449,0.14861815106385629,0.6387293729689867
70,one_domain,second_domain,0.3432033741058112,0.024712984970858946,0.34132669149401174,0.4163150562930695,0.07899147585437531,0.4613525051276133,0.3166137065231528,-0.0018766826117994628,0.38236102927323795
71,balanced,all,0.48188664223038813,-0.04592768694597887,0.4760747886163538,0.6087584690781704,-0.014319628408881832,0.6649566627830311,0.5220024755623326,-0.005811853614034357,0.6792762911919129
71,balanced,first_domain,0.4964250284960192,-0.017975087639657026,0.4910840705535356,0.6373141278141874,0.024117840916237913,0.69293431819442175,0.5090591581931926,-0.005340957942483626,0.6688164772781838
71,balanced,second_domain,0.4660657044127878,-0.07096750513482597,0.471473062788293,0.5777788742821675,-0.055148432851168175,0.6344193069069446,0.542440567923119,0.005407358375505211,0.6895677397581128
71,one_domain,all,0.3894220044403641,0.010305065732083367,0.42835452431091675,0.517653519263663,0.0012528039749962014,0.5949883756806265,0.4180494585788334,0.03893251987055263,0.5937355717056303
71,one_domain,first_domain,0.4434484689658456,-0.048306635940266365,0.5219767161620096,0.5807054281383376,-0.03977004715896866,0.7482399395660538,0.570283352102276,0.07852824719616397,0.7880099867250225
71,one_domain,second_domain,0.3335181950324986,0.05706721768884565,0.38313529179586375,0.4537299812085671,0.04969542279423008,0.4998695186930291,0.3260680741070181,0.049617096763365176,0.45017409589879903
72,balanced,all,0.5272553079354729,0.08760057803877212,0.5748166077002068,0.6274032593471213,0.1354784414551426,0.7103414605302326,0.4872160296614347,0.04756129976473389,0.5748630190750901
72,balanced,first_domain,0.5223588740860973,0.10822236552554948,0.589784252305357,0.6123452392686096,0.17394291183798408,0.7360291011531028,0.48156188677980755,0.06742537821925976,0.5620861893151188
72,balanced,second_domain,0.5328339542448197,0.06477698955447403,0.5582024252196367,0.6419261931604281,0.10139964641354837,0.6874085844346293,0.49342543566516267,0.02536847097481698,0.5860089380210809
72,one_domain,all,0.4337604115817151,0.03375511970200366,0.4728414481558716,0.5338364039181301,-0.0024268339594451503,0.6205892222505865,0.4390863284538679,0.039081036574156514,0.6230160562100316
72,one_domain,first_domain,0.42089900838635924,0.09363006014165559,0.5852937139593061,0.49919431612133314,0.10359898337807985,0.7926590290484942,0.4916636538176505,0.16439470557294683,0.6890600456704143
72,one_domain,second_domain,0.4487769734925761,-0.02701430506501936,0.4308393237099586,0.5647382679731057,-0.06077059829158443,0.5332661963890312,0.45785362877497793,-0.017937649782617526,0.5940367946806155
73,balanced,all,0.5103016945050988,0.02491548241208756,0.5193001703017751,0.623469046992051,0.08420595332739035,0.6895385634970642,0.49438468788968754,0.008998475796676342,0.6053326101696739
73,balanced,first_domain,0.5179054306547409,0.0034620569705132694,0.5138803933928553,0.6144384263814818,0.09263078320280015,0.6827426318744331,0.510418336422342,-0.004025037261885633,0.5901118486716329
73,balanced,second_domain,0.5035118603835145,0.046649037125743385,0.5252558046222485,0.6355145853075682,0.07330508199675917,0.6981960130009254,0.47860676749650516,0.021743944238734048,0.6248909310041662
73,one_domain,all,0.33779344848126863,0.06055522862263769,0.39956276672827196,0.4462519909088579,0.0941425087579606,0.5844281638236821,0.3390075381056343,0.061769318247003324,0.4902856550657215
73,one_domain,first_domain,0.34943314404488035,0.11635404776361657,0.5391739572213886,0.46413944493822545,0.1712217731449939,0.789396516510424,0.42281990945777204,0.18974081317650826,0.6181747433654301
73,one_domain,second_domain,0.3269794860163765,-0.009934575063849182,0.3259173552548147,0.42967461299163,0.017435979055147776,0.44301549422922964,0.3358519303186639,-0.001062130761561808,0.4255795151740819
74,balanced,all,0.4956125556856593,-0.03959258360475089,0.4804980482682616,0.6541872505289975,-0.00956247343624401,0.6828783707302482,0.5200906318730125,-0.015114507417397727,0.6924408441664922
74,balanced,first_domain,0.5334002885543868,0.025682134651221402,0.5352612239457955,0.6561857422710651,0.04819335258060566,0.6950070636365219,0.5095790892945741,0.0018609353914086357,0.6468137110559162
74,balanced,second_domain,0.46932611190895157,-0.09302306079677132,0.4435807956300684,0.6535942576628628,-0.07113720374855462,0.6735313013983155,0.5366038564268397,-0.025745316278883157,0.7446685051468701
74,one_domain,all,0.39746813450964513,0.018003742640860416,0.4293016901582909,0.5269961781568401,0.004680287782438777,0.6142311849869864,0.4112979475174305,0.03183355564864576,0.6095508972045476
74,one_domain,first_domain,0.4173499491949782,0.0775320524752703,0.5760817728074036,0.5323588379390525,0.08470004965195593,0.7887290473538332,0.4985497203321333,0.15873182361242538,0.7040289977018772
74,one_domain,second_domain,0.3835600840066159,-0.02297896035163759,0.377741566940174,0.5222188684565414,-0.035699240062241906,0.5253542150872269,0.4007205272918116,-0.005818517066441875,0.5610534551494688
75,balanced,all,0.4866291478137769,0.08418271854235138,0.543547470973668,0.5826817086422319,0.12266885437818596,0.6720492103857341,0.4593647524313166,0.05691832315989104,0.5493803560075481
75,balanced,first_domain,0.4714870927199741,0.05027273488680834,0.5365280450437728,0.5887542023749522,0.06876555056952968,0.6773074314955219,0.4862553101569645,0.06504095232379875,0.6085418809259922
75,balanced,second_domain,0.5032079667348921,0.11810994300897211,0.5550313269669448,0.5795099018940878,0.1737678749992829,0.6728825050003836,0.4369213839579727,0.051823360232052695,0.4991146300011007
75,one_domain,all,0.40994840395577337,0.04386767525865354,0.44998771471561627,0.5143680879674025,0.027451298362403124,0.5909638935807318,0.40612003945696273,0.040039310759842905,0.5635125952183286
75,one_domain,first_domain,0.37833383755018657,0.10681212639761188,0.5534154624247007,0.49932215826698895,0.11403469970791778,0.7675453779994522,0.44660333602708885,0.17508162487451417,0.6535106782915344
75,one_domain,second_domain,0.4398516811750405,-0.01761752747104617,0.4372709279983842,0.5281457863308019,-0.03375877231364132,0.5196755368038198,0.45488845546943035,-0.002580753176656292,0.5534343091174612
76,balanced,all,0.5087950560020501,0.03738717285624944,0.5443742764813279,0.6165203508567553,0.05332601498090996,0.6797102663149688,0.5069871036250784,0.03557922047927775,0.6263842513340588
76,balanced,first_domain,0.5497855744459607,-0.07783149983093389,0.5326528837769248,0.6001501153344219,-0.04158920405974491,0.6192875253012717,0.6104843836078586,-0.017132690669035888,0.6608767293610166
76,balanced,second_domain,0.4790272818387581,0.12344740940040194,0.5530112463655268,0.6313944420452182,0.13420025771196445,0.7339676291697315,0.42956383696512485,0.0739839645267687,0.599767371457767
76,one_domain,all,0.4221491319802617,-0.09307806923260716,0.39185845113575074,0.5425259513760424,-0.12047014220409107,0.5695883754583579,0.4849365203683579,-0.030290680844510975,0.690058517662449
76,one_domain,first_domain,0.4193853232310226,-0.1428689839334222,0.4912963248777013,0.5159284746870281,-0.16891908363553915,0.7088739990498069,0.6341653088111235,0.071911001646678685,0.877793082685346
76,one_domain,second_domain,0.4253227535484033,-0.06411937962183907,0.3930400930911287,0.5660027403030994,-0.09363621371697754,0.5262372924496572,0.45715947271296775,-0.032282660457274626,0.6198735061666347
77,balanced,all,0.5356621743808966,0.008057312771763896,0.54281581024821,0.625976826415695,0.08197970834911059,0.7139658274365326,0.5347584974764461,0.007153635867313435,0.631986119087422
77,balanced,first_domain,0.5235966936332442,0.0036672690090185367,0.5285072966913661,0.6098341884696971,0.09472694565196893,0.7067452861584007,0.5248400276823475,0.004910603058121854,0.6120183405064318
77,balanced,second_domain,0.5481955913715069,0.01433867421004841,0.5594219266528235,0.6424365982619028,0.06880067606301501,0.719851724896693,0.5450832524427751,0.011226335281316668,0.651051048833678
77,one_domain,all,0.43466377486370067,-0.030569463110062697,0.41375499989521286,0.5248867456829849,0.006729978914333219,0.5856331162997326,0.44432446300527556,-0.02090877496848781,0.5789031373853993
77,one_domain,first_domain,0.4381269312719722,-0.020273937011381457,0.5321468982048883,0.5187822295196867,0.06220281469226031,0.7689660004139297,0.5524208352162697,0.09401996693291603,0.7067631857216694
77,one_domain,second_domain,0.43138857945461623,-0.02692150930234392,0.3940941178625462,0.5290828076522978,-0.01752159720356823,0.4992982840254164,0.42101562716489016,-0.037294461592070005,0.5168198812289846
78,balanced,all,0.4762536640818437,0.2647899635194262,0.6380057841638396,0.5437056008185188,0.27302286707137235,0.7065178713289997,0.3732158206444134,0.16175212008199585,0.4334950042576273
78,balanced,first_domain,0.5072470754990376,0.35405912945100443,0.7006839388200797,0.5627463845199188,0.3492522683766823,0.748673158455345,0.3466248093690753,0.19343686332104215,0.3994208900786627
78,balanced,second_domain,0.448518349295481,0.18592574465697354,0.580792235009451,0.5211778928558488,0.1989648282758997,0.6542406072370346,0.39486649035247745,0.13227388571396997,0.4552757789611349
78,one_domain,all,0.36511896351980416,0.21644295064391453,0.5176145617599827,0.3943488813782194,0.1937360203204314,0.5577466443409851,0.30117161111606816,0.1524955982401785,0.3640106240205537
78,one_domain,first_domain,0.3438099844184617,0.44683761437682656,0.7099853552505097,0.394087313956401,0.44330177687575384,0.7948419815646616,0.2631477408736831,0.36617537083204793,0.35154020468890773
78,one_domain,second_domain,0.38245565296539447,0.05614318219685988,0.41338077970909887,0.39352227408528634,0.04078869395349058,0.41110537190912566,0.357237597512239,0.0309251267437044,0.37031667795563505
79,balanced,all,0.4774995569667209,0.09549069826580214,0.5607035627441858,0.5504709895122187,0.13835891518912083,0.6835767453591478,0.4652128644783836,0.08320400577746484,0.545217830170027
79,balanced,first_domain,0.5011403770285537,0.28304283314848827,0.6582691127742231,0.5428978798699975,0.33967576723789955,0.7643920631790858,0.3752262796257348,0.15712873574566932,0.42471629594118626
79,balanced,second_domain,0.45732713350680615,-0.07626613177188095,0.4632647113906073,0.5601035688207595,-0.07153298295225596,0.594057480591399,0.5395308431624882,0.005937577883801171,0.6655904635436549
79,one_domain,all,0.4212184691032564,0.11484701051294294,0.4895444081193333,0.49711261053529476,0.13042203356853638,0.6296756999019696,0.37469739760639037,0.06832593901607692,0.4992536663334332
79,one_domain,first_domain,0.4521735234594178,0.2728619967997206,0.6688912317002669,0.49741846621410607,0.32767379170583133,0.8176756317148484,0.39602923490054626,0.21671770824084907,0.49000184000901703
79,one_domain,second_domain,0.39458213027848943,-0.021118454739740184,0.3818939850275221,0.49746337802520285,-0.03416702175753933,0.49355609031430914,0.40301243976726225,-0.012688145250967342,0.5277231120718484
80,balanced,all,0.504511230664358,0.07136595510784896,0.5585245602746265,0.6013176548232435,0.1215267049993194,0.6884219752142882,0.48715860516677756,0.0540133296102685,0.5668952702149688
80,balanced,first_domain,0.5187133598601514,-0.020505147411613446,0.5086095860554075,0.614597664621468,0.02642733461878215,0.6338382374627733,0.529114733467021,-0.01010377380474392,0.6074109028439912
80,balanced,second_domain,0.4907863702943189,0.18292938090614097,0.622640965443054,0.5890494499946288,0.2246719513305871,0.7504327180855548,0.43971158453691306,0.13185459514873515,0.5257607667549677
80,one_domain,all,0.44917959930416845,0.023830870032323627,0.4751599899539183,0.5484451768859259,0.039700234222085455,0.622563149819259,0.45132911992159463,0.02598039064974983,0.5828629155971735
80,one_domain,first_domain,0.45559179194552557,0.048949355606728036,0.5815985842474536,0.5560364499807418,0.1115304313781191,0.8021781603876368,0.5326492286407255,0.12600679230192802,0.6906477290095177
80,one_domain,second_domain,0.44161342511359,-0.021964786249046686,0.4248398307824947,0.5383682987604773,-0.021695844100444606,0.5130940063530149,0.4468046170315414,-0.016773594331095265,0.5347898504534595
81,balanced,all,0.5117787194361008,0.012027931914767353,0.5180813862786569,0.6169223170355459,0.044249558498335714,0.6605977226834687,0.5060534543638895,0.006302666842556093,0.616348164185133
81,balanced,first_domain,0.541333707026006,0.04100333410939069,0.5511110681651464,0.6290632296670146,0.09533839879709724,0.6966900786632617,0.5101077340557557,0.009777361139140406,0.6013516798661644
81,balanced,second_domain,0.48568227435678024,-0.016568008874009724,0.48528543055766327,0.6043308705351789,-4.698416113397847e-4,0.6224807775639569,0.501853439431673,-3.9684379911697487e-4,0.6229506191752967
81,one_domain,all,0.3780452386378865,0.15752285373670113,0.49383338684609557,0.43671759522509357,0.16808571127707056,0.5920547578672413,0.3363105331093944,0.11578814820820904,0.4239690465901707
81,one_domain,first_domain,0.3933315377351553,0.27453683970295184,0.6557833073092768,0.4364516986161836,0.35134337634054247,0.7936313329959581,0.38124646760632497,0.26245176957412153,0.44228795665541565
81,one_domain,second_domain,0.36422876988310565,0.049401775278624264,0.395879397805203,0.43656804176549074,0.02231849781732419,0.45708869212060377,0.3464776225265787,0.03165062792209733,0.43477019430327957
82,balanced,all,0.5484094064540934,0.08531653635086421,0.5854045790922373,0.6243013323612805,0.1205285714970435,0.676567215690849,0.5000880427413731,0.03699517263814389,0.5560386441938054
82,balanced,first_domain,0.5235218512850983,0.12345361490859623,0.5899083898909043,0.5981765958291013,0.17397205724786066,0.6957750164855709,0.4664547749823081,0.06638653860580601,0.5218029592377103
82,balanced,second_domain,0.5801772124879667,0.041423045543425366,0.5793489160343857,0.6571723792764597,0.06156861050777611,0.6584557941780024,0.5379258704909603,-8.282964535810677e-4,0.5968871836702263
82,one_domain,all,0.482637820088572,0.06863751966294408,0.5139180325566741,0.5122977341643409,0.10108677995653804,0.5996321976307919,0.44528051289373005,0.03128021246810214,0.49854541767425387
82,one_domain,first_domain,0.4793737248186539,0.10801606134941727,0.6241680881061825,0.5335805030636214,0.1559708808598161,0.7763222463364882,0.5161520267567652,0.1447943632875286,0.620351365476672
82,one_domain,second_domain,0.48485497433584246,0.0011375467694769146,0.46637439250394386,0.4902557942914945,0.03844865220515183,0.49211248426998205,0.46523684573446694,-0.0184805818318986,0.45366383206483024
83,balanced,all,0.49286402565508414,0.05846316385913418,0.5355859199273101,0.6034104226663078,0.10912221105308563,0.6953486796386288,0.4771227560681759,0.042721894272225946,0.5862264685855432
83,balanced,first_domain,0.532611109904277,-0.03944879673988035,0.5272341818981489,0.6023144768907596,-0.0031638902635275057,0.6254083091263295,0.5666829786380292,-0.005376928006128101,0.628572199389857
83,balanced,second_domain,0.4695797343468353,0.13819479868102766,0.5413951201266529,0.6025668785424724,0.21895485110532426,0.7534240149477859,0.40320032144562523,0.07181538577981761,0.5344691638424617
83,one_domain,all,0.39420800249925664,-0.016771976495822374,0.40290840006003614,0.5143255664088484,0.020179644569518696,0.5837320018048702,0.4196803765558585,0.008700397560779505,0.5635523572353515
83,one_domain,first_domain,0.43536424840841587,0.003844381278293109,0.5717513545254339,0.48872044145669874,0.07900788558650529,0.7493760519327228,0.5679069732471408,0.13638710611701804,0.6703681663462175
83,one_domain,second_domain,0.37039850867762664,0.006971387317276238,0.3786087561083178,0.535892389431231,0.011629660071585826,0.5262649651929923,0.37163736879104153,0.008210247430691153,0.5146353051214064
84,balanced,all,0.4820229224558342,-0.017869094794639332,0.49085877541452305,0.5961514856634366,-0.003981217303367395,0.6447285232216985,0.5087278702091624,0.008835852958688828,0.6487097405250659
84,balanced,first_domain,0.49825789212782284,0.048624228553215555,0.5221273395054805,0.6149358329386353,0.06989273002979926,0.7129700813516098,0.47350311095226494,0.02386944737765767,0.6430773513218105
84,balanced,second_domain,0.4685198458404487,-0.06604230546339318,0.4711517066696802,0.5788393020792776,-0.06226981615180565,0.5964535472870102,0.5371940121330734,0.0026318608292315027,0.6587233634388158
84,one_domain,all,0.4446286480735874,0.0028017946425169782,0.45370437270889385,0.5307842606762848,0.008805630263306687,0.5906169286294235,0.4509025780663769,0.009075724635306481,0.5818112983661168
84,one_domain,first_domain,0.4289790869317741,0.0683842701409345,0.5782880981308786,0.5122063452360295,0.12110201424050672,0.7757676312152336,0.509903827989944,0.14930901119910445,0.6546656169747269
84,one_domain,second_domain,0.4574463645775183,-0.030468763906241675,0.433549763797544,0.5478127076009935,-0.054727319990781974,0.5145986454216694,0.4640185277037857,-0.023896600779974297,0.5693259654124514
85,balanced,all,0.5097540965820293,0.03697046530693819,0.5481776284021066,0.6189207864813793,0.0747480110615393,0.673248842366372,0.5112071630951684,0.038423531820077295,0.5985008313048327
85,balanced,first_domain,0.48225850677097376,-0.027302542816799336,0.5016837784579122,0.5905022903394105,-0.04790339032803315,0.5727782511936212,0.5289863212747116,0.019425271686938472,0.6206816415216544
85,balanced,second_domain,0.5315697237954665,0.09095134602543077,0.5840100073309116,0.640803621234545,0.17942388346500845,0.7532530558957071,0.4930586613054808,0.052440283535445054,0.5738291724306986
85,one_domain,all,0.3901827535953485,-0.02852147364443674,0.39361173015844264,0.5234411991136262,-0.048699358579507704,0.5605755992540974,0.4221332038028794,0.003428976563094155,0.6092749578336051
85,one_domain,first_domain,0.39834933178802595,0.0011008089433300074,0.5487160941494686,0.5176848679546001,-0.035771326015747534,0.7447275253376578,0.5476152852061387,0.1503667623614427,0.7804988513534054
85,one_domain,second_domain,0.3838842543952692,-0.04949939325799042,0.36345105606639466,0.5288548815411754,-0.04416112795067864,0.5065654414814876,0.41295044932438507,-0.020433198328874524,0.5507265694321662
86,balanced,all,0.4876624194726587,0.036984526834614194,0.5232229822664884,0.6055584965306506,0.05836132890830279,0.6673337416573241,0.4862384554318743,0.03556056279382974,0.6089724127490213
86,balanced,first_domain,0.48365573854112576,0.0382095697782017,0.5056124229775236,0.6155294756765674,0.0579834293974636,0.6653817215913068,0.4674028531993219,0.021956684436397866,0.6073982921938432
86,balanced,second_domain,0.49415920593150625,0.0367967944892459,0.5456708816147418,0.5968381328797935,0.06081555873434175,0.6705166777876426,0.5088740871254959,0.0515116756832355,0.6097011190533008
86,one_domain,all,0.36226079903015673,9.842416569711145e-4,0.3948288277688836,0.4731627001238933,-0.0202987400254359,0.5522664436808121,0.3938445861119125,0.032568028738726884,0.572565183706248
86,one_domain,first_domain,0.36235086715443304,0.027979810393980786,0.5082403739483603,0.5037559289007899,0.04278983731348574,0.7624528644243296,0.4802605635543795,0.14588950679392726,0.7196630271108438
86,one_domain,second_domain,0.3639649134357591,-0.042527242069205246,0.35627741695696263,0.44402882903168045,-0.07162294449162322,0.4186117997797136,0.3988046590261679,-0.007687496478796463,0.4902347442713368
87,balanced,all,0.5049907673847748,0.018603990882111288,0.5223730321842569,0.6128210919493996,0.0723445660252104,0.6914599601319896,0.5037690413021456,0.017382264799482128,0.6191153941067792
87,balanced,first_domain,0.46152710194305613,0.018744914937742208,0.5110120464199936,0.564668487056047,0.02381664355830546,0.650515882504814,0.49226713148225143,0.04948494447693752,0.6266992389465085
87,balanced,second_domain,0.5409822779842332,0.017772485796876663,0.5307597512581476,0.6530364496526538,0.11907505623120188,0.7276592586927231,0.5129872654612709,-0.01022252672608559,0.6085842024615212
87,one_domain,all,0.383027946309485,0.052624696921415616,0.4319826217406969,0.4900533235875292,0.07749032050180449,0.6077459176648818,0.37935792481928127,0.0489546754312119,0.5302555971630774
87,one_domain,first_domain,0.37069719211716934,0.02294081449812106,0.5383015823672156,0.4793364601840835,0.02500541437881243,0.7610885315374973,0.5153607678690946,0.16760439025004625,0.7360831171586849
87,one_domain,second_domain,0.39291027508185944,0.04044297047174317,0.4115068588150648,0.5015424107682153,0.07953340078554133,0.5336357693338842,0.37106388834332166,0.018596583733205385,0.4541023685483429
88,balanced,all,0.4560646130416538,-0.022303553271698407,0.46193480522955904,0.587457650915645,-0.014187609393994875,0.6223332044647021,0.48423835850125746,0.005870192187905243,0.636520813858697
88,balanced,first_domain,0.43997315438882334,0.037737600208507,0.4843663854507614,0.5712457966412989,0.04674889930683334,0.662421550828852,0.44662878524225436,0.04439323106193804,0.6156726515220187
88,balanced,second_domain,0.4701259231719129,-0.07589886953363997,0.4466702422915358,0.6005989968682296,-0.07327806116528353,0.59254386787889,0.5225691118251757,-0.023455680880377083,0.6658219290441736
88,one_domain,all,0.36631922565747643,0.07231042746499874,0.42918945977662726,0.4642643173420559,0.09833646640629341,0.5737026749364396,0.35687903231162854,0.06287023411915083,0.47536620853014616
88,one_domain,first_domain,0.32757384905986076,0.16746481277385905,0.5568685416278817,0.4088773329855615,0.21390277004899966,0.7295299974371361,0.38940372885402263,0.22929469256802093,0.5156272273881364
88,one_domain,second_domain,0.3994292315824355,-0.012620174667544785,0.3982186357474257,0.5066884794123815,-0.004756079598897359,0.5139309578059247,0.4108388104149705,-0.0012105958350097645,0.518687037404822
89,balanced,all,0.4869572693723885,0.00928911013272044,0.5167253387687192,0.6226106538857036,-0.022554548853728068,0.6514665962546645,0.5074362286359987,0.0297680693963307,0.6740211451083926
89,balanced,first_domain,0.4856741150954967,0.11343435944625602,0.5608244990539542,0.6269060682657869,0.0721633580567494,0.7150155762150054,0.44739013960769813,0.07515038395845747,0.6428522181582561
89,balanced,second_domain,0.48795281347856007,-0.07462210690589588,0.4769149223847796,0.6168831389881726,-0.10792160052078519,0.5938752023339914,0.5515370292906755,-0.01103789109378045,0.7017968028547765
89,one_domain,all,0.39186388685239465,0.12060492234679258,0.4666058759339637,0.4573323342390146,0.11913236102759696,0.5671158218406219,0.3460009535871711,0.07474198908156904,0.447983460813025
89,one_domain,first_domain,0.34746125647637077,0.29422255413129544,0.6107719984740417,0.4323102814793117,0.32315353862335716,0.7743047510377158,0.3165494443427463,0.26331074199767096,0.4511512124143586
89,one_domain,second_domain,0.431282163628354,-0.0058492928232502205,0.42500233063116355,0.48239767454222926,-0.03446906980896643,0.4555884560840352,0.43085162345441375,-0.0062798329971904265,0.4900575258930016
90,balanced,all,0.46584513738450306,0.03193079932010729,0.5194425474070474,0.578197276298244,0.03417287651458121,0.6553849161882358,0.48751174808694014,0.05359741002254437,0.6212120396736546
90,balanced,first_domain,0.4535481221458526,0.046195793759721396,0.5309790864588542,0.5402081819310924,0.03748643806059303,0.6386382867092797,0.4847832926991328,0.07743096431300156,0.6011518486486866
90,balanced,second_domain,0.47742053229853204,0.020077673826317054,0.5105599294107956,0.6174961121155406,0.031444559614985074,0.6764492835773652,0.4904822555844786,0.0331393971122636,0.6450047239623802
90,one_domain,all,0.3598123468797775,0.07343773196530984,0.45039252142870295,0.47819031874991524,0.048137923026605245,0.6000966331777792,0.3769547894633931,0.09058017454892547,0.5519587101511739
90,one_domain,first_domain,0.35049212897915016,0.08750142760829309,0.5717651870598283,0.46089349178659894,0.058801390356314896,0.7428588456760871,0.48426375945153516,0.2212730580806781,0.6840574553197721
90,one_domain,second_domain,0.3731428471205482,0.035528507850606475,0.399327342767981,0.5016501560735148,-0.00933167723964187,0.5047129554923866,0.3637988349173745,0.026184495647432804,0.5140446327320285
91,balanced,all,0.5281589191210936,0.060657729145152314,0.5703614455609071,0.6446508761884515,0.12015921326171386,0.7200251652712365,0.5097037164157547,0.04220252643981348,0.5998659520095226
91,balanced,first_domain,0.5443663161035548,-0.042202886620294144,0.5236450200256793,0.6559084977485024,0.033209947648082806,0.6796317438683794,0.5658479066459734,-0.02072129607787554,0.6464217962202966
91,balanced,second_domain,0.5137932096667857,0.1514978258213966,0.6112223928008297,0.6341809259069694,0.20355017142522636,0.7571138152727486,0.4597245669794331,0.09742918313404403,0.5535636438475222
91,one_domain,all,0.4610750771775247,-0.02386533536330163,0.4674794241518941,0.5439013839214416,0.021032707910912114,0.6279708640732701,0.49134475951519574,0.006404346974369368,0.6069381561623579
91,one_domain,first_domain,0.4517546722568516,-0.01785291642306779,0.5681590606042102,0.52793005348269,0.037701734900456786,0.7792434903634817,0.5860119770272779,0.11640438834735856,0.7415417554630249
91,one_domain,second_domain,0.46934105298658535,-0.008061833417406163,0.46380201666303333,0.5568760272586085,0.045621070499549055,0.5745563009396487,0.4718638500804395,-0.005539036323552016,0.5289352304400996
92,balanced,all,0.4820033686256828,0.004296735321718249,0.4980925283335922,0.595067001231681,0.0453171773334897,0.6559466479682651,0.49379579301187393,0.016089159707909362,0.6106294706347754
92,balanced,first_domain,0.47712522748021957,0.05525620958203037,0.5329258810236568,0.5830218221872028,0.07416643237590745,0.6600399831394909,0.4776696714416264,0.05580065354343722,0.5858735507635834
92,balanced,second_domain,0.4876641140156048,-0.047856657047124246,0.46095907996530733,0.6086505781431025,0.01497705569481713,0.6512161024388453,0.5088157370124315,-0.02670503405029745,0.6362390467440282
92,one_domain,all,0.39617006507589514,0.008674931490417264,0.41154995453328985,0.49174402551547985,0.012575564723362832,0.5687458013557561,0.4028750230428726,0.015379889457394713,0.5561702366323933
92,one_domain,first_domain,0.41738292858227777,0.038022645300356275,0.5846128522637478,0.5150642257668437,0.054001542190512286,0.7763875383089994,0.5465902069633916,0.16722992368147005,0.7223859961184871
92,one_domain,second_domain,0.37353077552891417,-0.02682594280749055,0.33690823282085824,0.467807207350114,0.0034924115626325867,0.45376178278845025,0.3637341756283488,-0.03662254270805593,0.45026937122581767
93,balanced,all,0.5177954294464373,-5.487590112283054e-4,0.5215507911992316,0.5804591638648263,0.03443637966814114,0.6374439789511577,0.52209955021046,0.0037553617527943395,0.6030075992830165
93,balanced,first_domain,0.5331031096745676,0.023178433699981228,0.5486725678334056,0.5986746388283272,0.053187699120400854,0.6842007341880657,0.5254941341334244,0.015569458158837923,0.6310130350676648
93,balanced,second_domain,0.5030315489069037,-0.030819018319824025,0.490187315487339,0.5585999962562009,0.010484037191459012,0.5874389482006656,0.521006333807163,-0.012844233419564699,0.5769549110092066
93,one_domain,all,0.450459390001924,0.024488975034778176,0.48106635250338664,0.49271112353667723,0.05077869691477969,0.587013497866428,0.4565773774686085,0.030606962501462665,0.5362348009516483
93,one_domain,first_domain,0.4712666995180533,0.043200885080119295,0.6166535136664774,0.5224133243479951,0.11453497497162078,0.7771788415497485,0.573452628586358,0.14538681414842408,0.6626438665781277
93,one_domain,second_domain,0.4285927520426205,-0.020914084477096417,0.40568154746964163,0.4597136551656474,0.014383319499372405,0.45329475073753,0.42659563194673805,-0.02291120457297885,0.4389114312381576
94,balanced,all,0.4910903523931885,-0.030677680719779873,0.47863440023242004,0.5990488920663989,0.010424454900405503,0.6342158230809547,0.5093120809521999,-0.012455952160768446,0.6237913681805491
94,balanced,first_domain,0.518931778264848,-0.05011107806480527,0.4824440415272295,0.5878107638549286,0.035905924237292906,0.6406994895141064,0.5325551195920347,-0.03648773673761857,0.6047935652768135
94,balanced,second_domain,0.4716090251021847,-0.01476980091302868,0.48036958403992147,0.6115689342040597,-0.018858876449110627,0.6293791262649139,0.4951393849529502,0.008760558937736751,0.6482380027140245
94,one_domain,all,0.43540620064415375,0.05754362697327689,0.46890601640161234,0.49847257081699814,0.07946634496364571,0.5812321896977909,0.4113623894283355,0.033499815757458584,0.5017658447341452
94,one_domain,first_domain,0.4877030187983625,0.1266539919511052,0.637647054258303,0.5206475832142966,0.21097882685395528,0.8009806443277657,0.5109930623071979,0.14994403545994056,0.5900018174738104
94,one_domain,second_domain,0.39532759917422916,0.04164665118412172,0.4274843418604495,0.4741023398512352,4.345678866349052e-4,0.45292106938221427,0.3858376906763278,0.03215674268622032,0.45248650149557934
95,balanced,all,0.5376969076191728,0.09886378897765358,0.5931132717974015,0.6144748057101749,0.17372601444689095,0.7369802454398817,0.4942494828197479,0.055416364178228705,0.5632542309929908
95,balanced,first_domain,0.556948885768737,0.1312642914899738,0.6301464078922429,0.6077107332846327,0.19836790590503223,0.7486179832172951,0.4988821164022691,0.07319752212350583,0.5502500773122629
95,balanced,second_domain,0.520489491861869,0.06705169209800922,0.5600187153150933,0.6195828476380472,0.14372932283223383,0.7223493297830871,0.4929670232170841,0.039529223453224294,0.5786200069508532
95,one_domain,all,0.41023286964366745,0.03817070196577301,0.4519238029007266,0.5328807056729741,0.0679411979708662,0.6506283322279316,0.4137531009349536,0.04169093325705914,0.5826871342570654
95,one_domain,first_domain,0.42134724084864644,0.08975937718397176,0.5886163180387554,0.5155387442210533,0.13220763219320658,0.8083783853380911,0.4988569408547836,0.16726907719010892,0.6761707531448846
95,one_domain,second_domain,0.40026511570040907,-0.02735235302335984,0.38962778864002345,0.5536331515309955,-0.021074716574625472,0.5436539692615748,0.4169801416633833,-0.010637327060385615,0.5647286858362003
96,balanced,all,0.47580276010285183,0.09542912617603051,0.5453748367620191,0.5683286222821606,0.16764135934949487,0.6978739962610668,0.44994571058598865,0.06957207665916731,0.530232636911572
96,balanced,first_domain,0.4773930050563508,0.10962969817587188,0.5585063166068809,0.566832144618268,0.1625643065577652,0.6905694141625831,0.448876618431009,0.08111331155053009,0.5280051076048179
96,balanced,second_domain,0.47349009407615666,0.08154105239578756,0.5321422479620386,0.5672067440676813,0.1733190337799599,0.7041858355717572,0.450601195566251,0.05865215388588191,0.5308668017917972
96,one_domain,all,0.3221008588270817,0.05618579614657307,0.3992693144272522,0.44108407350870554,0.07013067763087051,0.5679116201443284,0.3430835182806792,0.0771684556001705,0.4977809425134579
96,one_domain,first_domain,0.3603566739114038,0.06901527257487941,0.5749576497014366,0.45035316534453845,0.055925765237699716,0.7079450538674797,0.5059423771265572,0.2146009757900328,0.65201928862978
96,one_domain,second_domain,0.28448554946684435,0.02776709752352675,0.31514665477098414,0.4266772531905727,0.05965275096198557,0.48755783964863203,0.2873795572474574,0.03066110530413979,0.42790508868664645
97,balanced,all,0.47388889070184875,0.035673141224623915,0.5123045141891128,0.5586937897976245,0.06044933245432626,0.6360825605894203,0.47663137296448893,0.03841562348726407,0.575633228135094
97,balanced,first_domain,0.47185768081270724,-0.06497469309224357,0.46771557936214,0.5219525336183815,-0.053971698569128944,0.5527084715772052,0.5326902724543836,-0.004142101450567259,0.6066801701463341
97,balanced,second_domain,0.4764557803244174,0.1521596140131825,0.5535120510692213,0.5986126297202481,0.1839529325979834,0.70951642923964,0.4013524370560388,0.07705627074480392,0.5255634966416566
97,one_domain,all,0.39983614684193,0.021787011423773057,0.4299492106343796,0.5077620601592037,0.041887527251340914,0.5991140977049297,0.40816219921060654,0.0301130637924496,0.5572265704535888
97,one_domain,first_domain,0.3971313243123946,0.026147998089325487,0.5753426607707097,0.503386405287856,0.0512849308070266,0.7648744648430498,0.5491946626813843,0.1782113364583151,0.7135895340360232
97,one_domain,second_domain,0.4032808624449589,0.014299582566304201,0.3880652161572902,0.5158492853480334,0.010765873447407346,0.49987783175996803,0.373765633590986,-0.015215646287668694,0.48911195831256066
98,balanced,all,0.4792749922503537,0.016137205520376903,0.5014971820740592,0.6178492504379681,0.034702273601178744,0.6712082275395078,0.48535997655368235,0.02222218982370555,0.6365059539383291
98,balanced,first_domain,0.5143410641963857,-0.08308336647539112,0.5097547713592694,0.6420890108935107,-0.10081470192236112,0.641274373044097,0.5928381378346606,-0.0045862928371163125,0.742089074966458
98,balanced,second_domain,0.43232631255866655,0.14894714271657464,0.51266621606555,0.5866360922351932,0.1934403867051824,0.7068848397182615,0.36371907334897535,0.08033990350688341,0.5134444530130792
98,one_domain,all,0.34236407001143643,0.014200468719620121,0.37619487143646235,0.486515398735824,-0.007203247825694107,0.5870447101051249,0.36199440271684225,0.033830801425025925,0.5942479579308191
98,one_domain,first_domain,0.3715140274250155,-0.057230999284299464,0.4870185283197546,0.5143549984565098,-0.10112239765000394,0.7596155364990869,0.5442495276040541,0.11550450089473913,0.8607379341490908
98,one_domain,second_domain,0.3089583149364648,0.01586633848953644,0.3064028043036537,0.45384870677564565,0.0445815902815407,0.462973710292087,0.29053646581411724,-0.00255551063281112,0.4183921200105463
99,balanced,all,0.4685763559929736,0.029515304402036282,0.5048060427174575,0.6132424621818366,0.0016099294375314652,0.656385775202379,0.4752907383154213,0.036229686724483956,0.6547758457648475
99,balanced,first_domain,0.44794563024758394,0.1534483934586797,0.5470960824234326,0.6089383996200566,0.12389491907224019,0.7239099890447547,0.3936476889647529,0.09915045217584861,0.6000150699725145
99,balanced,second_domain,0.4881613722402185,-0.09146155387790186,0.46147077630799,0.6171117006588577,-0.12206623285211071,0.5840692455416383,0.5529323301858918,-0.0266905959322285,0.706135478393749
99,one_domain,all,0.3810239744595991,0.029719331740495326,0.4183103030354264,0.5011775692255874,-0.009157040943987865,0.5732181380689235,0.38859097129493103,0.037286328575827254,0.5823751790129114
99,one_domain,first_domain,0.3519346484005619,0.07975713465674458,0.5348499690904639,0.48358879370440067,0.04865356174320861,0.7358162321514609,0.4550928344337193,0.18291532068990202,0.6871626704082523
99,one_domain,second_domain,0.4082827103542528,-0.007609868383370614,0.39735435281984616,0.5168497126860535,-0.0344268045814312,0.5022560138749993,0.4049642212032168,-0.01092835753440663,0.5366828184564305
100,balanced,all,0.42345925830538406,0.04884858011853974,0.4725621085235201,0.5908794384892379,0.07759138466202363,0.6777683983023958,0.42371352840498033,0.04910285021813604,0.6001770136403721
100,balanced,first_domain,0.5114482330662533,-0.02900556436370641,0.516469023303707,0.6027583528934989,0.020692704694006605,0.667736980658637,0.5454745876674134,0.0050207902374537206,0.6470442759646303
100,balanced,second_domain,0.37728111168754863,0.10607873823831337,0.4535601657861094,0.5778937233554118,0.1378307541103479,0.6912879172912965,0.34748142754779604,0.07627905409856078,0.5534571631809486
100,one_domain,all,0.3716250468230196,-8.084680179302099e-5,0.3823763071904233,0.5219485119017692,0.04010302677479148,0.6331749732236953,0.38245715399221636,0.010751260367403703,0.5930719464489038
100,one_domain,first_domain,0.4133006111684147,0.041451065594224,0.5773423491799048,0.49057760782517273,0.10948031532479109,0.80738157808029265,0.5358912835856808,0.16404173801149008,0.6979012627555016
100,one_domain,second_domain,0.35419905755087655,-0.013577345282474212,0.3317475531337902,0.5516053738980924,-0.00484993000427598,0.5445940705887697,0.3453248984162644,-0.022451504417086376,0.5494440005930458
