scenario,replicate,seed,subset,estimator,n,fit_status,fit_warnings,correlation,rank_correlation,rmse,bias,coverage
easy_5,1,20261010,all,observed_gain,1000,ok,,-0.06513451818056284,-0.12479574742248492,,,
easy_5,1,20261010,baseline_perfect,observed_gain,383,ok,,0.22701355014605762,0.41820912568760643,,,
easy_5,1,20261010,all,post_score,1000,ok,,0.2982344848996772,0.6151116540662991,,,
easy_5,1,20261010,baseline_perfect,post_score,383,ok,,0.22701355014605767,0.41820912568760643,,,
easy_5,1,20261010,all,guess_adjusted_post,1000,ok,,0.29823448489967413,0.6069661988506795,,,
easy_5,1,20261010,baseline_perfect,guess_adjusted_post,383,ok,,0.22701355014605853,0.4137145310210453,,,
easy_5,1,20261010,all,joint_irt,1000,ok,,0.42553954235575897,0.7221276447662432,2.6251658834517304,1.4781021029606896,0.96
easy_5,1,20261010,baseline_perfect,joint_irt,383,ok,,0.2389655902771981,0.4191985057333378,4.042336292829284,2.842145514751447,0.9321148825065274
easy_5,1,20261010,all,post_only_irt,1000,ok,,0.33062698559556103,0.6124202739938561,2.317306235379644,1.2485289360887684,0.975
easy_5,1,20261010,baseline_perfect,post_only_irt,383,ok,,0.2390301742853407,0.4232480877434231,2.9257302427836724,1.1546060645355023,0.9817232375979112
easy_5,1,20261010,all,separate_irt,1000,ok,,0.20012180713480163,0.36420572771864373,2.7795216686479893,1.1550628125300195,
easy_5,1,20261010,baseline_perfect,separate_irt,383,ok,,0.23920244408990618,0.4232480877434231,2.95537385555942,0.26995925891501615,
easy_10,1,20261011,all,observed_gain,1000,ok,,-0.06437790282706436,-0.060074074005146506,,,
easy_10,1,20261011,baseline_perfect,observed_gain,211,ok,,0.1969859621474543,0.3524048832886099,,,
easy_10,1,20261011,all,post_score,1000,ok,,0.33493603294116214,0.7452941467557938,,,
easy_10,1,20261011,baseline_perfect,post_score,211,ok,,0.1969859621474543,0.3524048832886099,,,
easy_10,1,20261011,all,guess_adjusted_post,1000,ok,,0.3349360329411637,0.7400695642754972,,,
easy_10,1,20261011,baseline_perfect,guess_adjusted_post,211,ok,,0.1969859621474545,0.3715859295631598,,,
easy_10,1,20261011,all,joint_irt,1000,ok,,0.47509750484334473,0.8087998688007265,1.6255303567826997,0.27198637122667935,0.968
easy_10,1,20261011,baseline_perfect,joint_irt,211,ok,,0.20800316229522317,0.35489187919533316,3.326414185614861,1.077997449585981,0.966824644549763
easy_10,1,20261011,all,post_only_irt,1000,ok,,0.3923317353295091,0.7427417670224506,1.6666173033569387,0.3279563185809055,0.98
easy_10,1,20261011,baseline_perfect,post_only_irt,211,ok,,0.20750706284947737,0.3560723402911343,3.080012040832918,-0.09810457081586235,0.9620853080568721
easy_10,1,20261011,all,separate_irt,1000,ok,,0.206658468942593,0.4487537894670798,2.2691100628449345,0.3828511974553943,
easy_10,1,20261011,baseline_perfect,separate_irt,211,ok,,0.2078518953916939,0.35634276767215445,3.4839988963426416,-1.1977715073426933,
easy_15,1,20261012,all,observed_gain,1000,ok,,-0.11919551330157456,-0.14076640488608516,,,
easy_15,1,20261012,baseline_perfect,observed_gain,166,ok,,0.26972596676328925,0.43123446171113283,,,
easy_15,1,20261012,all,post_score,1000,ok,,0.3886677606428086,0.775830588207036,,,
easy_15,1,20261012,baseline_perfect,post_score,166,ok,,0.26972596676328914,0.43123446171113283,,,
easy_15,1,20261012,all,guess_adjusted_post,1000,ok,,0.38866776064280656,0.7697430324236345,,,
easy_15,1,20261012,baseline_perfect,guess_adjusted_post,166,ok,,0.2697259667632892,0.42989239216517583,,,
easy_15,1,20261012,all,joint_irt,1000,ok,,0.5504334629739183,0.8138402887397419,1.5317344816508132,-0.49430957351528215,0.907
easy_15,1,20261012,baseline_perfect,joint_irt,166,ok,,0.2888578839771329,0.4335297644307161,3.4170186243027088,-1.7790592662578377,0.8012048192771084
easy_15,1,20261012,all,post_only_irt,1000,ok,,0.4781533664322347,0.7733199013319563,1.553849849660438,-0.489381367866241,0.923
easy_15,1,20261012,baseline_perfect,post_only_irt,166,ok,,0.2887914704791412,0.42938485664041853,3.4790701466548675,-1.8811573922184635,0.7590361445783133
easy_15,1,20261012,all,separate_irt,1000,ok,,0.018723193363585206,0.1876740826762393,2.019310383855371,-0.3973595668196071,
easy_15,1,20261012,baseline_perfect,separate_irt,166,ok,,0.2888946848509569,0.43355830625941744,4.283563583473885,-3.179606016409767,
broad_10,1,20261013,all,observed_gain,1000,ok,,-0.012084187850425252,0.0392575285940832,,,
broad_10,1,20261013,baseline_perfect,observed_gain,53,ok,,0.37020720704609983,0.4820853508057514,,,
broad_10,1,20261013,all,post_score,1000,ok,,0.48473903455685374,0.7383313238238591,,,
broad_10,1,20261013,baseline_perfect,post_score,53,ok,,0.37020720704609983,0.4820853508057514,,,
broad_10,1,20261013,all,guess_adjusted_post,1000,ok,,0.48473903455685685,0.7322680426049846,,,
broad_10,1,20261013,baseline_perfect,guess_adjusted_post,53,ok,,0.3702072070460994,0.45494269583688773,,,
broad_10,1,20261013,all,joint_irt,1000,ok,,0.6686087275818967,0.7995120849785384,1.1143943443347684,-0.11549531781148017,0.966
broad_10,1,20261013,baseline_perfect,joint_irt,53,ok,,0.3951470375485532,0.46425300189640395,3.629576512000338,-1.1136222633756143,0.9245283018867925
broad_10,1,20261013,all,post_only_irt,1000,ok,,0.5780035632854297,0.7492536668453966,1.1974521714777455,-0.10946104340534724,0.97
broad_10,1,20261013,baseline_perfect,post_only_irt,53,ok,,0.38792098380142515,0.444040278198517,3.946922738069484,-1.8019520741520247,0.8301886792452831
broad_10,1,20261013,all,separate_irt,1000,ok,,0.2073418689311188,0.3126203391543209,1.9774513142963424,-0.10977098990392026,
broad_10,1,20261013,baseline_perfect,separate_irt,53,ok,,0.38837269293243765,0.444040278198517,5.84025615408182,-4.663329265647623,
additive,1,20261014,all,observed_gain,1000,ok,,0.13750262222301024,0.11020357272504736,,,
additive,1,20261014,baseline_perfect,observed_gain,220,ok,,0.1580933253832416,0.11191836138602113,,,
additive,1,20261014,all,post_score,1000,ok,,0.22082697541972743,0.20819080990370056,,,
additive,1,20261014,baseline_perfect,post_score,220,ok,,0.1580933253832416,0.11191836138602113,,,
additive,1,20261014,all,guess_adjusted_post,1000,ok,,0.2208269754197268,0.20717855817913236,,,
additive,1,20261014,baseline_perfect,guess_adjusted_post,220,ok,,0.158093325383242,0.10795149102926498,,,
additive,1,20261014,all,joint_irt,1000,ok,,-0.043664746873032054,0.05610097124694014,0.8578508294614973,-0.38765822233078406,0.911
additive,1,20261014,baseline_perfect,joint_irt,220,ok,,-0.14194852917217293,-0.12090218423712645,1.5844240420945221,-1.4308734180489875,0.9272727272727272
additive,1,20261014,all,post_only_irt,1000,ok,,-0.1631405443062791,-0.16006568835678478,0.6729916174195547,-0.38954088208397364,0.936
additive,1,20261014,baseline_perfect,post_only_irt,220,ok,,-0.12541854586389972,-0.11300947535862929,0.791631478529271,-0.5292940765391414,0.9363636363636364
additive,1,20261014,all,separate_irt,1000,ok,,0.06096330733453064,0.1021049871211107,1.3059358360258468,-0.3779533592518777,
additive,1,20261014,baseline_perfect,separate_irt,220,ok,,0.1513164458345209,0.12098863372132776,2.4075382087620407,-2.3187231853580395,
catch_up,1,20261015,all,observed_gain,1000,The following items have only one response category and cannot be estimated: item13 ,,0.6007046196084973,0.6760974655129345,,,
catch_up,1,20261015,baseline_perfect,observed_gain,223,The following items have only one response category and cannot be estimated: item13 ,,-0.04353069853744612,-0.147357829429057,,,
catch_up,1,20261015,all,post_score,1000,The following items have only one response category and cannot be estimated: item13 ,,0.20004972566495102,0.13434497964054118,,,
catch_up,1,20261015,baseline_perfect,post_score,223,The following items have only one response category and cannot be estimated: item13 ,,-0.04353069853744614,-0.147357829429057,,,
catch_up,1,20261015,all,guess_adjusted_post,1000,The following items have only one response category and cannot be estimated: item13 ,,0.20004972566495188,0.13618762781404642,,,
catch_up,1,20261015,baseline_perfect,guess_adjusted_post,223,The following items have only one response category and cannot be estimated: item13 ,,-0.04353069853744629,-0.15641919352369696,,,
varying_guess,1,20261016,all,observed_gain,1000,ok,,-0.07819502008397479,-0.11306108256492564,,,
varying_guess,1,20261016,baseline_perfect,observed_gain,215,ok,,0.25277329625147976,0.4695029849391683,,,
varying_guess,1,20261016,all,post_score,1000,ok,,0.33606186370763014,0.7440007218970812,,,
varying_guess,1,20261016,baseline_perfect,post_score,215,ok,,0.2527732962514798,0.4695029849391683,,,
varying_guess,1,20261016,all,guess_adjusted_post,1000,ok,,0.3272021312826997,0.7320650843619531,,,
varying_guess,1,20261016,baseline_perfect,guess_adjusted_post,215,ok,,0.2526571785077756,0.48524390172994025,,,
varying_guess,1,20261016,all,joint_irt,1000,ok,,0.497396526486874,0.8024801212560301,1.673407575138166,0.12159869786070504,0.987
varying_guess,1,20261016,baseline_perfect,joint_irt,215,ok,,0.26431597052578876,0.4656091389834485,3.4283290072917323,0.29278674285755774,0.9953488372093023
varying_guess,1,20261016,all,post_only_irt,1000,ok,,0.4117521140345873,0.7436161393423887,1.7502945623062336,0.09127133837554441,0.981
varying_guess,1,20261016,baseline_perfect,post_only_irt,215,ok,,0.26372642197515833,0.464428716646361,3.4572691127220785,-0.5709930323088807,0.9720930232558139
varying_guess,1,20261016,all,separate_irt,1000,ok,,0.18372962052293243,0.4167120530116624,2.2633217705700863,0.06202172924556053,
varying_guess,1,20261016,baseline_perfect,separate_irt,215,ok,,0.2636739903110198,0.4646432097545441,3.911633873312536,-1.7880695407831901,
item_drift,1,20261017,all,observed_gain,1000,ok,,-0.18723173504770665,-0.24084459743578848,,,
item_drift,1,20261017,baseline_perfect,observed_gain,196,ok,,0.3470369742344531,0.49212685516253735,,,
item_drift,1,20261017,all,post_score,1000,ok,,0.3849344843653195,0.6817370316352528,,,
item_drift,1,20261017,baseline_perfect,post_score,196,ok,,0.3470369742344529,0.49212685516253735,,,
item_drift,1,20261017,all,guess_adjusted_post,1000,ok,,0.384934484365319,0.6709888290922985,,,
item_drift,1,20261017,baseline_perfect,guess_adjusted_post,196,ok,,0.34703697423445407,0.47822808754785817,,,
item_drift,1,20261017,all,joint_irt,1000,ok,,0.5900026019856912,0.7896640704780046,1.0744583564497519,0.4201715859400842,0.686
item_drift,1,20261017,baseline_perfect,joint_irt,196,ok,,0.3586795852440135,0.47605059866575034,1.9233891514464387,0.3026171676437513,0.9081632653061225
item_drift,1,20261017,all,post_only_irt,1000,ok,,0.43878456160182333,0.6703580562822404,1.1882116470519961,0.44335975839855707,0.705
item_drift,1,20261017,baseline_perfect,post_only_irt,196,ok,,0.36011409253732674,0.47663986634331484,1.9370537889793453,-0.331297700064892,0.8877551020408163
item_drift,1,20261017,all,separate_irt,1000,ok,,0.05030062990784325,0.2387748682586342,1.972641205303151,0.5173728530356658,
item_drift,1,20261017,baseline_perfect,separate_irt,196,ok,,0.3608990479158379,0.47663986634331484,2.730361605521737,-1.90839361212977,
easy_5,2,20261018,all,observed_gain,1000,ok,,-0.05981442080523296,-0.057326568629167546,,,
easy_5,2,20261018,baseline_perfect,observed_gain,349,ok,,0.2952482733167149,0.4521529082138791,,,
easy_5,2,20261018,all,post_score,1000,ok,,0.3532098342697218,0.5827462677024474,,,
easy_5,2,20261018,baseline_perfect,post_score,349,ok,,0.29524827331671494,0.4521529082138791,,,
easy_5,2,20261018,all,guess_adjusted_post,1000,ok,,0.35320983426972197,0.5777590706745334,,,
easy_5,2,20261018,baseline_perfect,guess_adjusted_post,349,ok,,0.295248273316716,0.45427243826751545,,,
easy_5,2,20261018,all,joint_irt,1000,ok,,0.5096406305531515,0.6939435235438862,2.835156755113075,1.7755878868436445,0.988
easy_5,2,20261018,baseline_perfect,joint_irt,349,ok,,0.30332845166287836,0.44495521844796226,4.498565786911183,3.7457868770502882,0.9770773638968482
easy_5,2,20261018,all,post_only_irt,1000,ok,,0.38882579446051996,0.5752163405706289,2.506366452937565,1.7239826460534513,0.996
easy_5,2,20261018,baseline_perfect,post_only_irt,349,ok,,0.30306955486033893,0.44732610313487925,2.7448229725994713,1.8511370797762652,0.997134670487106
easy_5,2,20261018,all,separate_irt,1000,ok,,0.2680262139478955,0.3480953437026839,3.040746884165096,1.724040079478831,
easy_5,2,20261018,baseline_perfect,separate_irt,349,ok,,0.3034694207147412,0.44741441081839073,2.6929957331231846,1.0836267412290015,
easy_10,2,20261019,all,observed_gain,1000,ok,,-0.07522351846295351,-0.08960966241736514,,,
easy_10,2,20261019,baseline_perfect,observed_gain,208,ok,,0.29955015265888246,0.44574007708813007,,,
easy_10,2,20261019,all,post_score,1000,ok,,0.39892966294789156,0.7383283628390813,,,
easy_10,2,20261019,baseline_perfect,post_score,208,ok,,0.29955015265888246,0.44574007708813007,,,
easy_10,2,20261019,all,guess_adjusted_post,1000,ok,,0.39892966294789317,0.7347766534731658,,,
easy_10,2,20261019,baseline_perfect,guess_adjusted_post,208,ok,,0.2995501526588827,0.4356747585857421,,,
easy_10,2,20261019,all,joint_irt,1000,ok,,0.5421714266084428,0.7989006599631756,1.2391179392352683,-0.3397078811521215,0.916
easy_10,2,20261019,baseline_perfect,joint_irt,208,ok,,0.3255437155436753,0.46149649932638004,2.2591501364572104,-0.8632897646475449,0.9038461538461539
easy_10,2,20261019,all,post_only_irt,1000,ok,,0.461692100770239,0.7387193790832894,1.273226770292374,-0.3241989032787494,0.929
easy_10,2,20261019,baseline_perfect,post_only_irt,208,ok,,0.3265034700281275,0.46481883990858686,2.368619427109627,-1.1022237042713818,0.8317307692307693
easy_10,2,20261019,all,separate_irt,1000,ok,,0.09002818454568916,0.2564446280542483,1.7722867434518461,-0.2552994019899857,
easy_10,2,20261019,baseline_perfect,separate_irt,208,ok,,0.32701994401063617,0.46481883990858686,3.0978776619463693,-2.291807909639802,
easy_15,2,20261020,all,observed_gain,1000,ok,"Observed log-likelihood may still be increasing.
  Final log-likelihood values were: 
  -3530.636, -3530.634, -3530.633",-0.1404422640023995,-0.17105543756158595,,,
easy_15,2,20261020,baseline_perfect,observed_gain,170,ok,"Observed log-likelihood may still be increasing.
  Final log-likelihood values were: 
  -3530.636, -3530.634, -3530.633",0.3753212629524874,0.4995711764687137,,,
easy_15,2,20261020,all,post_score,1000,ok,"Observed log-likelihood may still be increasing.
  Final log-likelihood values were: 
  -3530.636, -3530.634, -3530.633",0.45228228617825944,0.8087553179392826,,,
easy_15,2,20261020,baseline_perfect,post_score,170,ok,"Observed log-likelihood may still be increasing.
  Final log-likelihood values were: 
  -3530.636, -3530.634, -3530.633",0.3753212629524877,0.4995711764687137,,,
easy_15,2,20261020,all,guess_adjusted_post,1000,ok,"Observed log-likelihood may still be increasing.
  Final log-likelihood values were: 
  -3530.636, -3530.634, -3530.633",0.4522822861782581,0.8000816807319936,,,
easy_15,2,20261020,baseline_perfect,guess_adjusted_post,170,ok,"Observed log-likelihood may still be increasing.
  Final log-likelihood values were: 
  -3530.636, -3530.634, -3530.633",0.3753212629524873,0.4855110607347788,,,
easy_15,2,20261020,all,joint_irt,1000,ok,"Observed log-likelihood may still be increasing.
  Final log-likelihood values were: 
  -3530.636, -3530.634, -3530.633",0.6775680197649213,0.8545060840209596,1.0825939084037723,-0.12813924657441186,0.947
easy_15,2,20261020,baseline_perfect,joint_irt,170,ok,"Observed log-likelihood may still be increasing.
  Final log-likelihood values were: 
  -3530.636, -3530.634, -3530.633",0.4072518292651631,0.5069756453964116,2.2987333768814584,-0.49085788434847494,0.9352941176470588
easy_15,2,20261020,all,post_only_irt,1000,ok,"Observed log-likelihood may still be increasing.
  Final log-likelihood values were: 
  -3530.636, -3530.634, -3530.633",0.58118656524429,0.8026288737491825,1.195464741550733,-0.14188847001513086,0.954
easy_15,2,20261020,baseline_perfect,post_only_irt,170,ok,"Observed log-likelihood may still be increasing.
  Final log-likelihood values were: 
  -3530.636, -3530.634, -3530.633",0.4078671196203886,0.5060592838501685,2.574147451138585,-1.2039993409594782,0.9
easy_15,2,20261020,all,separate_irt,1000,ok,"Observed log-likelihood may still be increasing.
  Final log-likelihood values were: 
  -3530.636, -3530.634, -3530.633",0.16975072281464565,0.3622392897414034,1.8456051963204587,-0.1540666377712669,
easy_15,2,20261020,baseline_perfect,separate_irt,170,ok,"Observed log-likelihood may still be increasing.
  Final log-likelihood values were: 
  -3530.636, -3530.634, -3530.633",0.40784318031669103,0.5060592838501685,3.5341974339582416,-2.715407801395802,
broad_10,2,20261021,all,observed_gain,1000,ok,,-0.02991106709593944,0.03232664630504958,,,
broad_10,2,20261021,baseline_perfect,observed_gain,59,ok,,0.381168783935197,0.49405366665568806,,,
broad_10,2,20261021,all,post_score,1000,ok,,0.49898867933468183,0.752727998039163,,,
broad_10,2,20261021,baseline_perfect,post_score,59,ok,,0.38116878393519704,0.49405366665568806,,,
broad_10,2,20261021,all,guess_adjusted_post,1000,ok,,0.49898867933468394,0.7501979276430233,,,
broad_10,2,20261021,baseline_perfect,guess_adjusted_post,59,ok,,0.381168783935197,0.47803282853424167,,,
broad_10,2,20261021,all,joint_irt,1000,ok,,0.682044648917833,0.8201167517910146,1.0128733987465897,-0.14295443900904953,0.956
broad_10,2,20261021,baseline_perfect,joint_irt,59,ok,,0.4115673816979092,0.4975811967760676,3.0704370854935332,-0.7752761011675671,0.9491525423728814
broad_10,2,20261021,all,post_only_irt,1000,ok,,0.5741617564578346,0.7516553163819625,1.1184864228808955,-0.12916896959529087,0.957
broad_10,2,20261021,baseline_perfect,post_only_irt,59,ok,,0.40964557144394215,0.49215609944922784,3.458116303897862,-1.678283903138403,0.847457627118644
broad_10,2,20261021,all,separate_irt,1000,ok,,0.1650017017144162,0.3230292714622927,2.018325020432929,-0.04660670311022811,
broad_10,2,20261021,baseline_perfect,separate_irt,59,ok,,0.40991227832734345,0.49215609944922784,5.376047188478534,-4.4080863061996585,
additive,2,20261022,all,observed_gain,1000,ok,,0.11809003849570116,0.1149896582375637,,,
additive,2,20261022,baseline_perfect,observed_gain,239,ok,,0.14551840632929042,0.1300105077488593,,,
additive,2,20261022,all,post_score,1000,ok,,0.25294649406436676,0.24354950584399007,,,
additive,2,20261022,baseline_perfect,post_score,239,ok,,0.14551840632929036,0.1300105077488593,,,
additive,2,20261022,all,guess_adjusted_post,1000,ok,,0.252946494064367,0.2459598651387328,,,
additive,2,20261022,baseline_perfect,guess_adjusted_post,239,ok,,0.1455184063292901,0.14327313174062006,,,
additive,2,20261022,all,joint_irt,1000,ok,,-0.002599300953048431,0.07126877268389292,0.615261516309221,-0.08608777369504797,0.955
additive,2,20261022,baseline_perfect,joint_irt,239,ok,,-0.14766052903998103,-0.1331462349465434,0.9348397977795745,-0.7470134582966677,0.9874476987447699
additive,2,20261022,all,post_only_irt,1000,ok,,0.040544481001330596,0.026858898298927802,0.48178158114179725,-0.047287185961088364,0.986
additive,2,20261022,baseline_perfect,post_only_irt,239,ok,,-0.09856858808037197,-0.0907939037784823,0.5290574264819194,-0.10314258067994829,0.9874476987447699
additive,2,20261022,all,separate_irt,1000,ok,,0.08822817770635333,0.10988916357642851,1.2136122480017593,-0.09825757933189426,
additive,2,20261022,baseline_perfect,separate_irt,239,ok,,0.14786535782252747,0.12749608166261203,1.9040110120300087,-1.7869843124189069,
catch_up,2,20261023,all,observed_gain,1000,ok,,0.6209902272651446,0.6713025508584325,,,
catch_up,2,20261023,baseline_perfect,observed_gain,227,ok,,-0.05648257719796324,-0.23363408332076782,,,
catch_up,2,20261023,all,post_score,1000,ok,,0.18088455704521247,0.11489861996204359,,,
catch_up,2,20261023,baseline_perfect,post_score,227,ok,,-0.0564825771979632,-0.23363408332076782,,,
catch_up,2,20261023,all,guess_adjusted_post,1000,ok,,0.18088455704521364,0.10736622895073336,,,
catch_up,2,20261023,baseline_perfect,guess_adjusted_post,227,ok,,-0.05648257719796327,-0.23402165838861724,,,
catch_up,2,20261023,all,joint_irt,1000,ok,,0.532176710613329,0.6571103714497578,1.7899943778147849,-0.33116790693511716,0.945
catch_up,2,20261023,baseline_perfect,joint_irt,227,ok,,-0.0638661764357381,-0.23695521112363518,1.246852112060723,-0.8827002226658697,1
catch_up,2,20261023,all,post_only_irt,1000,ok,,0.18253968202614107,0.11369474825699759,2.0587282056410188,-0.29401970237624475,0.949
catch_up,2,20261023,baseline_perfect,post_only_irt,227,ok,,-0.0636823404385564,-0.23678622102930413,1.4124784548590485,1.108812543187574,1
catch_up,2,20261023,all,separate_irt,1000,ok,,0.542576947017927,0.6637256010087925,1.788009537682465,-0.33577343116189456,
catch_up,2,20261023,baseline_perfect,separate_irt,227,ok,,-0.06319651173378431,-0.23678622102930413,1.383028361666849,-1.0364671892529482,
varying_guess,2,20261024,all,observed_gain,1000,ok,,-0.09870406296367767,-0.08939298880187803,,,
varying_guess,2,20261024,baseline_perfect,observed_gain,202,ok,,0.3013753625615449,0.4482681052851846,,,
varying_guess,2,20261024,all,post_score,1000,ok,,0.46033505841283956,0.7411851983156788,,,
varying_guess,2,20261024,baseline_perfect,post_score,202,ok,,0.30137536256154507,0.4482681052851846,,,
varying_guess,2,20261024,all,guess_adjusted_post,1000,ok,,0.4416142631225703,0.7224758619544853,,,
varying_guess,2,20261024,baseline_perfect,guess_adjusted_post,202,ok,,0.27958101989207007,0.4314558475595538,,,
varying_guess,2,20261024,all,joint_irt,1000,ok,,0.6133570025209881,0.8003340836289714,0.9137220271103772,-0.17542964450177106,0.962
varying_guess,2,20261024,baseline_perfect,joint_irt,202,ok,,0.3040093018393176,0.44770562487944376,1.6552706899761207,-0.3439630084212829,0.9801980198019802
varying_guess,2,20261024,all,post_only_irt,1000,ok,,0.5263495415980683,0.7362971959560877,0.9770424612036748,-0.16663539668314012,0.961
varying_guess,2,20261024,baseline_perfect,post_only_irt,202,ok,,0.30478430364622067,0.4478898436211364,1.7864714067186325,-0.7591831901160897,0.9207920792079208
varying_guess,2,20261024,all,separate_irt,1000,ok,,0.1409218180082256,0.3156286672440427,1.6563228229975369,-0.14452330001768166,
varying_guess,2,20261024,baseline_perfect,separate_irt,202,ok,,0.30484542086389904,0.4478898436211364,2.6837267869182964,-1.9897734962684686,
item_drift,2,20261025,all,observed_gain,1000,ok,,-0.20281247762601537,-0.27998790124266426,,,
item_drift,2,20261025,baseline_perfect,observed_gain,241,ok,,0.2318473006801284,0.3174373251723077,,,
item_drift,2,20261025,all,post_score,1000,ok,,0.3358727526115051,0.6735019894013529,,,
item_drift,2,20261025,baseline_perfect,post_score,241,ok,,0.23184730068012857,0.3174373251723077,,,
item_drift,2,20261025,all,guess_adjusted_post,1000,ok,,0.3358727526115052,0.6719411714887953,,,
item_drift,2,20261025,baseline_perfect,guess_adjusted_post,241,ok,,0.23184730068012796,0.3214987156988495,,,
item_drift,2,20261025,all,joint_irt,1000,ok,,0.5445647185391156,0.7841313112910601,3.0932514596031213,2.157700759988096,0.553
item_drift,2,20261025,baseline_perfect,joint_irt,241,ok,,0.24232497897031294,0.3104586214993072,5.490155058294214,4.73556545357508,0.6224066390041494
item_drift,2,20261025,all,post_only_irt,1000,ok,,0.39697921124042657,0.6732673777902651,2.7213063283909653,1.9741571345233608,0.661
item_drift,2,20261025,baseline_perfect,post_only_irt,241,ok,,0.2430220283913432,0.3148469990847895,3.211751814176907,1.9177700468065613,0.8713692946058091
item_drift,2,20261025,all,separate_irt,1000,ok,,0.20079074030695993,0.4172523409609805,3.162983616203733,1.86121862140798,
item_drift,2,20261025,baseline_perfect,separate_irt,241,ok,,0.24295231153800623,0.3148469990847895,2.825929781962161,0.429023201831021,
easy_5,3,20261026,all,observed_gain,1000,ok,"Observed log-likelihood may still be increasing.
  Final log-likelihood values were: 
  -1277.498, -1277.497, -1277.496",-0.06704035206296062,-0.1156836402252097,,,
easy_5,3,20261026,baseline_perfect,observed_gain,361,ok,"Observed log-likelihood may still be increasing.
  Final log-likelihood values were: 
  -1277.498, -1277.497, -1277.496",0.3142864532176126,0.4592403854048898,,,
easy_5,3,20261026,all,post_score,1000,ok,"Observed log-likelihood may still be increasing.
  Final log-likelihood values were: 
  -1277.498, -1277.497, -1277.496",0.38910181663629434,0.6117907419566041,,,
easy_5,3,20261026,baseline_perfect,post_score,361,ok,"Observed log-likelihood may still be increasing.
  Final log-likelihood values were: 
  -1277.498, -1277.497, -1277.496",0.3142864532176126,0.4592403854048898,,,
easy_5,3,20261026,all,guess_adjusted_post,1000,ok,"Observed log-likelihood may still be increasing.
  Final log-likelihood values were: 
  -1277.498, -1277.497, -1277.496",0.38910181663629606,0.6000433138369731,,,
easy_5,3,20261026,baseline_perfect,guess_adjusted_post,361,ok,"Observed log-likelihood may still be increasing.
  Final log-likelihood values were: 
  -1277.498, -1277.497, -1277.496",0.31428645321761356,0.4532695228865001,,,
easy_5,3,20261026,all,joint_irt,1000,ok,"Observed log-likelihood may still be increasing.
  Final log-likelihood values were: 
  -1277.498, -1277.497, -1277.496",0.5381394496672279,0.7295539982126212,1.2996288120806219,0.5148806865636147,0.973
easy_5,3,20261026,baseline_perfect,joint_irt,361,ok,"Observed log-likelihood may still be increasing.
  Final log-likelihood values were: 
  -1277.498, -1277.497, -1277.496",0.3285628059669002,0.46018422268823483,1.9886155447024945,1.0795435722969706,0.96398891966759
easy_5,3,20261026,all,post_only_irt,1000,ok,"Observed log-likelihood may still be increasing.
  Final log-likelihood values were: 
  -1277.498, -1277.497, -1277.496",0.43191992766970605,0.6141596511560076,1.2820563183708291,0.46593901322585163,0.971
easy_5,3,20261026,baseline_perfect,post_only_irt,361,ok,"Observed log-likelihood may still be increasing.
  Final log-likelihood values were: 
  -1277.498, -1277.497, -1277.496",0.3286628442702443,0.45837297759262563,1.629886671591306,0.1926884219368197,0.9889196675900277
easy_5,3,20261026,all,separate_irt,1000,ok,"Observed log-likelihood may still be increasing.
  Final log-likelihood values were: 
  -1277.498, -1277.497, -1277.496",0.20084631928984795,0.3507081552104655,1.8871420917200636,0.4356321908097177,
easy_5,3,20261026,baseline_perfect,separate_irt,361,ok,"Observed log-likelihood may still be increasing.
  Final log-likelihood values were: 
  -1277.498, -1277.497, -1277.496",0.32858528673163834,0.45837297759262563,1.947369825743396,-0.6313878352093389,
easy_10,3,20261027,all,observed_gain,1000,ok,,-0.10531329784697795,-0.11191654944977854,,,
easy_10,3,20261027,baseline_perfect,observed_gain,214,ok,,0.2916721374362452,0.40136586224713383,,,
easy_10,3,20261027,all,post_score,1000,ok,,0.43011671761831305,0.7222034675421051,,,
easy_10,3,20261027,baseline_perfect,post_score,214,ok,,0.29167213743624515,0.40136586224713383,,,
easy_10,3,20261027,all,guess_adjusted_post,1000,ok,,0.4301167176183108,0.7183699020589174,,,
easy_10,3,20261027,baseline_perfect,guess_adjusted_post,214,ok,,0.2916721374362448,0.39567098829290653,,,
easy_10,3,20261027,all,joint_irt,1000,ok,,0.5986110355341427,0.799777380555641,1.1563435948008038,0.32855341373692126,0.986
easy_10,3,20261027,baseline_perfect,joint_irt,214,ok,,0.31315133806978446,0.39988901669950994,2.1386354474870664,1.0656345556787263,0.9813084112149533
easy_10,3,20261027,all,post_only_irt,1000,ok,,0.4982954866957224,0.71731755487802,1.1805336342689678,0.33013631813044014,0.978
easy_10,3,20261027,baseline_perfect,post_only_irt,214,ok,,0.31272811055623406,0.3992464716143354,1.7660844851836788,-0.02479846138603171,0.9579439252336449
easy_10,3,20261027,all,separate_irt,1000,ok,,0.22375688366147695,0.39800868763266756,1.9138479516124645,0.32004419245251603,
easy_10,3,20261027,baseline_perfect,separate_irt,214,ok,,0.31259141157140763,0.3992464716143354,2.4479125010258214,-1.284860103373299,
easy_15,3,20261028,all,observed_gain,1000,ok,"Observed log-likelihood may still be increasing.
  Final log-likelihood values were: 
  -3632.767, -3632.766, -3632.764",-0.1526048702989418,-0.17307192933131763,,,
easy_15,3,20261028,baseline_perfect,observed_gain,164,ok,"Observed log-likelihood may still be increasing.
  Final log-likelihood values were: 
  -3632.767, -3632.766, -3632.764",0.381009878089615,0.4673776090818375,,,
easy_15,3,20261028,all,post_score,1000,ok,"Observed log-likelihood may still be increasing.
  Final log-likelihood values were: 
  -3632.767, -3632.766, -3632.764",0.48064947630727506,0.7868358784902197,,,
easy_15,3,20261028,baseline_perfect,post_score,164,ok,"Observed log-likelihood may still be increasing.
  Final log-likelihood values were: 
  -3632.767, -3632.766, -3632.764",0.3810098780896152,0.4673776090818375,,,
easy_15,3,20261028,all,guess_adjusted_post,1000,ok,"Observed log-likelihood may still be increasing.
  Final log-likelihood values were: 
  -3632.767, -3632.766, -3632.764",0.48064947630727334,0.7826928984883831,,,
easy_15,3,20261028,baseline_perfect,guess_adjusted_post,164,ok,"Observed log-likelihood may still be increasing.
  Final log-likelihood values were: 
  -3632.767, -3632.766, -3632.764",0.3810098780896155,0.46207712263734746,,,
easy_15,3,20261028,all,joint_irt,1000,ok,"Observed log-likelihood may still be increasing.
  Final log-likelihood values were: 
  -3632.767, -3632.766, -3632.764",0.6866430190822189,0.8418740195745066,0.8902472671209922,0.014144981154663379,0.954
easy_15,3,20261028,baseline_perfect,joint_irt,164,ok,"Observed log-likelihood may still be increasing.
  Final log-likelihood values were: 
  -3632.767, -3632.766, -3632.764",0.38953520880765985,0.4737639747428267,1.8246623859658935,0.11083137244184177,0.9573170731707317
easy_15,3,20261028,all,post_only_irt,1000,ok,"Observed log-likelihood may still be increasing.
  Final log-likelihood values were: 
  -3632.767, -3632.766, -3632.764",0.5811811815058487,0.7831548284740023,0.9942701225216815,0.010687964014343179,0.964
easy_15,3,20261028,baseline_perfect,post_only_irt,164,ok,"Observed log-likelihood may still be increasing.
  Final log-likelihood values were: 
  -3632.767, -3632.766, -3632.764",0.3878002208267345,0.4756841332011557,1.9621524083113355,-0.7410893941600628,0.9451219512195121
easy_15,3,20261028,all,separate_irt,1000,ok,"Observed log-likelihood may still be increasing.
  Final log-likelihood values were: 
  -3632.767, -3632.766, -3632.764",0.19362103115788706,0.40416340968302894,1.792001485019847,-0.004628614737350467,
easy_15,3,20261028,baseline_perfect,separate_irt,164,ok,"Observed log-likelihood may still be increasing.
  Final log-likelihood values were: 
  -3632.767, -3632.766, -3632.764",0.38862315781302137,0.4756841332011557,3.119991882562989,-2.3556209058596544,
broad_10,3,20261029,all,observed_gain,1000,ok,,-0.012870053457924878,0.03133284752296242,,,
broad_10,3,20261029,baseline_perfect,observed_gain,50,ok,,0.42357673166265203,0.4907597188901492,,,
broad_10,3,20261029,all,post_score,1000,ok,,0.4791188994772078,0.7564322634476075,,,
broad_10,3,20261029,baseline_perfect,post_score,50,ok,,0.4235767316626519,0.4907597188901492,,,
broad_10,3,20261029,all,guess_adjusted_post,1000,ok,,0.47911889947720904,0.7567903750591956,,,
broad_10,3,20261029,baseline_perfect,guess_adjusted_post,50,ok,,0.42357673166265186,0.48001205168375954,,,
broad_10,3,20261029,all,joint_irt,1000,ok,,0.6601688318169023,0.8131096022027515,1.0761696559952818,0.08842656110775342,0.994
broad_10,3,20261029,baseline_perfect,joint_irt,50,ok,,0.4418721003020633,0.48038639049262505,3.0321534525337026,0.7579960059312587,1
broad_10,3,20261029,all,post_only_irt,1000,ok,,0.5660629607736589,0.7537863505628293,1.1755369649319418,0.09255543842600401,0.988
broad_10,3,20261029,baseline_perfect,post_only_irt,50,ok,,0.4411393772345728,0.482614386822516,3.064542611110463,-0.8468964991954918,0.94
broad_10,3,20261029,all,separate_irt,1000,ok,,0.27300632038603573,0.35290777558979897,2.054493016247544,0.15116452764562116,
broad_10,3,20261029,baseline_perfect,separate_irt,50,ok,,0.4401475689925233,0.482614386822516,4.690333832334368,-3.5354814800448215,
additive,3,20261030,all,observed_gain,1000,ok,,0.11943709499037797,0.12633823469537953,,,
additive,3,20261030,baseline_perfect,observed_gain,216,ok,,-0.032105159922394134,-0.07137125134900489,,,
additive,3,20261030,all,post_score,1000,ok,,0.23888348851463254,0.21847521463426234,,,
additive,3,20261030,baseline_perfect,post_score,216,ok,,-0.032105159922394155,-0.07137125134900489,,,
additive,3,20261030,all,guess_adjusted_post,1000,ok,,0.2388834885146331,0.20820470013764464,,,
additive,3,20261030,baseline_perfect,guess_adjusted_post,216,ok,,-0.03210515992239413,-0.07257678318299737,,,
additive,3,20261030,all,joint_irt,1000,ok,,0.05858725045487472,0.15058165436133536,0.8288701944253302,-0.3294967833904282,0.953
additive,3,20261030,baseline_perfect,joint_irt,216,ok,,0.06353189297328929,0.07145302116388091,1.5403580981582197,-1.4598138123931164,0.9629629629629629
additive,3,20261030,all,post_only_irt,1000,ok,,-0.17114580389863351,-0.15929265464651352,0.6184121556259483,-0.34886412929151495,0.974
additive,3,20261030,baseline_perfect,post_only_irt,216,ok,,0.08274683859911043,0.0780882314484639,0.6201713356086517,-0.42518304196038315,0.9768518518518519
additive,3,20261030,all,separate_irt,1000,ok,,0.10138236197925819,0.15215883696315932,1.2285886676624584,-0.32842540405137916,
additive,3,20261030,baseline_perfect,separate_irt,216,ok,,-0.04904371273700654,-0.07148953453766797,2.2671442509126196,-2.177414421505896,
catch_up,3,20261031,all,observed_gain,1000,ok,"Observed log-likelihood may still be increasing.
  Final log-likelihood values were: 
  -1964.461, -1964.459, -1964.457",0.6167254985088931,0.6858238345168505,,,
catch_up,3,20261031,baseline_perfect,observed_gain,221,ok,"Observed log-likelihood may still be increasing.
  Final log-likelihood values were: 
  -1964.461, -1964.459, -1964.457",-0.031807651850829545,-0.1844393976383333,,,
catch_up,3,20261031,all,post_score,1000,ok,"Observed log-likelihood may still be increasing.
  Final log-likelihood values were: 
  -1964.461, -1964.459, -1964.457",0.22304472772200826,0.17004817051165783,,,
catch_up,3,20261031,baseline_perfect,post_score,221,ok,"Observed log-likelihood may still be increasing.
  Final log-likelihood values were: 
  -1964.461, -1964.459, -1964.457",-0.03180765185082951,-0.1844393976383333,,,
catch_up,3,20261031,all,guess_adjusted_post,1000,ok,"Observed log-likelihood may still be increasing.
  Final log-likelihood values were: 
  -1964.461, -1964.459, -1964.457",0.2230447277220082,0.16301483980879994,,,
catch_up,3,20261031,baseline_perfect,guess_adjusted_post,221,ok,"Observed log-likelihood may still be increasing.
  Final log-likelihood values were: 
  -1964.461, -1964.459, -1964.457",-0.03180765185082961,-0.186381615907884,,,
catch_up,3,20261031,all,joint_irt,1000,ok,"Observed log-likelihood may still be increasing.
  Final log-likelihood values were: 
  -1964.461, -1964.459, -1964.457",0.5249919934930559,0.688031595984716,1.6979280943978432,-0.3124211286962516,0.728
catch_up,3,20261031,baseline_perfect,joint_irt,221,ok,"Observed log-likelihood may still be increasing.
  Final log-likelihood values were: 
  -1964.461, -1964.459, -1964.457",-0.029072359500056547,-0.177137943498871,1.4318013649207377,-1.2088853707945322,0.9728506787330317
catch_up,3,20261031,all,post_only_irt,1000,ok,"Observed log-likelihood may still be increasing.
  Final log-likelihood values were: 
  -1964.461, -1964.459, -1964.457",0.21818579660231244,0.16773588514308926,1.9391917943850092,-0.29085806467475733,0.838
catch_up,3,20261031,baseline_perfect,post_only_irt,221,ok,"Observed log-likelihood may still be increasing.
  Final log-likelihood values were: 
  -1964.461, -1964.459, -1964.457",-0.029058324274228536,-0.177137943498871,1.2621764983614723,1.0030193278484045,0.9909502262443439
catch_up,3,20261031,all,separate_irt,1000,ok,"Observed log-likelihood may still be increasing.
  Final log-likelihood values were: 
  -1964.461, -1964.459, -1964.457",0.519279597338325,0.6873644168865862,1.6971884177223933,-0.3103840702592342,
catch_up,3,20261031,baseline_perfect,separate_irt,221,ok,"Observed log-likelihood may still be increasing.
  Final log-likelihood values were: 
  -1964.461, -1964.459, -1964.457",-0.02995660048070512,-0.177137943498871,1.3632267574270065,-1.1299894943599436,
varying_guess,3,20261032,all,observed_gain,1000,ok,,-0.1209589779218875,-0.14375672584493362,,,
varying_guess,3,20261032,baseline_perfect,observed_gain,200,ok,,0.2869445742480602,0.3663776939447727,,,
varying_guess,3,20261032,all,post_score,1000,ok,,0.437912209622324,0.7350989961320024,,,
varying_guess,3,20261032,baseline_perfect,post_score,200,ok,,0.2869445742480602,0.3663776939447727,,,
varying_guess,3,20261032,all,guess_adjusted_post,1000,ok,,0.4243236886016296,0.7222299341026733,,,
varying_guess,3,20261032,baseline_perfect,guess_adjusted_post,200,ok,,0.27995638710624743,0.3670954052681663,,,
varying_guess,3,20261032,all,joint_irt,1000,ok,,0.5542274581260797,0.796317740934578,1.2595144455861638,-0.39737324232711657,0.858
varying_guess,3,20261032,baseline_perfect,joint_irt,200,ok,,0.2955042605429616,0.3605888427670331,2.4303720535108106,-1.344184916480501,0.775
varying_guess,3,20261032,all,post_only_irt,1000,ok,,0.4895325764293068,0.7238916046610483,1.2801257513759394,-0.39947725215089047,0.879
varying_guess,3,20261032,baseline_perfect,post_only_irt,200,ok,,0.29867556373585735,0.3592992734091721,2.4766860111117084,-1.4320698071893834,0.715
varying_guess,3,20261032,all,separate_irt,1000,ok,,0.007219644758651684,0.0750633146382858,1.7943875452082723,-0.3791123308062546,
varying_guess,3,20261032,baseline_perfect,separate_irt,200,ok,,0.30176029353511336,0.3630092652540952,3.3690247653777763,-2.7113560801060688,
item_drift,3,20261033,all,observed_gain,1000,ok,,-0.20775226567348326,-0.27686948921484733,,,
item_drift,3,20261033,baseline_perfect,observed_gain,220,ok,,0.3431565548187596,0.4556459450242966,,,
item_drift,3,20261033,all,post_score,1000,ok,,0.3924893231214144,0.6799966705261955,,,
item_drift,3,20261033,baseline_perfect,post_score,220,ok,,0.34315655481875973,0.4556459450242966,,,
item_drift,3,20261033,all,guess_adjusted_post,1000,ok,,0.3924893231214152,0.672116149292218,,,
item_drift,3,20261033,baseline_perfect,guess_adjusted_post,220,ok,,0.3431565548187609,0.4554708842345881,,,
item_drift,3,20261033,all,joint_irt,1000,ok,,0.6078160792947602,0.7797741238018002,1.5581051747233308,1.0548964140953423,0.699
item_drift,3,20261033,baseline_perfect,joint_irt,220,ok,,0.3468338935822095,0.44550098263143395,2.6578073890166998,2.0749267018886766,0.8545454545454545
item_drift,3,20261033,all,post_only_irt,1000,ok,,0.4647302490199591,0.6687671086270018,1.559791919304515,1.0315726302556165,0.735
item_drift,3,20261033,baseline_perfect,post_only_irt,220,ok,,0.3472581318705753,0.44756362791416626,1.7654118155994873,0.7505697272138201,0.9318181818181818
item_drift,3,20261033,all,separate_irt,1000,ok,,0.16190729210284763,0.37302969344870884,2.1918970058069096,0.9520805093261254,
item_drift,3,20261033,baseline_perfect,separate_irt,220,ok,,0.3472528175415418,0.44756362791416626,1.9982403743922637,-0.8247887826553301,
easy_5,4,20261034,all,observed_gain,1000,ok,,-0.05624941990252141,-0.08490955650685575,,,
easy_5,4,20261034,baseline_perfect,observed_gain,352,ok,,0.24646724705605288,0.484490251762563,,,
easy_5,4,20261034,all,post_score,1000,ok,,0.3016928498105191,0.6189305581939437,,,
easy_5,4,20261034,baseline_perfect,post_score,352,ok,,0.24646724705605283,0.484490251762563,,,
easy_5,4,20261034,all,guess_adjusted_post,1000,ok,,0.30169284981051775,0.6023779098080374,,,
easy_5,4,20261034,baseline_perfect,guess_adjusted_post,352,ok,,0.24646724705605386,0.48100150224167554,,,
easy_5,4,20261034,all,joint_irt,1000,ok,,0.4342437351067654,0.728006731659509,1.5783216820117427,-0.0308677742157432,0.976
easy_5,4,20261034,baseline_perfect,joint_irt,352,ok,,0.2526623632605829,0.4743311963100444,2.5184720258010143,-0.035008927808028764,0.9715909090909091
easy_5,4,20261034,all,post_only_irt,1000,ok,,0.3384119636034539,0.6146665909622964,1.6488796279063236,-0.015016018733577385,0.978
easy_5,4,20261034,baseline_perfect,post_only_irt,352,ok,,0.2528899043152567,0.47545293000463834,2.5723725851638948,-0.5325570006234898,0.9573863636363636
easy_5,4,20261034,all,separate_irt,1000,ok,,0.11048655760437977,0.32171325388135613,2.160827645625315,-0.01181801189879115,
easy_5,4,20261034,baseline_perfect,separate_irt,352,ok,,0.25326603269171394,0.47545293000463834,2.973777289835778,-1.4226035363478724,
easy_10,4,20261035,all,observed_gain,1000,ok,,-0.09959662130654802,-0.1172507657978292,,,
easy_10,4,20261035,baseline_perfect,observed_gain,239,ok,,0.28915142690831774,0.5156668143413871,,,
easy_10,4,20261035,all,post_score,1000,ok,,0.3590681958193444,0.7526460448725443,,,
easy_10,4,20261035,baseline_perfect,post_score,239,ok,,0.28915142690831747,0.5156668143413871,,,
easy_10,4,20261035,all,guess_adjusted_post,1000,ok,,0.35906819581934474,0.7474002210626806,,,
easy_10,4,20261035,baseline_perfect,guess_adjusted_post,239,ok,,0.2891514269083182,0.5206314406801975,,,
easy_10,4,20261035,all,joint_irt,1000,ok,,0.5196941685796004,0.8134674120277318,1.5058412010851083,-0.3654579270736757,0.89
easy_10,4,20261035,baseline_perfect,joint_irt,239,ok,,0.3017546133416865,0.5165451914267046,2.842696721808635,-1.1191599343026386,0.8451882845188284
easy_10,4,20261035,all,post_only_irt,1000,ok,,0.42939606514946643,0.7413996834662283,1.548087700042103,-0.3638226548371225,0.883
easy_10,4,20261035,baseline_perfect,post_only_irt,239,ok,,0.3027103974053645,0.5191224306830776,2.940148416962238,-1.342302981427027,0.7238493723849372
easy_10,4,20261035,all,separate_irt,1000,ok,,0.02459606987153728,0.2003011249944015,2.038557377875826,-0.3402280119389456,
easy_10,4,20261035,baseline_perfect,separate_irt,239,ok,,0.3042333305652619,0.519002682313024,3.618527966728512,-2.557423167392516,
easy_15,4,20261036,all,observed_gain,1000,ok,,-0.1226342929569804,-0.1471961615236586,,,
easy_15,4,20261036,baseline_perfect,observed_gain,141,ok,,0.30300567582537746,0.3744322250881788,,,
easy_15,4,20261036,all,post_score,1000,ok,,0.44115819622134894,0.7665277355519294,,,
easy_15,4,20261036,baseline_perfect,post_score,141,ok,,0.30300567582537746,0.3744322250881788,,,
easy_15,4,20261036,all,guess_adjusted_post,1000,ok,,0.4411581962213502,0.7606512296988176,,,
easy_15,4,20261036,baseline_perfect,guess_adjusted_post,141,ok,,0.30300567582537763,0.3721524207369102,,,
easy_15,4,20261036,all,joint_irt,1000,ok,,0.5996388123120913,0.7731312965610373,0.9481038501099838,-0.07115008191703641,0.992
easy_15,4,20261036,baseline_perfect,joint_irt,141,ok,,0.30891709269252704,0.37153837344484386,2.0878999855346674,-0.5235523185620061,0.9858156028368794
easy_15,4,20261036,all,post_only_irt,1000,ok,,0.5332934920365742,0.7621411544152584,1.0016572176633327,-0.08040557035185979,0.99
easy_15,4,20261036,baseline_perfect,post_only_irt,141,ok,,0.3090364865706139,0.3711760426795627,2.1888463597407943,-0.8387760381946635,0.9645390070921985
easy_15,4,20261036,all,separate_irt,1000,ok,,0.15066650203211385,0.34680774324793456,1.7209515124455688,-0.00920260125591055,
easy_15,4,20261036,baseline_perfect,separate_irt,141,ok,,0.3093207392616338,0.3711760426795627,3.2604728780645,-2.435895812984994,
broad_10,4,20261037,all,observed_gain,1000,ok,,-0.015501539258707437,0.05158260484806138,,,
broad_10,4,20261037,baseline_perfect,observed_gain,55,ok,,0.45751098661277817,0.5930636876667583,,,
broad_10,4,20261037,all,post_score,1000,ok,,0.5313282892744425,0.7625670020684334,,,
broad_10,4,20261037,baseline_perfect,post_score,55,ok,,0.4575109866127782,0.5930636876667583,,,
broad_10,4,20261037,all,guess_adjusted_post,1000,ok,,0.5313282892744382,0.7585130648324484,,,
broad_10,4,20261037,baseline_perfect,guess_adjusted_post,55,ok,,0.45751098661277795,0.5792218376414128,,,
broad_10,4,20261037,all,joint_irt,1000,ok,,0.6826755662542938,0.8105243033864606,1.9863879638663429,0.904296989034392,0.998
broad_10,4,20261037,baseline_perfect,joint_irt,55,ok,,0.45134979772002803,0.568646304407346,5.851021461979457,4.853741658590274,1
broad_10,4,20261037,all,post_only_irt,1000,ok,,0.5972644029161208,0.7649140356476745,1.6088001641163872,0.7549066272568203,0.997
broad_10,4,20261037,baseline_perfect,post_only_irt,55,ok,,0.4474589306228386,0.56084248024999,2.561364103876246,1.0182889030234945,0.9818181818181818
broad_10,4,20261037,all,separate_irt,1000,ok,,0.37971753399809005,0.45817456100136683,2.3840133659278684,0.6636478538361147,
broad_10,4,20261037,baseline_perfect,separate_irt,55,ok,,0.44814592593863867,0.56084248024999,3.3557748092589907,-1.5409169730951953,
additive,4,20261038,all,observed_gain,1000,ok,"Observed log-likelihood may still be increasing.
  Final log-likelihood values were: 
  -2278.893, -2278.891, -2278.889",0.12667047048007585,0.11797990638553066,,,
additive,4,20261038,baseline_perfect,observed_gain,200,ok,"Observed log-likelihood may still be increasing.
  Final log-likelihood values were: 
  -2278.893, -2278.891, -2278.889",0.1054465956893402,0.09997518553239021,,,
additive,4,20261038,all,post_score,1000,ok,"Observed log-likelihood may still be increasing.
  Final log-likelihood values were: 
  -2278.893, -2278.891, -2278.889",0.21180975049206416,0.20961169445064376,,,
additive,4,20261038,baseline_perfect,post_score,200,ok,"Observed log-likelihood may still be increasing.
  Final log-likelihood values were: 
  -2278.893, -2278.891, -2278.889",0.1054465956893402,0.09997518553239021,,,
additive,4,20261038,all,guess_adjusted_post,1000,ok,"Observed log-likelihood may still be increasing.
  Final log-likelihood values were: 
  -2278.893, -2278.891, -2278.889",0.21180975049206532,0.2021745441879282,,,
additive,4,20261038,baseline_perfect,guess_adjusted_post,200,ok,"Observed log-likelihood may still be increasing.
  Final log-likelihood values were: 
  -2278.893, -2278.891, -2278.889",0.10544659568933991,0.1024094090101313,,,
additive,4,20261038,all,joint_irt,1000,ok,"Observed log-likelihood may still be increasing.
  Final log-likelihood values were: 
  -2278.893, -2278.891, -2278.889",0.08958252831286771,0.06790316536101022,0.6381218586355741,0.3866682678300212,0.806
additive,4,20261038,baseline_perfect,joint_irt,200,ok,"Observed log-likelihood may still be increasing.
  Final log-likelihood values were: 
  -2278.893, -2278.891, -2278.889",-0.06552801130386335,-0.07120893562369908,0.6288844927196218,0.387410261784708,0.995
additive,4,20261038,all,post_only_irt,1000,ok,"Observed log-likelihood may still be increasing.
  Final log-likelihood values were: 
  -2278.893, -2278.891, -2278.889",0.2064589723795367,0.2077419193407592,0.6017979724241179,0.37452039093986406,0.927
additive,4,20261038,baseline_perfect,post_only_irt,200,ok,"Observed log-likelihood may still be increasing.
  Final log-likelihood values were: 
  -2278.893, -2278.891, -2278.889",0.09648742643303472,0.09386112400433873,0.6502247849553744,0.4265594127548283,0.955
additive,4,20261038,all,separate_irt,1000,ok,"Observed log-likelihood may still be increasing.
  Final log-likelihood values were: 
  -2278.893, -2278.891, -2278.889",0.15267309349905223,0.17773897621853252,1.3319957527735757,0.3947862766184504,
additive,4,20261038,baseline_perfect,separate_irt,200,ok,"Observed log-likelihood may still be increasing.
  Final log-likelihood values were: 
  -2278.893, -2278.891, -2278.889",0.10228398037256833,0.09371489205990534,1.5770931806904105,-1.3427253994731534,
catch_up,4,20261039,all,observed_gain,1000,ok,,0.6033923560917606,0.6824155305147735,,,
catch_up,4,20261039,baseline_perfect,observed_gain,206,ok,,-0.10058957361481591,-0.2630452115618863,,,
catch_up,4,20261039,all,post_score,1000,ok,,0.17082390734611771,0.09461659270596653,,,
catch_up,4,20261039,baseline_perfect,post_score,206,ok,,-0.10058957361481587,-0.2630452115618863,,,
catch_up,4,20261039,all,guess_adjusted_post,1000,ok,,0.1708239073461187,0.09168003239195051,,,
catch_up,4,20261039,baseline_perfect,guess_adjusted_post,206,ok,,-0.10058957361481591,-0.2593891864989562,,,
catch_up,4,20261039,all,joint_irt,1000,ok,,0.5602818865441382,0.6933849726473489,1.6743462838990075,0.39156229044075946,0.848
catch_up,4,20261039,baseline_perfect,joint_irt,206,ok,,-0.10917862246617642,-0.2529041930552613,1.1119535487643064,-0.8244454457392759,0.9951456310679612
catch_up,4,20261039,all,post_only_irt,1000,ok,,0.1612241444261638,0.09687910209641844,1.9103522888479278,0.5026737093508132,0.953
catch_up,4,20261039,baseline_perfect,post_only_irt,206,ok,,-0.10910093264094876,-0.26071226144136095,1.992685954764487,1.8513148944406008,1
catch_up,4,20261039,all,separate_irt,1000,ok,,0.5430841344443802,0.6966294696375097,1.6362813220245809,0.40462847033665716,
catch_up,4,20261039,baseline_perfect,separate_irt,206,ok,,-0.10627140679025157,-0.26071226144136095,0.8036468638708312,-0.42095523665188744,
varying_guess,4,20261040,all,observed_gain,1000,ok,,-0.10526164646044273,-0.13342379743261404,,,
varying_guess,4,20261040,baseline_perfect,observed_gain,205,ok,,0.2751552729996093,0.4472937775413205,,,
varying_guess,4,20261040,all,post_score,1000,ok,,0.37004537087046074,0.7295109216731784,,,
varying_guess,4,20261040,baseline_perfect,post_score,205,ok,,0.27515527299960935,0.4472937775413205,,,
varying_guess,4,20261040,all,guess_adjusted_post,1000,ok,,0.35240607645358285,0.7094746733390439,,,
varying_guess,4,20261040,baseline_perfect,guess_adjusted_post,205,ok,,0.25206772521552484,0.42552047261823894,,,
varying_guess,4,20261040,all,joint_irt,1000,ok,,0.5398309386660018,0.7820592547643584,1.6360371182077849,0.6725577420982332,0.996
varying_guess,4,20261040,baseline_perfect,joint_irt,205,ok,,0.2893409886020013,0.42333707123260395,3.1454217100140953,1.7070161926741116,1
varying_guess,4,20261040,all,post_only_irt,1000,ok,,0.439679151415552,0.7161290598928021,1.6043616823978444,0.6017861765542202,0.991
varying_guess,4,20261040,baseline_perfect,post_only_irt,205,ok,,0.29036544398279207,0.42245251869524786,2.5330423020555184,0.39940851385961734,0.9804878048780488
varying_guess,4,20261040,all,separate_irt,1000,ok,,0.221453036389448,0.4383216209388088,2.1946579091961245,0.5072097215166008,
varying_guess,4,20261040,baseline_perfect,separate_irt,205,ok,,0.2900907494083259,0.42245251869524786,2.928035534986694,-1.041186973563287,
item_drift,4,20261041,all,observed_gain,1000,ok,,-0.23537396192218787,-0.29312605652770585,,,
item_drift,4,20261041,baseline_perfect,observed_gain,220,ok,,0.2711044563366778,0.39695386993698245,,,
item_drift,4,20261041,all,post_score,1000,ok,,0.373663372408609,0.6758252738351883,,,
item_drift,4,20261041,baseline_perfect,post_score,220,ok,,0.27110445633667773,0.39695386993698245,,,
item_drift,4,20261041,all,guess_adjusted_post,1000,ok,,0.3736633724086097,0.6696853360884851,,,
item_drift,4,20261041,baseline_perfect,guess_adjusted_post,220,ok,,0.2711044563366778,0.3913665795779772,,,
item_drift,4,20261041,all,joint_irt,1000,ok,,0.583424960424206,0.781278536314853,4.268176640130386,2.8877386720027958,0.922
item_drift,4,20261041,baseline_perfect,joint_irt,220,ok,,0.2691320309846338,0.39389062086256005,7.9756993779674055,7.2779076680095685,0.9272727272727272
item_drift,4,20261041,all,post_only_irt,1000,ok,,0.42677431145950034,0.671446136360563,3.771258165254063,2.85862136930817,0.942
item_drift,4,20261041,baseline_perfect,post_only_irt,220,ok,,0.26941810533775035,0.39389062086256005,4.270646726961041,3.573343554618267,0.9818181818181818
item_drift,4,20261041,all,separate_irt,1000,ok,,0.28257539251615055,0.44232074959420004,4.200700792793733,2.871189679259542,
item_drift,4,20261041,baseline_perfect,separate_irt,220,ok,,0.2694598939319015,0.39389062086256005,3.5366152051355346,2.179108718940742,
easy_5,5,20261042,all,observed_gain,1000,ok,,-0.03465804609829666,-0.03984210134891512,,,
easy_5,5,20261042,baseline_perfect,observed_gain,324,ok,,0.26343177994164463,0.43489328000666827,,,
easy_5,5,20261042,all,post_score,1000,ok,,0.358612948207428,0.6695973597851221,,,
easy_5,5,20261042,baseline_perfect,post_score,324,ok,,0.26343177994164474,0.43489328000666827,,,
easy_5,5,20261042,all,guess_adjusted_post,1000,ok,,0.35861294820742723,0.6612473162052939,,,
easy_5,5,20261042,baseline_perfect,guess_adjusted_post,324,ok,,0.26343177994164435,0.4367919864589926,,,
easy_5,5,20261042,all,joint_irt,1000,ok,,0.4780568608290948,0.7153225040147148,1.9673890183116753,1.0809861184398497,0.997
easy_5,5,20261042,baseline_perfect,joint_irt,324,ok,,0.2691812541479536,0.42579600466136475,3.018250719677964,2.129178718283757,1
easy_5,5,20261042,all,post_only_irt,1000,ok,,0.39653468971393757,0.663422752144518,1.8820477154533277,1.0484785291333594,0.995
easy_5,5,20261042,baseline_perfect,post_only_irt,324,ok,,0.26960387570030975,0.4257103238207339,2.231711459198018,1.0957454848488382,0.9907407407407407
easy_5,5,20261042,all,separate_irt,1000,ok,,0.2613103843243731,0.4484837998575435,2.400901617335016,1.1381633824276398,
easy_5,5,20261042,baseline_perfect,separate_irt,324,ok,,0.2684947177551163,0.4257103238207339,2.2318392424744196,0.4199630431510292,
easy_10,5,20261043,all,observed_gain,1000,ok,,-0.10239597790172462,-0.11054739516110335,,,
easy_10,5,20261043,baseline_perfect,observed_gain,230,ok,,0.33809678861414727,0.3957387591657609,,,
easy_10,5,20261043,all,post_score,1000,ok,,0.45555353916823943,0.7425564219125159,,,
easy_10,5,20261043,baseline_perfect,post_score,230,ok,,0.3380967886141474,0.3957387591657609,,,
easy_10,5,20261043,all,guess_adjusted_post,1000,ok,,0.4555535391682371,0.7348979042040334,,,
easy_10,5,20261043,baseline_perfect,guess_adjusted_post,230,ok,,0.3380967886141473,0.3932520790779962,,,
easy_10,5,20261043,all,joint_irt,1000,ok,,0.4963864446179269,0.6404666275965436,1.026594532205185,-0.2233924990835291,0.979
easy_10,5,20261043,baseline_perfect,joint_irt,230,ok,,0.3368149637163203,0.39237510039775414,1.9246337138410132,-1.0751960432546417,0.9391304347826087
easy_10,5,20261043,all,post_only_irt,1000,ok,,0.5250561035443859,0.7287899673230154,1.0165795118760552,-0.22701724643282964,0.98
easy_10,5,20261043,baseline_perfect,post_only_irt,230,ok,,0.33821923903012774,0.39262144574180685,1.8980857591194764,-1.0078985793655475,0.9260869565217391
easy_10,5,20261043,all,separate_irt,1000,ok,,0.02721129176498049,0.17651168352564847,1.7241213124627006,-0.2963386384832636,
easy_10,5,20261043,baseline_perfect,separate_irt,230,ok,,0.3382399705454209,0.39262144574180685,2.998181194265729,-2.467975219946701,
easy_15,5,20261044,all,observed_gain,1000,ok,,-0.1153832830161782,-0.1214890536222927,,,
easy_15,5,20261044,baseline_perfect,observed_gain,151,ok,,0.37646356732564534,0.5404086407672596,,,
easy_15,5,20261044,all,post_score,1000,ok,,0.43428583477047056,0.7890231634995658,,,
easy_15,5,20261044,baseline_perfect,post_score,151,ok,,0.3764635673256451,0.5404086407672596,,,
easy_15,5,20261044,all,guess_adjusted_post,1000,ok,,0.4342858347704705,0.7879897802013953,,,
easy_15,5,20261044,baseline_perfect,guess_adjusted_post,151,ok,,0.3764635673256452,0.5381670600122921,,,
easy_15,5,20261044,all,joint_irt,1000,ok,,0.6359503030358997,0.8368452271219063,1.1549117196442549,-0.2979708335089355,0.92
easy_15,5,20261044,baseline_perfect,joint_irt,151,ok,,0.41005871043106235,0.5244967768851776,2.43586848374908,-0.9546938835121049,0.8741721854304636
easy_15,5,20261044,all,post_only_irt,1000,ok,,0.521709626433162,0.7805675914088962,1.2162474984246192,-0.26481158995056825,0.937
easy_15,5,20261044,baseline_perfect,post_only_irt,151,ok,,0.411567910392429,0.5245510471359575,2.631718471815795,-1.3381534574350331,0.8079470198675497
easy_15,5,20261044,all,separate_irt,1000,ok,,0.1349162109161656,0.36297246641539993,1.821643130947503,-0.20677676097215925,
easy_15,5,20261044,baseline_perfect,separate_irt,151,ok,,0.41197644139801864,0.5245510471359575,3.635055849973171,-2.8705921716369556,
broad_10,5,20261045,all,observed_gain,1000,ok,,-0.016501286041596713,0.03764926456224662,,,
broad_10,5,20261045,baseline_perfect,observed_gain,63,ok,,0.4716829098230724,0.5938548681956531,,,
broad_10,5,20261045,all,post_score,1000,ok,,0.5110036266855589,0.7573954553898878,,,
broad_10,5,20261045,baseline_perfect,post_score,63,ok,,0.4716829098230725,0.5938548681956531,,,
broad_10,5,20261045,all,guess_adjusted_post,1000,ok,,0.511003626685558,0.7569651289933343,,,
broad_10,5,20261045,baseline_perfect,guess_adjusted_post,63,ok,,0.4716829098230726,0.5874715591876266,,,
broad_10,5,20261045,all,joint_irt,1000,ok,,0.6861675217836916,0.8048823921854711,1.0539254273796788,-0.1367159041274207,0.976
broad_10,5,20261045,baseline_perfect,joint_irt,63,ok,,0.503870543281856,0.5710770810380833,2.7104874445490026,-0.886509191198809,0.9841269841269841
broad_10,5,20261045,all,post_only_irt,1000,ok,,0.6068203945452909,0.7599522719060253,1.1366776294021161,-0.14270472594988606,0.973
broad_10,5,20261045,baseline_perfect,post_only_irt,63,ok,,0.5006107540133097,0.5610409315148284,3.0500492792896585,-1.5402928479697107,0.9047619047619048
broad_10,5,20261045,all,separate_irt,1000,ok,,0.19672665896043,0.2999110619356906,1.9790948349706738,-0.09938290962534321,
broad_10,5,20261045,baseline_perfect,separate_irt,63,ok,,0.5009826759727521,0.5610409315148284,4.978292098812858,-4.279609485503501,
additive,5,20261046,all,observed_gain,1000,ok,,0.11537930748055518,0.12231571618740468,,,
additive,5,20261046,baseline_perfect,observed_gain,206,ok,,0.20406760640339738,0.22071456381560964,,,
additive,5,20261046,all,post_score,1000,ok,,0.20670311393534782,0.20065649093704505,,,
additive,5,20261046,baseline_perfect,post_score,206,ok,,0.20406760640339738,0.22071456381560964,,,
additive,5,20261046,all,guess_adjusted_post,1000,ok,,0.20670311393534616,0.20263006814800547,,,
additive,5,20261046,baseline_perfect,guess_adjusted_post,206,ok,,0.20406760640339708,0.22050303239402524,,,
additive,5,20261046,all,joint_irt,1000,ok,,0.0027952318536427034,0.09632422530497026,0.8292756577518441,-0.3882893118742987,0.935
additive,5,20261046,baseline_perfect,joint_irt,206,ok,,-0.19158159186151616,-0.2138631181642152,1.5627985595924525,-1.4372859140656493,0.9466019417475728
additive,5,20261046,all,post_only_irt,1000,ok,,-0.12881937237717755,-0.12474137875542554,0.6635707555646702,-0.41799019451694225,0.946
additive,5,20261046,baseline_perfect,post_only_irt,206,ok,,-0.1859547423745613,-0.2111014131698785,0.7654878688498736,-0.5169768544672659,0.9563106796116505
additive,5,20261046,all,separate_irt,1000,ok,,0.07507415113407072,0.11552098890585034,1.233892970499946,-0.41616647994480893,
additive,5,20261046,baseline_perfect,separate_irt,206,ok,,0.19408060243355202,0.21368931571364783,2.322062481773747,-2.2393590798549297,
catch_up,5,20261047,all,observed_gain,1000,ok,,0.5801487808447923,0.678905982916873,,,
catch_up,5,20261047,baseline_perfect,observed_gain,225,ok,,-0.20404261909931323,-0.2712917207808673,,,
catch_up,5,20261047,all,post_score,1000,ok,,0.2037284045129025,0.14952746256011668,,,
catch_up,5,20261047,baseline_perfect,post_score,225,ok,,-0.20404261909931343,-0.2712917207808673,,,
catch_up,5,20261047,all,guess_adjusted_post,1000,ok,,0.2037284045129022,0.14980584921736576,,,
catch_up,5,20261047,baseline_perfect,guess_adjusted_post,225,ok,,-0.2040426190993137,-0.26858929254070196,,,
catch_up,5,20261047,all,joint_irt,1000,ok,,0.5069136420254465,0.7223998865832603,1.8768593884486489,-0.038227199288157626,0.719
catch_up,5,20261047,baseline_perfect,joint_irt,225,ok,,0.1999337633897962,0.26534967402617904,0.5792136899394694,-0.27864996852960916,1
catch_up,5,20261047,all,post_only_irt,1000,ok,,-0.20462321049213172,-0.14364813900576334,2.1872778818057106,0.010830524899672685,0.834
catch_up,5,20261047,baseline_perfect,post_only_irt,225,ok,,0.2024456972246466,0.26534967402617904,1.5816765695134625,1.4974519196666094,1
catch_up,5,20261047,all,separate_irt,1000,ok,,0.5300057140598292,0.7097025983736899,1.8467632548529744,-0.04280520440107753,
catch_up,5,20261047,baseline_perfect,separate_irt,225,ok,,-0.19701174779551425,-0.26534967402617904,0.8044788543551915,-0.6038736205597427,
varying_guess,5,20261048,all,observed_gain,1000,ok,,-0.06323963380745423,-0.08571309475502722,,,
varying_guess,5,20261048,baseline_perfect,observed_gain,205,ok,,0.3120977026121671,0.4610814850309676,,,
varying_guess,5,20261048,all,post_score,1000,ok,,0.43985504733844155,0.7577798786323692,,,
varying_guess,5,20261048,baseline_perfect,post_score,205,ok,,0.3120977026121671,0.4610814850309676,,,
varying_guess,5,20261048,all,guess_adjusted_post,1000,ok,,0.4245829215341966,0.7442251959332317,,,
varying_guess,5,20261048,baseline_perfect,guess_adjusted_post,205,ok,,0.3044565030608552,0.4601019743925692,,,
varying_guess,5,20261048,all,joint_irt,1000,ok,,0.5762573588554674,0.8053350647672691,0.9996445609776148,0.016185145160149825,0.972
varying_guess,5,20261048,baseline_perfect,joint_irt,205,ok,,0.3250464374458399,0.45322490503531426,1.7557878067698462,0.025074311592310192,0.9804878048780488
varying_guess,5,20261048,all,post_only_irt,1000,ok,,0.5174263973870374,0.7494841047129761,1.047285925872389,0.003275368689714344,0.98
varying_guess,5,20261048,baseline_perfect,post_only_irt,205,ok,,0.3261415632527377,0.45217122311348357,1.8255494618253232,-0.48240625668856674,0.9414634146341463
varying_guess,5,20261048,all,separate_irt,1000,ok,,0.18717196319230872,0.3774003175703229,1.6815268405454737,-0.023994010188775654,
varying_guess,5,20261048,baseline_perfect,separate_irt,205,ok,,0.3261750529750628,0.45217122311348357,2.640875789317141,-1.839478113730406,
item_drift,5,20261049,all,observed_gain,1000,ok,,-0.17000801488833642,-0.2137769626546929,,,
item_drift,5,20261049,baseline_perfect,observed_gain,223,ok,,0.22121166526181402,0.3793904411809928,,,
item_drift,5,20261049,all,post_score,1000,ok,,0.3201647359591257,0.7325334665461578,,,
item_drift,5,20261049,baseline_perfect,post_score,223,ok,,0.22121166526181407,0.3793904411809928,,,
item_drift,5,20261049,all,guess_adjusted_post,1000,ok,,0.3201647359591277,0.7259407422231116,,,
item_drift,5,20261049,baseline_perfect,guess_adjusted_post,223,ok,,0.22121166526181366,0.3731164532494763,,,
item_drift,5,20261049,all,joint_irt,1000,ok,,0.5015607123456727,0.8103445073190272,1.5479428096195584,0.5778551811896353,0.906
item_drift,5,20261049,baseline_perfect,joint_irt,223,ok,,0.23193425831895917,0.3764328219420438,2.8878133504921295,0.5634713917648612,0.968609865470852
item_drift,5,20261049,all,post_only_irt,1000,ok,,0.38126024661003965,0.7334802439295818,1.648010748438296,0.5898825167758445,0.98
item_drift,5,20261049,baseline_perfect,post_only_irt,223,ok,,0.2327990868449975,0.3764173851938966,2.8381166368375723,-0.15594719353569783,0.9596412556053812
item_drift,5,20261049,all,separate_irt,1000,ok,,0.06949087536588834,0.3653849266400717,2.2479446994491967,0.6289156858038217,
item_drift,5,20261049,baseline_perfect,separate_irt,223,ok,,0.23290473882734566,0.3764173851938966,3.2633563272438546,-1.540135418355325,
easy_5,6,20261050,all,observed_gain,1000,ok,,-0.04694389030061175,-0.03938293487989138,,,
easy_5,6,20261050,baseline_perfect,observed_gain,358,ok,,0.17725175563661116,0.3916035770402903,,,
easy_5,6,20261050,all,post_score,1000,ok,,0.2765752561240025,0.671427600551245,,,
easy_5,6,20261050,baseline_perfect,post_score,358,ok,,0.17725175563661114,0.3916035770402903,,,
easy_5,6,20261050,all,guess_adjusted_post,1000,ok,,0.27657525612400186,0.6609754695287164,,,
easy_5,6,20261050,baseline_perfect,guess_adjusted_post,358,ok,,0.17725175563661144,0.3900749827033097,,,
easy_5,6,20261050,all,joint_irt,1000,ok,,0.3818920942452752,0.7502893766220229,1.7393936995923402,-0.11691593366304588,0.982
easy_5,6,20261050,baseline_perfect,joint_irt,358,ok,,0.1883223504724029,0.3863797326627299,2.826309806136017,-0.3526286130500188,0.9804469273743017
easy_5,6,20261050,all,post_only_irt,1000,ok,,0.3018406478669401,0.6612097871330408,1.7892781384057703,-0.12253331491397751,0.969
easy_5,6,20261050,baseline_perfect,post_only_irt,358,ok,,0.18815791732919337,0.3863797326627299,2.886029314558848,-0.6637300542614856,0.9273743016759777
easy_5,6,20261050,all,separate_irt,1000,ok,,0.05375530170813705,0.2905755893908553,2.1899118537022946,-0.13479771076783184,
easy_5,6,20261050,baseline_perfect,separate_irt,358,ok,,0.18814982077075978,0.3863797326627299,3.2076114117822434,-1.4808573217154155,
easy_10,6,20261051,all,observed_gain,1000,ok,,-0.12413386300274344,-0.1352357945763172,,,
easy_10,6,20261051,baseline_perfect,observed_gain,211,ok,,0.2582076121014049,0.33263137804941184,,,
easy_10,6,20261051,all,post_score,1000,ok,,0.42860631094663737,0.7368503246554388,,,
easy_10,6,20261051,baseline_perfect,post_score,211,ok,,0.25820761210140497,0.33263137804941184,,,
easy_10,6,20261051,all,guess_adjusted_post,1000,ok,,0.42860631094663953,0.7318829475489226,,,
easy_10,6,20261051,baseline_perfect,guess_adjusted_post,211,ok,,0.25820761210140447,0.33135977688464446,,,
easy_10,6,20261051,all,joint_irt,1000,ok,,0.6113363284990526,0.8064391293260844,1.1357473801704105,-0.28604158417568093,0.944
easy_10,6,20261051,baseline_perfect,joint_irt,211,ok,,0.26117638005314714,0.3276671440288604,2.2690485550937964,-1.010963730813981,0.8815165876777251
easy_10,6,20261051,all,post_only_irt,1000,ok,,0.49627345173295867,0.731706773346927,1.1988634004320735,-0.28238482971664636,0.934
easy_10,6,20261051,baseline_perfect,post_only_irt,211,ok,,0.26080722409401635,0.3276671440288604,2.409060405180149,-1.283507355146891,0.8009478672985783
easy_10,6,20261051,all,separate_irt,1000,ok,,0.036829703423596254,0.21624358056658066,1.7818942691535191,-0.2565259976851072,
easy_10,6,20261051,baseline_perfect,separate_irt,211,ok,,0.26040327976342537,0.3276671440288604,3.1853031112793215,-2.403663223642944,
easy_15,6,20261052,all,observed_gain,1000,ok,,-0.11653834715212431,-0.10777686533763933,,,
easy_15,6,20261052,baseline_perfect,observed_gain,156,ok,,0.41479828064202984,0.6081223193333781,,,
easy_15,6,20261052,all,post_score,1000,ok,,0.4326992122583529,0.7784260546094797,,,
easy_15,6,20261052,baseline_perfect,post_score,156,ok,,0.41479828064203,0.6081223193333781,,,
easy_15,6,20261052,all,guess_adjusted_post,1000,ok,,0.4326992122583532,0.7709994214440059,,,
easy_15,6,20261052,baseline_perfect,guess_adjusted_post,156,ok,,0.41479828064203006,0.606034137615427,,,
easy_15,6,20261052,all,joint_irt,1000,ok,,0.6622309490649156,0.7848718181349433,1.077498148454514,-0.09153212959119099,0.986
easy_15,6,20261052,baseline_perfect,joint_irt,156,ok,,0.4512116276439897,0.6124337409042394,2.212521489823481,-0.42341382903838154,0.9935897435897436
easy_15,6,20261052,all,post_only_irt,1000,ok,,0.5542665126444263,0.7773472822667356,1.1983781140855567,-0.08269941885723718,0.983
easy_15,6,20261052,baseline_perfect,post_only_irt,156,ok,,0.4515527931155187,0.6145472321730441,2.3860538098513184,-0.9581812689285223,0.967948717948718
easy_15,6,20261052,all,separate_irt,1000,ok,,0.21403458943566633,0.39725389647330367,1.9448388165921737,0.007718262829716515,
easy_15,6,20261052,baseline_perfect,separate_irt,156,ok,,0.45102964396866085,0.6145472321730441,3.3782274269607133,-2.5107550053994294,
broad_10,6,20261053,all,observed_gain,1000,ok,"Observed log-likelihood may still be increasing.
  Final log-likelihood values were: 
  -3215.28, -3215.279, -3215.278",-0.01839805650773906,0.05992591027181005,,,
broad_10,6,20261053,baseline_perfect,observed_gain,56,ok,"Observed log-likelihood may still be increasing.
  Final log-likelihood values were: 
  -3215.28, -3215.279, -3215.278",0.4022258165908621,0.5313869649141073,,,
broad_10,6,20261053,all,post_score,1000,ok,"Observed log-likelihood may still be increasing.
  Final log-likelihood values were: 
  -3215.28, -3215.279, -3215.278",0.5352974531294854,0.7929452971227017,,,
broad_10,6,20261053,baseline_perfect,post_score,56,ok,"Observed log-likelihood may still be increasing.
  Final log-likelihood values were: 
  -3215.28, -3215.279, -3215.278",0.4022258165908621,0.5313869649141073,,,
broad_10,6,20261053,all,guess_adjusted_post,1000,ok,"Observed log-likelihood may still be increasing.
  Final log-likelihood values were: 
  -3215.28, -3215.279, -3215.278",0.5352974531294834,0.7852431408126823,,,
broad_10,6,20261053,baseline_perfect,guess_adjusted_post,56,ok,"Observed log-likelihood may still be increasing.
  Final log-likelihood values were: 
  -3215.28, -3215.279, -3215.278",0.4022258165908621,0.5118666916788202,,,
broad_10,6,20261053,all,joint_irt,1000,ok,"Observed log-likelihood may still be increasing.
  Final log-likelihood values were: 
  -3215.28, -3215.279, -3215.278",0.7365078366729049,0.8413283443381564,1.0727981452358202,0.369595469318356,0.93
broad_10,6,20261053,baseline_perfect,joint_irt,56,ok,"Observed log-likelihood may still be increasing.
  Final log-likelihood values were: 
  -3215.28, -3215.279, -3215.278",0.4339542869943905,0.4601054483776762,3.109228348629427,1.513981231830864,0.9464285714285714
broad_10,6,20261053,all,post_only_irt,1000,ok,"Observed log-likelihood may still be increasing.
  Final log-likelihood values were: 
  -3215.28, -3215.279, -3215.278",0.6234122997980704,0.7903118806872206,1.134731271015882,0.3298838708464643,0.938
broad_10,6,20261053,baseline_perfect,post_only_irt,56,ok,"Observed log-likelihood may still be increasing.
  Final log-likelihood values were: 
  -3215.28, -3215.279, -3215.278",0.43089050867985185,0.48022709102308114,2.813721921093314,-0.9206862173070975,0.9464285714285714
broad_10,6,20261053,all,separate_irt,1000,ok,"Observed log-likelihood may still be increasing.
  Final log-likelihood values were: 
  -3215.28, -3215.279, -3215.278",0.2986702753532903,0.4044758815902411,2.085870287139109,0.279434880567598,
broad_10,6,20261053,baseline_perfect,separate_irt,56,ok,"Observed log-likelihood may still be increasing.
  Final log-likelihood values were: 
  -3215.28, -3215.279, -3215.278",0.42991415924587273,0.48022709102308114,4.781070059687511,-3.814611810528694,
additive,6,20261054,all,observed_gain,1000,ok,,0.13798841476491128,0.1380844199733887,,,
additive,6,20261054,baseline_perfect,observed_gain,226,ok,,0.20455124981301326,0.19796985095393738,,,
additive,6,20261054,all,post_score,1000,ok,,0.2470289779857651,0.21946409665470168,,,
additive,6,20261054,baseline_perfect,post_score,226,ok,,0.20455124981301323,0.19796985095393738,,,
additive,6,20261054,all,guess_adjusted_post,1000,ok,,0.2470289779857667,0.21891005609723832,,,
additive,6,20261054,baseline_perfect,guess_adjusted_post,226,ok,,0.2045512498130129,0.2065527836538368,,,
additive,6,20261054,all,joint_irt,1000,ok,,0.18030324499068046,0.15381534197352528,0.6434220386693377,-0.0771625868614787,0.992
additive,6,20261054,baseline_perfect,joint_irt,226,ok,,0.20891694047030895,0.19070929160270708,0.8487042297088608,-0.6871891738304828,1
additive,6,20261054,all,post_only_irt,1000,ok,,0.24462095580772242,0.22161264967443273,0.5166791292768866,-0.07202103235343335,0.993
additive,6,20261054,baseline_perfect,post_only_irt,226,ok,,0.20881022204457933,0.18243906875525215,0.4995484577441406,0.04462315423813802,1
additive,6,20261054,all,separate_irt,1000,ok,,0.16842951226495073,0.1577561583646267,1.287793036192382,-0.0961134426968374,
additive,6,20261054,baseline_perfect,separate_irt,226,ok,,0.21030873104676678,0.18243906875525215,1.942730957316355,-1.75775255312736,
catch_up,6,20261055,all,observed_gain,1000,The following items have only one response category and cannot be estimated: item11 ,,0.6118458446700887,0.6640938606960002,,,
catch_up,6,20261055,baseline_perfect,observed_gain,214,The following items have only one response category and cannot be estimated: item11 ,,-0.05910912461757783,-0.21780405937586625,,,
catch_up,6,20261055,all,post_score,1000,The following items have only one response category and cannot be estimated: item11 ,,0.17455319280579745,0.10986895636767657,,,
catch_up,6,20261055,baseline_perfect,post_score,214,The following items have only one response category and cannot be estimated: item11 ,,-0.0591091246175779,-0.21780405937586625,,,
catch_up,6,20261055,all,guess_adjusted_post,1000,The following items have only one response category and cannot be estimated: item11 ,,0.17455319280579915,0.11026657310001317,,,
catch_up,6,20261055,baseline_perfect,guess_adjusted_post,214,The following items have only one response category and cannot be estimated: item11 ,,-0.059109124617577766,-0.21258288399910405,,,
varying_guess,6,20261056,all,observed_gain,1000,ok,,-0.12144937044429412,-0.1279515898551845,,,
varying_guess,6,20261056,baseline_perfect,observed_gain,202,ok,,0.30501692180284135,0.4260193117035897,,,
varying_guess,6,20261056,all,post_score,1000,ok,,0.4107160393423449,0.7468833700997545,,,
varying_guess,6,20261056,baseline_perfect,post_score,202,ok,,0.30501692180284157,0.4260193117035897,,,
varying_guess,6,20261056,all,guess_adjusted_post,1000,ok,,0.396781596145787,0.7280105380952256,,,
varying_guess,6,20261056,baseline_perfect,guess_adjusted_post,202,ok,,0.29595082425505215,0.4173640667217647,,,
varying_guess,6,20261056,all,joint_irt,1000,ok,,0.6044540131127336,0.8157334116319694,1.4325457436769338,0.6183605616280381,0.994
varying_guess,6,20261056,baseline_perfect,joint_irt,202,ok,,0.31180884103950357,0.42821510958583436,2.8071065332116008,1.6245097655559821,0.9900990099009901
varying_guess,6,20261056,all,post_only_irt,1000,ok,,0.4832176848044702,0.7469508160976437,1.4146064397817577,0.558391456221677,0.986
varying_guess,6,20261056,baseline_perfect,post_only_irt,202,ok,,0.31107635672555706,0.4291231963741482,2.1786471315438787,0.20883150570537168,0.9752475247524752
varying_guess,6,20261056,all,separate_irt,1000,ok,,0.2198679106478942,0.4413590981628399,2.1296009177994346,0.4890185740482865,
varying_guess,6,20261056,baseline_perfect,separate_irt,202,ok,,0.31145810891082154,0.4291231963741482,2.7531086390093225,-1.2359417703407525,
item_drift,6,20261057,all,observed_gain,1000,ok,,-0.2167834156617123,-0.32607461857440573,,,
item_drift,6,20261057,baseline_perfect,observed_gain,236,ok,,0.3094539195013978,0.48713703792839674,,,
item_drift,6,20261057,all,post_score,1000,ok,,0.36710253796395115,0.6834944946721938,,,
item_drift,6,20261057,baseline_perfect,post_score,236,ok,,0.3094539195013978,0.48713703792839674,,,
item_drift,6,20261057,all,guess_adjusted_post,1000,ok,,0.36710253796395453,0.6791244399184105,,,
item_drift,6,20261057,baseline_perfect,guess_adjusted_post,236,ok,,0.3094539195013977,0.48385158721901034,,,
item_drift,6,20261057,all,joint_irt,1000,ok,,0.575694533037501,0.7822294072814278,3.266543543122561,2.3562114080841243,0.699
item_drift,6,20261057,baseline_perfect,joint_irt,236,ok,,0.32458689538441227,0.48674945675536846,5.695977680773124,5.0615280957813935,0.7711864406779662
item_drift,6,20261057,all,post_only_irt,1000,ok,,0.4308281170212746,0.6793357058631329,2.8751161306567923,2.186917499625961,0.739
item_drift,6,20261057,baseline_perfect,post_only_irt,236,ok,,0.325235550275366,0.4868299311633631,3.1859770164873975,2.2619970070332838,0.9152542372881356
item_drift,6,20261057,all,separate_irt,1000,ok,,0.24452588927187002,0.440517974716147,3.3013661431783983,2.0868308120931336,
item_drift,6,20261057,baseline_perfect,separate_irt,236,ok,,0.3251312687514945,0.4868299311633631,2.639448007449631,0.6924385953965381,
easy_5,7,20261058,all,observed_gain,1000,ok,,-0.06097449478641203,-0.055189268157340106,,,
easy_5,7,20261058,baseline_perfect,observed_gain,368,ok,,0.3487945489367618,0.5536282434392094,,,
easy_5,7,20261058,all,post_score,1000,ok,,0.3560458391151112,0.6151294103351246,,,
easy_5,7,20261058,baseline_perfect,post_score,368,ok,,0.34879454893676215,0.5536282434392094,,,
easy_5,7,20261058,all,guess_adjusted_post,1000,ok,,0.3560458391151108,0.6052859169218293,,,
easy_5,7,20261058,baseline_perfect,guess_adjusted_post,368,ok,,0.3487945489367635,0.5468299588011234,,,
easy_5,7,20261058,all,joint_irt,1000,ok,,-0.5011728192732836,-0.4887440905343869,1.702395223021235,-0.8820602749334927,0.646
easy_5,7,20261058,baseline_perfect,joint_irt,368,ok,,-0.3686753204767258,-0.5481557507429831,2.64173464397855,-1.819169323939523,0.4483695652173913
easy_5,7,20261058,all,post_only_irt,1000,ok,,-0.383873763888182,-0.5495972718533633,1.6531039733067667,-0.9021129311908238,0.642
easy_5,7,20261058,baseline_perfect,post_only_irt,368,ok,,-0.36669067447036535,-0.5419407496088521,2.4920515825811878,-1.6286363712272132,0.39945652173913043
easy_5,7,20261058,all,separate_irt,1000,ok,,-0.1287800084449585,-0.1620225227749318,1.959183757550909,-0.8159215036307621,
easy_5,7,20261058,baseline_perfect,separate_irt,368,ok,,0.36664804069740453,0.5479932344259549,3.0225689396126008,-2.493667574652572,
easy_10,7,20261059,all,observed_gain,1000,ok,,-0.07022675563452441,-0.09761203221985638,,,
easy_10,7,20261059,baseline_perfect,observed_gain,204,ok,,0.23956680173219508,0.3247639120711227,,,
easy_10,7,20261059,all,post_score,1000,ok,,0.33764893111355115,0.713982792686112,,,
easy_10,7,20261059,baseline_perfect,post_score,204,ok,,0.23956680173219477,0.3247639120711227,,,
easy_10,7,20261059,all,guess_adjusted_post,1000,ok,,0.33764893111355065,0.7076675947598196,,,
easy_10,7,20261059,baseline_perfect,guess_adjusted_post,204,ok,,0.2395668017321952,0.32140932112541676,,,
easy_10,7,20261059,all,joint_irt,1000,ok,,0.43596882147936,0.752898075952317,1.5885415056050478,-0.44503460945718226,0.933
easy_10,7,20261059,baseline_perfect,joint_irt,204,ok,,0.23833225784816872,0.3325981906568517,2.658434067066521,-1.3428324838882202,0.8480392156862745
easy_10,7,20261059,all,post_only_irt,1000,ok,,0.3887831518521847,0.7036371279666589,1.6006108469471578,-0.4421177233662897,0.935
easy_10,7,20261059,baseline_perfect,post_only_irt,204,ok,,0.2374737728075716,0.3321484774020422,2.6923359225479855,-1.39996046120841,0.7990196078431373
easy_10,7,20261059,all,separate_irt,1000,ok,,0.023209397362099114,0.1264093193513756,2.029578794558511,-0.3952331960576433,
easy_10,7,20261059,baseline_perfect,separate_irt,204,ok,,0.23515138506867742,0.332032693019274,3.473387304635822,-2.577338669426634,
easy_15,7,20261060,all,observed_gain,1000,ok,,-0.11784404838682812,-0.1450341057520646,,,
easy_15,7,20261060,baseline_perfect,observed_gain,143,ok,,0.32590454076971875,0.5106839028538682,,,
easy_15,7,20261060,all,post_score,1000,ok,,0.4204829264509094,0.8119864369171136,,,
easy_15,7,20261060,baseline_perfect,post_score,143,ok,,0.32590454076971886,0.5106839028538682,,,
easy_15,7,20261060,all,guess_adjusted_post,1000,ok,,0.42048292645091095,0.8042242444024278,,,
easy_15,7,20261060,baseline_perfect,guess_adjusted_post,143,ok,,0.3259045407697189,0.5006184659196835,,,
easy_15,7,20261060,all,joint_irt,1000,ok,,0.630553275161308,0.8520974176367886,1.1796438765069204,0.23761373473229985,0.986
easy_15,7,20261060,baseline_perfect,joint_irt,143,ok,,0.3248226274901641,0.4938805521735483,2.799633967887922,0.9113853892774176,0.986013986013986
easy_15,7,20261060,all,post_only_irt,1000,ok,,0.5177675391615323,0.8029376170578248,1.2679196062613727,0.2387351289950631,0.98
easy_15,7,20261060,baseline_perfect,post_only_irt,143,ok,,0.32489477258111027,0.494349289647613,2.604889825232143,-0.34909945814410903,0.951048951048951
easy_15,7,20261060,all,separate_irt,1000,ok,,0.24165144977046885,0.4301869477993423,1.970412400358709,0.19745246093008437,
easy_15,7,20261060,baseline_perfect,separate_irt,143,ok,,0.32510746699987547,0.494349289647613,3.406625894321384,-1.9562456675253024,
broad_10,7,20261061,all,observed_gain,1000,ok,,-0.042846940305464584,0.0312247936035091,,,
broad_10,7,20261061,baseline_perfect,observed_gain,48,ok,,0.21607051723771972,0.3922683615158905,,,
broad_10,7,20261061,all,post_score,1000,ok,,0.49045754914727646,0.7557023986013641,,,
broad_10,7,20261061,baseline_perfect,post_score,48,ok,,0.21607051723771972,0.3922683615158905,,,
broad_10,7,20261061,all,guess_adjusted_post,1000,ok,,0.4904575491472771,0.7560706474522989,,,
broad_10,7,20261061,baseline_perfect,guess_adjusted_post,48,ok,,0.21607051723771975,0.3956970291523775,,,
broad_10,7,20261061,all,joint_irt,1000,ok,,0.6956078899522311,0.8236045205416536,1.106770732803455,-0.1849411939878459,0.944
broad_10,7,20261061,baseline_perfect,joint_irt,48,ok,,0.20594460127449596,0.39176358499040664,3.879219134774497,-1.6370634028303392,0.875
broad_10,7,20261061,all,post_only_irt,1000,ok,,0.586268620441541,0.7696554716734195,1.2023099811846445,-0.16753711391409926,0.939
broad_10,7,20261061,baseline_perfect,post_only_irt,48,ok,,0.20623340759023306,0.39239935841622686,4.301847505568635,-2.4746115196593874,0.75
broad_10,7,20261061,all,separate_irt,1000,ok,,0.17696616877906987,0.36281588099362144,1.9192145112289885,-0.11149834957382301,
broad_10,7,20261061,baseline_perfect,separate_irt,48,ok,,0.20578483895449023,0.39239935841622686,5.9936867161680984,-4.695453487668963,
additive,7,20261062,all,observed_gain,1000,ok,,0.06331762815140915,0.056875102527567264,,,
additive,7,20261062,baseline_perfect,observed_gain,239,ok,,0.09797199171420945,0.14789629236996832,,,
additive,7,20261062,all,post_score,1000,ok,,0.2306798976812452,0.2385063992975995,,,
additive,7,20261062,baseline_perfect,post_score,239,ok,,0.09797199171420945,0.14789629236996832,,,
additive,7,20261062,all,guess_adjusted_post,1000,ok,,0.2306798976812442,0.23850721966879407,,,
additive,7,20261062,baseline_perfect,guess_adjusted_post,239,ok,,0.09797199171420952,0.14110957122838924,,,
additive,7,20261062,all,joint_irt,1000,ok,,0.18521191340549223,0.20655518011709867,0.5325043260997434,0.043245719127545094,0.981
additive,7,20261062,baseline_perfect,joint_irt,239,ok,,0.0794939438568921,0.1258211535424838,0.5379381038234958,-0.20978754341302056,0.99581589958159
additive,7,20261062,all,post_only_irt,1000,ok,,0.22078103355537196,0.22797124930165016,0.5020394348888723,0.057709433195810254,0.99
additive,7,20261062,baseline_perfect,post_only_irt,239,ok,,0.08440175711756756,0.125756574415328,0.5233014400234351,0.15110283189800014,0.99581589958159
additive,7,20261062,all,separate_irt,1000,ok,,0.12298475937689159,0.11788141273635244,1.2742087452458912,-0.05615997053854648,
additive,7,20261062,baseline_perfect,separate_irt,239,ok,,0.08979331756282997,0.1258939331937229,1.783110043287386,-1.5722928165455368,
catch_up,7,20261063,all,observed_gain,1000,The following items have only one response category and cannot be estimated: item11 ,,0.5991376837357466,0.6693321514578727,,,
catch_up,7,20261063,baseline_perfect,observed_gain,227,The following items have only one response category and cannot be estimated: item11 ,,-0.038508759939986356,-0.20524289874194204,,,
catch_up,7,20261063,all,post_score,1000,The following items have only one response category and cannot be estimated: item11 ,,0.1995534622966274,0.13116323078979022,,,
catch_up,7,20261063,baseline_perfect,post_score,227,The following items have only one response category and cannot be estimated: item11 ,,-0.03850875993998634,-0.20524289874194204,,,
catch_up,7,20261063,all,guess_adjusted_post,1000,The following items have only one response category and cannot be estimated: item11 ,,0.19955346229662657,0.11972719614891957,,,
catch_up,7,20261063,baseline_perfect,guess_adjusted_post,227,The following items have only one response category and cannot be estimated: item11 ,,-0.03850875993998637,-0.219606912677325,,,
varying_guess,7,20261064,all,observed_gain,1000,ok,,-0.11198041834779361,-0.16701707729144366,,,
varying_guess,7,20261064,baseline_perfect,observed_gain,237,ok,,0.2597028382728656,0.4574944263907827,,,
varying_guess,7,20261064,all,post_score,1000,ok,,0.3612773204755547,0.7472902599900207,,,
varying_guess,7,20261064,baseline_perfect,post_score,237,ok,,0.25970283827286567,0.4574944263907827,,,
varying_guess,7,20261064,all,guess_adjusted_post,1000,ok,,0.34945278836983107,0.7277152903088518,,,
varying_guess,7,20261064,baseline_perfect,guess_adjusted_post,237,ok,,0.25707847271904827,0.4504598801013021,,,
varying_guess,7,20261064,all,joint_irt,1000,ok,,0.4984867971804069,0.8033232736545072,1.447932918011758,-0.11190349389957881,0.985
varying_guess,7,20261064,baseline_perfect,joint_irt,237,ok,,0.26657175798028043,0.43777832070813844,2.639489626745486,-0.5519924101664769,0.9620253164556962
varying_guess,7,20261064,all,post_only_irt,1000,ok,,0.41951438782935846,0.7392861585058725,1.5079764301419536,-0.1357717044214054,0.972
varying_guess,7,20261064,baseline_perfect,post_only_irt,237,ok,,0.2661011253955143,0.4350780151687889,2.7412984371358005,-0.8910415228132156,0.9156118143459916
varying_guess,7,20261064,all,separate_irt,1000,ok,,0.060575012226368775,0.27387002935708094,2.125415680062525,-0.21990320787472997,
varying_guess,7,20261064,baseline_perfect,separate_irt,237,ok,,0.26607633982254497,0.4350780151687889,3.557200061988976,-2.3810965410101823,
item_drift,7,20261065,all,observed_gain,1000,ok,,-0.19140256908924938,-0.30068256126898146,,,
item_drift,7,20261065,baseline_perfect,observed_gain,231,ok,,0.21850117828799237,0.39919912193411855,,,
item_drift,7,20261065,all,post_score,1000,ok,,0.3263438640691845,0.6683680560333656,,,
item_drift,7,20261065,baseline_perfect,post_score,231,ok,,0.21850117828799243,0.39919912193411855,,,
item_drift,7,20261065,all,guess_adjusted_post,1000,ok,,0.32634386406918353,0.6655153904669074,,,
item_drift,7,20261065,baseline_perfect,guess_adjusted_post,231,ok,,0.21850117828799226,0.40146565630583536,,,
item_drift,7,20261065,all,joint_irt,1000,ok,,0.49412596836970313,0.7839879627975008,1.675730537685431,0.8046969733206946,0.806
item_drift,7,20261065,baseline_perfect,joint_irt,231,ok,,0.2116307302211188,0.3920189381355302,3.0639581817179846,1.784151807319087,0.8744588744588745
item_drift,7,20261065,all,post_only_irt,1000,ok,,0.37489250952574266,0.6589732140450931,1.7419750599348478,0.8812945571991425,0.804
item_drift,7,20261065,baseline_perfect,post_only_irt,231,ok,,0.21160694221609855,0.3932635121606955,2.4779400693229725,0.48516682944901396,0.9264069264069265
item_drift,7,20261065,all,separate_irt,1000,ok,,0.13375083101005594,0.35759108220100244,2.414695741165546,0.9446410222608459,
item_drift,7,20261065,baseline_perfect,separate_irt,231,ok,,0.21167105233556838,0.3932635121606955,2.7633895878920174,-0.872913280045842,
easy_5,8,20261066,all,observed_gain,1000,ok,,-0.040340440658153204,-0.018982068371410317,,,
easy_5,8,20261066,baseline_perfect,observed_gain,363,ok,,0.2402311141611905,0.35326589670256536,,,
easy_5,8,20261066,all,post_score,1000,ok,,0.3394412258073854,0.599261885418408,,,
easy_5,8,20261066,baseline_perfect,post_score,363,ok,,0.24023111416119047,0.35326589670256536,,,
easy_5,8,20261066,all,guess_adjusted_post,1000,ok,,0.33944122580738456,0.5923889959814491,,,
easy_5,8,20261066,baseline_perfect,guess_adjusted_post,363,ok,,0.24023111416119064,0.3582093008033642,,,
easy_5,8,20261066,all,joint_irt,1000,ok,,0.4487447263610006,0.7006151559292397,1.7777855024106661,0.8180291540288748,0.99
easy_5,8,20261066,baseline_perfect,joint_irt,363,ok,,0.24239228970952867,0.34688298080407576,2.7373847488180822,1.875448792976166,0.9972451790633609
easy_5,8,20261066,all,post_only_irt,1000,ok,,0.3630596450265487,0.5970666125694921,1.651793540810382,0.7938589976207143,0.989
easy_5,8,20261066,baseline_perfect,post_only_irt,363,ok,,0.2416883098315846,0.34688298080407576,1.9869827321435223,0.7659229910525057,0.9917355371900827
easy_5,8,20261066,all,separate_irt,1000,ok,,0.21553706008064424,0.3574388697274814,2.219896197609056,0.7923278169177782,
easy_5,8,20261066,baseline_perfect,separate_irt,363,ok,,0.2417115171746725,0.34688298080407576,2.1631635933992093,0.06723325121962749,
easy_10,8,20261067,all,observed_gain,1000,ok,,-0.11302481484892037,-0.10372590966037179,,,
easy_10,8,20261067,baseline_perfect,observed_gain,229,ok,,0.3410275663289636,0.4645894340267833,,,
easy_10,8,20261067,all,post_score,1000,ok,,0.4440612725578575,0.7436380707456458,,,
easy_10,8,20261067,baseline_perfect,post_score,229,ok,,0.3410275663289636,0.4645894340267833,,,
easy_10,8,20261067,all,guess_adjusted_post,1000,ok,,0.44406127255785893,0.7424393220674432,,,
easy_10,8,20261067,baseline_perfect,guess_adjusted_post,229,ok,,0.3410275663289637,0.4674841454139187,,,
easy_10,8,20261067,all,joint_irt,1000,ok,,0.6071095760015133,0.811589179217113,1.0287391780608965,0.22860832086686086,0.98
easy_10,8,20261067,baseline_perfect,joint_irt,229,ok,,0.3411948344409515,0.4478733727350818,1.8663684455451952,0.7112977924020946,1
easy_10,8,20261067,all,post_only_irt,1000,ok,,0.5015344939430993,0.7322214214617523,1.0759446314246197,0.20745836880365542,0.97
easy_10,8,20261067,baseline_perfect,post_only_irt,229,ok,,0.3392076191237345,0.4439440556778383,1.6884913401044355,-0.18675786180982779,0.9432314410480349
easy_10,8,20261067,all,separate_irt,1000,ok,,0.18324232996160367,0.3768654794875458,1.8457011049537464,0.1431610204857574,
easy_10,8,20261067,baseline_perfect,separate_irt,229,ok,,0.3396243043362884,0.4439440556778383,2.502571449339532,-1.5383592222975786,
easy_15,8,20261068,all,observed_gain,1000,ok,,-0.10267617731110393,-0.11017453777257662,,,
easy_15,8,20261068,baseline_perfect,observed_gain,150,ok,,0.3027041319180633,0.46515788592591795,,,
easy_15,8,20261068,all,post_score,1000,ok,,0.4537323097294025,0.785018691747163,,,
easy_15,8,20261068,baseline_perfect,post_score,150,ok,,0.3027041319180633,0.46515788592591795,,,
easy_15,8,20261068,all,guess_adjusted_post,1000,ok,,0.45373230972940276,0.7819567742000719,,,
easy_15,8,20261068,baseline_perfect,guess_adjusted_post,150,ok,,0.30270413191806345,0.4692427489885895,,,
easy_15,8,20261068,all,joint_irt,1000,ok,,0.6322697148339392,0.8340725748746094,1.4718009571638218,0.5799389564307053,0.972
easy_15,8,20261068,baseline_perfect,joint_irt,150,ok,,0.352722768235348,0.447890900048838,3.26344125520434,2.3992510190039065,0.9533333333333334
easy_15,8,20261068,all,post_only_irt,1000,ok,,0.5528646025259674,0.7832090021759306,1.3703846035995506,0.5420265354589888,0.978
easy_15,8,20261068,baseline_perfect,post_only_irt,150,ok,,0.35560892068344585,0.4477927649115295,2.092090986770331,0.4956202602193457,0.98
easy_15,8,20261068,all,separate_irt,1000,ok,,0.32466840025180854,0.4894503544232691,2.1109125893885157,0.5210826177889153,
easy_15,8,20261068,baseline_perfect,separate_irt,150,ok,,0.3538838992944988,0.44717408687197546,2.588137022819448,-1.055693995224372,
broad_10,8,20261069,all,observed_gain,1000,ok,,-0.030195363086341537,0.03177812667815412,,,
broad_10,8,20261069,baseline_perfect,observed_gain,49,ok,,0.40153747066088596,0.586719544236435,,,
broad_10,8,20261069,all,post_score,1000,ok,,0.46410074398045276,0.7302729091552044,,,
broad_10,8,20261069,baseline_perfect,post_score,49,ok,,0.40153747066088585,0.586719544236435,,,
broad_10,8,20261069,all,guess_adjusted_post,1000,ok,,0.4641007439804527,0.7276334979937006,,,
broad_10,8,20261069,baseline_perfect,guess_adjusted_post,49,ok,,0.40153747066088585,0.5880885789559828,,,
broad_10,8,20261069,all,joint_irt,1000,ok,,0.6449403493484677,0.7910256677413378,1.0358954508713363,0.02177468237612458,0.974
broad_10,8,20261069,baseline_perfect,joint_irt,49,ok,,0.3802281140133005,0.5861840621729375,3.2475029877822137,-0.00730070817170549,0.9795918367346939
broad_10,8,20261069,all,post_only_irt,1000,ok,,0.5361843992945214,0.7395332504651929,1.1443540053255452,0.01879109564652397,0.978
broad_10,8,20261069,baseline_perfect,post_only_irt,49,ok,,0.37963344815572064,0.5857480349765282,3.5253614892969094,-1.298897780113398,0.9183673469387755
broad_10,8,20261069,all,separate_irt,1000,ok,,0.1900462613576009,0.3501897304782686,2.063937494631277,0.08789349818338363,
broad_10,8,20261069,baseline_perfect,separate_irt,49,ok,,0.37983289488851624,0.5857480349765282,5.237530175551056,-3.9806441126261505,
additive,8,20261070,all,observed_gain,1000,ok,,0.12831455125374822,0.13366620762015935,,,
additive,8,20261070,baseline_perfect,observed_gain,207,ok,,0.0561988330127644,0.08475093174190657,,,
additive,8,20261070,all,post_score,1000,ok,,0.2159441293214914,0.21920879681562921,,,
additive,8,20261070,baseline_perfect,post_score,207,ok,,0.05619883301276437,0.08475093174190657,,,
additive,8,20261070,all,guess_adjusted_post,1000,ok,,0.21594412932149254,0.20693296198655894,,,
additive,8,20261070,baseline_perfect,guess_adjusted_post,207,ok,,0.0561988330127645,0.07428355827311701,,,
additive,8,20261070,all,joint_irt,1000,ok,,0.07658308904454732,0.1101996228056887,0.6928848098225168,-0.08759691307277857,0.942
additive,8,20261070,baseline_perfect,joint_irt,207,ok,,-0.08222914274702979,-0.07281427491518383,1.0901549781211666,-0.9599887129856829,0.9903381642512077
additive,8,20261070,all,post_only_irt,1000,ok,,-0.119640276247185,-0.08796005306971864,0.523346073903914,-0.039933233857060484,0.984
additive,8,20261070,baseline_perfect,post_only_irt,207,ok,,-0.10758418404548972,-0.07426173365838681,0.46413019728140553,-0.024328414702946017,0.9855072463768116
additive,8,20261070,all,separate_irt,1000,ok,,0.13038593399252482,0.14640058495355454,1.216980100172172,-0.08337625578735797,
additive,8,20261070,baseline_perfect,separate_irt,207,ok,,0.07108619347248152,0.07312893985935838,2.0023264747131364,-1.9105163570025598,
catch_up,8,20261071,all,observed_gain,1000,The following items have only one response category and cannot be estimated: item11 ,,0.5990772344402633,0.6354892369328293,,,
catch_up,8,20261071,baseline_perfect,observed_gain,221,The following items have only one response category and cannot be estimated: item11 ,,-0.11646760961749764,-0.22221325295467606,,,
catch_up,8,20261071,all,post_score,1000,The following items have only one response category and cannot be estimated: item11 ,,0.18909883722430623,0.11265894829650423,,,
catch_up,8,20261071,baseline_perfect,post_score,221,The following items have only one response category and cannot be estimated: item11 ,,-0.11646760961749765,-0.22221325295467606,,,
catch_up,8,20261071,all,guess_adjusted_post,1000,The following items have only one response category and cannot be estimated: item11 ,,0.18909883722430762,0.1103111861512545,,,
catch_up,8,20261071,baseline_perfect,guess_adjusted_post,221,The following items have only one response category and cannot be estimated: item11 ,,-0.11646760961749772,-0.22586694920238332,,,
varying_guess,8,20261072,all,observed_gain,1000,ok,,-0.09858800013665202,-0.12366199052738178,,,
varying_guess,8,20261072,baseline_perfect,observed_gain,193,ok,,0.24808718204868935,0.4100853514036041,,,
varying_guess,8,20261072,all,post_score,1000,ok,,0.3673101755879816,0.7749765120047211,,,
varying_guess,8,20261072,baseline_perfect,post_score,193,ok,,0.24808718204868943,0.4100853514036041,,,
varying_guess,8,20261072,all,guess_adjusted_post,1000,ok,,0.3555172780768223,0.7576815531713105,,,
varying_guess,8,20261072,baseline_perfect,guess_adjusted_post,193,ok,,0.23351598865406376,0.406929706079708,,,
varying_guess,8,20261072,all,joint_irt,1000,ok,,0.5320955575378036,0.8109589191343026,1.8204289144388635,0.7344010408765509,0.999
varying_guess,8,20261072,baseline_perfect,joint_irt,193,ok,,0.2642771375561113,0.4216396610286137,3.694947033002237,1.8653559416781134,0.9948186528497409
varying_guess,8,20261072,all,post_only_irt,1000,ok,,0.43227320091890453,0.7715523334944305,1.8003361386143393,0.6706383359520945,0.997
varying_guess,8,20261072,baseline_perfect,post_only_irt,193,ok,,0.26428653409207153,0.4216516269069615,3.0429390002141794,0.44034910259266763,0.9844559585492227
varying_guess,8,20261072,all,separate_irt,1000,ok,,0.22929882822231176,0.462946222166644,2.438030214708264,0.623069402873725,
varying_guess,8,20261072,baseline_perfect,separate_irt,193,ok,,0.2643840571184707,0.4200023300080221,3.419531568735011,-1.0824642957918353,
item_drift,8,20261073,all,observed_gain,1000,ok,,-0.14433601709945804,-0.24174166484524773,,,
item_drift,8,20261073,baseline_perfect,observed_gain,206,ok,,0.12994477900890414,0.39297172839512506,,,
item_drift,8,20261073,all,post_score,1000,ok,,0.23361063036921784,0.6909132329239188,,,
item_drift,8,20261073,baseline_perfect,post_score,206,ok,,0.1299447790089041,0.39297172839512506,,,
item_drift,8,20261073,all,guess_adjusted_post,1000,ok,,0.23361063036921986,0.6886988385552567,,,
item_drift,8,20261073,baseline_perfect,guess_adjusted_post,206,ok,,0.12994477900890394,0.3994652047310801,,,
item_drift,8,20261073,all,joint_irt,1000,ok,,0.383382278219559,0.7808286557165393,2.0841894381254744,0.7461675338736372,0.767
item_drift,8,20261073,baseline_perfect,joint_irt,206,ok,,0.12698018184025303,0.38669713528976507,4.2594516793486905,1.2468509854032022,0.8640776699029126
item_drift,8,20261073,all,post_only_irt,1000,ok,,0.2644197603237518,0.6779136378855081,2.202555828794889,0.845893183725772,0.787
item_drift,8,20261073,baseline_perfect,post_only_irt,206,ok,,0.12759746610199732,0.38660537022071007,4.047183887065975,0.07367643774220108,0.9368932038834952
item_drift,8,20261073,all,separate_irt,1000,ok,,0.05505978863473329,0.36761939293666857,2.818300430546404,0.9518521289456705,
item_drift,8,20261073,baseline_perfect,separate_irt,206,ok,,0.12760433410649738,0.38660537022071007,4.37737265684951,-1.3718368652589843,
easy_5,9,20261074,all,observed_gain,1000,ok,,-0.05537431821220253,-0.028431421671409194,,,
easy_5,9,20261074,baseline_perfect,observed_gain,358,ok,,0.31834865277507873,0.4979601959448162,,,
easy_5,9,20261074,all,post_score,1000,ok,,0.36548706477054455,0.6127027761933923,,,
easy_5,9,20261074,baseline_perfect,post_score,358,ok,,0.31834865277507884,0.4979601959448162,,,
easy_5,9,20261074,all,guess_adjusted_post,1000,ok,,0.3654870647705468,0.605527506472202,,,
easy_5,9,20261074,baseline_perfect,guess_adjusted_post,358,ok,,0.3183486527750777,0.4954835265584877,,,
easy_5,9,20261074,all,joint_irt,1000,ok,,0.5282421799879284,0.7037851186326024,1.1686842975451284,0.41718390733177213,0.937
easy_5,9,20261074,baseline_perfect,joint_irt,358,ok,,0.3385603421104612,0.48735860256002683,1.8390273256539764,0.8792439104730395,0.9217877094972067
easy_5,9,20261074,all,post_only_irt,1000,ok,,0.3968623446278299,0.5940459869791339,1.2247560953071643,0.4461519382241736,0.953
easy_5,9,20261074,baseline_perfect,post_only_irt,358,ok,,0.3386083043119106,0.4839523282785749,1.571295230542591,0.1445911417093404,0.9664804469273743
easy_5,9,20261074,all,separate_irt,1000,ok,,0.15224046927364207,0.35031495652098465,1.9606318228200266,0.39293869492571204,
easy_5,9,20261074,baseline_perfect,separate_irt,358,ok,,0.3386279197336538,0.4839523282785749,2.0550163478037304,-0.8870900674189303,
easy_10,9,20261075,all,observed_gain,1000,ok,,-0.05580216465618644,-0.03582864641325349,,,
easy_10,9,20261075,baseline_perfect,observed_gain,218,ok,,0.2936416796106302,0.4541441149558084,,,
easy_10,9,20261075,all,post_score,1000,ok,,0.3988344193973358,0.7535975873819275,,,
easy_10,9,20261075,baseline_perfect,post_score,218,ok,,0.29364167961063026,0.4541441149558084,,,
easy_10,9,20261075,all,guess_adjusted_post,1000,ok,,0.39883441939733577,0.7440071317449078,,,
easy_10,9,20261075,baseline_perfect,guess_adjusted_post,218,ok,,0.29364167961063037,0.4405901342301902,,,
easy_10,9,20261075,all,joint_irt,1000,ok,,0.5487672167998341,0.8030171010436525,1.1937412656989768,-0.1295662266692954,0.965
easy_10,9,20261075,baseline_perfect,joint_irt,218,ok,,0.29652629071772235,0.45661816464856614,2.145660944744711,-0.10674437804668856,0.981651376146789
easy_10,9,20261075,all,post_only_irt,1000,ok,,0.4616105994273666,0.7494473144212553,1.2635126139623174,-0.09968185384259957,0.968
easy_10,9,20261075,baseline_perfect,post_only_irt,218,ok,,0.29526098697292047,0.4552212596575894,2.256193774845697,-0.719228063700654,0.9311926605504587
easy_10,9,20261075,all,separate_irt,1000,ok,,0.17088347151837155,0.41455576065539124,1.9184274615425798,-0.020767629099110313,
easy_10,9,20261075,baseline_perfect,separate_irt,218,ok,,0.296435627594232,0.4552212596575894,3.0103832343805945,-1.9402029437607347,
easy_15,9,20261076,all,observed_gain,1000,ok,,-0.09968230993129126,-0.10010783094123298,,,
easy_15,9,20261076,baseline_perfect,observed_gain,170,ok,,0.3128201363827582,0.48223985042174067,,,
easy_15,9,20261076,all,post_score,1000,ok,,0.42023852015897184,0.803573544403074,,,
easy_15,9,20261076,baseline_perfect,post_score,170,ok,,0.3128201363827583,0.48223985042174067,,,
easy_15,9,20261076,all,guess_adjusted_post,1000,ok,,0.42023852015897417,0.7985128083260477,,,
easy_15,9,20261076,baseline_perfect,guess_adjusted_post,170,ok,,0.3128201363827582,0.47285199275006107,,,
easy_15,9,20261076,all,joint_irt,1000,ok,,0.6030863706678625,0.8327776697804085,1.3700197543791304,0.5212683846367783,0.998
easy_15,9,20261076,baseline_perfect,joint_irt,170,ok,,0.325527458798811,0.4824995660718723,2.8554924137817603,1.3739329979124637,0.9941176470588236
easy_15,9,20261076,all,post_only_irt,1000,ok,,0.5277916747140141,0.7971140852721956,1.3445732436601932,0.43244297593638265,0.996
easy_15,9,20261076,baseline_perfect,post_only_irt,170,ok,,0.3254878117374292,0.4809209039729485,2.432081467534343,0.1566204011600892,0.9823529411764705
easy_15,9,20261076,all,separate_irt,1000,ok,,0.2620271824998754,0.4680183054583058,1.9844789915916177,0.29404044703015664,
easy_15,9,20261076,baseline_perfect,separate_irt,170,ok,,0.325674447459891,0.4809209039729485,3.090443234898041,-1.6235327138967897,
broad_10,9,20261077,all,observed_gain,1000,ok,,-0.009909031426058782,0.07800440378305455,,,
broad_10,9,20261077,baseline_perfect,observed_gain,43,ok,,0.4209030351344974,0.6619823624362715,,,
broad_10,9,20261077,all,post_score,1000,ok,,0.42117048920212347,0.7501332885976897,,,
broad_10,9,20261077,baseline_perfect,post_score,43,ok,,0.4209030351344974,0.6619823624362715,,,
broad_10,9,20261077,all,guess_adjusted_post,1000,ok,,0.42117048920212347,0.748547862442385,,,
broad_10,9,20261077,baseline_perfect,guess_adjusted_post,43,ok,,0.4209030351344974,0.6759695838874018,,,
broad_10,9,20261077,all,joint_irt,1000,ok,,0.6627739227845649,0.8008398225335812,1.5861446282673133,-0.29169006489228183,0.942
broad_10,9,20261077,baseline_perfect,joint_irt,43,ok,,0.4845392994747862,0.6630417316918497,5.940880755330893,-2.1230343470032174,0.8837209302325582
broad_10,9,20261077,all,post_only_irt,1000,ok,,0.5406960788471108,0.7576043044600763,1.7188270130825085,-0.28634634299659845,0.945
broad_10,9,20261077,baseline_perfect,post_only_irt,43,ok,,0.4857132775013739,0.657461677514245,6.581221415673786,-3.285177410263738,0.7441860465116279
broad_10,9,20261077,all,separate_irt,1000,ok,,0.21533466228891263,0.3610527106135078,2.306430716440848,-0.2337510036563963,
broad_10,9,20261077,baseline_perfect,separate_irt,43,ok,,0.48422711841508975,0.657461677514245,7.770653529990175,-5.653033977415904,
additive,9,20261078,all,observed_gain,1000,ok,,0.10207699225163265,0.1072906416473343,,,
additive,9,20261078,baseline_perfect,observed_gain,226,ok,,0.1375120755941645,0.12306071398075706,,,
additive,9,20261078,all,post_score,1000,ok,,0.2633136162086416,0.26295659288352075,,,
additive,9,20261078,baseline_perfect,post_score,226,ok,,0.13751207559416445,0.12306071398075706,,,
additive,9,20261078,all,guess_adjusted_post,1000,ok,,0.26331361620864263,0.26679469659815797,,,
additive,9,20261078,baseline_perfect,guess_adjusted_post,226,ok,,0.13751207559416442,0.12668496028773235,,,
additive,9,20261078,all,joint_irt,1000,ok,,0.16508305630365314,0.19764091131610498,1.0687790167904163,0.28988528036841776,0.997
additive,9,20261078,baseline_perfect,joint_irt,226,ok,,0.10651996855908244,0.10228462088690335,1.142695284204207,-0.6717644905678919,1
additive,9,20261078,all,post_only_irt,1000,ok,,0.23037887835237317,0.24689163456188543,0.898728093945276,0.28300080581294446,1
additive,9,20261078,baseline_perfect,post_only_irt,226,ok,,0.1076226386442205,0.10228462088690335,1.0629247156197388,0.6416681432394187,1
additive,9,20261078,all,separate_irt,1000,ok,,0.1474335196485767,0.16503038715659096,1.3810789027610777,0.2866534599403011,
additive,9,20261078,baseline_perfect,separate_irt,226,ok,,0.10934482940603905,0.10228462088690335,1.6000202409382713,-1.2142315160955939,
catch_up,9,20261079,all,observed_gain,1000,ok,,0.661008872173362,0.6678027104954752,,,
catch_up,9,20261079,baseline_perfect,observed_gain,223,ok,,-0.132759065765148,-0.20755338137641255,,,
catch_up,9,20261079,all,post_score,1000,ok,,0.17236795684056788,0.08303692179624342,,,
catch_up,9,20261079,baseline_perfect,post_score,223,ok,,-0.13275906576514804,-0.20755338137641255,,,
catch_up,9,20261079,all,guess_adjusted_post,1000,ok,,0.17236795684056674,0.07764711531404164,,,
catch_up,9,20261079,baseline_perfect,guess_adjusted_post,223,ok,,-0.13275906576514818,-0.20847019193506489,,,
catch_up,9,20261079,all,joint_irt,1000,ok,,0.5525959254342022,0.6910623514409118,1.7776889265327638,-0.8827286419491226,0.831
catch_up,9,20261079,baseline_perfect,joint_irt,223,ok,,-0.13805594559919288,-0.21613587140318244,1.5770764595856073,-1.4355906858927199,0.9820627802690582
catch_up,9,20261079,all,post_only_irt,1000,ok,,0.17446809933333515,0.07977036982948907,2.0479057370015723,-0.9184050800841294,0.841
catch_up,9,20261079,baseline_perfect,post_only_irt,223,ok,,-0.13821573607255197,-0.21439769045232235,0.7657970531008849,0.3950785346898155,0.9955156950672646
catch_up,9,20261079,all,separate_irt,1000,ok,,0.5710105145299829,0.693223894766677,1.7637291675252003,-0.8744201334553285,
catch_up,9,20261079,baseline_perfect,separate_irt,223,ok,,-0.1382950214644943,-0.21439769045232235,1.8054437433531187,-1.6565085468691758,
varying_guess,9,20261080,all,observed_gain,1000,ok,,-0.07924899909978118,-0.07309874409542055,,,
varying_guess,9,20261080,baseline_perfect,observed_gain,192,ok,,0.24777609750825821,0.3784209939193373,,,
varying_guess,9,20261080,all,post_score,1000,ok,,0.4075595974640137,0.7565024110885723,,,
varying_guess,9,20261080,baseline_perfect,post_score,192,ok,,0.24777609750825744,0.3784209939193373,,,
varying_guess,9,20261080,all,guess_adjusted_post,1000,ok,,0.3907994137465916,0.7338897579846463,,,
varying_guess,9,20261080,baseline_perfect,guess_adjusted_post,192,ok,,0.22464304771716964,0.35970030154651655,,,
varying_guess,9,20261080,all,joint_irt,1000,ok,,-0.38657941648190763,-0.011879888111309562,1.6273792442285395,-0.6508408992995477,0.846
varying_guess,9,20261080,baseline_perfect,joint_irt,192,ok,,-0.2552266251680726,-0.37418034420013535,3.431865073022484,-2.4161252670689675,0.6145833333333334
varying_guess,9,20261080,all,post_only_irt,1000,ok,,-0.24943949729666784,-0.11726683668453913,1.5626288552123053,-0.6614575649315239,0.841
varying_guess,9,20261080,baseline_perfect,post_only_irt,192,ok,,-0.24118780557680342,-0.34178610083798666,3.1958432003933495,-2.0892777077799054,0.5260416666666666
varying_guess,9,20261080,all,separate_irt,1000,ok,,-0.1264225681974843,-0.08308197259943073,1.9221988747090384,-0.5847212599067005,
varying_guess,9,20261080,baseline_perfect,separate_irt,192,ok,,0.25981344745120233,0.3765212161661618,3.992612772997413,-3.2490745365245504,
item_drift,9,20261081,all,observed_gain,1000,ok,,-0.18049325978119468,-0.2958723832270306,,,
item_drift,9,20261081,baseline_perfect,observed_gain,235,ok,,0.17074483160857884,0.26787189513786613,,,
item_drift,9,20261081,all,post_score,1000,ok,,0.320853915603445,0.7095201649757592,,,
item_drift,9,20261081,baseline_perfect,post_score,235,ok,,0.17074483160857878,0.26787189513786613,,,
item_drift,9,20261081,all,guess_adjusted_post,1000,ok,,0.32085391560344606,0.7014836534412152,,,
item_drift,9,20261081,baseline_perfect,guess_adjusted_post,235,ok,,0.17074483160857873,0.2674325686354267,,,
item_drift,9,20261081,all,joint_irt,1000,ok,,0.4728537042400584,0.7868304396341503,2.776213315397771,1.5988693997352583,0.766
item_drift,9,20261081,baseline_perfect,joint_irt,235,ok,,0.17085866423127077,0.26118068831766583,5.292810792924128,4.276846369868399,0.7106382978723405
item_drift,9,20261081,all,post_only_irt,1000,ok,,0.3686999862244964,0.7001676423706553,2.5603770684376492,1.6333039135976386,0.844
item_drift,9,20261081,baseline_perfect,post_only_irt,235,ok,,0.17131993896043451,0.26118068831766583,3.4205107144204057,1.7754374925919352,0.9574468085106383
item_drift,9,20261081,all,separate_irt,1000,ok,,0.21998181607311432,0.4726219285359116,3.068483031798412,1.6664156648949107,
item_drift,9,20261081,baseline_perfect,separate_irt,235,ok,,0.17125061690546145,0.26118068831766583,3.1981042811592526,0.595179415056389,
easy_5,10,20261082,all,observed_gain,1000,ok,,-0.06676914848339269,-0.08146818552113862,,,
easy_5,10,20261082,baseline_perfect,observed_gain,353,ok,,0.27370353192844205,0.48005335725220427,,,
easy_5,10,20261082,all,post_score,1000,ok,,0.3206591584506369,0.5959966617933989,,,
easy_5,10,20261082,baseline_perfect,post_score,353,ok,,0.27370353192844205,0.48005335725220427,,,
easy_5,10,20261082,all,guess_adjusted_post,1000,ok,,0.32065915845063825,0.5822659931629259,,,
easy_5,10,20261082,baseline_perfect,guess_adjusted_post,353,ok,,0.2737035319284418,0.48329696992776144,,,
easy_5,10,20261082,all,joint_irt,1000,ok,,0.4360076710319028,0.6712430607286143,1.3951964827643242,-0.42126888400099016,0.905
easy_5,10,20261082,baseline_perfect,joint_irt,353,ok,,0.28388107967537596,0.4644136545359937,2.256716891463102,-0.9029898941745657,0.886685552407932
easy_5,10,20261082,all,post_only_irt,1000,ok,,0.34947234538058475,0.5893586407537883,1.4163752804455838,-0.41501428078758856,0.911
easy_5,10,20261082,baseline_perfect,post_only_irt,353,ok,,0.28347998966027416,0.46418599534778193,2.298392306971413,-0.9950563458112143,0.8243626062322946
easy_5,10,20261082,all,separate_irt,1000,ok,,0.005748770477223869,0.11939542194597291,1.8260144737310384,-0.38804820662638173,
easy_5,10,20261082,baseline_perfect,separate_irt,353,ok,,0.2844220880298572,0.46418599534778193,2.753947409483535,-1.8438537384637939,
easy_10,10,20261083,all,observed_gain,1000,ok,,-0.07455557298112776,-0.02528159505750854,,,
easy_10,10,20261083,baseline_perfect,observed_gain,207,ok,,0.34646137857792875,0.49018153291173905,,,
easy_10,10,20261083,all,post_score,1000,ok,,0.43309629703800134,0.7379595505544743,,,
easy_10,10,20261083,baseline_perfect,post_score,207,ok,,0.34646137857792864,0.49018153291173905,,,
easy_10,10,20261083,all,guess_adjusted_post,1000,ok,,0.43309629703800195,0.7351157065123787,,,
easy_10,10,20261083,baseline_perfect,guess_adjusted_post,207,ok,,0.3464613785779292,0.4902066846947403,,,
easy_10,10,20261083,all,joint_irt,1000,ok,,0.6288189954938543,0.8003412372735594,0.9615868833269453,0.023698525848716942,0.974
easy_10,10,20261083,baseline_perfect,joint_irt,207,ok,,0.36625411343269204,0.49919572424098096,1.8434097559876281,-0.0904429520860094,0.9806763285024155
easy_10,10,20261083,all,post_only_irt,1000,ok,,0.5069577715294299,0.7310399265855871,1.0656625906153954,0.02825312146470127,0.973
easy_10,10,20261083,baseline_perfect,post_only_irt,207,ok,,0.36607535422468523,0.499445819065721,1.980540244816252,-0.7013488357539278,0.9516908212560387
easy_10,10,20261083,all,separate_irt,1000,ok,,0.1439815252682183,0.3703045407558333,1.7501459735077618,0.015034701020359347,
easy_10,10,20261083,baseline_perfect,separate_irt,207,ok,,0.366108428879199,0.4992763999908972,2.7739125744170035,-1.969372949226263,
easy_15,10,20261084,all,observed_gain,1000,ok,"Observed log-likelihood may still be increasing.
  Final log-likelihood values were: 
  -3772.951, -3772.95, -3772.949",-0.10719427675046393,-0.10660076845482733,,,
easy_15,10,20261084,baseline_perfect,observed_gain,170,ok,"Observed log-likelihood may still be increasing.
  Final log-likelihood values were: 
  -3772.951, -3772.95, -3772.949",0.3216770839895021,0.48419408869442326,,,
easy_15,10,20261084,all,post_score,1000,ok,"Observed log-likelihood may still be increasing.
  Final log-likelihood values were: 
  -3772.951, -3772.95, -3772.949",0.4088015022995155,0.7968565221711145,,,
easy_15,10,20261084,baseline_perfect,post_score,170,ok,"Observed log-likelihood may still be increasing.
  Final log-likelihood values were: 
  -3772.951, -3772.95, -3772.949",0.3216770839895022,0.48419408869442326,,,
easy_15,10,20261084,all,guess_adjusted_post,1000,ok,"Observed log-likelihood may still be increasing.
  Final log-likelihood values were: 
  -3772.951, -3772.95, -3772.949",0.40880150229951506,0.7919327860927419,,,
easy_15,10,20261084,baseline_perfect,guess_adjusted_post,170,ok,"Observed log-likelihood may still be increasing.
  Final log-likelihood values were: 
  -3772.951, -3772.95, -3772.949",0.32167708398950207,0.49014087073365864,,,
easy_15,10,20261084,all,joint_irt,1000,ok,"Observed log-likelihood may still be increasing.
  Final log-likelihood values were: 
  -3772.951, -3772.95, -3772.949",0.628875008755525,0.839965717172403,1.237714853768141,-0.14435446096908441,0.941
easy_15,10,20261084,baseline_perfect,joint_irt,170,ok,"Observed log-likelihood may still be increasing.
  Final log-likelihood values were: 
  -3772.951, -3772.95, -3772.949",0.3515978722135709,0.49130721051610965,2.7062236796691614,-0.7226235004672766,0.9529411764705882
easy_15,10,20261084,all,post_only_irt,1000,ok,"Observed log-likelihood may still be increasing.
  Final log-likelihood values were: 
  -3772.951, -3772.95, -3772.949",0.5144929085166248,0.7927262333567766,1.347759653892831,-0.15371221193143747,0.94
easy_15,10,20261084,baseline_perfect,post_only_irt,170,ok,"Observed log-likelihood may still be increasing.
  Final log-likelihood values were: 
  -3772.951, -3772.95, -3772.949",0.35075595510881796,0.49051047863977526,2.958058149367344,-1.349569822109829,0.8470588235294118
easy_15,10,20261084,all,separate_irt,1000,ok,"Observed log-likelihood may still be increasing.
  Final log-likelihood values were: 
  -3772.951, -3772.95, -3772.949",0.10869517736100799,0.3674720677351333,2.0267262808374475,-0.14415867825454512,
easy_15,10,20261084,baseline_perfect,separate_irt,170,ok,"Observed log-likelihood may still be increasing.
  Final log-likelihood values were: 
  -3772.951, -3772.95, -3772.949",0.35069647885448735,0.49051047863977526,3.891406756108505,-2.8717504511923972,
broad_10,10,20261085,all,observed_gain,1000,ok,,-0.024547142746998454,-0.0014626137863238827,,,
broad_10,10,20261085,baseline_perfect,observed_gain,64,ok,,0.471969767747353,0.6111112756386476,,,
broad_10,10,20261085,all,post_score,1000,ok,,0.5088570736293394,0.7353086420415617,,,
broad_10,10,20261085,baseline_perfect,post_score,64,ok,,0.471969767747353,0.6111112756386476,,,
broad_10,10,20261085,all,guess_adjusted_post,1000,ok,,0.5088570736293374,0.7324233085024899,,,
broad_10,10,20261085,baseline_perfect,guess_adjusted_post,64,ok,,0.47196976774735305,0.6018336281039787,,,
broad_10,10,20261085,all,joint_irt,1000,ok,,0.37531015419429914,0.5022743353836117,1.3296208925146573,-0.5355122495212663,0.936
broad_10,10,20261085,baseline_perfect,joint_irt,64,ok,,0.4936582033247892,0.6030578391273034,3.928071400859945,-2.8716525540724067,0.90625
broad_10,10,20261085,all,post_only_irt,1000,ok,,0.5988568057149046,0.7338690026368078,1.2821035907279357,-0.5421748235385256,0.926
broad_10,10,20261085,baseline_perfect,post_only_irt,64,ok,,0.4924605449241261,0.6018122477849687,3.6313552018402224,-2.414069961817798,0.75
broad_10,10,20261085,all,separate_irt,1000,ok,,0.05815607393744508,0.115952030253214,1.9168329971121025,-0.48271638405674233,
broad_10,10,20261085,baseline_perfect,separate_irt,64,ok,,0.4919477547451564,0.6018122477849687,5.5308880330351755,-4.942154794523805,
additive,10,20261086,all,observed_gain,1000,ok,,0.12471718900299324,0.09275527346103726,,,
additive,10,20261086,baseline_perfect,observed_gain,239,ok,,0.0566690666351401,0.03263105011215158,,,
additive,10,20261086,all,post_score,1000,ok,,0.23538045155699744,0.22185009508134193,,,
additive,10,20261086,baseline_perfect,post_score,239,ok,,0.05666906663514015,0.03263105011215158,,,
additive,10,20261086,all,guess_adjusted_post,1000,ok,,0.2353804515569974,0.22098208900178007,,,
additive,10,20261086,baseline_perfect,guess_adjusted_post,239,ok,,0.056669066635140077,0.039281212398401745,,,
additive,10,20261086,all,joint_irt,1000,ok,,0.029925182337945645,0.07643986856451532,0.8677872293461788,-0.4363487094596093,0.914
additive,10,20261086,baseline_perfect,joint_irt,239,ok,,-0.0563923588974266,-0.032166666479864256,1.4857787068882196,-1.374034640089161,0.9497907949790795
additive,10,20261086,all,post_only_irt,1000,ok,,-0.19476351771910502,-0.17939515830843794,0.7141435920371894,-0.43124314569225397,0.935
additive,10,20261086,baseline_perfect,post_only_irt,239,ok,,-0.046275012860223445,-0.031414056183095285,0.7047458432308172,-0.49886472850749575,0.9497907949790795
additive,10,20261086,all,separate_irt,1000,ok,,0.10382786031034703,0.10570482431809271,1.2853910831001347,-0.42820780465224606,
additive,10,20261086,baseline_perfect,separate_irt,239,ok,,0.0634710126748778,0.03589899917608585,2.248948998287435,-2.168904771629731,
catch_up,10,20261087,all,observed_gain,1000,The following items have only one response category and cannot be estimated: item11 ,,0.6408221863884442,0.6794381071894242,,,
catch_up,10,20261087,baseline_perfect,observed_gain,232,The following items have only one response category and cannot be estimated: item11 ,,-0.06443803498485755,-0.20589153701956037,,,
catch_up,10,20261087,all,post_score,1000,The following items have only one response category and cannot be estimated: item11 ,,0.19920035374999734,0.14141161697987709,,,
catch_up,10,20261087,baseline_perfect,post_score,232,The following items have only one response category and cannot be estimated: item11 ,,-0.0644380349848576,-0.20589153701956037,,,
catch_up,10,20261087,all,guess_adjusted_post,1000,The following items have only one response category and cannot be estimated: item11 ,,0.19920035374999834,0.13714378095081203,,,
catch_up,10,20261087,baseline_perfect,guess_adjusted_post,232,The following items have only one response category and cannot be estimated: item11 ,,-0.06443803498485765,-0.20903375555577516,,,
varying_guess,10,20261088,all,observed_gain,1000,ok,,-0.0889535261386284,-0.10746659661650491,,,
varying_guess,10,20261088,baseline_perfect,observed_gain,198,ok,,0.30374668464538873,0.430009712591332,,,
varying_guess,10,20261088,all,post_score,1000,ok,,0.43085597600861053,0.7223866435348202,,,
varying_guess,10,20261088,baseline_perfect,post_score,198,ok,,0.3037466846453886,0.430009712591332,,,
varying_guess,10,20261088,all,guess_adjusted_post,1000,ok,,0.41775201250890437,0.7085522157559639,,,
varying_guess,10,20261088,baseline_perfect,guess_adjusted_post,198,ok,,0.28699340886671704,0.4206035485179644,,,
varying_guess,10,20261088,all,joint_irt,1000,ok,,0.5934711014998425,0.8023370810596229,1.7315337489768248,0.874401684587031,0.986
varying_guess,10,20261088,baseline_perfect,joint_irt,198,ok,,0.32189206179955443,0.4261629778257636,3.4285812435430687,2.718225391633328,0.9595959595959596
varying_guess,10,20261088,all,post_only_irt,1000,ok,,0.5029204621283548,0.7198349631790442,1.5223949465428128,0.7821537043738018,0.986
varying_guess,10,20261088,baseline_perfect,post_only_irt,198,ok,,0.32200108593756316,0.4377692619305359,2.001636785277981,0.8552896658885071,1
varying_guess,10,20261088,all,separate_irt,1000,ok,,0.2761403300017401,0.43063661180366264,2.265938000872348,0.7206112685727472,
varying_guess,10,20261088,baseline_perfect,separate_irt,198,ok,,0.32221497781749237,0.4377692619305359,2.351168938217028,-0.59171602578817,
item_drift,10,20261089,all,observed_gain,1000,ok,"Observed log-likelihood may still be increasing.
  Final log-likelihood values were: 
  -2255.345, -2255.344, -2255.343",-0.14098174968332058,-0.28271256305161285,,,
item_drift,10,20261089,baseline_perfect,observed_gain,219,ok,"Observed log-likelihood may still be increasing.
  Final log-likelihood values were: 
  -2255.345, -2255.344, -2255.343",0.1656082304539522,0.3760482355446128,,,
item_drift,10,20261089,all,post_score,1000,ok,"Observed log-likelihood may still be increasing.
  Final log-likelihood values were: 
  -2255.345, -2255.344, -2255.343",0.2405924906502223,0.6992892553799637,,,
item_drift,10,20261089,baseline_perfect,post_score,219,ok,"Observed log-likelihood may still be increasing.
  Final log-likelihood values were: 
  -2255.345, -2255.344, -2255.343",0.16560823045395232,0.3760482355446128,,,
item_drift,10,20261089,all,guess_adjusted_post,1000,ok,"Observed log-likelihood may still be increasing.
  Final log-likelihood values were: 
  -2255.345, -2255.344, -2255.343",0.24059249065022292,0.6975870675187612,,,
item_drift,10,20261089,baseline_perfect,guess_adjusted_post,219,ok,"Observed log-likelihood may still be increasing.
  Final log-likelihood values were: 
  -2255.345, -2255.344, -2255.343",0.16560823045395281,0.37585789088850674,,,
item_drift,10,20261089,all,joint_irt,1000,ok,"Observed log-likelihood may still be increasing.
  Final log-likelihood values were: 
  -2255.345, -2255.344, -2255.343",0.39699066778841124,0.8042795465430691,2.2308710467381507,0.6271698239481539,0.751
item_drift,10,20261089,baseline_perfect,joint_irt,219,ok,"Observed log-likelihood may still be increasing.
  Final log-likelihood values were: 
  -2255.345, -2255.344, -2255.343",0.17348771890574052,0.37285166574996476,4.508981496092387,1.1139022249896877,0.8584474885844748
item_drift,10,20261089,all,post_only_irt,1000,ok,"Observed log-likelihood may still be increasing.
  Final log-likelihood values were: 
  -2255.345, -2255.344, -2255.343",0.28519046110701185,0.6909750406848169,2.3423360991674884,0.7030524761861661,0.788
item_drift,10,20261089,baseline_perfect,post_only_irt,219,ok,"Observed log-likelihood may still be increasing.
  Final log-likelihood values were: 
  -2255.345, -2255.344, -2255.343",0.17329594960628025,0.3724562011120131,4.365378754419431,-0.0754437118138919,0.9452054794520548
item_drift,10,20261089,all,separate_irt,1000,ok,"Observed log-likelihood may still be increasing.
  Final log-likelihood values were: 
  -2255.345, -2255.344, -2255.343",0.08077243539587474,0.3769861039522878,2.9024501134839635,0.805338764334322,
item_drift,10,20261089,baseline_perfect,separate_irt,219,ok,"Observed log-likelihood may still be increasing.
  Final log-likelihood values were: 
  -2255.345, -2255.344, -2255.343",0.1732985972437,0.3724562011120131,4.643329599054267,-1.4327836213554253,
