replicate,items,difficulty,learning_form,correlation_baseline,correlation_observed_gain,correlation_post_score,rank_correlation_baseline,rank_correlation_observed_gain,rank_correlation_post_score,post_minus_gain,post_minus_baseline,rank_post_minus_gain
1,5,easy,proportional,0.4748840092155352,-0.10936414429620069,0.45326981828763857,0.7348380821116467,-0.1284497417985698,0.7505414833644154,0.5626339625838392,-0.021614190927896626,0.8789912251629852
1,10,easy,proportional,0.5080236755587156,-0.1778456652521191,0.46116458442419,0.8211684011966884,-0.23873109883559102,0.8149759299881567,0.639010249676309,-0.04685909113452563,1.0537070288237478
1,15,easy,proportional,0.5566977779366101,-0.18624524903409911,0.5034454005875889,0.855373896239737,-0.19659760864719417,0.86474797636825,0.689690649621688,-0.05325237734902122,1.061345585015444
1,30,easy,proportional,0.5988150349051647,-0.2039552348795116,0.5443517412940275,0.8895888031473822,-0.19278502846667478,0.9158289361733423,0.7483069761735391,-0.05446329361113722,1.108613964640017
1,5,broad,proportional,0.46964794378441455,-0.015583735636239092,0.49319625033448106,0.6787055518020529,-0.04711068231980097,0.7200813992252136,0.5087799859707202,0.02354830655006651,0.7671920815450146
1,10,broad,proportional,0.5576011630325841,-0.1016026749950768,0.5290955516903854,0.8181406880205631,-0.11999734216337418,0.8256175964418804,0.6306982266854622,-0.028505611342198756,0.9456149386052546
1,15,broad,proportional,0.6274506722552923,-0.055338121229528636,0.6007685983711095,0.8570550655881575,-0.011945614451217015,0.8895844913914872,0.6561067196006382,-0.026682073884182755,0.9015301058427042
1,30,broad,proportional,0.6798556079511106,0.013233790723491862,0.6593914674736049,0.8819662026847691,0.1003271023742185,0.9285678881448438,0.646157676750113,-0.020464140477505666,0.8282407857706253
1,5,easy,additive,0.059149555155125697,0.062196713166241806,0.2677199906662786,0.05740009641651466,0.056173774665902135,0.27675048362371035,0.2055232775000368,0.2085704355111529,0.22057670895780823
1,10,easy,additive,0.05039873281019269,0.06991071648617755,0.31200100082934884,0.0749112692298898,0.047536760160393286,0.3210445031378343,0.24209028434317129,0.26160226801915615,0.273507742977441
1,15,easy,additive,0.058131449950033165,0.10924989743684276,0.3531267909036172,0.0696744302073055,0.07042452992294206,0.353133616276717,0.24387689346677444,0.29499534095358404,0.28270908635377495
1,30,easy,additive,0.058873375394806075,0.14856886319490517,0.3703242007219489,0.06862107266494034,0.10289959571781526,0.3625863428659861,0.2217553375270437,0.3114508253271428,0.25968674714817086
1,5,broad,additive,0.06528878557884328,0.03339822984217046,0.18029023621715537,0.06163839428010765,0.03469937724070223,0.17889995280900775,0.1468920063749849,0.11500145063831209,0.1442005755683055
1,10,broad,additive,0.059912416519444074,0.09727987129708743,0.28271060453976554,0.07479451796243533,0.06669248055881172,0.2613119128421991,0.18543073324267811,0.22279818802032147,0.1946194322833874
1,15,broad,additive,0.06398208068766191,0.1875379716379483,0.3318817723118418,0.06685151659842171,0.17546256726241466,0.3094261096471471,0.1443438006738935,0.26789969162417987,0.13396354238473246
1,30,broad,additive,0.05550550011733052,0.2784759535192337,0.34938611627356636,0.05867551692086221,0.2538280168468711,0.32368020267712455,0.07091016275433265,0.29388061615623584,0.06985218583025343
1,5,easy,catch_up,-0.6228264357613429,0.6333738752556152,0.15089945667966687,-0.6908894706310172,0.6780470271842529,0.10832675397465868,-0.4824744185759483,0.7737258924410098,-0.5697202732095943
1,10,easy,catch_up,-0.7088273201835684,0.7184776125206213,0.15875593290373516,-0.7657347925819221,0.7525596069953432,0.12793063360036983,-0.5597216796168861,0.8675832530873036,-0.6246289733949734
1,15,easy,catch_up,-0.7316357887418015,0.7489768290526592,0.18087687878333472,-0.8097923542106736,0.8021680530060917,0.1346394400065614,-0.5680999502693245,0.9125126675251362,-0.6675286129995304
1,30,easy,catch_up,-0.7597484973684795,0.786085512197245,0.24034419977257146,-0.843254744284113,0.8471783019343183,0.16631155337093478,-0.5457413124246735,1.0000926971410509,-0.6808667485633835
1,5,broad,catch_up,-0.5761403868410795,0.5999734083324373,0.21216458881153882,-0.6322520003365328,0.6055945836934733,0.1027924091949556,-0.38780881952089846,0.7883049756526184,-0.5028021744985177
1,10,broad,catch_up,-0.7023488402168644,0.729165241010946,0.24358940327332343,-0.7663714196589703,0.7433674242669396,0.12623120132185178,-0.4855758377376226,0.9459382434901878,-0.6171362229450879
1,15,broad,catch_up,-0.7124285785374873,0.767407441288953,0.30301078643965534,-0.8147996731060585,0.8092255995966064,0.1477482141707282,-0.46439665484929765,1.0154393649771427,-0.6614773854258782
1,30,broad,catch_up,-0.7277738620587306,0.820989573242092,0.37592324051331294,-0.8453038376925133,0.8619050770193327,0.17882891319805597,-0.44506633272877905,1.1036971025720437,-0.6830761638212768
2,5,easy,proportional,0.5400143307446365,-0.07375985186560337,0.5055007169457931,0.764606206027488,-0.03380195477402061,0.8039652968244868,0.5792605688113965,-0.03451361379884332,0.8377672515985074
2,10,easy,proportional,0.5457428452538542,-0.16023088641215963,0.49922326575582465,0.8214290198603782,-0.15564867509074284,0.8406370214059522,0.6594541521679843,-0.04651957949802954,0.9962856964966951
2,15,easy,proportional,0.5418723667121231,-0.18130841849916554,0.493522399837314,0.8345013313796529,-0.19261281394465696,0.8589693858799095,0.6748308183364795,-0.048349966874809136,1.0515821998245665
2,30,easy,proportional,0.5602088740730345,-0.23158394520680964,0.514015366552824,0.8598621790849085,-0.2422160501322029,0.895687726573162,0.7455993117596336,-0.046193507520210564,1.1379037767053648
2,5,broad,proportional,0.5583414398074248,0.07052608249684025,0.5957555678440218,0.6662423018513928,0.14645157375950846,0.7823595691256634,0.5252294853471816,0.03741412803659705,0.6359079953661549
2,10,broad,proportional,0.6098800114028256,-0.008366065864773113,0.6061855583265686,0.8007354165264143,0.06540562546796774,0.870207726888349,0.6145516241913417,-0.0036944530762569316,0.8048021014203812
2,15,broad,proportional,0.6202155574005838,-0.03728873966958458,0.6022687753435677,0.8386726285186559,0.040999620249607016,0.8925878075184994,0.6395575150131523,-0.017946782057016053,0.8515881872688924
2,30,broad,proportional,0.6422952919081213,-0.03462021962169413,0.6253152185594966,0.8648031317013716,0.06695786904310158,0.9211232969975408,0.6599354381811907,-0.016980073348624725,0.8541654279544393
2,5,easy,additive,-0.018504241399435763,0.19885232939651082,0.2579998468821713,-0.055696112141106854,0.23628547645813383,0.2536687853107628,0.059147517485660495,0.27650408828160705,0.01738330885262898
2,10,easy,additive,-0.019646576559914534,0.17058387070677225,0.2863334151844156,-0.04930125234522149,0.18679312862089953,0.2795580236948432,0.11574954447764332,0.3059799917443301,0.0927648950739437
2,15,easy,additive,-0.031511410965255074,0.1781277548277212,0.30320512279705975,-0.052274122210421665,0.18761095109118092,0.2943192609810605,0.12507736796933855,0.3347165337623148,0.10670830988987956
2,30,easy,additive,-0.030296026139030645,0.19134962417872822,0.32847304957163287,-0.05506869092347827,0.19701362197185537,0.30079902339465314,0.13712342539290465,0.3587690757106635,0.10378540142279777
2,5,broad,additive,-0.040279645097499,0.2624417704184028,0.23688669767125545,-0.06137167494646265,0.28188277160327446,0.21777980401942534,-0.025555072747147328,0.27716634276875446,-0.06410296758384912
2,10,broad,additive,-0.04349354810790483,0.3172865040461472,0.3023953926733702,-0.06618042660169979,0.33493098939410004,0.2736989563075662,-0.014891111372777044,0.345888940781275,-0.061232033086533855
2,15,broad,additive,-0.036368821233039604,0.30953874121167524,0.31556609408732067,-0.05270121278077506,0.3109314385012156,0.2803026962769572,0.006027352875645431,0.35193491532036025,-0.030628742224258376
2,30,broad,additive,-0.03611399798353781,0.33158731154073173,0.32334549819423264,-0.05404590622641834,0.33305016640400414,0.2846479097396918,-0.008241813346499094,0.35945949617777045,-0.04840225666431236
2,5,easy,catch_up,-0.6371455985351208,0.6471560812907693,0.13837804058066952,-0.7607332337408222,0.751187620430577,0.10016070324102805,-0.5087780407100998,0.7755236391157903,-0.6510269171895489
2,10,easy,catch_up,-0.7117683422831009,0.7245460913225139,0.15187116540380288,-0.8037664196042055,0.7961916966577156,0.09964394786561871,-0.572674925918711,0.8636395076869038,-0.6965477487920969
2,15,easy,catch_up,-0.7323596571612148,0.7452020389928493,0.16451922698623414,-0.8173401097523572,0.8103801307931452,0.10192505501415945,-0.5806828120066152,0.8968788841474489,-0.7084550757789857
2,30,easy,catch_up,-0.7490992110923336,0.7661873553331577,0.22820625313093273,-0.8444960672616755,0.8434597280586182,0.13513578259012946,-0.537981102202225,0.9773054642232664,-0.7083239454684888
2,5,broad,catch_up,-0.520040268642595,0.6048727823142314,0.26374712508446985,-0.6796508417785213,0.6894907038165099,0.12952683338296178,-0.3411256572297615,0.7837873937270649,-0.5599638704335481
2,10,broad,catch_up,-0.668524457927017,0.7331322557128324,0.2876545049058746,-0.8047957608431084,0.8170195160109321,0.16191097783269254,-0.4454777508069578,0.9561789628328916,-0.6551085381782396
2,15,broad,catch_up,-0.6983246356070308,0.7592840801705527,0.2943317636849671,-0.8248092462343096,0.8401357994185364,0.16406285812977187,-0.4649523164855856,0.9926563992919979,-0.6760729412887646
2,30,broad,catch_up,-0.7266024566003052,0.8045307460636445,0.3731449807927764,-0.848197243532131,0.8746926556652954,0.2062142793858753,-0.4313857652708681,1.0997474373930816,-0.6684783762794201
3,5,easy,proportional,0.4608605063252461,-0.12905681483410864,0.4178138564904532,0.7474373168957644,-0.15903256631917467,0.7666643914166402,0.5468706713245619,-0.043046649834792894,0.925696957735815
3,10,easy,proportional,0.5008849146117196,-0.1587037448273113,0.45248300464029745,0.7988371808916338,-0.18916715788836047,0.8259116412794829,0.6111867494676088,-0.04840190997142213,1.0150787991678434
3,15,easy,proportional,0.5036792715859766,-0.17490386049385778,0.45626784902272155,0.8135750314950642,-0.1943715958358386,0.8484636157954769,0.6311717095165793,-0.047411422563255035,1.0428352116313155
3,30,easy,proportional,0.5487221079478567,-0.17976395203553527,0.49906770018666063,0.8521055564236037,-0.14088878046326844,0.8999502915978749,0.6788316522221959,-0.04965440776119606,1.0408390720611433
3,5,broad,proportional,0.5329808475159965,-0.07726642458781072,0.5039803989196647,0.7541841443428278,-0.0711824621870412,0.7949901558940096,0.5812468235074755,-0.029000448596331774,0.8661726180810507
3,10,broad,proportional,0.5840018889275846,-0.06827208548497012,0.5585255059362658,0.8104188283808068,-0.01761676822341443,0.8762434987461528,0.6267975914212359,-0.025476382991318824,0.8938602669695672
3,15,broad,proportional,0.6001763827459327,-0.08445026187709169,0.5664376596883534,0.833723648151031,-0.015483645284489285,0.8974365125675922,0.6508879215654451,-0.0337387230575793,0.9129201578520815
3,30,broad,proportional,0.6510014843240098,-0.020367306243204118,0.6288215688606325,0.8574544537912845,0.10642765242817397,0.923359239202449,0.6491888751038366,-0.022179915463377387,0.816931586774275
3,5,easy,additive,0.005785165425683576,0.11119879700567481,0.23239795048423972,0.03436425234549089,0.07864871718977816,0.2637399297844005,0.12119915347856491,0.22661278505855614,0.1850912125946223
3,10,easy,additive,-0.002455680679711653,0.15662624479831957,0.28872581498910965,0.019151998905424666,0.11162300027428541,0.3213413593530764,0.13209957019079008,0.2911814956688213,0.209718359078791
3,15,easy,additive,-0.0026794298229439544,0.15080548271383926,0.30296023056674665,0.021931419145282155,0.10757571785669183,0.33124055745817,0.1521547478529074,0.3056396603896906,0.22366483960147815
3,30,easy,additive,-1.8706315993636253e-4,0.21252196548417465,0.34841727433529557,0.026441935940863373,0.16114664596948705,0.36439362284491444,0.13589530885112092,0.34860433749523195,0.2032469768754274
3,5,broad,additive,0.0143258612237039,0.18520099389026573,0.27266215445859193,0.048790459326139485,0.1385172350277475,0.26591368906589885,0.0874611605683262,0.25833629323488805,0.12739645403815136
3,10,broad,additive,0.009497987185694057,0.28353516770634485,0.3373011566066595,0.031159022325181356,0.24464191850962375,0.3413973660351743,0.05376598890031464,0.32780316942096543,0.09675544752555054
3,15,broad,additive,0.01750810549375296,0.2900695720641399,0.35862892365215004,0.03915186238319667,0.24204622529091918,0.3594554762176876,0.06855935158801013,0.34112081815839707,0.1174092509267684
3,30,broad,additive,0.018561508115303063,0.35721129368106463,0.3644003392013281,0.0412197788241515,0.3041149936602094,0.36089365495678,0.0071890455202634485,0.34583883108602503,0.05677866129657061
3,5,easy,catch_up,-0.6216215841300461,0.6232213033178249,0.09385651706973498,-0.7128280830953496,0.7007717630107306,0.06361497721927298,-0.5293647862480899,0.7154781011997811,-0.6371567857914576
3,10,easy,catch_up,-0.6771403239516084,0.6886647628940885,0.1467437624746901,-0.7814955826349097,0.7734595715944091,0.10356688669313852,-0.5419210004193984,0.8238840864262985,-0.6698926849012706
3,15,easy,catch_up,-0.6817153648433598,0.6923370595962165,0.15756458833448872,-0.79292470293507,0.7829659295059104,0.11678318996005534,-0.5347724712617278,0.8392799531778485,-0.666182739545855
3,30,easy,catch_up,-0.7014322136554093,0.7277846229121778,0.24713249888289718,-0.8264914179178087,0.8325659695970368,0.1705163241586838,-0.48065212402928065,0.9485647125383065,-0.662049645438353
3,5,broad,catch_up,-0.5932415685963458,0.6241882742495579,0.189974800498236,-0.7135460953235713,0.7097275201006796,0.11127136657222465,-0.4342134737513219,0.7832163690945818,-0.5984561535284549
3,10,broad,catch_up,-0.6359894571283211,0.6899517657683429,0.2534910622832345,-0.7858453360381403,0.8044634035117489,0.16948322896724097,-0.43646070348510846,0.8894805194115556,-0.634980174544508
3,15,broad,catch_up,-0.6476876514050013,0.7088898040060282,0.282959011580342,-0.79842766688272,0.8205517556327118,0.19538152656443017,-0.4259307924256862,0.9306466629853433,-0.6251702290682816
3,30,broad,catch_up,-0.6560386675871299,0.7660680782310081,0.3763605151093808,-0.8176527997231721,0.8618694767043574,0.20363822665777023,-0.3897075631216273,1.0323991826965107,-0.6582312500465872
4,5,easy,proportional,0.5302490955243572,-0.03214527092407082,0.511226354550147,0.7251082875959115,0.03264100916405255,0.8002254775059615,0.5433716254742178,-0.019022740974210195,0.767584468341909
4,10,easy,proportional,0.5547413140356372,-0.0963978645633462,0.5172318019371129,0.8090738178576445,-0.06015286153162792,0.8495149876561113,0.6136296665004591,-0.03750951209852427,0.9096678491877392
4,15,easy,proportional,0.5755480993962229,-0.12474378986965637,0.5253003224994591,0.8457617237625115,-0.056780568877442365,0.8796147626836085,0.6500441123691155,-0.05024777689676374,0.9363953315610508
4,30,easy,proportional,0.6028392331803557,-0.18535958788108264,0.5444699568786654,0.8773073764547917,-0.10953033373759698,0.9113991938098546,0.729829544759748,-0.05836927630169031,1.0209295275474515
4,5,broad,proportional,0.5002972018395442,0.12169116030509904,0.5881313038267385,0.5380457017352864,0.14732591725103394,0.650838897180552,0.4664401435216395,0.08783410198719432,0.503512979929518
4,10,broad,proportional,0.6107610027441659,0.07866609276115494,0.6431222738846123,0.7426622417423434,0.13896892743282563,0.8326097902448323,0.5644561811234574,0.0323612711404464,0.6936408628120067
4,15,broad,proportional,0.6523691700300835,0.07764211609272988,0.6646393717134204,0.8078867606093222,0.1627415351117787,0.8778207613366187,0.5869972556206905,0.012270201683336812,0.71507922622484
4,30,broad,proportional,0.7010737803631178,0.12067550710750996,0.7011379306682369,0.8537267197073841,0.2529475105363228,0.9115871217330187,0.580462423560727,6.415030511908171e-5,0.6586396111966959
4,5,easy,additive,-0.018861246768409896,0.2413428353336962,0.27873920724841694,-0.026866196029619368,0.2410761423547679,0.27669120258750396,0.037396371914720755,0.29760045401682683,0.03561506023273606
4,10,easy,additive,0.002431597870453625,0.24094459766165957,0.32687991580929077,-0.012693375434632446,0.250685666897152,0.3066608072438637,0.0859353181476312,0.32444831793883716,0.055975140346711694
4,15,easy,additive,0.016018522824607966,0.23472751214687002,0.3440803497886765,0.0011086629324248097,0.24279372709308325,0.32269527804679204,0.1093528376418065,0.32806182696406855,0.0799015509537088
4,30,easy,additive,0.028974067294528505,0.24626759701832668,0.35550719753332916,0.011499150461532687,0.23798736429285763,0.32208092677168404,0.10923960051500248,0.32653313023880065,0.0840935624788264
4,5,broad,additive,0.022490903096178946,0.11770334403304536,0.16566274230972292,0.013743747826562347,0.1090037280485624,0.1454200793875337,0.047959398276677556,0.14317183921354398,0.03641635133897131
4,10,broad,additive,0.028735344274770883,0.23047158027536507,0.28209098770169205,0.01498867922607984,0.22147813049802745,0.2663213494078665,0.05161940742632698,0.2533556434269212,0.044843218909839055
4,15,broad,additive,0.03597973826013969,0.26387850174274446,0.3075551305333727,0.02463919796819535,0.2560931009843281,0.2899229646070176,0.043676628790628225,0.271575392273233,0.03382986362268953
4,30,broad,additive,0.033030312265128696,0.36362248729679403,0.32660017637401456,0.02334719858863282,0.33829435413855125,0.3070711710565249,-0.03702231092277947,0.29356986410888586,-0.031223183082026318
4,5,easy,catch_up,-0.6104845745720568,0.6361221440691144,0.17790264761753544,-0.7403179043874001,0.7305408936409208,0.11532849359903112,-0.45821949645157894,0.7883872221895922,-0.6152124000418897
4,10,easy,catch_up,-0.6795736129936172,0.7057020686999955,0.17638437617220556,-0.8049613389167352,0.8041611599848016,0.10836838204944502,-0.5293176925277899,0.8559579891658228,-0.6957927779353567
4,15,easy,catch_up,-0.7025763077482653,0.7367835643983676,0.20737266356813336,-0.825993094278209,0.8352859627604383,0.12485436555462975,-0.5294109008302342,0.9099489713163986,-0.7104315972058086
4,30,easy,catch_up,-0.7219849808668066,0.7664716460119446,0.26140944502547286,-0.8456241498286966,0.866274690170572,0.15161144679239819,-0.5050622009864718,0.9833944258922795,-0.7146632433781739
4,5,broad,catch_up,-0.429732720420873,0.5510555822400738,0.31993205755619997,-0.5141014838649685,0.5076077286976437,0.17360604639974428,-0.23112352468387382,0.749664777977073,-0.3340016822978994
4,10,broad,catch_up,-0.5767841995203212,0.6920389002585353,0.34218537122006054,-0.7181476470856074,0.7274860188206788,0.1848405558433013,-0.3498535290384748,0.9189695707403818,-0.5426454629773775
4,15,broad,catch_up,-0.6204901212461577,0.7472276117030192,0.3727655050093399,-0.7700804510926793,0.7925048235047697,0.19362472704050432,-0.3744621066936793,0.9932556262554976,-0.5988800964642653
4,30,broad,catch_up,-0.6507593619475749,0.8196201181566419,0.4228561743189335,-0.813057722465099,0.8616370438740022,0.2110469181009846,-0.3967639438377084,1.0736155362665083,-0.6505901257730176
5,5,easy,proportional,0.5784850082793819,-0.0856473360954736,0.5351350475505269,0.7634608789799481,-0.06135940029075109,0.7937548551201945,0.6207823836460005,-0.043349960728855,0.8551142554109455
5,10,easy,proportional,0.6044297976959496,-0.12991901602229322,0.5479682607178243,0.8224255593121692,-0.08382608601523397,0.8467223804451413,0.6778872767401176,-0.05646153697812528,0.9305484664603753
5,15,easy,proportional,0.6209057608675591,-0.15901292108250623,0.5574624454220147,0.8474519436805901,-0.09136433319204594,0.8744610868061211,0.7164753665045209,-0.06344331544554438,0.9658254199981671
5,30,easy,proportional,0.6302722966546023,-0.1650630096271091,0.5722559084975058,0.8671000677852393,-0.09967964324185097,0.9026263519190764,0.7373189181246149,-0.05801638815709642,1.0023059951609272
5,5,broad,proportional,0.593113506688546,0.09938059251465897,0.6350941943522121,0.6535680941298405,0.1531222655851507,0.7541894979250091,0.5357136018375532,0.04198068766366614,0.6010672323398584
5,10,broad,proportional,0.6710732519205141,0.07299025660715698,0.6771287860008569,0.7608479308360464,0.20338532877323018,0.8636784143783092,0.6041385293936999,0.0060555340803427615,0.660293085605079
5,15,broad,proportional,0.7023137268379506,0.06449996984525087,0.6882510867532962,0.8053352797826936,0.20377831993043197,0.8859535591706855,0.6237511169080453,-0.01406264008465441,0.6821752392402536
5,30,broad,proportional,0.7232015812164865,0.10650554149076369,0.7198307101889039,0.8460598293467977,0.2496822168193393,0.9229360567195486,0.6133251686981402,-0.0033708710275826004,0.6732538399002093
5,5,easy,additive,-0.005799825593572926,0.1904413262428181,0.24939027705902048,-0.01932284724016617,0.1928958527846723,0.25415891533355145,0.05894895081620238,0.2551901026525934,0.061263062548879144
5,10,easy,additive,-0.031558168605546943,0.23943266035965985,0.2898892183465277,-0.026905813021075496,0.2279453531271017,0.2763246322202576,0.05045655798686785,0.32144738695207464,0.0483792790931559
5,15,easy,additive,-0.028231435626633765,0.24614661773769492,0.30618787282413557,-0.019147547337185593,0.23758109405327077,0.2983345299662946,0.06004125508644065,0.33441930845076934,0.060753435913023845
5,30,easy,additive,-0.031293217663364854,0.2716283330369572,0.33504284853151167,-0.023108044836921464,0.2546632493577474,0.3057460454510999,0.06341451549455446,0.3663360661948765,0.05108279609335248
5,5,broad,additive,0.014417369677163755,0.18696245650785168,0.21081847101370146,0.015747129397807754,0.1604769555867251,0.18993257921057216,0.023856014505849787,0.1964011013365377,0.02945562362384707
5,10,broad,additive,-0.009399129446371507,0.30764565765773016,0.2782500288624863,-0.015578201803459068,0.27403287728714426,0.25468682745981147,-0.029395628795243878,0.2876491583088578,-0.01934604982733279
5,15,broad,additive,-0.012314697081772626,0.3579950166794435,0.2973015711596794,-0.012163924218988502,0.32201346593412866,0.27429486200218756,-0.06069344551976408,0.30961626824145205,-0.047718603931941106
5,30,broad,additive,-0.019410203347435952,0.43471628493853703,0.32400512193403214,-0.015178008979350958,0.3890433048200534,0.2991338690391555,-0.1107111630045049,0.34341532528146806,-0.08990943578089788
5,5,easy,catch_up,-0.6079319837330713,0.6321008389788161,0.15134615364944337,-0.7528575607061804,0.7469485065766993,0.08869714401021944,-0.4807546853293727,0.7592781373825147,-0.6582513625664799
5,10,easy,catch_up,-0.6954157216910041,0.7177334173127834,0.18292024031539947,-0.8138503835750414,0.8138014372404786,0.1188494769893182,-0.534813176997384,0.8783359620064035,-0.69495196025116035
5,15,easy,catch_up,-0.7152471791644911,0.7391527575859937,0.21004251226172918,-0.8296582768435052,0.8321987408966289,0.14608086556170266,-0.5291102453242645,0.9252896914262203,-0.6861178753349263
5,30,easy,catch_up,-0.7290412605154402,0.7598919544159176,0.25164096053488594,-0.8497572612984549,0.8598564083065211,0.17035257094953846,-0.5082509938810317,0.9806822210503261,-0.6895038373569826
5,5,broad,catch_up,-0.46899482440509793,0.5770087273827722,0.2771319552547884,-0.6212564331700643,0.6264162920099741,0.14165062963659408,-0.2998767721279838,0.7461267796598863,-0.48476566237338
5,10,broad,catch_up,-0.5826604988351644,0.6953387041054425,0.317226683906986,-0.7513765517094005,0.7865674528611252,0.18807010479736988,-0.3781120201984565,0.8998871827421504,-0.5984973480637553
5,15,broad,catch_up,-0.6175485067463392,0.7371533168860368,0.3568273267405439,-0.7919844242763768,0.8350826620379028,0.22032709048436214,-0.3803259901454929,0.9743758334868831,-0.6147555715535407
5,30,broad,catch_up,-0.6496065472962352,0.792586068935669,0.41279890710593503,-0.825503676442235,0.8780801666283002,0.2475950920072688,-0.37978716182973393,1.0624054544021702,-0.6304850746210314
6,5,easy,proportional,0.3819622235681073,-0.12734356257189386,0.3405913731542217,0.7257996367749253,-0.20565891070864292,0.7233018347206559,0.46793493572611555,-0.04137085041388555,0.9289607454292989
6,10,easy,proportional,0.4127044398042015,-0.16838918660549174,0.3636470279522194,0.7853294763837643,-0.25306955191052144,0.7788193548221044,0.5320362145577111,-0.04905741185198209,1.0318889067326258
6,15,easy,proportional,0.45462001651394324,-0.18191595797779492,0.4069779788382447,0.8385346458025291,-0.24878553386856295,0.8399431333661378,0.5888939368160396,-0.04764203767569852,1.0887286672347007
6,30,easy,proportional,0.5054951617018415,-0.20997412145354954,0.4578695488371414,0.8746589871395746,-0.24860361817086843,0.9015839089623299,0.6678436702906909,-0.04762561286470007,1.1501875271331983
6,5,broad,proportional,0.4357651513773238,-0.10666058659490998,0.3949395440962429,0.7478078743787054,-0.12598225229146576,0.7673606642666753,0.5016001306911528,-0.04082560728108092,0.893342916558141
6,10,broad,proportional,0.48323680864649626,-0.14806735822772416,0.4349593750553086,0.8250225084985506,-0.1701986970163962,0.8430962916564233,0.5830267332830328,-0.04827743359118769,1.0132949886728195
6,15,broad,proportional,0.5260822983584492,-0.10811422627725358,0.4922050561371842,0.8454782790708474,-0.08576632921858626,0.8836183074620342,0.6003192824144378,-0.033877242221265036,0.9693846366806205
6,30,broad,proportional,0.5709873337437883,-0.03560737599413733,0.5584323841215406,0.8723042608374354,0.029092952373017678,0.9267478724737642,0.5940397601156779,-0.01255494962224768,0.8976549201007465
6,5,easy,additive,0.046338262712633006,0.022346608267077153,0.20409565604473642,0.020348182573788322,0.04105606620814646,0.23229499118336774,0.18174904777765927,0.15775739333210342,0.19123892497522127
6,10,easy,additive,0.0355043463095138,0.04098213358549048,0.24815556802054778,0.02079871432822515,0.04838662941418161,0.276248615551467,0.2071734344350573,0.21265122171103398,0.2278619861372854
6,15,easy,additive,0.043524078389229934,0.06458532333582369,0.2958168729758518,0.024923958591554888,0.0766872270665739,0.2914410374916349,0.23123154964002812,0.25229279458662185,0.21475381042506103
6,30,easy,additive,0.037472388276966785,0.11775732635596106,0.33786126758822826,0.005729823260955623,0.12610874344210826,0.3032573972976318,0.2201039412322672,0.30038887931126146,0.17714865385552353
6,5,broad,additive,0.048334012393598705,0.07745783081540827,0.2474676956758563,0.03110940159838562,0.09281001772960631,0.2556206476533251,0.17000986486044803,0.1991336832822576,0.16281062992371878
6,10,broad,additive,0.0364808949703941,0.10380743047127353,0.28111294976814233,0.030347011064187426,0.10478111553876784,0.2693502260569689,0.1773055192968688,0.24463205479774824,0.16456911051820106
6,15,broad,additive,0.029204181204235746,0.16537579485798787,0.30751791977730825,0.008631529904177199,0.17659672336931162,0.27757872541665807,0.14214212491932038,0.2783137385730725,0.10098200204734645
6,30,broad,additive,0.02325658518293365,0.23504863898467573,0.3350995409205934,0.0023595102139209773,0.23917124906379023,0.3059092658598275,0.10005090193591767,0.31184295573765974,0.06673801679603725
6,5,easy,catch_up,-0.5857393294053387,0.5890224865620967,0.06116244033163118,-0.6782943377787218,0.6712072598580691,0.035502540973076334,-0.5278600462304655,0.6469017697369699,-0.6357047188849927
6,10,easy,catch_up,-0.6494353790371008,0.6533877753632847,0.09384663929347682,-0.7408671233993833,0.7318628404966144,0.06765435798240703,-0.5595411360698079,0.7432820183305776,-0.6642084825142074
6,15,easy,catch_up,-0.6820391271474981,0.6899687295584545,0.11629112050773173,-0.79595069245664,0.7935642451797966,0.07926324249498488,-0.5736776090507227,0.7983302476552299,-0.7143010026848118
6,30,easy,catch_up,-0.7259102534141775,0.7443259648545029,0.2101802105631051,-0.8446694547461203,0.846291606449709,0.12498632266151373,-0.5341457542913978,0.9360904639772826,-0.7213052837881953
6,5,broad,catch_up,-0.6044535589417566,0.6133267704777493,0.11986616173285815,-0.6898762052387247,0.6848055412971322,0.08956514381073051,-0.49346060874489117,0.7243197206746147,-0.5952403974864017
6,10,broad,catch_up,-0.6846865919081442,0.7004482098259645,0.16575858576896768,-0.7710668502147247,0.7652525044934206,0.10973154351088826,-0.5346896240569967,0.8504451776771118,-0.6555209609825323
6,15,broad,catch_up,-0.6983977312362399,0.7312287168520174,0.23257771367991387,-0.8139590154562729,0.8147612900951722,0.14492182745932877,-0.49865100317210354,0.9309754449161538,-0.6698394626358434
6,30,broad,catch_up,-0.7275259590237003,0.7917090112268277,0.37098008504300456,-0.8441208780786293,0.8585852528799971,0.21625055853032704,-0.4207289261838231,1.098506044066705,-0.64233469434967
7,5,easy,proportional,0.43753804022759446,-0.046823178841845475,0.4173878738869115,0.740393299459839,-4.2648930410040756e-4,0.7904149258526371,0.46421105272875696,-0.02015016634068295,0.7908414151567374
7,10,easy,proportional,0.4952498873237538,-0.08372686742077246,0.45452066290017984,0.8176556089606674,-0.034589942614203464,0.859598596735506,0.5382475303209523,-0.04072922442357396,0.8941885393497094
7,15,easy,proportional,0.4897129307213124,-0.12751716310819283,0.44582356225574443,0.8399540491417289,-0.12555623748351408,0.876347790585916,0.5733407253639373,-0.04388936846556796,1.00190402806943
7,30,easy,proportional,0.47716771465378877,-0.19592003084601586,0.429462274641972,0.8617067710271854,-0.21897366503318785,0.8936454290210318,0.6253823054879879,-0.04770544001181676,1.1126190940542198
7,5,broad,proportional,0.4868247367003491,0.025553936786556708,0.5024605691381662,0.6837966933304555,0.11297166460153234,0.8001158653494709,0.47690663235160946,0.015635832437817077,0.6871442007479386
7,10,broad,proportional,0.5573285341443278,0.03986301471295017,0.562187088412389,0.7700558277489139,0.14882086391187452,0.8650339540921123,0.5223240736994388,0.004858554268061144,0.7162130901802377
7,15,broad,proportional,0.5668004731555575,-0.003947795754135541,0.5533303847056642,0.8247068627182654,0.10437140480989113,0.898894485493459,0.5572781804597997,-0.01347008844989328,0.7945230806835678
7,30,broad,proportional,0.5649712580910297,-0.061268309621172634,0.5355285630216859,0.8678314302042596,0.05091979054924262,0.9253090764955433,0.5967968726428585,-0.029442695069343716,0.8743892859463006
7,5,easy,additive,-0.038657165958313366,0.18585176418009436,0.2328594333287147,-0.042623918949176956,0.18631959149871571,0.22625583923839512,0.04700766914862034,0.2715165992870281,0.03993624773967941
7,10,easy,additive,-0.01972764153949287,0.23021096363601468,0.3064349830865156,-0.03358155486359432,0.23478687795985367,0.30600779290669144,0.07622401945050095,0.3261626246260085,0.07122091494683777
7,15,easy,additive,-0.015416533489250725,0.21269863513280712,0.32222426172846264,-0.0254879534801279,0.2053762415848933,0.31398165287043767,0.10952562659565551,0.33764079521771334,0.10860541128554438
7,30,easy,additive,-0.018090435500671943,0.1928876696016514,0.333145728164794,-0.024971908401348598,0.17767474610265632,0.32349566106957434,0.14025805856314258,0.35123616366546595,0.145820914966918
7,5,broad,additive,-0.01988906931046615,0.23353742078018866,0.26674796459777655,-0.027197875120827705,0.2297717189385826,0.25108487544116836,0.033210543817587895,0.2866370339082427,0.02131315650258578
7,10,broad,additive,-0.006648840299079658,0.31337662403577865,0.32839132302672364,-0.014994540098325211,0.3127679600499446,0.3159639797669907,0.015014698990944986,0.3350401633258033,0.0031960197170460836
7,15,broad,additive,-0.007428400072545234,0.3413445546699955,0.35349528783386813,-0.015334273076455766,0.33780012955518196,0.33208838791555717,0.012150733163872607,0.3609236879064134,-0.00571174163962479
7,30,broad,additive,-0.01504991227901086,0.34756213005240355,0.37408543102744574,-0.01984449954788142,0.33406866381757394,0.3518726272313305,0.026523300975042186,0.3891353433064566,0.017803963413756563
7,5,easy,catch_up,-0.6528439438460514,0.6687004187893413,0.14072394463156818,-0.734605431612218,0.7300480215114439,0.09342761158759155,-0.527976474157773,0.7935678884776196,-0.6366204099238524
7,10,easy,catch_up,-0.6961060355313239,0.7247461415685641,0.22190901227234927,-0.804698711701732,0.8102285815480762,0.17011553986075584,-0.5028371292962148,0.9180150478036732,-0.6401130416873204
7,15,easy,catch_up,-0.7183996103861175,0.7403171263348542,0.2266472551453186,-0.819676664629867,0.8215948226113563,0.16058362340824955,-0.5136698711895357,0.9450468655314361,-0.6610111992031067
7,30,easy,catch_up,-0.735697654571698,0.7557288352530405,0.2361346930652889,-0.83654023308089,0.8418962126788705,0.16083986432366942,-0.5195941421877516,0.9718323476369869,-0.681056348355201
7,5,broad,catch_up,-0.5569000137136206,0.6057760281797361,0.25819690142525153,-0.6738001937104691,0.6623134506751119,0.15954677431073058,-0.34757912675448455,0.8150969151388722,-0.5027666763643813
7,10,broad,catch_up,-0.6051274784605446,0.7068162868741878,0.3662790273448599,-0.7512989530831139,0.7709972709649975,0.23169188582159828,-0.34053725952932795,0.9714065058054044,-0.5393053851433992
7,15,broad,catch_up,-0.6591321757060604,0.7498815278217624,0.3694202153334084,-0.8053512052659537,0.8307390318964007,0.2345850277945283,-0.380461312488354,1.0285523910394687,-0.5961540041018725
7,30,broad,catch_up,-0.7176958399247513,0.7935414777164279,0.38847955429230435,-0.8419354222529865,0.8690526484484951,0.24991092044476215,-0.40506192342412356,1.1061753942170556,-0.6191417280037329
8,5,easy,proportional,0.5364824134322093,-0.09542053928789947,0.49066723892409936,0.7937779764792746,-0.08662439669861002,0.8148911834088077,0.5860877782119989,-0.0458151745081099,0.9015155801074177
8,10,easy,proportional,0.5691873556580626,-0.12257213929046744,0.5156880428403107,0.8466435699893713,-0.1179453227544161,0.8666229668862796,0.6382601821307781,-0.05349931281775189,0.9845682896406958
8,15,easy,proportional,0.5904796629848725,-0.14246588482665246,0.5363041213590325,0.8682518063540273,-0.12722383007694482,0.8892494065191788,0.678770006185685,-0.05417554162584004,1.0164732365961235
8,30,easy,proportional,0.5847841342950618,-0.20594272030882585,0.5355033144377922,0.8907909263616883,-0.18509789499438298,0.9106155914736166,0.7414460347466181,-0.04928081985726962,1.0957134864679996
8,5,broad,proportional,0.5661274213926805,0.045676265193239834,0.5876113470836499,0.7175200043216067,0.0829235261180241,0.7970794294814258,0.5419350818904101,0.021483925690969463,0.7141559033634017
8,10,broad,proportional,0.6365181033096304,0.04402413608028776,0.6339942739159475,0.8035340489069493,0.13998629915702906,0.8781243372769711,0.5899701378356598,-0.002523829393682897,0.738138038119942
8,15,broad,proportional,0.6601645828469829,0.08741088567905114,0.6683803203072811,0.8238353502515826,0.19721761614593117,0.8994017372308449,0.5809694346282299,0.008215737460298245,0.7021841210849138
8,30,broad,proportional,0.6678221877875022,0.06187300046285255,0.6651517383833105,0.8765759204621895,0.1957108216477992,0.9317128581499738,0.6032787379204579,-0.0026704494041916993,0.7360020365021747
8,5,easy,additive,0.034979577384206366,0.13622697825691898,0.2612741273988596,0.052486950071684156,0.10904682538203068,0.270116694360585,0.1250471491419406,0.2262945500146532,0.1610698689785543
8,10,easy,additive,0.033947718730441716,0.16075954653213503,0.2933987104734494,0.05162532785399316,0.11267805926575535,0.29367588058858124,0.13263916394131436,0.2594509917430077,0.18099782132282588
8,15,easy,additive,0.03471746447344845,0.19943661129016285,0.33242067405719933,0.05334072258418908,0.14827624852433252,0.32604419867626605,0.13298406276703648,0.29770320958375085,0.17776795015193353
8,30,easy,additive,0.01485455139553698,0.20591883037578362,0.34696700157530985,0.045219867144603645,0.14026923427646532,0.33028926906682005,0.14104817119952623,0.33211245017977287,0.19002003479035473
8,5,broad,additive,0.04008464856310134,0.17059785412665524,0.24418655222196628,0.05208176145205415,0.1484119906946371,0.23465417347318135,0.07358869809531104,0.20410190365886494,0.08624218277854426
8,10,broad,additive,0.03317731590250127,0.2531579038944035,0.2923079131629006,0.056365804932859094,0.1997643445861503,0.2819237360831032,0.0391500092684971,0.25913059726039933,0.08215939149695292
8,15,broad,additive,0.027687690225568985,0.30814844539805836,0.3189051813367896,0.046970029887857305,0.2705827764284077,0.31291216970267605,0.010756735938731221,0.2912174911112206,0.04232939327426832
8,30,broad,additive,0.013572909070285553,0.3525313834054156,0.34868292344606283,0.03689543511156452,0.3084512461904834,0.34218745094701436,-0.00384845995935279,0.33511001437577725,0.03373620475653094
8,5,easy,catch_up,-0.6457164271179937,0.6611136244776513,0.12796140896196231,-0.7581463841771323,0.7458454517573457,0.05326569206949635,-0.533152215515689,0.773677836079956,-0.69257975968784935
8,10,easy,catch_up,-0.6958735319479551,0.7200085991932125,0.1758538648725516,-0.8123739021602377,0.8020021970127491,0.08019031563292726,-0.5441547343206609,0.8717273968205067,-0.7218118813798219
8,15,easy,catch_up,-0.7096934048065527,0.73985145757705,0.221131146135906,-0.8284276565641505,0.8258177050044321,0.12008546777077685,-0.5187203114411439,0.9308245509424588,-0.7057322372336552
8,30,easy,catch_up,-0.7496733486200337,0.7784028714841033,0.24828798634549262,-0.8560298600683605,0.8581063793443519,0.1391838255199619,-0.5301148851386106,0.9979613349655263,-0.71892255382439
8,5,broad,catch_up,-0.5514166798962825,0.6202664775415863,0.2622767669848085,-0.6888205293702488,0.6710737962633292,0.12710860279559177,-0.35798971055677775,0.813693446881091,-0.5439651934677374
8,10,broad,catch_up,-0.6226806333037088,0.7223998812267332,0.32685807373847514,-0.7755567377465875,0.7811535662994405,0.1721963821093675,-0.395541807488258,0.9495387070421839,-0.608957184190073
8,15,broad,catch_up,-0.6407254095917565,0.7672997862020693,0.37458975891629276,-0.7948382670600157,0.8067534833042536,0.19212610928409557,-0.39271002728577653,1.0153151685080493,-0.614627374020158
8,30,broad,catch_up,-0.7114552304839868,0.8244267373138573,0.39608867416650373,-0.8524120701388225,0.8735292788558328,0.1996859635852386,-0.42833806314735356,1.1075439046504907,-0.6738433152705942
9,5,easy,proportional,0.3790114813670157,-0.1520419904665654,0.32562845458138107,0.711443248980836,-0.22286708040455983,0.6808562957779334,0.4776704450479465,-0.05338302678563461,0.9037233761824932
9,10,easy,proportional,0.4794877793739985,-0.16565358779004158,0.42699301339785745,0.8243020865778897,-0.20961901015453027,0.8262463751102238,0.592646601187899,-0.052494765976141056,1.0358653852647541
9,15,easy,proportional,0.5108129828530608,-0.17374467403004612,0.45813454941378934,0.8498262576217434,-0.22295361358453478,0.8645836480762199,0.6318792234438355,-0.05267843343927142,1.0875372616607546
9,30,easy,proportional,0.5102447784213107,-0.2606420325665392,0.456399725700253,0.869423855625355,-0.3454457111887294,0.8919627809212117,0.7170417582667922,-0.05384505272105766,1.237408492109941
9,5,broad,proportional,0.4379787904262611,-0.13370736388524077,0.3931905213282949,0.757676145576569,-0.1645458333036347,0.7650581749178842,0.5268978852135356,-0.04478826909796618,0.9296040082215189
9,10,broad,proportional,0.5492493230676683,-0.0658376952858569,0.5209589309385178,0.8159690062879438,-0.025181975548837065,0.8667457084717616,0.5867966262243747,-0.02829039212915052,0.8919276840205986
9,15,broad,proportional,0.5830840165327719,-0.04868509984098934,0.5567065702459506,0.84415242607264,0.015646020676591606,0.8905547069874772,0.60539167008694,-0.02637744628682126,0.8749086863108856
9,30,broad,proportional,0.5891509127614206,-0.12104947518354008,0.5580820672716357,0.8742307599356517,-0.06772002285352667,0.9185598738292877,0.6791315424551757,-0.031068845489784946,0.9862798966828143
9,5,easy,additive,0.017434710870158857,0.03166076996134471,0.18264857832895248,0.009825055621519072,0.0350927470647598,0.21247541541925702,0.15098780836760778,0.16521386745879363,0.17738266835449723
9,10,easy,additive,0.03501689004397781,0.10132673838755393,0.3141119386628151,0.03631922965515951,0.08510146183681745,0.3329408611240322,0.21278520027526118,0.2790950486188373,0.24783939928721477
9,15,easy,additive,0.039191471135954704,0.12547523519717954,0.33570210898205005,0.03022123734991013,0.11229759911793481,0.3242987477485029,0.2102268737848705,0.2965106378460953,0.21200114863056813
9,30,easy,additive,0.03623789531727389,0.11166908603787719,0.3450380725854935,0.024957506832884304,0.10114750052585245,0.3234055604729125,0.23336898654761634,0.3088001772682196,0.22225805994706008
9,5,broad,additive,0.023613916485770527,0.0875835239556591,0.25917283767774,0.02744036534358235,0.07790333632085915,0.2786819144992283,0.17158931372208092,0.2355589211919695,0.20077857817836914
9,10,broad,additive,0.02943716741769806,0.18635900058495353,0.2946536080141168,0.017509469842224026,0.18122699548898752,0.2695375095422173,0.10829460742916325,0.2652164405964187,0.08831051405322976
9,15,broad,additive,0.02669937734817483,0.22873730712507864,0.31117911031069256,0.016754358820857365,0.2248444895300294,0.2800793127085709,0.08244180318561392,0.2844797329625177,0.0552348231785415
9,30,broad,additive,0.02282033159559659,0.23999736689163614,0.33898330782109837,0.011714675974861729,0.22101680360765505,0.30105839268815726,0.09898594092946222,0.31616297622550177,0.08004158908050221
9,5,easy,catch_up,-0.6278445225538051,0.6292187125828131,0.04582541417192274,-0.6819421181293158,0.6798884373681535,0.038463433153607146,-0.5833932984108904,0.6736699367257278,-0.6414250042145464
9,10,easy,catch_up,-0.6880431492168909,0.6968335743076305,0.12156576022215536,-0.7799977966969668,0.7744744068388651,0.08266240897690434,-0.5752678140854751,0.8096089094390463,-0.6918119978619608
9,15,easy,catch_up,-0.7043477697255119,0.7195168424548047,0.17183237751555763,-0.8109476598062623,0.8015751775659137,0.10230432152357063,-0.5476844649392472,0.8761801472410695,-0.6992708560423431
9,30,easy,catch_up,-0.7225104545382743,0.7378668181127828,0.20538080871998238,-0.833658585288115,0.8303842363394136,0.10256288962133421,-0.5324860093928003,0.9278912632582568,-0.7278213467180794
9,5,broad,catch_up,-0.6576833008225982,0.6627437297893651,0.07627893419160552,-0.7159306459384409,0.7072515486993346,0.03540782806831917,-0.5864647955977597,0.7339622350142037,-0.6718437206310154
9,10,broad,catch_up,-0.6722176218029924,0.7127178609962087,0.22126299482844908,-0.7858850432336945,0.7715791913778751,0.09724135205212175,-0.49145486616775963,0.8934806166314415,-0.6743378393257533
9,15,broad,catch_up,-0.6881125492103192,0.7501148127151743,0.2732925754027043,-0.8166235200514436,0.8110037405286644,0.11617830613713673,-0.47682223731247003,0.9614051246130235,-0.6948254343915277
9,30,broad,catch_up,-0.721869897553864,0.7855480275768646,0.31484603275007317,-0.8510790778992555,0.8559759541932384,0.13655464065193743,-0.4707019948267914,1.036715930303937,-0.7194213135413009
10,5,easy,proportional,0.5517766011850654,-0.06786834311658996,0.5237282429677241,0.767956550962107,-0.026037382103985887,0.831771319760008,0.5915965860843141,-0.028048358217341307,0.8578087018639938
10,10,easy,proportional,0.571625649996015,-0.10899213324901581,0.5305370613548026,0.8277797677030276,-0.05570892994737024,0.8711270108627813,0.6395291946038184,-0.04108858864121234,0.9268359408101515
10,15,easy,proportional,0.5954476747566234,-0.1290804424983971,0.5479859259388721,0.8504649319916129,-0.06838029585671865,0.896810057673785,0.6770663684372692,-0.04746174881775134,0.9651903535305036
10,30,easy,proportional,0.5856626773337774,-0.227683645379284,0.5281116180099332,0.8841554004152224,-0.20083580358401446,0.912501601259982,0.7557952633892172,-0.05755105932384419,1.1133374048439966
10,5,broad,proportional,0.5598388025133021,0.09712975160416445,0.6086961787687413,0.6235061870918446,0.15311162431786357,0.7350335806726471,0.5115664271645768,0.04885737625543918,0.5819219563547835
10,10,broad,proportional,0.6168415255978604,0.09612350891216416,0.6460868115076477,0.7602342205874867,0.15902916212803422,0.8334613465954432,0.5499633025954835,0.029245285909787255,0.674432184467409
10,15,broad,proportional,0.6687321401783454,0.10613158978487236,0.6849824656991,0.7968315335318826,0.2008261505554653,0.8807706478962307,0.5788508759142277,0.01625032552075467,0.6799444973407655
10,30,broad,proportional,0.6788016331280012,0.013851785481497954,0.6634556492095075,0.8788444396377768,0.1330521534671341,0.9287409532249048,0.6496038637280096,-0.015345983918493733,0.7956887997577707
10,5,easy,additive,0.019232614066097397,0.208827565538563,0.2953136454323811,0.004991943696042753,0.2061010971865435,0.2964728683647474,0.0864860798938181,0.2760810313662837,0.09037177117820389
10,10,easy,additive,0.023219226121639666,0.21285798796507593,0.3198543359691259,0.009610802989683104,0.2153740191513122,0.3013454172110338,0.10699634800404995,0.2966351098474862,0.0859713980597216
10,15,easy,additive,0.015888440449730645,0.2541857679200102,0.34970217927670977,0.003539276556794758,0.25465759737208526,0.3175103057364279,0.09551641135669958,0.3338137388269791,0.06285270836434265
10,30,easy,additive,0.03615888877637301,0.18506424445016784,0.3581190831609351,0.01797750948726956,0.17221911822978664,0.31612013691974733,0.17305483871076727,0.3219601943845621,0.1439010186899607
10,5,broad,additive,0.024498118539140305,0.19160835967162762,0.23352458482784566,0.020372381845083196,0.1820679989231717,0.21708069861509668,0.04191622515621804,0.20902646628870536,0.035012699691925
10,10,broad,additive,0.018589987284273107,0.24500372886975066,0.27419620108772774,0.015560775670445658,0.23193663671077014,0.2619831098958188,0.029192472217977078,0.2556062138034546,0.03004647318504866
10,15,broad,additive,0.0233647249465758,0.32463842724210396,0.3153391672222502,0.024857935316051266,0.2842455888798101,0.2906528650685185,-0.009299260019853761,0.2919744422756744,0.0064072761887083995
10,30,broad,additive,0.04130189872446322,0.3366365262705666,0.3494016494256854,0.033442121708848666,0.31958294489753303,0.3210895265348575,0.012765123155118796,0.3080997507012222,0.0015065816373244778
10,5,easy,catch_up,-0.6268058857781961,0.6514388453061393,0.16608643862238867,-0.760572125362726,0.7609460905647012,0.10794877201674354,-0.48535240668375057,0.7928923244005848,-0.6529973185479576
10,10,easy,catch_up,-0.6874195060094304,0.7178756327338435,0.16444357163215467,-0.8089476344511854,0.8149109685552748,0.08119194547254144,-0.5534320611016887,0.851863077641585,-0.7337190230827333
10,15,easy,catch_up,-0.7210614361567229,0.7589296249375272,0.1965362439109549,-0.8403731572861096,0.8506747476102994,0.10943497927360343,-0.5623933810265723,0.9175976800676778,-0.7412397683366959
10,30,easy,catch_up,-0.7426549100807346,0.7729300923884237,0.20858578114021495,-0.8587390296134659,0.8682960824410492,0.1090097542001856,-0.5643443112482087,0.9512406912209496,-0.7592863282408635
10,5,broad,catch_up,-0.47410462614984666,0.5786068442787615,0.27633122148208417,-0.6018697529397127,0.5901369766016373,0.1335731912662394,-0.30227562279667736,0.7504358476319308,-0.45656378533539793
10,10,broad,catch_up,-0.5984829001532249,0.7043690710676048,0.3126974302515406,-0.7320714606475913,0.7250249290405463,0.1512910179666228,-0.3916716408160642,0.9111803304047655,-0.5737339110739235
10,15,broad,catch_up,-0.617313697190219,0.760761289743217,0.36337915359407696,-0.7671673074162431,0.7969992677007721,0.18290943707914342,-0.39738213614914003,0.980692850784296,-0.6140898306216287
10,30,broad,catch_up,-0.6868337448008948,0.8080604647255683,0.37072673481864843,-0.8410863069070879,0.8829226332301565,0.18471873034371103,-0.4373337299069198,1.0575604796195432,-0.6982039028864455
11,5,easy,proportional,0.5572221558391989,-0.079578715934912,0.5221434806902683,0.7968864501529189,-0.05452519864559705,0.8270838961979229,0.6017221966251802,-0.035078675148930594,0.8816090948435199
11,10,easy,proportional,0.5933571790541328,-0.12441244405758614,0.5549299382136299,0.8409648377488712,-0.1051477955963855,0.8708058691841926,0.679342382271216,-0.03842724084050286,0.9759536647805781
11,15,easy,proportional,0.6029377305423083,-0.14239550582268845,0.5621558804576482,0.8510691279328566,-0.09303674458719155,0.8911386560186568,0.7045513862803366,-0.040781850084660065,0.9841754006058484
11,30,easy,proportional,0.602333500363856,-0.19079347821883078,0.5597192334611325,0.8739368332779232,-0.1551235518802206,0.9133956471754392,0.7505127116799633,-0.04261426690272352,1.0685191990556597
11,5,broad,proportional,0.5946235475717229,0.0516398994370858,0.6128126021739025,0.7047701007961021,0.12889295652689092,0.8113257830162485,0.5611727027368167,0.018189054602179677,0.6824328264893575
11,10,broad,proportional,0.6637316439521642,0.0613826447457608,0.6641400322878952,0.7851901792687677,0.1606243384364837,0.868808371305595,0.6027573875421344,4.083883357309803e-4,0.7081840328691112
11,15,broad,proportional,0.6785883245707659,0.0726558650193739,0.6768253053662691,0.8067868085976102,0.19915794121959604,0.8930099157414271,0.6041694403468951,-0.0017630192044968407,0.693851974521831
11,30,broad,proportional,0.6908025409177662,0.05918289697648292,0.6833515920029405,0.863943285611861,0.19275721354961245,0.9292732907849254,0.6241686950264576,-0.0074509489148256725,0.736516077235313
11,5,easy,additive,0.019074739528087383,0.15699452909502712,0.2586012330868854,-0.006441522591254701,0.1870496513214727,0.24901814982581574,0.10160670399185825,0.239526493558798,0.06196849850434305
11,10,easy,additive,0.016244347374934947,0.1864427331862768,0.29937921682374063,-0.010560463728534041,0.21409371785948092,0.26360762767410695,0.11293648363746384,0.28313486944880567,0.04951390981462603
11,15,easy,additive,0.005684356896354777,0.2177284874975937,0.3240364054635617,-0.02220180449346082,0.2306629225615701,0.28071406086863065,0.10630791796596803,0.31835204856720695,0.050051138307060566
11,30,easy,additive,-0.010288760508549662,0.22972858489456793,0.34709715421694703,-0.0345885650192115,0.232599478266202,0.30259486134807606,0.1173685693223791,0.3573859147254967,0.06999538308187406
11,5,broad,additive,0.012633772823093031,0.23106850536618218,0.25746618405478505,-0.009725345821593732,0.22776844615428143,0.22820835851607513,0.026397678688602877,0.24483241123169203,4.3991236179369286e-4
11,10,broad,additive,0.017872264111168847,0.32339738717875727,0.303675284500509,0.006368481364406936,0.3167666900872905,0.26906182261585515,-0.019722102678248254,0.2858030203893402,-0.047704867471435375
11,15,broad,additive,-0.006373526734168644,0.37794114853113586,0.30858720894823816,-0.015075094141525459,0.3551396505542861,0.2709489344398449,-0.0693539395828977,0.3149607356824068,-0.08419071611444118
11,30,broad,additive,-0.015173518532877366,0.3901494263265506,0.3180110202273706,-0.030223766747463417,0.3723238407592823,0.2799914470451552,-0.07213840609917999,0.33318453876024795,-0.0923323937141271
11,5,easy,catch_up,-0.6711943514079814,0.689081833922426,0.1602786270194925,-0.7684657691767118,0.7697642372673488,0.10750474293994781,-0.5288032069029335,0.8314729784274739,-0.6622594943274009
11,10,easy,catch_up,-0.709969562056702,0.7336957964898341,0.18734455817141554,-0.8147846716692776,0.8193433134463308,0.11659377086201636,-0.5463512383184186,0.8973141202281176,-0.7027495425843144
11,15,easy,catch_up,-0.7378775593072011,0.7640368200956037,0.20955971084096686,-0.8330449629808866,0.838872983028502,0.13470175458971545,-0.5544771092546368,0.9474372701481679,-0.7041712284387865
11,30,easy,catch_up,-0.7694260595120002,0.7949986383063624,0.24966106824852238,-0.8541447834937835,0.8617025915265494,0.16503613871891623,-0.54533757005784,1.0190871277605225,-0.6966664528076332
11,5,broad,catch_up,-0.5481653298012998,0.6342675031618429,0.2787140949793353,-0.685647993534018,0.7010847848140034,0.1566945544087671,-0.3555534081825076,0.8268794247806351,-0.5443902304052363
11,10,broad,catch_up,-0.6001739573827259,0.731656807246818,0.3425512068214379,-0.7499552043810757,0.8235748940843194,0.21380697487617367,-0.3891056004253801,0.9427251642041639,-0.6097679192081458
11,15,broad,catch_up,-0.642869588578946,0.7796778118297203,0.3645814633433655,-0.7899676131435329,0.8650042460183036,0.22749458127023356,-0.4150963484863548,1.0074510519223114,-0.63750966474807
11,30,broad,catch_up,-0.7175514973903869,0.8373952096934015,0.4131866357278815,-0.8420241313820322,0.8945630610267492,0.25597585429794506,-0.42420857396552003,1.1307381331182684,-0.6385872067288041
12,5,easy,proportional,0.3837499321790656,-0.12801000576698632,0.33645640966099527,0.6943003009382503,-0.18661582216560837,0.670449567912689,0.4644664154279816,-0.04729352251807034,0.8570653900782973
12,10,easy,proportional,0.46925591019290097,-0.20253690624727916,0.41158516881291035,0.7904937032759329,-0.24857270138864462,0.7801684370600014,0.6141220750601895,-0.05767074137999062,1.028741138448646
12,15,easy,proportional,0.5282905282182041,-0.21916796896694887,0.47358789842794163,0.8341004043065466,-0.2409229475949717,0.8460437464452027,0.6927558673948905,-0.05470262979026247,1.0869666940401745
12,30,easy,proportional,0.5592399740210778,-0.2672253627971569,0.5043279659067323,0.8699865173729218,-0.27267580701022726,0.8951790055963234,0.7715533287038893,-0.05491200811434549,1.1678548126065507
12,5,broad,proportional,0.4457075115280213,-0.1343535837512927,0.39937264968584374,0.746271942741557,-0.16969234983329143,0.7360736003898863,0.5337262334371364,-0.046334861842177555,0.9057659502231777
12,10,broad,proportional,0.5261568750339978,-0.12459368257726117,0.49880179347782627,0.7916893462157081,-0.13316747403555393,0.8236507537365937,0.6233954760550875,-0.0273550815561715,0.9568182277721476
12,15,broad,proportional,0.593368591442199,-0.057509306161931034,0.5881880700669774,0.8288101694929836,-0.03126433051589086,0.8849590343627564,0.6456973762289084,-0.005180521375221625,0.9162233648786472
12,30,broad,proportional,0.6274439770068693,-0.03061194860818205,0.6294831260553798,0.8613006035204887,0.025368486034701935,0.9180421936774484,0.6600950746635619,0.002039149048510547,0.8926737076427465
12,5,easy,additive,-0.03975232904665089,0.07451831815413791,0.14436178237201294,-0.036396716640591964,0.07109034506643902,0.17327499894336507,0.06984346421787503,0.18411411141866382,0.10218465387692605
12,10,easy,additive,-0.039768868935560746,0.12389522736939647,0.2373552732816262,-0.036117161678922746,0.11761179991660166,0.25510093372437675,0.11346004591222973,0.27712414221718695,0.1374891338077751
12,15,easy,additive,-0.040343472367342724,0.170927542769013,0.285532439868671,-0.02587307839324109,0.14632541891783551,0.2974679586289986,0.11460489709965799,0.3258759122360137,0.1511425397111631
12,30,easy,additive,-0.05009731115225775,0.22161438732166824,0.3327069892362261,-0.02726346730647129,0.17038867108830005,0.3290169486585407,0.11109260191455786,0.38280430038848384,0.15862827757024064
12,5,broad,additive,-0.020148867562526616,0.11659666499588801,0.23610140072404498,-0.008495498049811234,0.0998931522283684,0.26500396798769277,0.11950473572815697,0.2562502682865716,0.16511081575932435
12,10,broad,additive,-0.0335136247191353,0.17316716798824738,0.2665321327538688,-0.03380127125654041,0.15930101226266033,0.2598772532711869,0.0933649647656214,0.3000457574730041,0.10057624100852655
12,15,broad,additive,-0.04648666523682681,0.26434026911800734,0.29312043803222426,-0.03804426312302386,0.2340954602042689,0.27763338301380086,0.02878016891421692,0.3396071032690511,0.04353792280953195
12,30,broad,additive,-0.05367735062518329,0.33100475013023084,0.3292435683661801,-0.037156250758922676,0.30069291111305013,0.3098099953880395,-0.0017611817640507677,0.3829209189913634,0.009117084274989362
12,5,easy,catch_up,-0.5979232160650502,0.597062477225,0.031996892330858416,-0.657015334747278,0.6516565802936879,0.023639192541255953,-0.5650655848941416,0.6299201083959086,-0.628017387752432
12,10,easy,catch_up,-0.6555268493723058,0.6615334267981412,0.12637339264328357,-0.7683074654092803,0.7615749416839713,0.09010445748513995,-0.5351600341548577,0.7819002420155894,-0.6714704841988314
12,15,easy,catch_up,-0.6954241704962417,0.7090490162417199,0.1646936533588129,-0.8060404795306835,0.803395963277177,0.11068082316011389,-0.544355362882907,0.8601178238550546,-0.6927151401170631
12,30,easy,catch_up,-0.7241570504307624,0.7433501814844489,0.23192166097222183,-0.8419320082633109,0.8503638930441818,0.15183008902489836,-0.5114285205122271,0.9560787114029843,-0.6985338040192834
12,5,broad,catch_up,-0.6143218585992827,0.6190138624691985,0.0734698595814076,-0.6932384927571212,0.6925850079326301,0.05921446371201819,-0.5455440028877909,0.6877917181806903,-0.6333705442206119
12,10,broad,catch_up,-0.6568581357283959,0.691387818473493,0.25151668440940445,-0.7690548479402884,0.7579501591969706,0.1466643763636401,-0.4398711340640885,0.9083748201378004,-0.6112857828333305
12,15,broad,catch_up,-0.6785930803912077,0.7394892680745482,0.3267549520885338,-0.813811509107805,0.8098351956528551,0.19374532659398597,-0.4127343159860144,1.0053480324797415,-0.6160898690588692
12,30,broad,catch_up,-0.7071388175774768,0.792022363364465,0.4134015128521472,-0.8410932259022197,0.8593850850097231,0.24725282149073938,-0.37862085051231775,1.120540330429624,-0.6121322635189838
13,5,easy,proportional,0.4061625033520271,-0.1317661366821531,0.36288617839096254,0.7369989398614029,-0.2015190450938941,0.7193375460661924,0.49465231507311563,-0.04327632496106454,0.9208565911600864
13,10,easy,proportional,0.47794793265572955,-0.1521408189077393,0.44402872869027504,0.8115458680608046,-0.20490538715363055,0.8351436336191126,0.5961695475980143,-0.0339192039654545,1.040049020772743
13,15,easy,proportional,0.5069482270199185,-0.17571931059597964,0.47277006246457975,0.8430333653356661,-0.22011473673637438,0.8747712339415693,0.6484893730605594,-0.03417816455533873,1.0948859706779437
13,30,easy,proportional,0.5124742236271804,-0.2344010066593331,0.4695913752749806,0.8706791694483891,-0.30128552760335314,0.9032820995959646,0.7039923819343137,-0.0428828483521998,1.2045676271993178
13,5,broad,proportional,0.475912093424492,-0.09663737446603661,0.4499816216181561,0.7660906959518431,-0.12814205860832004,0.7808213287628356,0.5466189960841927,-0.025930471806335897,0.9089633873711557
13,10,broad,proportional,0.5335347185403654,-0.032064390567374944,0.5441329352322899,0.8069411951937854,-0.04793710587946944,0.8491431246478632,0.5761973257996649,0.010598216691924511,0.8970802305273327
13,15,broad,proportional,0.5696288736869176,-0.01937114824243688,0.5825428729366665,0.8354403770010952,-0.011152199265573481,0.8899375090895647,0.6019140211791034,0.012913999249748898,0.9010897083551381
13,30,broad,proportional,0.5929167210256091,-0.08137206418499195,0.58159876560159,0.8773396279348613,-0.061332683349214316,0.9311951200866159,0.662970829786582,-0.011317955424019144,0.9925278034358301
13,5,easy,additive,0.042654934590017214,0.03427265336678747,0.2161189379647724,0.03554000227945722,0.04036096085105554,0.2488757911302349,0.18184628459798494,0.1734640033747552,0.20851483027917936
13,10,easy,additive,0.033619749195166485,0.10016768581517066,0.29520808974677354,0.025164761922415655,0.10293978664938032,0.29391086337004374,0.19504040393160288,0.26158834055160707,0.19097107672066344
13,15,easy,additive,0.032854818583924854,0.12283879763335219,0.3285551291259488,0.011934198197601739,0.13925149322613364,0.3249973026062959,0.2057163314925966,0.29570031054202395,0.18574580938016225
13,30,easy,additive,0.025601348691484598,0.1220664638369799,0.3513451306577153,0.008674833968853463,0.13271130383527896,0.34299393028367187,0.2292786668207354,0.32574378196623066,0.2102826264483929
13,5,broad,additive,0.06098719676052778,0.09441945272520574,0.28137315309486305,0.03959251329662649,0.11549418545462492,0.29285328207584876,0.1869537003696573,0.22038595633433528,0.17735909662122384
13,10,broad,additive,0.045519538503810165,0.1530969303497401,0.32161810290444454,0.028966704628044643,0.16913993293917237,0.31244004516756657,0.16852117255470445,0.27609856440063435,0.1433001122283942
13,15,broad,additive,0.0423419951982412,0.1910808691827006,0.3374416806166628,0.018845408960763633,0.22561269905845144,0.32295053811118607,0.1463608114339622,0.2950996854184216,0.09733783905273463
13,30,broad,additive,0.03374672664631622,0.21845494670042848,0.3628671983622498,0.01380802188043329,0.24238119490363091,0.3409389341318872,0.1444122516618213,0.32912047171593356,0.09855773922825628
13,5,easy,catch_up,-0.6130300265780119,0.6160711914142847,0.0914868312558782,-0.6864990697176651,0.684138994477988,0.08848817489176716,-0.5245843601584065,0.7045168578338901,-0.5956508195862208
13,10,easy,catch_up,-0.6737742230495581,0.690991642036418,0.1565210127925041,-0.772016635989164,0.7671287077662617,0.07912045430085247,-0.534470629243914,0.8302952358420622,-0.6880082534654093
13,15,easy,catch_up,-0.7042758233938471,0.7226454724098398,0.19464005142248364,-0.8164877673094267,0.8094844191822166,0.10982475526579612,-0.5280054209873561,0.8989158748163307,-0.6996596639164204
13,30,easy,catch_up,-0.7390913436195964,0.7555188336703967,0.22788707655612067,-0.8484417373418022,0.8381570177260216,0.12211322670967793,-0.5276317571142761,0.966978420175717,-0.7160437910163436
13,5,broad,catch_up,-0.6122763812857701,0.6201831077996218,0.1558874676767653,-0.7128979729827924,0.7013020764070236,0.12695492515269624,-0.4642956401228565,0.7681638489625354,-0.5743471512543273
13,10,broad,catch_up,-0.6599120702793412,0.70923131005498,0.27107706067264664,-0.763109235298027,0.7556302869666387,0.15134462050130948,-0.4381542493823333,0.9309891309519878,-0.6042856664653292
13,15,broad,catch_up,-0.68021958493952,0.7505259921483197,0.32306526716729667,-0.8005799473764896,0.800201103581141,0.16796792310785774,-0.42746072498102305,1.0032848521068165,-0.6322331804732833
13,30,broad,catch_up,-0.7337732058254539,0.7992403818176546,0.36603992581938055,-0.8498285456771989,0.8567053427976378,0.18734907892303618,-0.433200455998274,1.0998131316448345,-0.6693562638746016
14,5,easy,proportional,0.4968352338842172,-0.12104634449929957,0.44555103408525454,0.7804217556832794,-0.11902458141261586,0.7836651459531152,0.5665973785845542,-0.05128419979896265,0.902689727365731
14,10,easy,proportional,0.5565058358776526,-0.1461784082227281,0.509770060337452,0.8442805991333557,-0.11452030119210384,0.8760498212566374,0.6559484685601801,-0.046735775540200586,0.9905701224487413
14,15,easy,proportional,0.5534326681015956,-0.1728161709925011,0.503844943090545,0.8603435878629196,-0.15825564796539848,0.8884981737278445,0.6766611140830461,-0.04958772501105069,1.046753821693243
14,30,easy,proportional,0.5841906308068836,-0.19484728658915765,0.5349318848883496,0.8809000285801544,-0.13434519696807057,0.9216064791376134,0.7297791714775073,-0.049258745918533964,1.055951676105684
14,5,broad,proportional,0.5384705308110669,-0.021599061616392867,0.5383742373062308,0.731561789750468,0.0433328184816296,0.8076409381155724,0.5599732989226237,-9.62935048360869e-5,0.7643081196339427
14,10,broad,proportional,0.6197405382761323,0.02246227963123249,0.628160078078115,0.80230790989689,0.11080344384235506,0.8828111034239221,0.6056977984468825,0.008419539801982734,0.772007659581567
14,15,broad,proportional,0.6291761243907382,3.512458164427341e-4,0.6255261764777793,0.8390153410756519,0.08761240784570372,0.9050834010536661,0.6251749306613366,-0.0036499479129589174,0.8174709932079625
14,30,broad,proportional,0.6733568054897535,0.06914707101533821,0.6678657774973056,0.8670089655509775,0.21448704580037675,0.9299475043508159,0.5987187064819673,-0.005491027992447939,0.7154604585504392
14,5,easy,additive,0.033261342319825866,0.10628806072525887,0.26101233943567226,0.033073157897374264,0.11068466897103647,0.2754062995621948,0.1547242787104134,0.2277509971158464,0.16472163059115835
14,10,easy,additive,0.03694554121690279,0.1670027943995939,0.3403531678965639,0.05170307552882515,0.16132990820898335,0.35305060219105405,0.17335037349697,0.3034076266796611,0.1917206939820707
14,15,easy,additive,0.03239307501907985,0.15821542176024322,0.34432546820899373,0.04600697840078424,0.13662665802916357,0.35301815111311124,0.1861100464487505,0.3119323931899139,0.21639149308394767
14,30,easy,additive,0.028833918913692042,0.20505777534249486,0.3713217893058659,0.04492202880163938,0.1576041609341097,0.35508635539339095,0.16626401396337104,0.3424878703921739,0.19748219445928125
14,5,broad,additive,0.015126433024962041,0.19688139394182214,0.2839020963206247,0.010713365180095538,0.22021632750054865,0.28367914442071873,0.08702070237880255,0.26877566329566266,0.06346281692017008
14,10,broad,additive,0.032919670483905886,0.2674038965295894,0.3374845060569469,0.03934250891546582,0.2635405524049193,0.33701943429203746,0.070080609527357507,0.30456483557304104,0.07347888188711815
14,15,broad,additive,0.030213042092139368,0.2809162104305417,0.35211061240843267,0.04086683287553348,0.26436576127301803,0.3441645956643857,0.07119440197789095,0.3218975703162933,0.07979883439136765
14,30,broad,additive,0.037052594798530514,0.3685873146816854,0.37743780880407024,0.04661180751456459,0.32472384120262365,0.3638423992762162,0.008850494122384867,0.3403852140055397,0.039118558073592546
14,5,easy,catch_up,-0.6615915236457655,0.6686165273181266,0.13315607132501622,-0.7639384902823357,0.7560321599170913,0.11397983083090354,-0.5354604559931104,0.7947475949707816,-0.6420523290861877
14,10,easy,catch_up,-0.7109415214290931,0.7310911864165195,0.19028119297036694,-0.8165458531241425,0.8187096215890892,0.1369136808413027,-0.5408099934461525,0.90122271439946,-0.6817959407477865
14,15,easy,catch_up,-0.7226993205529432,0.7441980659642239,0.20373708221878178,-0.8362876258497492,0.8397486719949929,0.1372882026951478,-0.5404609837454422,0.9264364027717249,-0.7024604692998451
14,30,easy,catch_up,-0.7462570197755098,0.7741372500569731,0.25762120211727907,-0.858253529845761,0.8635187294433568,0.15953109905748292,-0.516516047939694,1.0038782218927889,-0.7039876303858739
14,5,broad,catch_up,-0.6109940711967466,0.6476150791099274,0.20808391895630288,-0.7484526131706365,0.7324866660705089,0.09530224072709666,-0.4395311601536246,0.8190779901530495,-0.6371844253434122
14,10,broad,catch_up,-0.6512402618091473,0.7379142592099727,0.3102380765159619,-0.7928909918445955,0.7983944528288215,0.1595825130086555,-0.42767618269401075,0.9614783383251092,-0.6388119398201659
14,15,broad,catch_up,-0.686115919799429,0.7667378802359797,0.33759731577267516,-0.8264022101412403,0.8328133892711982,0.18664444147421955,-0.4291405644633045,1.0237132355721041,-0.6461689477969786
14,30,broad,catch_up,-0.6966793879970142,0.8155991166740972,0.3963055403652319,-0.8468890781154842,0.879161690791651,0.21552175241697324,-0.4192935763088653,1.0929849283622461,-0.6636399383746777
15,5,easy,proportional,0.45524183839557036,-0.11337482246379449,0.3990244507793494,0.7887977795083945,-0.09407139422278334,0.7825963998367579,0.5123992732431439,-0.05621738761622097,0.8766677940595412
15,10,easy,proportional,0.47446125464429284,-0.15015502484509224,0.42084960513450465,0.8297400745961054,-0.15340337930012984,0.8420857795128541,0.5710046299795969,-0.053611649509788195,0.9954891588129839
15,15,easy,proportional,0.47242840912259887,-0.18371376969222983,0.4173584119688855,0.8466773930309568,-0.2172704731255562,0.8636750983138868,0.6010721816611153,-0.05506999715371336,1.080945571439443
15,30,easy,proportional,0.506104762875368,-0.20427569896191944,0.4507625199779802,0.8697497591924787,-0.17552524908069658,0.9070588354655007,0.6550382189398997,-0.05534224289738776,1.0825840845461974
15,5,broad,proportional,0.5143376183977854,-0.008167118377852571,0.5026911873887693,0.7391852491907891,0.06780992896617737,0.8160025993207507,0.5108583057666218,-0.011646431009016078,0.7481926703545734
15,10,broad,proportional,0.5555657199516497,-0.01830043012701779,0.5347658438340331,0.8069205015025452,0.08650194521190843,0.8740291367626791,0.5530662739610509,-0.020799876117616578,0.7875271915507707
15,15,broad,proportional,0.5599449693445618,-0.03868420170198501,0.5350582882300456,0.8403787307312763,0.052301411589114034,0.8978141700996131,0.5737424899320307,-0.024886681114516196,0.845512758510499
15,30,broad,proportional,0.6080220418491041,0.013717002316022872,0.5812253418991394,0.863285539424745,0.2068865280193289,0.9227186201888722,0.5675083395831165,-0.026796699949964697,0.7158320921695432
15,5,easy,additive,0.04161793563427009,0.11942801189187657,0.27109655407071204,0.029395301926276277,0.1290695655407471,0.2770267418540429,0.15166854217883546,0.22947861843644196,0.1479571763132958
15,10,easy,additive,0.03341657650407529,0.13790751967392845,0.30230267408418254,0.02005987648519576,0.14063224942237326,0.3079482475580729,0.1643951544102541,0.26888609758010723,0.1673159981356996
15,15,easy,additive,0.03724348542183006,0.12638445160336892,0.31290137131518836,0.022774703725254575,0.1390422113244851,0.32368820922001657,0.18651691971181944,0.2756578858933583,0.18464599789553146
15,30,easy,additive,0.04375066332013715,0.1664447521802357,0.34590789769044006,0.03054795623733448,0.16506901360161236,0.3442885183856333,0.17946314551020437,0.3021572343703029,0.17921950478402093
15,5,broad,additive,0.08653895142614618,0.16842420689552234,0.29501787405059404,0.06630725454548421,0.1843754986997679,0.2776176596739694,0.1265936671550717,0.20847892262444787,0.09324216097420149
15,10,broad,additive,0.0718680424990842,0.21648875085493538,0.3262417008769918,0.04574024401513107,0.23113606511874032,0.3106098895587502,0.1097529500220564,0.2543736583779076,0.07947382444000986
15,15,broad,additive,0.06692190595396444,0.23021081878204952,0.3451007099202457,0.04676129054868249,0.24660093204901964,0.3336526695674305,0.1148898911381962,0.27817880396628125,0.08705173751841086
15,30,broad,additive,0.08550692747229437,0.30951365797828023,0.3731301838069249,0.05363357322948945,0.3256422716871117,0.3526507073029917,0.06361652582864469,0.28762325633463054,0.02700843561588001
15,5,easy,catch_up,-0.6426780868500899,0.6549696629145518,0.12642401058474745,-0.7591396292114827,0.7477678151023126,0.08364098869877513,-0.5285456523298044,0.7691020974348373,-0.6641268264035375
15,10,easy,catch_up,-0.6892764386626263,0.7077709899199166,0.17577031133411086,-0.8058776788917027,0.8034588858464131,0.13086760119433724,-0.5320006785858058,0.8650467499967371,-0.6725912846520758
15,15,easy,catch_up,-0.6975614593570595,0.7158769772354063,0.18313729504689283,-0.8203195251597474,0.8215061403276651,0.13472795790770073,-0.5327396821885135,0.8806987544039523,-0.6867781824199644
15,30,easy,catch_up,-0.7111767242916863,0.7411429900759524,0.2629383451188932,-0.8388984939575771,0.8487333817201779,0.19184718494721906,-0.4782046449570592,0.9741150694105796,-0.6568861967729588
15,5,broad,catch_up,-0.5221352858388645,0.5899310012847284,0.24430016161220852,-0.684318287176031,0.6848419577982028,0.12932142157233922,-0.3456308396725199,0.7664354474510731,-0.5555205362258635
15,10,broad,catch_up,-0.5990537704077111,0.6911574857584005,0.31321225851980866,-0.7672146198743015,0.7845934459765357,0.17507759703346717,-0.37794522723859186,0.9122660289275197,-0.6095158489430685
15,15,broad,catch_up,-0.6399780869571788,0.7298106699631994,0.34581009832257953,-0.7992821114560913,0.826496186104689,0.2132350011635007,-0.3840005716406199,0.9857881852797583,-0.6132611849411883
15,30,broad,catch_up,-0.6328655717106276,0.7781577330656961,0.4062972405066751,-0.8151732761420108,0.8743516477346316,0.22758336367753534,-0.37186049255902104,1.0391628122173027,-0.6467682840570963
16,5,easy,proportional,0.46382105702109105,-0.09774862937390305,0.43255657310308776,0.7590160559592962,-0.12054922055617666,0.7733285945165838,0.5303052024769908,-0.031264483918003294,0.8938778150727604
16,10,easy,proportional,0.5412497523752113,-0.09258882170548652,0.5093529323901402,0.8238427420692753,-0.056007125714790475,0.8684170582886676,0.6019417540956268,-0.0318968199850711,0.924424184003458
16,15,easy,proportional,0.5429470501598349,-0.14308777434412967,0.5006040052172823,0.85012552380781925,-0.1397567544598778,0.8811796015824843,0.643691779561412,-0.04234304494255259,1.020936356042362
16,30,easy,proportional,0.5575638860657004,-0.19991144005681702,0.5076995177978617,0.88310633114165,-0.18174355148841287,0.9100790924560003,0.7076109578546788,-0.04986436826783869,1.0918226439444132
16,5,broad,proportional,0.5022139859023138,-0.004052639340471081,0.5217116001606805,0.710206257499045,-0.006385223872206736,0.7836890631945361,0.5257642395011516,0.019497614258366713,0.7900742870667429
16,10,broad,proportional,0.6068927310998344,0.08178469828345158,0.6289544843930699,0.7856971274247126,0.16413456020079267,0.8692023325333085,0.5471697861096183,0.022061753293235453,0.7050677723325158
16,15,broad,proportional,0.6247681343375876,0.034345087237874175,0.6260608602169649,0.8362599915608906,0.11156903205248585,0.8987498360704687,0.5917157729790907,0.0012927258793773433,0.7871808040179828
16,30,broad,proportional,0.6548483238341529,0.01274938235896819,0.6351288990306571,0.8764474648485014,0.14111809116395577,0.9272433505628039,0.6223795166716889,-0.019719424803495866,0.7861252593988481
16,5,easy,additive,0.030350749386329864,0.11921315726886672,0.2775202792790006,0.03826385795878101,0.11509156166840837,0.3089785919100706,0.15830712201013386,0.24716952989267071,0.19388703024166223
16,10,easy,additive,0.04263224010852974,0.189495153659526,0.347599316485568,0.04215071592047687,0.18343464005543855,0.34840086791697505,0.15810416282604203,0.3049670763770383,0.1649662278615365
16,15,easy,additive,0.04362157517746962,0.1710397366881895,0.35586730957348645,0.04460466549932932,0.1620725477661247,0.3550101559803851,0.18482757288529694,0.3122457343960168,0.1929376082142604
16,30,easy,additive,0.06939336889947154,0.14648792606541006,0.3836379215436076,0.06713361923241083,0.13486511842864374,0.3710844007260643,0.23714999547819754,0.3142445526441361,0.23621928229742056
16,5,broad,additive,0.04435052720635105,0.11948355124676445,0.23799919912654613,0.042785907891785914,0.13826655567703888,0.23428665460318987,0.11851564787978168,0.19364867192019508,0.09602009892615099
16,10,broad,additive,0.042014851144487456,0.2332487073179321,0.2905607207737359,0.049657900128832685,0.20834382623622968,0.2857435287990105,0.057312013455803806,0.24854586962924846,0.07739970256278081
16,15,broad,additive,0.05254656405217684,0.24480931639299502,0.32141159107223005,0.05887437020388418,0.22318723846821167,0.30971478770339406,0.07660227467923503,0.2688650270200532,0.08652754923518238
16,30,broad,additive,0.06641674213466886,0.2903642325103868,0.3633777662898273,0.06831934643390798,0.26939743123477555,0.34951169116803804,0.07301353377944053,0.29696102415515846,0.08011425993326249
16,5,easy,catch_up,-0.6423159944293424,0.651152433262784,0.11514788281905175,-0.741695846694826,0.7220086793528063,0.054197579860586056,-0.5360045504437323,0.7574638772483941,-0.6678110994922203
16,10,easy,catch_up,-0.6931160154412173,0.7247651534406124,0.1721751858174205,-0.8117950669991209,0.8148656594415887,0.06272838534630401,-0.5525899676231919,0.8652912012586378,-0.7521372740952847
16,15,easy,catch_up,-0.7248499307382313,0.7526767160980137,0.1873236293872244,-0.8335694790749931,0.8334261068800816,0.07943600027381306,-0.5653530867107892,0.9121735601254557,-0.7539901066062685
16,30,easy,catch_up,-0.7270960725284245,0.7578333172334404,0.23163687457732954,-0.8479089322115645,0.8539166600016806,0.11627261316394324,-0.5261964426561109,0.958732947105754,-0.7376440468377374
16,5,broad,catch_up,-0.6071863946529166,0.6388266971123855,0.23797139950763557,-0.6817772935064045,0.639394876900887,0.10853232192101896,-0.4008552976047499,0.8451577941605521,-0.5308625549798681
16,10,broad,catch_up,-0.6384402162504169,0.7372798080096168,0.3295457444403897,-0.7649300530021812,0.7467654302821456,0.14165725121624326,-0.4077340635692271,0.9679859606908066,-0.6051081790659023
16,15,broad,catch_up,-0.6803546722383123,0.7744843706077671,0.33488118450016635,-0.8052649987787872,0.8030572112220103,0.14781303584594713,-0.43960318610760074,1.0152358567384785,-0.6552441753760632
16,30,broad,catch_up,-0.700395216129844,0.8121612250692607,0.3721385221112643,-0.8418610515763085,0.8763926414962906,0.17213358545776364,-0.4400227029579964,1.0725337382411082,-0.7042590560385269
17,5,easy,proportional,0.547039329736327,-0.07823146729474786,0.5134814545977454,0.7674093136513009,-0.052823771777986354,0.8155798104502321,0.5917129218924932,-0.03355787513858155,0.8684035822282185
17,10,easy,proportional,0.5721474149376696,-0.13552012336182429,0.5222512230615578,0.8391917431523706,-0.10657846794237229,0.8660699820909871,0.6577713464233821,-0.04989619187611183,0.9726484500333593
17,15,easy,proportional,0.568965704992996,-0.15140025919267275,0.5181286456731267,0.8539054793809999,-0.1238256147127517,0.8860941755996844,0.6695289048657994,-0.05083705931986937,1.0099197903124362
17,30,easy,proportional,0.5891930592480807,-0.20055064528687436,0.5331643012330315,0.8755684280064868,-0.16628844051021507,0.9096024445800972,0.7337149465199059,-0.05602875801504925,1.0758908850903124
17,5,broad,proportional,0.5502550063462123,0.07418072398398756,0.6069785024622464,0.6212261200060303,0.12905400282819052,0.7494242000227953,0.5327977784782588,0.05672349611603411,0.6203701971946047
17,10,broad,proportional,0.6345580322477936,0.05096034202634501,0.6443610285570756,0.7813704408522169,0.14748676325684132,0.8687667890187689,0.5934006865307305,0.009802996309281942,0.7212800257619276
17,15,broad,proportional,0.6453202138363388,0.03669797644310835,0.6408799801344445,0.8310693173687913,0.13562330098007394,0.8996800018434725,0.6041820036913361,-0.004440233701894281,0.7640567008633986
17,30,broad,proportional,0.6850147447127359,0.03758573036038043,0.6672537563992421,0.8672897604181249,0.1772201232917924,0.9231971175873106,0.6296680260388616,-0.01776098831349382,0.7459769942955182
17,5,easy,additive,-0.01525221285532013,0.22949367915899502,0.28967576194362293,-0.022557377173024078,0.21624961067467227,0.29419330046137665,0.060182082784627916,0.30492797479894307,0.07794368978670438
17,10,easy,additive,0.006877560450436898,0.20238156141534355,0.31313702024542606,-0.010520198954841667,0.2071693787744038,0.30475168558524524,0.1107554588300825,0.30625945979498914,0.09758230681084143
17,15,easy,additive,0.00878532377500228,0.18728072044127544,0.3315976506509551,-0.014121567920203939,0.20355998052688615,0.3247702549778484,0.14431693020967964,0.3228123268759528,0.12121027445096225
17,30,easy,additive,0.009074522787893839,0.19439605314636124,0.32526046564425726,-0.019655933555303668,0.2042784631995599,0.30421703157027313,0.13086441249789602,0.3161859428563634,0.09993856837071324
17,5,broad,additive,-0.019242158322895973,0.24671683874276557,0.2705773779970197,-0.03270499035412591,0.24293211851388372,0.2611015651025205,0.02386053925425413,0.2898195363199157,0.01816944658863681
17,10,broad,additive,0.009049225615669818,0.28914657784268943,0.31115906888047007,-0.007393740057774615,0.29820421717153,0.29931713884324845,0.022012491037780635,0.3021098432648002,0.0011129216717184476
17,15,broad,additive,0.018765358003997146,0.2720438256066666,0.3159473231499387,-0.007086173339711339,0.28859857187347976,0.2933618401263658,0.04390349754327205,0.29718196514594153,0.004763268252886033
17,30,broad,additive,0.01800647376538632,0.34810442322854096,0.3287678057481301,-0.009262683151307374,0.34873969582085557,0.29076158680858577,-0.019336617480410878,0.31076133198274375,-0.057978109012269796
17,5,easy,catch_up,-0.6456663768350056,0.663250494286562,0.17412269205964814,-0.754339422972255,0.7533208415013302,0.12528301679246862,-0.4891278022269139,0.8197890688946537,-0.6280378247088616
17,10,easy,catch_up,-0.7045502243498608,0.7260770729784333,0.1919904874872769,-0.8116955441982882,0.8123780750399792,0.13545141315042677,-0.5340865854911564,0.8965407118371377,-0.6769266618895524
17,15,easy,catch_up,-0.7224650854796583,0.7442128614888714,0.2145719121542102,-0.8272588644219273,0.8318938798325362,0.14218015794605215,-0.5296409493346612,0.9370369976338685,-0.6897137218864839
17,30,easy,catch_up,-0.7446488056483918,0.7697805842429843,0.25548706705041896,-0.8517029850837121,0.861913848187856,0.17274412467225694,-0.5142935171925653,1.0001358726988108,-0.689169723515599
17,5,broad,catch_up,-0.49236154451069297,0.591052490597533,0.3100633383373733,-0.6218923487007672,0.6275986518170247,0.19698329890290586,-0.28098915226015964,0.8024248828480662,-0.4306153529141188
17,10,broad,catch_up,-0.6052508492319665,0.7101835895519009,0.3436470399656836,-0.7539344817913762,0.7893464525280645,0.22826672246408558,-0.3665365495862173,0.9488978891976501,-0.5610797300639789
17,15,broad,catch_up,-0.6545126573758799,0.7498505296332151,0.3596757616623506,-0.8021252356777109,0.8257295954433301,0.2169302713767719,-0.3901747679708645,1.0141884190382306,-0.6087993240665582
17,30,broad,catch_up,-0.6793134132586742,0.7985422163382044,0.4112008286865055,-0.8364452424756543,0.8888983002628106,0.25834292202416664,-0.38734138765169895,1.0905142419451797,-0.6305553782386439
18,5,easy,proportional,0.5526660858755768,-0.061256276140798475,0.5265690618263638,0.7640270769820938,-0.012194774354552958,0.8125208466169443,0.5878253379671622,-0.02609702404921299,0.8247156209714973
18,10,easy,proportional,0.5607218749643864,-0.13429477686251015,0.513393609151439,0.828835644980747,-0.10529271997794436,0.8557377962812488,0.6476883860139491,-0.04732826581294747,0.9610305162591931
18,15,easy,proportional,0.5999195541361204,-0.1424296397568572,0.5476343200958854,0.8515137258213851,-0.06791159244149204,0.8828035933288595,0.6900639598527426,-0.052285234040234996,0.9507151857703515
18,30,easy,proportional,0.6170017653705148,-0.16982231656906918,0.5671489851654727,0.8738797181343204,-0.09689694574409925,0.9160686435683377,0.736971301734542,-0.049852780205042024,1.012965589312437
18,5,broad,proportional,0.5734415117607458,0.09066388592673243,0.6261866334162961,0.6469817042004257,0.15180052033864985,0.7724537341717466,0.5355227474895636,0.05274512165555034,0.6206532138330967
18,10,broad,proportional,0.6342926896961374,0.013841826988837654,0.634090879661134,0.8004310485218631,0.07913606509268968,0.8761682410651745,0.6202490526722964,-2.0181003500341355e-4,0.7970321759724849
18,15,broad,proportional,0.6864375231498759,0.0682680937244641,0.6815037751502037,0.8165254165720374,0.18478016597187433,0.8883433448122662,0.6132356814257396,-0.004933747999672278,0.7035631788403919
18,30,broad,proportional,0.7135274191899714,0.10810355600542802,0.7109601113404354,0.8615329307925197,0.22971852801895873,0.9184446886487585,0.6028565553350074,-0.0025673078495360713,0.6887261606297997
18,5,easy,additive,-0.022589786415513718,0.21457919280093674,0.26600991125320494,-0.028771483596340505,0.2055945361501726,0.2530194622136715,0.05143071845226821,0.2885996976687187,0.04742492606349891
18,10,easy,additive,-0.023539358875785062,0.1936871110232372,0.2892952358345716,-0.03072541833081154,0.19757589144550816,0.2702832735648821,0.0956081248113344,0.3128345947103567,0.07270738211937391
18,15,easy,additive,-0.02849276837689628,0.2596679813013879,0.3238746852009127,-0.034021940398630796,0.2540040130988881,0.29939068417882925,0.06420670389952482,0.352367453577809,0.045386671079941154
18,30,easy,additive,-0.035615391767294634,0.28964335317765455,0.34153561282782824,-0.03868398473145674,0.26760147375128507,0.3071632696550075,0.05189225965017369,0.37715100459512285,0.03956179590372244
18,5,broad,additive,-0.025397641177006804,0.2633448522904688,0.2623283658066271,-0.018171114590198763,0.23496149769500485,0.25166388644890547,-0.001016486483841672,0.28772600698363393,0.01670238875390062
18,10,broad,additive,-0.01366026921733792,0.28058587109148453,0.29632091671317323,-0.014339432488147428,0.251750024460074,0.28006793620505,0.015735045621688704,0.30998118593051116,0.028317911744976
18,15,broad,additive,-0.008636071820254655,0.3402175572724914,0.2935796703829647,-0.004945915325474761,0.3004297811515866,0.27758109651356294,-0.04663788688952675,0.30221574220321934,-0.022848684638023642
18,30,broad,additive,-0.015932641519475,0.40521554082022904,0.3011879748479852,-0.014339696160029704,0.3519976655272058,0.28374747629369196,-0.10402756597224383,0.3171206163674602,-0.06825018923351384
18,5,easy,catch_up,-0.6273467599608451,0.646620958797841,0.14111944819464156,-0.7534624144365714,0.751476478895798,0.08498976425470606,-0.5055015106031995,0.7684662081554867,-0.666486714641092
18,10,easy,catch_up,-0.7004216058541752,0.7142679018018921,0.14982191528244498,-0.8109361548923077,0.8013319297794905,0.0942106519419745,-0.5644459865194471,0.8502435211366202,-0.707121277837516
18,15,easy,catch_up,-0.7191909960802239,0.745229028753413,0.20415103574534746,-0.839157540717748,0.8413164054469396,0.1293914733090382,-0.5410779930080656,0.9233420318255713,-0.7119249321379014
18,30,easy,catch_up,-0.7420907162730479,0.7739898476636401,0.2722400202940713,-0.8637400815802797,0.8728880109101934,0.17657647428960788,-0.5017498273695689,1.0143307365671193,-0.6963115366205855
18,5,broad,catch_up,-0.49832575616954866,0.5939841504691429,0.2846172463158349,-0.6417415653435657,0.6606303656251713,0.1611964037763333,-0.309366904153308,0.7829430024853836,-0.49943396184883804
18,10,broad,catch_up,-0.6330945184102996,0.7091016149679499,0.297850893884776,-0.779347157337589,0.7907343624632688,0.17078791845519709,-0.4112507210831739,0.9309454122950755,-0.6199464440080718
18,15,broad,catch_up,-0.621945069860258,0.7485732309674057,0.3548266237276311,-0.7894059272336844,0.8293786337238548,0.20364540823806482,-0.3937466072397746,0.9767716935878891,-0.6257332254857899
18,30,broad,catch_up,-0.6615457895225366,0.8134019835827273,0.4211050272356917,-0.8352473178089304,0.8831359257681531,0.23040107513603675,-0.3922969563470356,1.0826508167582283,-0.6527348506321164
19,5,easy,proportional,0.5467805259122446,-0.10842473012408467,0.5068003771097774,0.7594331303889301,-0.09143289782593216,0.7952578095793315,0.6152251072338621,-0.03998014880246714,0.8866907074052636
19,10,easy,proportional,0.5754965925851986,-0.13664069965129724,0.5258952968235857,0.8194535817075007,-0.10117748300859551,0.8526740326027725,0.6625359964748829,-0.049601295761612874,0.953851515611368
19,15,easy,proportional,0.5755862168048068,-0.17893517749184104,0.5182613409436249,0.8405091140619466,-0.1496546347435106,0.8716223712332981,0.6971965184354659,-0.057324875861181956,1.0212770059768088
19,30,easy,proportional,0.5863390573075427,-0.22330470075922798,0.5259205085145985,0.8748184890172086,-0.1911585612869515,0.9038819715202318,0.7492252092738265,-0.06041854879294417,1.0950405328071833
19,5,broad,proportional,0.5372633933082037,0.04914812010069743,0.5802261747738473,0.6563979845307767,0.06783012172334756,0.7118397286015729,0.5310780546731498,0.042962781465643585,0.6440096068782253
19,10,broad,proportional,0.6280003856699555,0.06720648208623028,0.6478346584843147,0.7655679174398182,0.141390583043323,0.8467593645574327,0.5806281763980844,0.019834272814359122,0.7053687815141098
19,15,broad,proportional,0.64347943252441,0.026828573433072416,0.6472194760607912,0.8197463958815745,0.10475862940990081,0.8904228453649221,0.6203909026277188,0.0037400435363812434,0.7856642159550213
19,30,broad,proportional,0.672718222233281,0.026295669566855067,0.6592940906940178,0.8674039497467583,0.1464553646608517,0.9233702809066795,0.6329984211271628,-0.013424131539263251,0.7769149162458278
19,5,easy,additive,0.03205871675194889,0.161891262076017,0.28365136156282755,0.057375303372337705,0.11449040488489888,0.2844642757809479,0.12176009948681055,0.2515926448108787,0.16997387089604904
19,10,easy,additive,0.03162180689285808,0.19645353101428492,0.3309202585722505,0.0484046170551007,0.1689973664524661,0.3286855350226617,0.13446672755796557,0.2992984516793924,0.15968816857019558
19,15,easy,additive,0.020104775575389054,0.19433597876961922,0.3412573724875797,0.03585376676018022,0.15949301698877877,0.3417535843742098,0.14692139371796048,0.32115259691219067,0.182260567385431
19,30,easy,additive,0.025827101967620027,0.18807273906554928,0.3593307633090402,0.046739875024543485,0.14231980318795723,0.35312661582259375,0.1712580242434909,0.3335036613414202,0.21080681263463652
19,5,broad,additive,0.04020315628913329,0.16543315156198882,0.2595674741535432,0.06324033473025613,0.11333814554163446,0.24582396321852718,0.09413432259155438,0.2193643178644099,0.13248581767689271
19,10,broad,additive,0.03919027012936297,0.268567566740975,0.32268818611771394,0.04110041731223148,0.24844931696919448,0.3173001741349953,0.054120619376738954,0.28349791598835095,0.0688508571658008
19,15,broad,additive,0.030375331426293284,0.28770078902539975,0.3446851212050697,0.03609299651210997,0.2596135194258954,0.3392836653609398,0.05698433217966997,0.31430978977877644,0.0796701459350444
19,30,broad,additive,0.03768434563906656,0.3321048305730728,0.37605877629155937,0.04740198303404058,0.2942915472636086,0.36355545922116284,0.0439539457184866,0.33837443065249284,0.06926391195755421
19,5,easy,catch_up,-0.612444029322037,0.6316743876299725,0.13370855566154558,-0.7197267134759522,0.7163001676566939,0.07384960563635881,-0.4979658319684269,0.7461525849835826,-0.6424505620203351
19,10,easy,catch_up,-0.6613168964035735,0.6897971268222515,0.1559838498851472,-0.787406691246986,0.7919744745260223,0.08214351927741068,-0.5338132769371042,0.8173007462887207,-0.7098309552486116
19,15,easy,catch_up,-0.7015260910767273,0.726256381750028,0.16837722779449413,-0.8159859749646581,0.8214043938951299,0.09691887817839216,-0.5578791539555339,0.8699033188712214,-0.7244855157167377
19,30,easy,catch_up,-0.7234851553541667,0.7486718715007575,0.2122573126576758,-0.8399383125876748,0.8489291700181467,0.1310008348458145,-0.5364145588430818,0.9357424680118425,-0.7179283351723322
19,5,broad,catch_up,-0.5084294403866124,0.5835604109517541,0.27399987856103797,-0.6065020289082789,0.5659057108015135,0.12933817897149283,-0.3095605323907162,0.7824293189476503,-0.4365675318300207
19,10,broad,catch_up,-0.5792638600273317,0.6786555447292422,0.31126813618997623,-0.7386220354111315,0.7464230604514288,0.1563044090820483,-0.36738740853926594,0.8905319962173079,-0.5901186513693806
19,15,broad,catch_up,-0.6493917727134378,0.738499225775978,0.34327235561533803,-0.7972395482096191,0.8094721301419214,0.18686479874746606,-0.39522687016064,0.9926641283287758,-0.6226073313944553
19,30,broad,catch_up,-0.6846182325849771,0.782173366500295,0.38882796495013755,-0.8342999001465772,0.8626247992873864,0.21782497225823516,-0.39334540155015746,1.0734461975351146,-0.6447998270291513
20,5,easy,proportional,0.5276362004381271,-0.09139533437238041,0.48807470155642185,0.7701294376146195,-0.06375112629282088,0.7888592348945883,0.5794700359288023,-0.03956149888170524,0.8526103611874092
20,10,easy,proportional,0.5480255948347665,-0.1580961610926561,0.5008096048825992,0.8223915561307306,-0.1511266344833552,0.8437658472567087,0.6589057659752553,-0.04721598995216736,0.9948924817400638
20,15,easy,proportional,0.5784133867846055,-0.17091372983351935,0.5307366733116347,0.8450053735668848,-0.15062129854535425,0.8749868235243091,0.701650403145154,-0.047676713472970866,1.0256081220696633
20,30,easy,proportional,0.5745006354310522,-0.2332777255599277,0.5199871707909557,0.867413982596578,-0.2321711330278195,0.902263651568493,0.7532648963508835,-0.05451346464009654,1.1344347845963125
20,5,broad,proportional,0.5462629937098117,0.03197001015300596,0.5741205146547845,0.6938046811747781,0.10121952691361415,0.7895064090628864,0.5421505045017786,0.027857520944972847,0.68828688214927225
20,10,broad,proportional,0.6138088519751768,-0.01679801529817336,0.6096122121319746,0.7968504388773686,0.03282164014975624,0.8644912978159105,0.626410227430148,-0.004196639843202177,0.8316696576661543
20,15,broad,proportional,0.63809222895879,0.030698421829575672,0.6498785428293344,0.804017276362446,0.1072325161243562,0.877549791143359,0.6191801209997587,0.011786313870544407,0.7703172750190027
20,30,broad,proportional,0.6503316758006498,-0.004321675758897415,0.6446598669484629,0.8533453236973351,0.1040779429140919,0.916744315448828,0.6489815427073603,-0.005671808852186877,0.8126663725347361
20,5,easy,additive,-0.0036118167853055566,0.17651814964769613,0.2654198254325486,-0.017393279860681638,0.18341444042402166,0.2556139379396427,0.08890167578485247,0.26903164221785414,0.07219949751562105
20,10,easy,additive,-0.012129402536160032,0.18406077692877326,0.29150339614548537,-0.023775772744400438,0.182102037614516,0.2888972340293395,0.10744261921671211,0.3036327986816454,0.10679519641482349
20,15,easy,additive,-0.027055333084414972,0.23986388441500633,0.3189753126740574,-0.025385124504558338,0.22805766817325282,0.31164329575005445,0.07911142825905104,0.34603064575847237,0.08358562757680163
20,30,easy,additive,-0.02950580960239768,0.22964890352402684,0.34367620673303007,-0.02603668115946737,0.20393186249900921,0.3311916128007608,0.11402730320900323,0.37318201633542775,0.1272597503017516
20,5,broad,additive,-0.01300442142547441,0.2109147274522909,0.24963186745555013,-0.02477701320444658,0.218253662167039,0.23544337769636267,0.03871714000325924,0.2626362888810245,0.017189715529323663
20,10,broad,additive,-0.009827089040149797,0.25560481446425015,0.2938635798376675,-0.019921838128156195,0.24993763076996064,0.28211509623801206,0.038258765373417325,0.30369066887781726,0.03217746546805142
20,15,broad,additive,-0.03606999604373903,0.30265289634201653,0.27602144844174764,-0.036335674757151284,0.2883695626905275,0.2688741738883121,-0.02663144790026889,0.31209144448548665,-0.019495388802215408
20,30,broad,additive,-0.045036735497314045,0.3477316704640175,0.3149152647224722,-0.03698073417803024,0.3353454301016899,0.31006442155190406,-0.03281640574154526,0.35995200021978624,-0.02528100854978582
20,5,easy,catch_up,-0.6235482212740134,0.6406432119302884,0.15390177373893527,-0.7441819406195254,0.7417350869318984,0.11814467849141522,-0.4867414381913531,0.7774499950129488,-0.6235904084404832
20,10,easy,catch_up,-0.679481477535882,0.6965595574231352,0.16789128187992997,-0.7942689146015142,0.7953783538977477,0.12246648858131813,-0.5286682755432053,0.8473727594158119,-0.6729118653164295
20,15,easy,catch_up,-0.7046089121169218,0.7298931640173302,0.22111349830064728,-0.8215288385306821,0.8245507737662799,0.15279612313921273,-0.5087796657166829,0.9257224104175691,-0.6717546506270672
20,30,easy,catch_up,-0.7349993342287057,0.7596229792282715,0.2631611331390659,-0.8417586835511094,0.8481575923481209,0.19237546698280072,-0.49646184608920557,0.9981604673677715,-0.6557821253653202
20,5,broad,catch_up,-0.5400812617156943,0.5966739355402723,0.2506901672390266,-0.6800398983819892,0.673178700156288,0.14106060739618692,-0.34598376830124566,0.7907714289547209,-0.532118092760101
20,10,broad,catch_up,-0.6288947797621504,0.6940378414058584,0.30059613626908926,-0.7705468053061729,0.7728958019900967,0.17311078384479114,-0.3934417051367692,0.9294909160312397,-0.5997850181453055
20,15,broad,catch_up,-0.6443048630965386,0.7382758893545525,0.3608341691155239,-0.794133015006806,0.8000437138291568,0.1923051278424927,-0.37744172023902856,1.0051390322120626,-0.6077385859866642
20,30,broad,catch_up,-0.7115822726864646,0.8046135350882574,0.4152389466085015,-0.8412965460070245,0.8662908022001687,0.2416648485698822,-0.38937458847975587,1.126821219294966,-0.6246259536302865
21,5,easy,proportional,0.5331263233653145,-0.09474454384003397,0.4915130626882783,0.7908955701084003,-0.09134313659264234,0.8114368853611825,0.5862576065283123,-0.04161326067703619,0.9027800219538249
21,10,easy,proportional,0.571537909525462,-0.14235167337991897,0.5198910669049541,0.8418939603930818,-0.1493314527508618,0.8593825873036461,0.6622427402848731,-0.05164684262050789,1.008714040054508
21,15,easy,proportional,0.5952969527266904,-0.1522470620465115,0.5434061638081443,0.8636415369727724,-0.12106180598365027,0.8858367278105987,0.6956532258546558,-0.05189078891854604,1.006898533794249
21,30,easy,proportional,0.5840541547481044,-0.2501930834290032,0.5272400431644487,0.885917102887297,-0.2630974635703653,0.9079733238143881,0.777433126593452,-0.05681411158365568,1.1710707873847535
21,5,broad,proportional,0.5702273545263062,0.04204043215772672,0.5860225226951865,0.6996332456373743,0.13578393684869508,0.8062977636587558,0.5439820905374598,0.01579516816888027,0.6705138268100608
21,10,broad,proportional,0.6376660570288571,0.0343476509858992,0.6324807124745008,0.7953934000269509,0.14758585477156536,0.8705206594597167,0.5981330614886016,-0.005185344554356375,0.7229348046881513
21,15,broad,proportional,0.6709142532837076,0.05818203073807442,0.6689146420786877,0.8221874063004357,0.18605350326275893,0.8892934287418051,0.6107326113406133,-0.001999611205019902,0.7032399254790461
21,30,broad,proportional,0.6772798582241767,-0.031844581391703916,0.6544296739247188,0.8818089079028641,0.06955208978221543,0.9265502734568646,0.6862742553164227,-0.022850184299457843,0.8569981836746492
21,5,easy,additive,0.052452649823732725,0.12154953846128819,0.26407661299123486,0.0566854512265439,0.12722686092920554,0.2586139986671335,0.14252707452994667,0.21162396316750215,0.13138713773792798
21,10,easy,additive,0.048901612466214675,0.15163010032200536,0.3029599634876245,0.05382839077098605,0.14103776244912383,0.2882949654125994,0.15132986316561914,0.25405835102140983,0.14725720296347558
21,15,easy,additive,0.051091445284196006,0.17497326383735842,0.32911250477020254,0.058248123531561946,0.15490607101368886,0.30332194226871,0.15413924093284412,0.27802105948600653,0.14841587125502115
21,30,easy,additive,0.04833251809937714,0.14155318612876505,0.3408693404578786,0.049066768148555845,0.11183548615348941,0.3175785670972945,0.19931615432911354,0.2925368223585014,0.20574308094380506
21,5,broad,additive,0.025200560900083494,0.19873954522294504,0.24631496989124804,0.011918679574818696,0.22271057808393108,0.22966544055717936,0.047575424668303,0.22111440899116455,0.00695486247324828
21,10,broad,additive,0.04676495809264068,0.23932361892104434,0.2989179733037268,0.03486198735760555,0.2453389697013878,0.2754840323172594,0.059594354382682485,0.25215301521108613,0.030145062615871576
21,15,broad,additive,0.050304474662364505,0.25899778918075317,0.2968026244956724,0.041831863450032515,0.2569095890274776,0.2756935018819246,0.03780483531491924,0.2464981498333079,0.01878391285444697
21,30,broad,additive,0.052132529086953885,0.27946602519574687,0.33910998519893815,0.04140207312691156,0.26299146334676443,0.3103141562775325,0.059643960003191276,0.2869774561119843,0.04732269293076807
21,5,easy,catch_up,-0.6496747690237599,0.6584226361440265,0.11089880162844015,-0.7445054355355376,0.7357522451686479,0.06172040594588425,-0.5475238345155864,0.7605735706522,-0.6740318392227637
21,10,easy,catch_up,-0.694780554151173,0.7124913338301919,0.16489910367605512,-0.802601732594202,0.7986666089989265,0.10490664991025962,-0.5475922301541368,0.8596796578272281,-0.6937599590886668
21,15,easy,catch_up,-0.7112400613247493,0.7385619364082481,0.21166091277074292,-0.8193889870486452,0.8191476449165661,0.1252662714489785,-0.5269010236375051,0.9229009740954922,-0.6938813734675876
21,30,easy,catch_up,-0.7457478986738023,0.7666630301940848,0.2288384992950916,-0.8474509138610592,0.8453088898446514,0.13716889905452603,-0.5378245308989932,0.9745863979688939,-0.7081399907901254
21,5,broad,catch_up,-0.5565513840984065,0.6117750535242455,0.21069500103268823,-0.6872510992464368,0.6676031484315221,0.0722707747114068,-0.4010800524915573,0.7672463851310948,-0.5953323737201153
21,10,broad,catch_up,-0.6222897735065546,0.7146480767140305,0.29877516009026134,-0.7669680822103573,0.7699120578571425,0.1420834033414524,-0.4158729166237692,0.921064933596816,-0.62782865451569
21,15,broad,catch_up,-0.6330420996807763,0.7549667367068389,0.34257330471516145,-0.7880277997367016,0.7982355973353054,0.14783032036186988,-0.41239343199167744,0.9756154043959377,-0.6504052769734354
21,30,broad,catch_up,-0.7030794075357607,0.7985239671093759,0.36031643399948604,-0.8488923513931733,0.8690630588166606,0.1673736571345958,-0.43820753310988986,1.0633958415352467,-0.7016894016820647
22,5,easy,proportional,0.5257816382507116,-0.09971144865226965,0.49090657449450975,0.7783738332789589,-0.10007702141639599,0.8114156423883022,0.5906180231467794,-0.03487506375620181,0.9114926638046982
22,10,easy,proportional,0.5720555231729574,-0.12213719516677325,0.5329321373273309,0.8289963459661391,-0.09947129566043468,0.864021464950657,0.6550693324941042,-0.03912338584562647,0.9634927606110917
22,15,easy,proportional,0.571542075598565,-0.15894304076064067,0.5291487242993622,0.8485951604367732,-0.13783292289968363,0.8826181519217079,0.6880917650600029,-0.04239335129920274,1.0204510748213915
22,30,easy,proportional,0.596867604456094,-0.20517943660231944,0.545437460905137,0.8741338400028468,-0.19169877599749852,0.9089070569044104,0.7506168975074564,-0.051430143550956986,1.100605832901909
22,5,broad,proportional,0.5836753680856949,0.010663644727537086,0.5837713011697934,0.7273771381224624,0.0747730179018547,0.8214024741440649,0.5731076564422563,9.593308409849843e-5,0.7466294562422102
22,10,broad,proportional,0.6351957024438841,0.038694181150234194,0.639459567779612,0.7927199659969854,0.12082170380701635,0.8732018376772075,0.6007653866293778,0.004263865335727868,0.7523801338701912
22,15,broad,proportional,0.6462658546771192,0.005131790293821022,0.6395048852916642,0.8307319045408944,0.10084299496956801,0.9018529203279311,0.6343730949978431,-0.006760969385455007,0.801009925358363
22,30,broad,proportional,0.6782993228343401,0.0476875206330866,0.6780385684732744,0.8610856461407242,0.17147538614745136,0.9295199249986844,0.6303510478401878,-2.6075436106576255e-4,0.758044538851233
22,5,easy,additive,0.023416350492423195,0.14932167057166396,0.27702497087367917,0.03482698751125952,0.12168376291126237,0.29997253124599804,0.1277033003020152,0.253608620381256,0.17828876833473567
22,10,easy,additive,0.025553878578729167,0.18493834929885525,0.3235696834630758,0.03382470530908836,0.151204400348884,0.33144818795598063,0.13863133416422055,0.29801580488434665,0.18024378760709664
22,15,easy,additive,0.029435838547262057,0.15896127468091298,0.3348668773136124,0.03513703000965595,0.12886867349874798,0.34268369793003395,0.17590560263269944,0.30543103876635036,0.21381502443128597
22,30,easy,additive,0.027454757640647406,0.18786874541935775,0.35542479664359317,0.03839059785341652,0.15318001923047408,0.3435516999082009,0.16755605122423542,0.32797003900294575,0.1903716806777268
22,5,broad,additive,0.016570802089227853,0.24846815163588798,0.280844444721267,0.021308630576603604,0.20239942003034803,0.2678202965102852,0.03237629308537904,0.2642736426320392,0.06542087647993719
22,10,broad,additive,0.00880317115544421,0.31166257452816987,0.30934609273925107,0.03261349321976778,0.26460501589071883,0.293485050244904,-0.0023164817889188005,0.30054292158380685,0.02888003435418518
22,15,broad,additive,0.011157182919934557,0.32447068358596215,0.33152865673297294,0.03604456735992038,0.2704424153424714,0.313009017129319,0.007057973147010788,0.3203714738130384,0.042566601786847624
22,30,broad,additive,0.012496168275450194,0.4010245314537863,0.3622145597452008,0.03844529455161078,0.3324728459367875,0.34454135623105536,-0.03880997170858552,0.3497183914697506,0.012068510294267865
22,5,easy,catch_up,-0.624475402989408,0.6389400184179029,0.09579272607658199,-0.7575237888753408,0.7544519257618069,0.03652757127678229,-0.543147292341321,0.7202681290659899,-0.7179243544850246
22,10,easy,catch_up,-0.6772370836637228,0.7002505490275173,0.17249276394642873,-0.8125496395882362,0.8074462251670375,0.09427277111897187,-0.5277577850810885,0.8497298476101516,-0.7131734540480656
22,15,easy,catch_up,-0.6954821599208153,0.7161192684941119,0.19348971880990348,-0.8299176579061273,0.8243121639222389,0.11336923041410502,-0.5226295496842084,0.8889718787307188,-0.7109429335081339
22,30,easy,catch_up,-0.7186056558081524,0.7451070102807115,0.2437553182683638,-0.8511186111715567,0.8594043718307308,0.16244152374318635,-0.5013516920123476,0.9623609740765162,-0.6969628480875445
22,5,broad,catch_up,-0.5509150834309834,0.6126996685293308,0.20658826481617287,-0.7163092291561656,0.7313153441562897,0.11355521698525187,-0.4061114037131579,0.7575033482471563,-0.6177601271710379
22,10,broad,catch_up,-0.6207587732476708,0.712709546476232,0.2960750815277643,-0.7806494720713606,0.800189158113391,0.1556145710702354,-0.4166344649484677,0.9168338547754351,-0.6445745870431556
22,15,broad,catch_up,-0.6628588521247493,0.7489329665578502,0.31278046532075154,-0.815918460730541,0.8402255232905328,0.1632656949469365,-0.4361525012370987,0.9756393174455008,-0.6769598283435962
22,30,broad,catch_up,-0.682395437441131,0.7946277975339141,0.38642497800548514,-0.8436481874434326,0.8904713869493768,0.22578074789487587,-0.40820281952842896,1.068820415446616,-0.6646906390545009
23,5,easy,proportional,0.5531867964138335,-0.08894149476937568,0.5216348754986971,0.8002975577111596,-0.07838067595022516,0.8305868137144315,0.6105763702680729,-0.03155192091513637,0.9089674896646567
23,10,easy,proportional,0.5802152040233769,-0.1120403650757858,0.5378895878250269,0.849810123374367,-0.11777194147110448,0.8767485407549525,0.6499299529008127,-0.04232561619834996,0.9945204822260569
23,15,easy,proportional,0.5627656047501468,-0.1544151889177415,0.5196561836331981,0.8675579402424294,-0.1639116814462125,0.8909466150981713,0.6740713725509396,-0.04310942111694871,1.0548582965443838
23,30,easy,proportional,0.5931641763786757,-0.20022789688023682,0.5380245101656632,0.8934798344804029,-0.16953101068316642,0.9146356210554789,0.7382524070459,-0.05513966621301247,1.0841666317386454
23,5,broad,proportional,0.5615526019169746,0.09725852094593793,0.6241606995814661,0.6864412978692247,0.12707524588878055,0.7731508615621936,0.5269021786355282,0.06260809766449149,0.6460756156734131
23,10,broad,proportional,0.6274580454611002,0.08968360490449252,0.6624178135558291,0.7963505616340002,0.11491692118943668,0.8627625728780383,0.5727342086513365,0.034959768094728894,0.7478456516886016
23,15,broad,proportional,0.6286538955689027,0.02562970002028549,0.6407239732365666,0.8483211596593432,0.07378979885923082,0.9036030808481168,0.6150942732162811,0.012070077667663881,0.8298132819888859
23,30,broad,proportional,0.6865616992224947,0.04023229641247572,0.6725993629006487,0.8862835274175306,0.16998383372368353,0.9340309692481357,0.632367066488173,-0.013962336321845958,0.7640471355244521
23,5,easy,additive,0.020666413381075315,0.17175775619754563,0.26155240834395105,0.024934405181371595,0.1465754549156241,0.249592726745114,0.08979465214640542,0.24088599496287574,0.10301727182948991
23,10,easy,additive,0.023764870363444716,0.18940600536821084,0.30647682935442894,0.01578337636429017,0.1806073088503217,0.28799577451084174,0.1170708239862181,0.2827119589909842,0.10738846566052004
23,15,easy,additive,0.0189976547145661,0.1659210983175903,0.31696175962997925,0.012982856790445174,0.16378358965596312,0.29376118111764804,0.15104066131238894,0.29796410491541314,0.12997759146168492
23,30,easy,additive,0.016329847579190176,0.2096658923157751,0.34588534650743546,0.009162461062825027,0.18293897816899468,0.29634404826753324,0.13621945419166037,0.3295554989282453,0.11340507009853856
23,5,broad,additive,0.002698946529719481,0.19951120303258557,0.22037570812743174,-9.321806214328198e-4,0.18542753747748209,0.19869097908917727,0.020864505094846164,0.21767676159771226,0.013263441611695181
23,10,broad,additive,0.007704148322663086,0.23890430108747143,0.2577033449391017,-0.004452721235627289,0.22865991573247801,0.2355051630665305,0.018799043851630254,0.2499991966164386,0.006845247334052479
23,15,broad,additive,0.008103314069428094,0.25121558021452034,0.2959643095052805,4.955263448056697e-5,0.24428101361265958,0.26953357742246165,0.04474872929076018,0.2878609954358524,0.025252563809802064
23,30,broad,additive,0.015220746385811862,0.3534805992656135,0.32130092748686356,0.008544633953173925,0.3452340456356285,0.2905604836064302,-0.03217967177874992,0.30608018110105173,-0.054673562029198264
23,5,easy,catch_up,-0.6573609414526959,0.6830544835926521,0.15595897420930613,-0.7520261915859657,0.7448835894892588,0.07620054239048756,-0.5270955093833459,0.813319915662002,-0.6686830470987712
23,10,easy,catch_up,-0.7106738156627175,0.7399317720834432,0.19743265651043224,-0.8145443477731685,0.8120346818699623,0.09828971483039353,-0.542499115573011,0.9081064721731498,-0.7137449670395688
23,15,easy,catch_up,-0.7388172906902964,0.7610827764444291,0.19879855410246486,-0.8317919701973596,0.8279074736970533,0.09917541655350941,-0.5622842223419643,0.9376158447927613,-0.7287320571435439
23,30,easy,catch_up,-0.7653509218701976,0.7922615678282745,0.224878810075548,-0.8613985218439665,0.8655191225831439,0.11260833695785562,-0.5673827577527265,0.9902297319457456,-0.7529107856252882
23,5,broad,catch_up,-0.5418076773397019,0.6267921235861337,0.2831662862750396,-0.6540785607212114,0.6374928607306708,0.13671516811280807,-0.3436258373110941,0.8249739636147415,-0.5007776926178628
23,10,broad,catch_up,-0.6383806028380786,0.7368411262115806,0.32983103734612385,-0.7766980146953995,0.7658130915670741,0.151187742192126,-0.40701008886545675,0.9682116401842025,-0.6146253493749481
23,15,broad,catch_up,-0.702653693507564,0.7783376949899024,0.3331924713099654,-0.8229741865272482,0.8190972622873504,0.15433461706482332,-0.445145223679937,1.0358461648175294,-0.664762645222527
23,30,broad,catch_up,-0.7167870853661477,0.8290594742063108,0.3720252131512939,-0.8537704211310047,0.8865805385019538,0.15971550491025185,-0.4570342610550169,1.0888122985174415,-0.726865033591702
24,5,easy,proportional,0.47375109716477487,-0.11838970814896974,0.4321949759616791,0.76531934459985,-0.15197429454418626,0.7771988263145905,0.5505846841106489,-0.041556121203095764,0.9291731208587768
24,10,easy,proportional,0.5110409274337173,-0.15669163274333742,0.46607485211409005,0.8148781947926599,-0.17224604971237575,0.8399133129558661,0.6227664848574275,-0.04496607531962726,1.012159362668242
24,15,easy,proportional,0.5295363002876394,-0.1987651597752726,0.47530794455990394,0.8411861673810701,-0.2499671897898468,0.859125013668318,0.6740731043351765,-0.05422835572773549,1.1090922034581647
24,30,easy,proportional,0.5434991115450071,-0.22770209374476447,0.48948353002953227,0.8689830573109081,-0.2266190856852565,0.8986536532972342,0.7171856237742967,-0.05401558151547481,1.1252727389824908
24,5,broad,proportional,0.5239610550176607,0.012454710823347486,0.5381845568144855,0.7116284540359394,0.07172629130302229,0.8114760544885979,0.525729845991138,0.014223501796824856,0.7397497631855756
24,10,broad,proportional,0.5670235764302459,0.0057437583376018985,0.5778265871990071,0.78607526226758,0.05576299988986048,0.8689985838246201,0.5720828288614053,0.010803010768761223,0.8132355839347597
24,15,broad,proportional,0.5925412509117297,0.005803708943463844,0.5925286387463964,0.8298868376411497,0.07263631759092772,0.8968737516910005,0.5867249298029326,-1.2612165333325542e-5,0.8242374341000728
24,30,broad,proportional,0.619105989914143,0.023125463695247442,0.6126540370328059,0.868154276826086,0.13093007138339618,0.9249520456684601,0.5895285733375584,-0.006451952881337153,0.7940219742850639
24,5,easy,additive,0.012534728917365377,0.12640159611036883,0.2544659774734666,-0.0020261153618045965,0.12536254577676417,0.2480595292849446,0.12806438136309778,0.24193124855610124,0.12269698350818042
24,10,easy,additive,0.018016482439466755,0.14749350604676936,0.3055475087149066,-0.0024278293666162264,0.15130125486323598,0.2918730820480315,0.15805400266813724,0.28753102627543986,0.1405718271847955
24,15,easy,additive,0.02154198997858228,0.15390124103842046,0.31430843776971307,-5.689578515100915e-4,0.14497724167354403,0.28713014136550913,0.1604071967312926,0.2927664477911308,0.1421528996919651
24,30,easy,additive,0.0306852589166591,0.1632273375641238,0.3469884937944235,0.006318862572352111,0.16429358101272568,0.3257976086108377,0.18376115623029968,0.3163032348777644,0.161504027598112
24,5,broad,additive,0.002039248593850705,0.24388809593742589,0.2986348719501454,-0.023906932359526883,0.23821901940655973,0.27110682789481966,0.05474677601271949,0.2965956233562947,0.03288780848825992
24,10,broad,additive,3.148785460320814e-4,0.27881900792438313,0.3155469317280928,-0.024903246522869557,0.28073785928777295,0.27571291546923343,0.03672792380370965,0.3152320531820607,-0.005024943818539518
24,15,broad,additive,0.0017636344048447491,0.3099199031692196,0.3333401633790301,-0.019647923721839215,0.3177774277975936,0.2921286929805389,0.02342026020981053,0.3315765289741854,-0.025648734817054708
24,30,broad,additive,0.021747437693219875,0.3349653252418657,0.3633633625345626,0.006353168336441352,0.3356448337674601,0.3244376229961787,0.02839803729269691,0.34161592484134273,-0.01120721077128145
24,5,easy,catch_up,-0.6537084027910056,0.6589015307115396,0.11220819623335206,-0.751347592067003,0.7470811695868398,0.09455590552003228,-0.5466933344781875,0.7659165990243577,-0.6525252640668076
24,10,easy,catch_up,-0.6960763405575918,0.707375852519471,0.1561565605138643,-0.7969199552236013,0.7928244169026016,0.11613776065535256,-0.5512192920056067,0.8522329010714561,-0.6766866562472491
24,15,easy,catch_up,-0.7230024197890073,0.7373492470924532,0.16735116570522937,-0.817974633638995,0.8164033051573387,0.1116613069800263,-0.5699980813872239,0.8903535854942366,-0.7047419981773124
24,30,easy,catch_up,-0.7294400707047363,0.7497852180075322,0.2217486724983144,-0.8364334410827747,0.8434452470280719,0.1555832948100887,-0.5280365455092177,0.9511887432030507,-0.6878619522179832
24,5,broad,catch_up,-0.5861822265497162,0.6376842305545379,0.2199474590736539,-0.719453632613512,0.7290091734995423,0.14449609322988646,-0.41773677148088406,0.8061296856233701,-0.5845130802696559
24,10,broad,catch_up,-0.6518002061047784,0.7177340600596639,0.2806929908821139,-0.7857633972455328,0.7966454176357531,0.17332140699988768,-0.43704106917755,0.9324931969868924,-0.6233240106358655
24,15,broad,catch_up,-0.6902387771095867,0.7701162863315634,0.3227220588320018,-0.8221593418501293,0.8453335048269374,0.1983037530009827,-0.4473942274995616,1.0129608359415885,-0.6470297518259547
24,30,broad,catch_up,-0.7012868581811772,0.799185863199468,0.3754139950879514,-0.8370832525942465,0.8810271451307656,0.23492382297307698,-0.4237718681115166,1.0767008532691287,-0.6461033221576886
25,5,easy,proportional,0.447681106202447,-0.08341553582857066,0.41643521455924876,0.7795383538444303,-0.11305827069256592,0.7974279753631295,0.4998507503878194,-0.031245891643198243,0.9104862460556954
25,10,easy,proportional,0.4908804500733479,-0.11104758733099143,0.4525277986146666,0.8327898178740932,-0.1493265056669061,0.8626006963495448,0.563575385945658,-0.03835265145868133,1.011927202016451
25,15,easy,proportional,0.5177337114143945,-0.11766369069561301,0.47542799495659405,0.8549475402205372,-0.09625595532575418,0.8888746053111513,0.593091685652207,-0.04230571645780046,0.9851305606369054
25,30,easy,proportional,0.527226447010408,-0.16932952832656856,0.4841389338230254,0.8760781088410314,-0.16067353421806935,0.911621281955239,0.653468462149594,-0.043087513187382576,1.0722948161733084
25,5,broad,proportional,0.5124657852084913,-0.025418085809181805,0.49162956762169185,0.7475225342314576,0.025110999290504015,0.8041339574469588,0.5170476534308737,-0.020836217586799433,0.7790229581564548
25,10,broad,proportional,0.564559186706165,0.007939187022725664,0.5499489578103754,0.8058229029640687,0.08351762646265073,0.8697703048731252,0.5420097707876498,-0.014610228895789557,0.7862526784104745
25,15,broad,proportional,0.5917648061873104,0.04749884012214107,0.5834687500267114,0.8224372712116876,0.16434862680515538,0.8877471057165198,0.5359699099045703,-0.00829605616059903,0.7233984789113644
25,30,broad,proportional,0.6154722780714298,0.039534716995552104,0.6050505410250319,0.8676459782302831,0.17026817656195797,0.9213402307350371,0.5655158240294798,-0.010421737046397928,0.7510720541730791
25,5,easy,additive,0.02417239717624479,0.11755300868824407,0.2597233024655336,0.016595691803845153,0.13200179960309172,0.2708030621600933,0.1421702937772895,0.23555090528928882,0.1388012625570016
25,10,easy,additive,0.02434520805555514,0.15675750316376622,0.3038246553707458,0.02035579622913076,0.1551981489926905,0.3064912215633652,0.1470671522069796,0.2794794473151907,0.15129307257067473
25,15,easy,additive,0.02743340532363866,0.18414926522033928,0.3217271167307018,0.026162966965718844,0.1670079802339429,0.3188947306462751,0.13757785151036253,0.2942937114070632,0.1518867504123322
25,30,easy,additive,0.018704904758079344,0.19626426529514013,0.33948151024532236,0.019372302476825504,0.1672187164011213,0.32063309012672614,0.14321724495018223,0.320776605487243,0.15341437372560485
25,5,broad,additive,0.04100187807387821,0.2070479950811574,0.29621220375966256,0.030572473814145594,0.2347841118501005,0.30411694569477943,0.08916420867850516,0.25521032568578433,0.06933283384467892
25,10,broad,additive,0.03307773114045399,0.27494067724855725,0.32536106266712966,0.02457177656322289,0.28708959109643595,0.3203527602178615,0.05042038541857241,0.2922833315266757,0.03326316912142557
25,15,broad,additive,0.03325626366231688,0.28724706265989486,0.3132931213968843,0.02183469460123727,0.2945591478542562,0.3008655589546949,0.026046058736989453,0.28003685773456743,0.006306411100438725
25,30,broad,additive,0.027899375343950764,0.3334654305642473,0.33904604658838733,0.017559603506636372,0.3447292677639566,0.3210967782877644,0.005580616024140006,0.31114667124443657,-0.02363248947619223
25,5,easy,catch_up,-0.6607884078053164,0.671316463093635,0.12132529430994834,-0.7472620305183721,0.741334780998708,0.09247209386200872,-0.5499911687836867,0.7821137021152648,-0.6488626871366993
25,10,easy,catch_up,-0.7040404516205516,0.7204211219632821,0.16705526795618608,-0.7993196964455401,0.7892109800041067,0.10293450005988924,-0.553365854007096,0.8710957195767377,-0.6862764799442175
25,15,easy,catch_up,-0.7119570066865923,0.7410458468666351,0.2174723487764747,-0.8178210836748079,0.8220968239719877,0.13400714590426124,-0.5235734980901604,0.929429355463067,-0.6880896780677265
25,30,easy,catch_up,-0.7442966531707617,0.7762900505403012,0.25755536286687586,-0.8467292900967979,0.8552836736976042,0.15170529364479898,-0.5187346876734253,1.0018520160376374,-0.7035783800528052
25,5,broad,catch_up,-0.572149341293648,0.6259173416672891,0.21636932994454622,-0.7131515091136843,0.7256317933967639,0.1358528460122753,-0.40954801172274286,0.7885186712381942,-0.58977894738448855
25,10,broad,catch_up,-0.6321632638940984,0.719187807157201,0.2948486463974535,-0.7716376653912194,0.7929613333940487,0.1658522087302817,-0.4243391607597475,0.9270119102915519,-0.627109124663767
25,15,broad,catch_up,-0.645042242836288,0.7529287069995719,0.3317757614952055,-0.7911964386882445,0.8085870451795201,0.1647273861441525,-0.42115294550436644,0.9768180043314935,-0.6438596590353676
25,30,broad,catch_up,-0.6930738465722677,0.8181280805613296,0.3977015553001383,-0.8388546515967024,0.878476957582302,0.20098645659873715,-0.4204265252611913,1.0907754018724058,-0.6774905009835649
26,5,easy,proportional,0.5578093690046115,-0.12416811424820429,0.5180223061463699,0.7806965527895047,-0.11187542920200669,0.812953081189469,0.6421904203945742,-0.03978706285824163,0.9248285103914756
26,10,easy,proportional,0.5888323726565262,-0.1576463409742188,0.53555696762984,0.830783386831665,-0.12208698101163361,0.8611638586311934,0.6932033086040588,-0.05327540502668626,0.983250839642827
26,15,easy,proportional,0.6055116735240057,-0.16090978141257822,0.5506443011928216,0.8496040346769123,-0.10726514686096224,0.8786984010812718,0.7115540826053999,-0.054867372331184106,0.9859635479422341
26,30,easy,proportional,0.606827887885286,-0.23084138294815781,0.5537557596494764,0.8706514824674013,-0.18651457110616995,0.9058084422429372,0.7845971425976342,-0.053072128235809535,1.092323013349107
26,5,broad,proportional,0.5681210046996167,0.052250219486716744,0.6179616041045162,0.6860164488584238,0.08537649543949542,0.7956059666820711,0.5657113846177995,0.04984059940489949,0.7102294712425756
26,10,broad,proportional,0.64329017004267,0.03751510359431916,0.6520894140718991,0.776322181053416,0.13777333468754682,0.8711306053738302,0.6145743104775799,0.008799244029229158,0.7333572706862834
26,15,broad,proportional,0.6763118616579098,0.06656476583842133,0.6816813440483352,0.8104609026249338,0.1876947755896706,0.8964617662505974,0.61511657820991394,0.005369482390425451,0.7087669906609267
26,30,broad,proportional,0.6913729616475025,0.033089386909683265,0.6869422748795574,0.8527344636146801,0.1751298068036213,0.9252328214342608,0.6538528879698742,-0.004430686767945113,0.7501030146306394
26,5,easy,additive,-0.010473626101107083,0.1959744445414463,0.2809537814065476,-0.0032755534011448552,0.1788794835600664,0.27740634656379126,0.08497933686510128,0.29142740750765467,0.09852686300372487
26,10,easy,additive,-0.002541915003084161,0.20432801015843038,0.30728344062874197,-0.005226695835252375,0.19194661398215976,0.28678613051783036,0.10295543047031158,0.3098253556318261,0.0948395165356706
26,15,easy,additive,-0.0043933085416320685,0.23241657786219033,0.33371671547622994,-0.00586046260282155,0.2043372794209261,0.30761104278748047,0.10130013761403961,0.338110024017862,0.10327376336655436
26,30,easy,additive,-0.006357875697900251,0.2259524197535655,0.3518188764699718,-0.010601025736746329,0.19620987237670803,0.3142718144118271,0.12586645671640628,0.35817675216787204,0.11806194203511908
26,5,broad,additive,-0.06173030374477152,0.3197171626132311,0.28563789519049343,-0.05033216520149909,0.2890529162837056,0.2614255147945283,-0.03407926742273765,0.34736819893526494,-0.027627401489177306
26,10,broad,additive,-0.03197816108505243,0.37378593625272627,0.3234008007165419,-0.02916058043010656,0.33664488037106555,0.29594906882824956,-0.050385135536184344,0.35537896180159434,-0.040695811542815985
26,15,broad,additive,-0.02223226513392617,0.41063949067224714,0.3413547287174001,-0.020709665980756353,0.3710811027796112,0.3159229905287203,-0.06928476195484706,0.36358699385132626,-0.0551581122508909
26,30,broad,additive,-0.01795016459216014,0.42132709146070824,0.35184449769676335,-0.02081432049402305,0.38926173147764803,0.32027203419690337,-0.06948259376394489,0.3697946622889235,-0.06898969728074467
26,5,easy,catch_up,-0.6573318347008261,0.6772883263763827,0.1416560170342528,-0.7565342673215888,0.7506193615254629,0.07124417339941802,-0.5356323093421299,0.7989878517350789,-0.6793751881260449
26,10,easy,catch_up,-0.7012324926214525,0.7206605965734433,0.17165751954222447,-0.809958288233974,0.8060073726953266,0.08698322982583537,-0.5490030770312189,0.8728900121636769,-0.7190241428694912
26,15,easy,catch_up,-0.7198179050538511,0.7461873697219324,0.19959991714410918,-0.8230584510125778,0.82404668748742,0.09492445245652924,-0.5465874525778233,0.9194178221979603,-0.7291222350308908
26,30,easy,catch_up,-0.7439912586460358,0.7704199844867979,0.23125399533535063,-0.8442191635961177,0.8503671270219358,0.12094103975415826,-0.5391659891514473,0.9752452539813864,-0.7294260872677776
26,5,broad,catch_up,-0.588860027667014,0.6791057900445647,0.2814786639029862,-0.7125414220758213,0.712942877870715,0.13883497458081492,-0.3976271261415785,0.8703386915700002,-0.5741079032899
26,10,broad,catch_up,-0.6296555150714523,0.739945419924378,0.32131680730208956,-0.7863417514988471,0.8176030864844297,0.160360537604827,-0.41862861262228845,0.9509723223735419,-0.6572425488796028
26,15,broad,catch_up,-0.648412663181756,0.7780240407297386,0.3659055264154771,-0.8051765625941755,0.8532139882107348,0.19333524312576966,-0.41211851431426155,1.014318189597233,-0.6598787450849651
26,30,broad,catch_up,-0.6906047597858088,0.8125111285101226,0.3974995958828942,-0.8411533999587351,0.8896261684704239,0.21634816193933412,-0.41501153262722845,1.088104355668703,-0.6732780065310897
27,5,easy,proportional,0.4804968073498315,-0.09707129246562884,0.45032292225574855,0.7559959970574716,-0.09439777125707671,0.789295826977674,0.5473942147213774,-0.030173885094082975,0.8836935982347507
27,10,easy,proportional,0.49848379075339266,-0.15761227037807232,0.446526183187192,0.8126438962530842,-0.1533051648402182,0.8299785923412814,0.6041384535652643,-0.05195760756620066,0.9832837571814995
27,15,easy,proportional,0.5341137400548812,-0.21267564956909688,0.46855326139175335,0.8516650311413007,-0.2457993148320463,0.8580332032999226,0.6812289109608503,-0.06556047866312786,1.103832518131969
27,30,easy,proportional,0.5546458201716581,-0.24827844287880851,0.4973552786453385,0.8787442516471767,-0.2578787700939247,0.9039857571190096,0.7456337215241471,-0.05729054152631957,1.1618645272129342
27,5,broad,proportional,0.5289314061746208,0.003040136731666647,0.5373472316414877,0.721823254946121,0.057758110226157906,0.8083289726178701,0.534307094909821,0.008415825466866922,0.7505708623917121
27,10,broad,proportional,0.5692554388780624,-0.057830077278143724,0.5471625092548887,0.8156143158686031,0.012300861833820344,0.877208093083197,0.6049925865330325,-0.022092929623173663,0.8649072312493766
27,15,broad,proportional,0.611863553838378,-0.07676903643002604,0.5773864198740346,0.8460457556895026,0.013091931004005745,0.8995736510071132,0.6541554563040607,-0.034477133964343376,0.8864817200031074
27,30,broad,proportional,0.6357812078072947,-0.0700931994861821,0.6098724137321556,0.876407427244245,0.03159585452642221,0.9298087024202627,0.6799656132183377,-0.02590879407513913,0.8982128478938405
27,5,easy,additive,-0.015248623560778657,0.174117234282077,0.2854815465168911,0.016167249395828864,0.14894069488217043,0.3166368813186193,0.1113643122348141,0.3007301700776698,0.16769618643644885
27,10,easy,additive,-0.003453929302505819,0.1487155558669021,0.3093284124503669,0.021928474391098754,0.12609265733565814,0.3403091786062317,0.1606128565834648,0.31278234175287273,0.21421652127057358
27,15,easy,additive,0.004014945706618724,0.15015757935956414,0.31861965306913526,0.03632955501673089,0.09992200913262808,0.34769006053433565,0.16846207370957111,0.31460470736251656,0.24776805140170757
27,30,easy,additive,0.001049976497138047,0.1771198310025659,0.35007811345225376,0.02483196012401888,0.1375899330842399,0.3573747302933057,0.17295828244968786,0.3490281369551157,0.2197847972090658
27,5,broad,additive,-0.03080916416286846,0.24066594320292922,0.26695448360887297,0.0023547089920946005,0.2200516888281206,0.27152482778650694,0.02628854040594375,0.2977636477717414,0.051473138958386344
27,10,broad,additive,-0.011735329319096328,0.25313422357479004,0.31605377160774856,0.005589644637508413,0.24174002490999977,0.32133932591878356,0.06291954803295852,0.3277891009268449,0.07959930100878379
27,15,broad,additive,-0.00932411582030371,0.30373316848320797,0.33822852417823723,0.012125017491298356,0.28077638184173626,0.33124339211555065,0.03449535569502926,0.34755263999854097,0.050467010273814394
27,30,broad,additive,1.9322701192164176e-4,0.3029696293490584,0.34223164708522963,0.016937151372281144,0.27443077506561325,0.33357551858090895,0.03926201773617122,0.342038420073308,0.059144743515295695
27,5,easy,catch_up,-0.6298806425299098,0.6390193122905986,0.11525168062791309,-0.7260655562606404,0.7192982132303182,0.0766473618964263,-0.5237676316626855,0.745132323157823,-0.6426508513338919
27,10,easy,catch_up,-0.6678488248126233,0.6777040729102569,0.11713790909473225,-0.775652942407829,0.7687142868373699,0.0709739850795808,-0.5605661638155247,0.7849867339073555,-0.697740301757789
27,15,easy,catch_up,-0.6877711684396806,0.6998130710850442,0.13429814042014437,-0.8043519234043972,0.8041570186300695,0.08237184963838508,-0.5655149306648999,0.822069308859825,-0.7217851689916844
27,30,easy,catch_up,-0.7025455743487874,0.7226075301717454,0.20840630485941414,-0.8403179111102358,0.8458871814381742,0.13035800711054932,-0.5142012253123313,0.9109518792082015,-0.7155291743276249
27,5,broad,catch_up,-0.5798223751978536,0.6246391149065283,0.22260688753542224,-0.713964706985513,0.7075564011397535,0.1087653638630709,-0.4020322273711061,0.8024292627332759,-0.5987910372766826
27,10,broad,catch_up,-0.6426568657436403,0.6858825937012173,0.23902462712895053,-0.7976486102700259,0.8029447227166707,0.132338162714397,-0.44685796657226673,0.8816814928725909,-0.6706065600022737
27,15,broad,catch_up,-0.6541253569701114,0.7104583531629339,0.25859901841264377,-0.8250305406712485,0.8508117509122902,0.14417823755473094,-0.45185933475029016,0.9127243753827552,-0.7066335133575593
27,30,broad,catch_up,-0.6800646506370969,0.7579172946524974,0.36399374753606883,-0.8457825218547825,0.870286440718772,0.19827755463470945,-0.3939235471164285,1.0440583981731657,-0.6720088860840626
28,5,easy,proportional,0.5249626621681163,-0.05754010851488957,0.48025343355956013,0.7550853135100101,0.0010275020429214182,0.7975489507316614,0.5377935420744497,-0.04470922860855614,0.79652144868874
28,10,easy,proportional,0.5202825845572485,-0.11261949917753433,0.4687449614752614,0.817197261004548,-0.12110207476154902,0.8375843601137369,0.5813644606527957,-0.051537623081987116,0.9586864348752859
28,15,easy,proportional,0.5506476285885707,-0.13152257427906336,0.49740414749098605,0.8435546377308756,-0.07730700997669254,0.8777940799140963,0.6289267217700494,-0.0532434810975847,0.9551010898907888
28,30,easy,proportional,0.5531812429502723,-0.19910493145529967,0.4975588515197722,0.8690778359168453,-0.2080661877162713,0.9041173589397158,0.6966637829750719,-0.05562239143050007,1.112183546655987
28,5,broad,proportional,0.5352665232558316,0.09177650474113987,0.5858592627849502,0.5882241444129347,0.18057216134831414,0.7308454974674498,0.4940827580438103,0.05059273952911858,0.5502733361191356
28,10,broad,proportional,0.5793208773159204,0.016406397142362857,0.5824174196960493,0.7791599433045142,0.08705440343119389,0.8601192904790604,0.5660110225536865,0.0030965423801289083,0.7730648870478666
28,15,broad,proportional,0.6237296383902214,0.046312353605622865,0.6234893648421362,0.8079352098066749,0.16426933227940296,0.8912663662356349,0.5771770112365133,-2.402735480852014e-4,0.7269970339562319
28,30,broad,proportional,0.6450432961251985,0.004102185265040434,0.630729753156935,0.8637684898631736,0.116153863604982,0.9217376769430259,0.6266275678918946,-0.014313542968263482,0.8055838133380439
28,5,easy,additive,-0.011241574311138751,0.22644300089760713,0.27041458868781343,0.0017474951271046909,0.20917723737759752,0.2576977732688468,0.043971587790206296,0.2816561629989522,0.04852053589124927
28,10,easy,additive,0.0028727020535374522,0.19545508370259718,0.304748548596739,0.0073015572979408866,0.16577376128804766,0.2870651107146059,0.10929346489414182,0.30187584654320154,0.12129134942655823
28,15,easy,additive,-0.0217097857481573,0.26581575504825034,0.33344947072118436,-0.00342846929467869,0.22316752473564144,0.3058320449635496,0.06763371567293402,0.35515925646934166,0.08266452022790816
28,30,easy,additive,-0.009331268699947402,0.2491830179297024,0.35194872519637643,0.0069246042173525466,0.19718075467384866,0.3318008494487771,0.10276570726667403,0.3612799938963238,0.13462009477492842
28,5,broad,additive,0.00339011622694848,0.18224945373857368,0.2050800212267363,0.009976519133060323,0.16405219311662586,0.1940688643049475,0.022830567488162617,0.2016899049997878,0.03001667118832163
28,10,broad,additive,-0.004560268362633202,0.2574804455105321,0.2903859843320059,0.011600477190367768,0.21994377077968422,0.2843454544456235,0.03290553882147379,0.2949462526946391,0.06440168366593926
28,15,broad,additive,-0.024839127997887907,0.36034121799690183,0.31715229070076534,-0.0010015799910329498,0.3033440245742994,0.3000340653729211,-0.04318892729613649,0.34199141869865324,-0.0033099592013782764
28,30,broad,additive,-0.00996010359650983,0.3972136844143665,0.3423373733201,0.012443261855575753,0.32163052441817797,0.3180511458336629,-0.054876311094266494,0.35229747691660984,-0.0035793785845150694
28,5,easy,catch_up,-0.5662659920953068,0.591989022685778,0.14191410754606817,-0.7415706244019504,0.7412254123080482,0.08083761998146301,-0.4500749151397099,0.708180099641375,-0.6603877923265852
28,10,easy,catch_up,-0.6348112254086298,0.6599610674035783,0.15461702723696977,-0.7920806420873959,0.7938421608244421,0.08971563232015115,-0.5053440401666085,0.7894282526455996,-0.704126528504291
28,15,easy,catch_up,-0.6779852647448663,0.7068464657790181,0.1886378710594919,-0.8286053294170015,0.8356589735846245,0.1089851839342565,-0.5182085947195262,0.8666231358043582,-0.726673789650368
28,30,easy,catch_up,-0.6876092190864572,0.7172868076524691,0.23449544369480618,-0.8430726106432785,0.8525094638859829,0.14425421748410272,-0.4827913639576629,0.9221046627812635,-0.7082552464018802
28,5,broad,catch_up,-0.4050352499267719,0.5449447696999559,0.30784240278153774,-0.5718434986135059,0.5819579689951011,0.14765625254956896,-0.23710236691841813,0.7128776527083096,-0.43430171644553217
28,10,broad,catch_up,-0.5928786863043771,0.6907887550634791,0.33051721719985605,-0.7585721312042885,0.7614273789119207,0.17507140166221552,-0.3602715378636231,0.9233959035042332,-0.5863559772497051
28,15,broad,catch_up,-0.620902480761561,0.7443415082904589,0.36509193980808524,-0.7965319590868369,0.80807679367417,0.18482351963791638,-0.3792495684823736,0.9859944205696463,-0.6232532740362535
28,30,broad,catch_up,-0.6511727008508915,0.7810880486745395,0.3977767734354243,-0.8365366207284354,0.8792899861462535,0.19873984272235304,-0.38331127523911523,1.048949474286316,-0.6805501434239005
29,5,easy,proportional,0.475850909365925,-0.11339883761103392,0.4378714192496213,0.7603457703046036,-0.1328829930415691,0.7716325844240008,0.5512702568606552,-0.037979490116303694,0.90451557746557
29,10,easy,proportional,0.508244181197922,-0.13685029724992698,0.46471623798111755,0.8001970867028487,-0.1515747348962702,0.8306792367610228,0.6015665352310445,-0.04352794321680448,0.9822539716572931
29,15,easy,proportional,0.5573695568732518,-0.15698890600668192,0.5042691086054941,0.8409416403655228,-0.1510959156256398,0.8668739174780267,0.661258014612176,-0.05310044826775773,1.0179698331036664
29,30,easy,proportional,0.5703699799623677,-0.2402857145236534,0.5092763656878055,0.8689594465884205,-0.26716488032974117,0.8957875618897615,0.749562080211459,-0.06109361427456217,1.1629524422195026
29,5,broad,proportional,0.5532784366127311,-0.07221262017889465,0.5319104759218037,0.7703741269932194,-0.039132803044239446,0.8170361933390129,0.6041230961006984,-0.02136796069092739,0.8561689963832524
29,10,broad,proportional,0.589514209119362,-0.06742070075690575,0.5662258972902021,0.8134481462186807,-0.028020337846740472,0.8575411752380198,0.6336465980471079,-0.023288311829159913,0.8855615130847603
29,15,broad,proportional,0.634295504436295,-0.004711788541476967,0.6292861122906136,0.8310651770904844,0.07130410320604229,0.8942941615422348,0.6339979008320905,-0.005009392145681413,0.8229900583361925
29,30,broad,proportional,0.666515458376347,-0.06079699746928355,0.641342631815057,0.87033272589594,0.033323092520226125,0.9257785498843158,0.7021396292843406,-0.02517282656128994,0.8924554573640897
29,5,easy,additive,-0.0011555774310189992,0.10620311993800119,0.22928910360304197,-0.005407168350865079,0.09025647001643347,0.24014249902769502,0.12308598366504078,0.23044468103406096,0.14988602901126155
29,10,easy,additive,-0.01545357216385643,0.14445023534128718,0.2865252512903306,-0.014535157931449263,0.1406092449063552,0.278307357773399,0.1420750159490434,0.30197882345418703,0.13769811286704378
29,15,easy,additive,-0.003358306925145766,0.176400001404446,0.319391844087001,-0.006278415682716383,0.17256441369918682,0.31046255539826484,0.142991842682555,0.32275015101214677,0.13789814169907802
29,30,easy,additive,0.0038436226134918403,0.1700365128708822,0.34166315010381565,0.008743557159479665,0.13813358444291773,0.33031462107280357,0.17162663723293345,0.3378195274903238,0.19218103662988584
29,5,broad,additive,-0.004626011808723617,0.22200100014160504,0.2834307464099805,0.0022585324899040307,0.201294179008672,0.2722556124448261,0.06142974626837547,0.28805675821870413,0.0709614334361541
29,10,broad,additive,-0.008213141874602821,0.24285941213332177,0.3090876721774496,-0.002643467964342887,0.23514365806047166,0.28484256131118757,0.06622826004412782,0.3173008140520524,0.04969890325071591
29,15,broad,additive,-0.019199115720536033,0.3350030944363347,0.35502937929465944,-0.005959735671385613,0.3096428936530037,0.3368442554380948,0.02002628485832475,0.37422849501519545,0.027201361785091138
29,30,broad,additive,-0.009972389641198889,0.3669035940204988,0.3721565265844262,0.0016717077848973404,0.3154148700723957,0.3513457503846805,0.005252932563927393,0.3821289162256251,0.03593088031228481
29,5,easy,catch_up,-0.6703696600013248,0.6772114175092446,0.09109726129611159,-0.7414366692610469,0.7302857674103238,0.048246943958153425,-0.586114156213133,0.7614669212974364,-0.6820388234521704
29,10,easy,catch_up,-0.7225376645372216,0.7320555847350232,0.1454682434278057,-0.789775647908039,0.7805979766490563,0.08501347499021034,-0.5865873413072175,0.8680059079650273,-0.695584501658846
29,15,easy,catch_up,-0.7362257909850755,0.7538089380785201,0.21052841087088958,-0.8235224408180141,0.8149616044974051,0.1387115548974612,-0.5432805272076305,0.946754201855965,-0.6762500495999438
29,30,easy,catch_up,-0.7548703492559049,0.7726652184962436,0.25282870346355196,-0.8397463915482536,0.8381054133895091,0.16476505555298196,-0.5198365150326916,1.007699052719457,-0.6733403578365271
29,5,broad,catch_up,-0.6462531813347335,0.6706515594332109,0.15004266088019347,-0.7549470461501407,0.7512970022334535,0.06559142001115903,-0.5206088985530174,0.796295842214927,-0.6857055822222945
29,10,broad,catch_up,-0.6995086346000792,0.7364840511620698,0.24151776757929905,-0.8002584955305364,0.7934933878018441,0.12460906337118122,-0.4949662835827708,0.9410264021793782,-0.6688843244306628
29,15,broad,catch_up,-0.7043884775932665,0.7775941265755566,0.33949362390389415,-0.8223315641341662,0.8291988086492896,0.18947747039602514,-0.43810050267166245,1.0438821014971607,-0.6397213382532645
29,30,broad,catch_up,-0.7326783554178511,0.8161063444159784,0.38726561864751574,-0.8536221754814001,0.8833529678672994,0.2274534432672653,-0.42884072576846266,1.1199439740653667,-0.6558995246000341
30,5,easy,proportional,0.47798407786639263,-0.09058279709969501,0.450995693194095,0.771316256699958,-0.0772778657057294,0.8194580059923848,0.54157849029379,-0.02698838467229764,0.8967358716981142
30,10,easy,proportional,0.49038881886343677,-0.12748605407758115,0.4433067371779704,0.821978963497034,-0.12056368004428986,0.8408249487855775,0.5707927912555516,-0.04708208168546635,0.9613886288298673
30,15,easy,proportional,0.5119605557547358,-0.16715614747700888,0.4565171477115517,0.8490055207873614,-0.17565050219972275,0.8628540026231741,0.6236732951885606,-0.05544340804318404,1.038504504822897
30,30,easy,proportional,0.5118356512494092,-0.21241213154629002,0.4543370772045284,0.8654086018063101,-0.2591208209030501,0.8909411518216965,0.6667492087508184,-0.057498574044880846,1.1500619727247465
30,5,broad,proportional,0.540975463407251,-1.8048156668362626e-4,0.5462588486698756,0.7091855466964512,0.08978376091124055,0.8357894542057401,0.5464393302365592,0.005283385262624618,0.7460056932944996
30,10,broad,proportional,0.5692925791789817,-0.032113295683943055,0.5444708803000637,0.8045683181778349,0.06823574437124343,0.8710239257473898,0.5765841759840068,-0.02482169887891794,0.8027881813761464
30,15,broad,proportional,0.6060862141215401,-0.052406921641722705,0.5676136256748114,0.8469938612419253,0.06511574559442296,0.8963213295640463,0.6200205473165341,-0.03847258844672863,0.8312055839696233
30,30,broad,proportional,0.6065594961293098,-0.05686494445034385,0.5752607002800877,0.8721719324011455,0.03801855412427819,0.9234573735069084,0.6321256447304315,-0.03129879584922213,0.8854388193826301
30,5,easy,additive,-0.004246123638315266,0.18532642046512965,0.2951449039912645,0.001349691165732259,0.1624088288699018,0.29162735534143697,0.10981848352613482,0.29939102762957975,0.12921852647153517
30,10,easy,additive,0.017772716080356885,0.14755239280240942,0.30569256773982006,0.015668630632760257,0.13010466685545669,0.28488198630588624,0.15814017493741064,0.28791985165946316,0.15477731945042955
30,15,easy,additive,0.032501472200323824,0.1430915870685113,0.31752883583398567,0.018614804069349362,0.12822440032058846,0.28929990931176586,0.17443724876547437,0.2850273636336618,0.1610755089911774
30,30,easy,additive,0.035176734927058015,0.1318363978600311,0.32591298831557486,0.010871200411280405,0.1341964344782521,0.28029968873944283,0.19407659045554376,0.29073625338851683,0.14610325426119072
30,5,broad,additive,-0.015073750302383476,0.29082003468972345,0.3084805218247479,-0.020377138701962307,0.2645469863932613,0.2887218363288021,0.01766048713502444,0.3235542721271314,0.02417484993554081
30,10,broad,additive,0.0024736643663210737,0.26608470542662027,0.30920579954647925,-0.009120700621220662,0.25265008645287934,0.27516811590599355,0.04312109411985898,0.3067321351801582,0.022518029453114208
30,15,broad,additive,0.03159274948034751,0.28653792262422995,0.33193347176200105,0.015561969995130197,0.2866797163395848,0.29833781021206857,0.04539554913777111,0.30034072228165354,0.011658093872483788
30,30,broad,additive,0.037242747853219606,0.2851204118968635,0.35185460471701757,0.016457009221727183,0.28830767839861704,0.31723585597407283,0.06673419282015408,0.31461185686379795,0.028928177575455793
30,5,easy,catch_up,-0.6902430733410261,0.6969362588462762,0.10459147594258199,-0.7748941841714627,0.7555944747262262,0.03648074004044591,-0.5923447829036942,0.7948345492836081,-0.7191137346857803
30,10,easy,catch_up,-0.7180425202366396,0.7287248298723713,0.11332691087947096,-0.803819380327565,0.7881168845303109,0.039098334900915716,-0.6153979189929003,0.8313694311161106,-0.7490185496293952
30,15,easy,catch_up,-0.7290984154296134,0.74459649037208675,0.13018435387227265,-0.8269562771989628,0.8188285622949862,0.034467481104035344,-0.6144121364998141,0.8592827693018861,-0.7843610811909509
30,30,easy,catch_up,-0.7336231022411988,0.7517124692376342,0.18582107183965157,-0.8492403731147267,0.8467416926098196,0.07006531916848914,-0.5658913973979827,0.9194441740808503,-0.7766763734413304
30,5,broad,catch_up,-0.6006030012422902,0.6595286156507869,0.2058036555423646,-0.7370959725182845,0.730530347936844,0.07365740207039674,-0.45372496010842234,0.8064066567846547,-0.6568729458664473
30,10,broad,catch_up,-0.6905487400277884,0.7485522531356348,0.22458135484268266,-0.8136625740332434,0.8046027255475714,0.05922267303518381,-0.5239708982929521,0.915130094870471,-0.7453800525123876
30,15,broad,catch_up,-0.6960764285579949,0.7732870043877832,0.26383541415535194,-0.8309047391312524,0.8410087401896641,0.08921699895415058,-0.5094515902324313,0.9599118427133468,-0.7517917412355135
30,30,broad,catch_up,-0.7118246611597734,0.7927748520795704,0.3144299393980543,-0.8525565918492032,0.8744074013392127,0.11964535258426837,-0.47834491268151613,1.0262546005578277,-0.7547620487549443
31,5,easy,proportional,0.48150510641244204,-0.1158490781760981,0.43065997173592824,0.7796395019878591,-0.1466289910525417,0.7664327987421017,0.5465090499120263,-0.050845134676513803,0.9130617897946434
31,10,easy,proportional,0.5315996929007125,-0.14775278847859635,0.4794238830678076,0.8302698331113774,-0.14008809188087037,0.8382815372552431,0.627176671546404,-0.05217580983290493,0.9783696291361135
31,15,easy,proportional,0.5218076274640813,-0.1915328943206059,0.46488871407811905,0.8483341036437497,-0.200205098801258,0.8582571710378003,0.656421608398725,-0.05691891338596222,1.0584622698390582
31,30,easy,proportional,0.5623050274275193,-0.21048581600313715,0.5114216392015479,0.8796148387924053,-0.2081338795808961,0.9059953721918783,0.7219074552046851,-0.05088338822597138,1.1141292517727743
31,5,broad,proportional,0.5312633689834908,-0.02448446726921133,0.5158208768225271,0.7384145063902421,0.01121401356232801,0.7936536532886892,0.5403053440917385,-0.015442492160963717,0.7824396397263612
31,10,broad,proportional,0.6027063284684369,0.008245211861745315,0.5954945605723326,0.7976280267081495,0.09147344464134462,0.8666508054918748,0.5872493487105873,-0.007211767896104226,0.7751773608505301
31,15,broad,proportional,0.5964339215408873,-0.03225413758493368,0.5820375003034404,0.8329430450137593,0.060009257185443164,0.8938732569457656,0.614291637888374,-0.014396421237446888,0.8338639997603224
31,30,broad,proportional,0.6487397668729453,0.038144164751572694,0.6480118915115434,0.8624388908735549,0.13921147517527926,0.9241262821095932,0.6098677267599707,-7.278753614019529e-4,0.7849148069343139
31,5,easy,additive,-0.0036808200729967744,0.13551807925963855,0.24416658716166195,0.013269001589901396,0.1163190721765432,0.2370780910773135,0.1086485079020234,0.24784740723465873,0.1207590189007703
31,10,easy,additive,0.001791135855446614,0.17211964266533733,0.2865705894461879,0.01486246744666765,0.1494284783066984,0.26050906122330864,0.11445094678085058,0.2847794535907413,0.11108058291661024
31,15,easy,additive,-0.0012430074825819535,0.15871875087609263,0.2961229864208448,0.01840009406603762,0.12737895903741359,0.2782343809114913,0.13740423554475215,0.2973659939034267,0.1508554218740777
31,30,easy,additive,0.0035789321120329094,0.21070523199513538,0.34257481582493615,0.02107887651427604,0.16717879489299886,0.32741407274105927,0.13186958382980077,0.33899588371290323,0.1602352778480604
31,5,broad,additive,0.0024345153040546403,0.19950154108310422,0.26961234561325853,0.0061787140597218465,0.19214244539127526,0.24332924175050652,0.07011080453015431,0.2671778303092039,0.05118679635923126
31,10,broad,additive,0.00663770085836821,0.27051803845882055,0.3134705928905739,0.005430226362850323,0.2514065824757965,0.2843678471436515,0.04295255443175333,0.30683289203220565,0.032961264667854984
31,15,broad,additive,-0.00188122130924681,0.2731354987306512,0.328083696440411,0.004780949641761777,0.2441600172492812,0.3016556905216082,0.05494819770975984,0.3299649177496578,0.057495673272326964
31,30,broad,additive,0.009377690259638007,0.3407217401511838,0.35076580236088095,0.007953247364935348,0.30725213111389904,0.3277795135224579,0.010044062209697169,0.3413881121012429,0.020527382408558836
31,5,easy,catch_up,-0.6601302330657691,0.6739430730471468,0.1301160772328838,-0.7400284456956355,0.7364749290264406,0.08801256586405351,-0.5438269958142631,0.7902463102986529,-0.6484623631623871
31,10,easy,catch_up,-0.6833324415783247,0.7075450490004891,0.165546603274047,-0.7943056495015215,0.7959823905851512,0.10996992805882598,-0.5419984457264421,0.8488790448523718,-0.6860124625263252
31,15,easy,catch_up,-0.6981526444669004,0.7195425034684315,0.17524050267867225,-0.8060788444949306,0.8112139541069804,0.11454267782382958,-0.5443020007897592,0.8733931471455727,-0.6966712762831508
31,30,easy,catch_up,-0.7087304936345225,0.7389485218921404,0.2551956244713125,-0.8368748579707164,0.8467400192302914,0.17673610048730168,-0.48375289742082794,0.963926118105835,-0.6700039187429897
31,5,broad,catch_up,-0.6050087027098036,0.6365506129189803,0.2098920653567112,-0.7173286880869267,0.7006869138812678,0.09234021892367461,-0.42665854756226906,0.8149007680665148,-0.6083466949575932
31,10,broad,catch_up,-0.6321093101959536,0.7115692736096877,0.31547346722580616,-0.7741317962977069,0.7705877551472421,0.1696064576164675,-0.39609580638388153,0.9475827774217598,-0.6009812975307746
31,15,broad,catch_up,-0.6732006979375557,0.744357390360534,0.3281722183800616,-0.8071417152719265,0.8092688344283827,0.18103442858947544,-0.41618517198047245,1.0013729163176173,-0.6282344058389073
31,30,broad,catch_up,-0.6744590904085204,0.7946338522708157,0.4398128391098259,-0.8355138969362015,0.8593942049239093,0.24196437684323527,-0.35482101316098985,1.1142719295183463,-0.617429828080674
32,5,easy,proportional,0.49415614575281963,-0.12269777949004414,0.44804233811978494,0.742420060786741,-0.13859524457334715,0.7544965117957262,0.5707401176098291,-0.04611380763303469,0.8930917563690733
32,10,easy,proportional,0.5624596387356153,-0.14836312690557033,0.5091473817832172,0.811528578311873,-0.13086606483631621,0.8399229349822892,0.6575105086887875,-0.05331225695239816,0.9707889998186054
32,15,easy,proportional,0.5962188609027772,-0.1629212409473116,0.5423120416734726,0.8388394892743412,-0.134487660009269,0.873911629067469,0.7052332826207842,-0.053906819229304626,1.008399289076738
32,30,easy,proportional,0.5929265105831509,-0.21991587890166936,0.534525348902315,0.8641166857579252,-0.17908438380603905,0.8941562836684629,0.7544412278039843,-0.05840116168083598,1.0732406674745019
32,5,broad,proportional,0.5422638693581806,-0.007769539466645801,0.5355898449721956,0.7232920934239461,0.022561327451030375,0.7712318167238009,0.5433593844388415,-0.006674024385984967,0.7486704892727706
32,10,broad,proportional,0.6060700826109051,0.06126119945050623,0.6207847477717434,0.7704739760789558,0.12039059742944105,0.845599275271863,0.5595235483212372,0.014714665160838303,0.7252086778424219
32,15,broad,proportional,0.653049283181353,0.11478989459553102,0.6756121994502353,0.7961156099396911,0.1945521506209857,0.8818985425728713,0.5608223048547043,0.022562916268882294,0.6873463919518856
32,30,broad,proportional,0.6715973153817096,0.04900048328429384,0.6696931440662804,0.8570452378328425,0.15880123287948517,0.9207750436329101,0.6206926607819866,-0.0019041713154291928,0.7619738107534249
32,5,easy,additive,0.039383250110742465,0.09111448910723222,0.2491862411856083,0.01881338565846883,0.0834105484688817,0.2451545839625389,0.1580717520783761,0.20980299107486583,0.16174403549365718
32,10,easy,additive,0.027300404482314484,0.1547905999276273,0.2983603353247883,0.001876180103604165,0.16745022101524987,0.2749070631983762,0.14356973539716097,0.2710599308424738,0.10745684218312634
32,15,easy,additive,0.024593310153966652,0.1863109838907689,0.3134892914696785,0.005005063611200399,0.17880760323934233,0.283386140270845,0.12717830757890963,0.28889598131571187,0.10457853703150269
32,30,easy,additive,0.02613603119728704,0.16330568092723513,0.3342806949784925,0.004189994956406411,0.16618255165699486,0.2932377265831587,0.17097501405125737,0.3081446637812055,0.12705517492616386
32,5,broad,additive,0.024976737405750026,0.14656264351170586,0.22475981558558403,0.013032901562895834,0.13993002091170853,0.18263650640652954,0.07819717207387816,0.199783078179834,0.042706485494821006
32,10,broad,additive,0.011451866534577596,0.22403564256820466,0.26610178470704654,-0.004375524615333619,0.21298202388001936,0.2291734092834,0.04206614213884188,0.25464991817246896,0.016191385403380637
32,15,broad,additive,0.006821435094587519,0.2973348161612961,0.29063757680610586,-0.007264449435267473,0.2751783690248478,0.25939432490057357,-0.006697239355190232,0.28381614171151837,-0.015784044124274255
32,30,broad,additive,0.020064684934249028,0.3124956731295006,0.3338694045485447,-0.003604843203337139,0.3157778199717733,0.2941662424950192,0.021373731419044084,0.3138047196142957,-0.021611577476754074
32,5,easy,catch_up,-0.6308636241364645,0.6427421223942128,0.09742775010783615,-0.7031326329072998,0.6962880830756412,0.05524973704162717,-0.5453143722863767,0.7282913742443006,-0.641038346034014
32,10,easy,catch_up,-0.6911433246263896,0.7147475261204591,0.1515053700957492,-0.7862626740317097,0.7870909281198529,0.0831035927721831,-0.56324215602471,0.8426486947221388,-0.7039873353476698
32,15,easy,catch_up,-0.7134456296526952,0.7470545973161529,0.18393540418938925,-0.8103635349693118,0.8239295339958965,0.10098306778502715,-0.5631191931267636,0.8973810338420845,-0.7229464662108693
32,30,easy,catch_up,-0.7403870573937072,0.770316864336996,0.2224784571264698,-0.8373460701584028,0.8502863490606856,0.13477212907890787,-0.5478384072105262,0.962865514520177,-0.7155142199817777
32,5,broad,catch_up,-0.5892002710634476,0.6364157875415889,0.22871040597473638,-0.6826118793215405,0.6757819265820167,0.1214176025853713,-0.40770538156685254,0.817910677038184,-0.5543643239966455
32,10,broad,catch_up,-0.6362498115036315,0.7119446041366541,0.3097274026187429,-0.7458382756839101,0.7481555288781339,0.17458249847387108,-0.4022172015179112,0.9459772141223743,-0.5735730304042628
32,15,broad,catch_up,-0.6465123140719224,0.762670977841185,0.36058248275852095,-0.7758718106554844,0.80192343362293,0.21079766308654893,-0.40208849508266403,1.0070947968304433,-0.591125770536381
32,30,broad,catch_up,-0.7101601637280196,0.808249782173631,0.3826938148050285,-0.8331694724517665,0.8661401025735744,0.22298114582461032,-0.42555596736860246,1.0928539785330482,-0.6431589567489642
33,5,easy,proportional,0.491912896208484,-0.08736690531258288,0.4657939762360936,0.7604581154354098,-0.07261675671093487,0.8000805049977047,0.5531608815486765,-0.02611891997239041,0.8726972617086395
33,10,easy,proportional,0.5522787145208731,-0.09069900185881047,0.5169116017907653,0.8200605113247339,-0.052136479499808486,0.8637140316857713,0.6076106036495759,-0.03536711273010773,0.9158505111855798
33,15,easy,proportional,0.5464894590892219,-0.13517000962460796,0.4967816488311936,0.8472417221227057,-0.09233268668703992,0.8770124543449498,0.6319516584558016,-0.049707810258028284,0.9693451410319898
33,30,easy,proportional,0.5630058099248473,-0.199276253150765,0.5123017801662345,0.8714013137674129,-0.16134659810112978,0.9049060297641132,0.7115780333169995,-0.05070402975861277,1.0662526278652429
33,5,broad,proportional,0.5426849532037541,0.006982439399948065,0.5573250990772277,0.7049648934806347,0.0663225268385566,0.8040589463612707,0.5503426596772797,0.01464014587347362,0.7377364195227141
33,10,broad,proportional,0.6067206072005408,0.05295642176916114,0.624663120363774,0.7719332201232795,0.12398189910373728,0.854605007341622,0.5717066985946129,0.017942513163233254,0.7306231082378848
33,15,broad,proportional,0.614984314070885,-0.008536881089790326,0.6042533889985326,0.830125058121863,0.06372710756196069,0.8869195170423317,0.612790270088323,-0.010730925072352404,0.8231924094803711
33,30,broad,proportional,0.6426946349650049,-0.0043396122731750265,0.6377084530543051,0.8644237618219216,0.08777413267550635,0.9244564588153654,0.6420480653274802,-0.004986181910699772,0.836682326139859
33,5,easy,additive,-0.021167083735355325,0.18487886797394568,0.2683075929639985,0.012081098245855904,0.13570305793239784,0.2713735961023277,0.0834287249900528,0.2894746766993538,0.13567053816992986
33,10,easy,additive,-0.0050681415649976,0.24209275288432947,0.34868354424123693,0.019801876275711193,0.19986372418618384,0.33935287706963785,0.10659079135690747,0.3537516858062345,0.139489152883454
33,15,easy,additive,0.006919892998301091,0.19738522793367838,0.3583262078492118,0.024228342602056727,0.1640437911121051,0.3489192143414626,0.16094097991553344,0.35140631485091073,0.18487542322935752
33,30,easy,additive,0.017238715488480556,0.19677632643137086,0.37882306917853514,0.025068346590611044,0.15767533264780995,0.36441871915411356,0.1820467427471643,0.3615843536900546,0.2067433865063036
33,5,broad,additive,-0.04331096428878697,0.2950188481330824,0.2921458712534603,-0.027577045618385133,0.2688012597963096,0.2843381994958183,-0.002872976879622069,0.33545683554224726,0.0155369396995087
33,10,broad,additive,-0.024113237958494474,0.3307713318508859,0.3341404244019345,-0.008852256520069561,0.29973209071521695,0.31582849196058843,0.003369092551048558,0.35825366236042894,0.016096401245371483
33,15,broad,additive,-0.008997016613107759,0.3095284767305809,0.3541951628954022,0.0017486538305089812,0.29303964112203384,0.3296413356597053,0.04466668616482128,0.36319217950850996,0.03660169453767148
33,30,broad,additive,0.006510303343498018,0.3376125355246052,0.3750248638994657,0.012642865366540806,0.3102676117724169,0.3492390516650944,0.037412328374860526,0.3685145605559677,0.038971439892677484
33,5,easy,catch_up,-0.6653539135525045,0.6709232066067373,0.12033437402520959,-0.7422279094639043,0.732054649917827,0.08507275102470603,-0.5505888325815277,0.7856882875777141,-0.646981898893121
33,10,easy,catch_up,-0.6967469954918649,0.7189460615923813,0.20574444614928789,-0.7919945811073267,0.7943268203803203,0.15842464845955231,-0.5132016154430934,0.9024914416411528,-0.635902171920768
33,15,easy,catch_up,-0.7113545254212825,0.731370452092312,0.214224020885252,-0.8132993371717245,0.8120870628155211,0.1686811968372137,-0.5171464312070599,0.9255785463065345,-0.6434058659783074
33,30,easy,catch_up,-0.7192153191748912,0.7418482138043392,0.25316685124638,-0.8365995291120443,0.837486987595839,0.18501755979460577,-0.4886813625579592,0.9723821704212712,-0.6524694278012332
33,5,broad,catch_up,-0.6038087272275512,0.6593411281200361,0.23658209692280519,-0.7289278363898097,0.7359768745292428,0.1424255611433189,-0.4227590311972309,0.8403908241503564,-0.5935513133859238
33,10,broad,catch_up,-0.6421845660928772,0.7294728474020585,0.3238338275094413,-0.7714226194668334,0.7845314593942145,0.17505833645669072,-0.40563901989261725,0.9660183936023186,-0.6094731229375239
33,15,broad,catch_up,-0.6965297701266251,0.769242568325489,0.3272112854156716,-0.8175224522856946,0.828626110005874,0.18119473053849905,-0.44203128290981736,1.0237410555422968,-0.647431379467375
33,30,broad,catch_up,-0.7056283628408632,0.7983924316625229,0.38137417312450717,-0.8419066474912156,0.8697501120837361,0.20646596552709323,-0.4170182585380158,1.0870025359653703,-0.6632841465566428
34,5,easy,proportional,0.4280296303443038,-0.10489652518622634,0.3916993666268661,0.7343374039030601,-0.17583731092779317,0.7377518245835056,0.49659589181309244,-0.036330263717437694,0.9135891355112988
34,10,easy,proportional,0.5158420757470522,-0.11850484331434362,0.47878959199817245,0.8121733644520679,-0.11631388618866959,0.8407629747031441,0.597294435312516,-0.03705248374887976,0.9570768608918137
34,15,easy,proportional,0.5248462841097413,-0.13837194847469453,0.48379765552358867,0.8329119075185081,-0.1326846580545861,0.8703928577861355,0.6221696039982831,-0.04104862858615266,1.0030775158407217
34,30,easy,proportional,0.5423520132769646,-0.19112155409213158,0.5028230440086855,0.857344621293863,-0.19761980397914689,0.8941581875381239,0.6939445981008171,-0.03952896926827909,1.0917779915172707
34,5,broad,proportional,0.4969384469351977,-0.06571470423402788,0.46885620808917267,0.750093732065923,-0.08821435320719462,0.7813966147075135,0.5345709123232005,-0.02808223884602501,0.8696109679147082
34,10,broad,proportional,0.5898476723026966,0.008893870353236773,0.5802662146718403,0.7961411475714901,0.08968598603122063,0.8605184475021088,0.5713723443186035,-0.009581457630856383,0.7708324614708881
34,15,broad,proportional,0.6092245996509233,0.0035712383245993986,0.5920168609438919,0.8268069418794286,0.10726674728121835,0.8879608554016343,0.5884456226192926,-0.017207738707031406,0.780694108120416
34,30,broad,proportional,0.6379521766173433,-0.0013000594672708885,0.6265367464825122,0.8612059869281407,0.11981405944007524,0.9219326258492893,0.6278368059497831,-0.01141543013483104,0.802118566409214
34,5,easy,additive,-0.006712216513086369,0.10835668990360764,0.2176729500477321,-0.02255998963382185,0.11285867272666232,0.2138352668382728,0.10931626014412446,0.22438516656081847,0.10097659411161049
34,10,easy,additive,-0.009375049822770796,0.18791695352402887,0.3039396999607264,-0.022449400474600496,0.1801675295176841,0.3015376693761375,0.11602274643669752,0.3133147497834972,0.12137013985845341
34,15,easy,additive,-0.007136784953604906,0.1862011397770964,0.3196948014400771,-0.0164417446534111,0.18165105488429675,0.32291269858411104,0.1334936616629807,0.32683158639368204,0.14126164369981428
34,30,easy,additive,0.0030753424799174734,0.19485724380679428,0.3463473268274005,-0.016229829882847394,0.19933726574825178,0.3359329423365359,0.1514900830206062,0.343271984347483,0.13659567658828414
34,5,broad,additive,0.027970912429677412,0.12201752902738966,0.23198562702145828,0.013745975577341672,0.10111569147023182,0.20830194763441764,0.10996809799406862,0.20401471459178086,0.10718625616418583
34,10,broad,additive,0.00853044024580849,0.2550778366422821,0.2872314779993441,-0.011632413990194617,0.2503299915192842,0.2540953112434377,0.032153641357062,0.2787010377535356,0.003765319724153504
34,15,broad,additive,0.012308667542642787,0.27757433790227376,0.3105016989700432,-0.0023357868993955835,0.2681397802210607,0.2797132775263003,0.032927361067769445,0.2981930314274004,0.0115734973052396
34,30,broad,additive,0.02255858657448164,0.3099338153132606,0.34493594946285505,0.0024777557370070672,0.31749834571357755,0.3131149169932675,0.035002134149594466,0.32237736288837343,-0.004383428720310056
34,5,easy,catch_up,-0.6469548526524949,0.6540225315277911,0.07678339093134086,-0.7085511143265959,0.705467145340576,0.05598149098210166,-0.5772391405964502,0.7237382435838358,-0.6494856543584743
34,10,easy,catch_up,-0.709393026113476,0.7226564978628975,0.15660355547631769,-0.8009660338985478,0.7933111463531589,0.1027010998807405,-0.5660529423865799,0.8659965815897936,-0.6906100464724184
34,15,easy,catch_up,-0.7190752272403054,0.7341760697545919,0.17249863319659178,-0.8157431460320228,0.8135707493908179,0.12355933640270317,-0.5616774365580002,0.8915738604368971,-0.6900114129881147
34,30,easy,catch_up,-0.7230247547104101,0.7460326665042873,0.23485113404550378,-0.8388107129650803,0.8471215135837807,0.16849070892894236,-0.5111815324587836,0.9578758887559138,-0.6786308046548384
34,5,broad,catch_up,-0.6034025430176876,0.6334003259703374,0.17233355311765955,-0.6978041529608514,0.6909453685077518,0.11325690193358201,-0.46106677285267783,0.7757360961353471,-0.5776884665741697
34,10,broad,catch_up,-0.6403668785170513,0.7239557657471203,0.2986335142439049,-0.7782466402244287,0.7898013460286121,0.16202688343646365,-0.4253222515032154,0.9390003927609563,-0.6277744625921484
34,15,broad,catch_up,-0.6617104956832248,0.7496408605542406,0.33012154784915587,-0.8001711316817026,0.825552763176676,0.19148434135001668,-0.41951931270508475,0.9918320435323806,-0.6340684218266593
34,30,broad,catch_up,-0.6788240906527019,0.7866050171715904,0.4127087625088206,-0.82662276762722,0.8678137427048692,0.26210649757700594,-0.37389625466276977,1.0915328531615225,-0.6057072451278633
35,5,easy,proportional,0.48972338864386705,-0.17579632820020077,0.42261142470812774,0.7970230771066332,-0.20911684060671037,0.7712180615804471,0.5984077529083285,-0.06711196393573932,0.9803349021871575
35,10,easy,proportional,0.5195110559401095,-0.18604018195612823,0.45856170239152655,0.8370466880670324,-0.19405951607451993,0.8439372864104702,0.6446018843476548,-0.06094935354858294,1.0379968024849902
35,15,easy,proportional,0.5092380572656622,-0.21840557112836023,0.4477741130280538,0.8516422994507643,-0.26545563077338014,0.8570260223845108,0.666179684156414,-0.06146394423760837,1.122481653157891
35,30,easy,proportional,0.5551964618006043,-0.22756743896405693,0.5040897072962216,0.8804446005559294,-0.2165476555432331,0.9115228769340227,0.7316571462602786,-0.051106754504382734,1.1280705324772557
35,5,broad,proportional,0.5568625371077076,-0.0845646442226333,0.5157378333911079,0.7836040693273632,-0.07287050327522912,0.812088300065169,0.6003024776137412,-0.04112470371659971,0.8849588033403981
35,10,broad,proportional,0.5927620813736364,-0.056766115840843526,0.5662822201050186,0.8305376460105274,0.016650550390843625,0.8773463529432723,0.6230483359458622,-0.026479861268617788,0.8606958025524287
35,15,broad,proportional,0.5938028022938006,-0.11519041818249424,0.5561601359844827,0.8594014448522738,-0.0742505877028148,0.8975645498428768,0.6713505541669769,-0.037642666309317896,0.9718151375456916
35,30,broad,proportional,0.6467143705131606,-0.028616183109172792,0.6300607311951003,0.8815880265738006,0.06173706670149434,0.9263873405414591,0.6586769143042731,-0.016653639318060298,0.8646502738399647
35,5,easy,additive,0.021283456095483586,0.09025818483479559,0.23452410037556243,0.01350710886660466,0.0999266645485691,0.25420452056823195,0.14426591554076684,0.21324064428007883,0.15427785601966285
35,10,easy,additive,0.025609580344642648,0.11602825131632485,0.2844388990461562,0.006038184928053052,0.13235278129952904,0.2856333221705633,0.16841064772983136,0.25882931870151354,0.15328054087103427
35,15,easy,additive,0.01652897224706075,0.10126078462319643,0.2794928705706156,5.926757887257096e-5,0.11071039818850416,0.26926263958642416,0.17823208594741918,0.2629638983235549,0.15855224139792
35,30,easy,additive,0.010846261463232598,0.17421926152698897,0.3376534578657009,-0.0023926479145655417,0.16476165708878596,0.3124382182433556,0.16343419633871192,0.3268071964024683,0.14767656115456965
35,5,broad,additive,0.021819373420993195,0.18528512666541627,0.2651542098504474,0.008036286312074524,0.17414396422813738,0.2614743999337339,0.07986908318503114,0.24333483642945422,0.08733043570559651
35,10,broad,additive,0.03512381893404206,0.21022714002669332,0.3089835640002905,0.015172884199905392,0.21523885434084666,0.29467108112721746,0.09875642397359716,0.27385974506624844,0.0794322267863708
35,15,broad,additive,0.031104333762581152,0.19291163346296192,0.313064293179763,0.01144608268199978,0.19603239080337984,0.2920479691284098,0.12015265971680106,0.2819599594171818,0.09601557832502997
35,30,broad,additive,0.03192926147153506,0.2897010094659932,0.33047842649608994,0.011285097945721934,0.27135144709556236,0.2910889821226808,0.04077741703009674,0.29854916502455486,0.019737535027118447
35,5,easy,catch_up,-0.6727746021949776,0.6771262703795444,0.10032555404964591,-0.7561604728752769,0.7543322550899486,0.08234303154292072,-0.5768007163298985,0.7731001562446236,-0.671989223547028
35,10,easy,catch_up,-0.7027199607496106,0.7123522892269627,0.13710342752418003,-0.8015207247746678,0.7974087735741999,0.09235536533995359,-0.5752488617027827,0.8398233882737907,-0.7050534082342463
35,15,easy,catch_up,-0.729593914721458,0.735690464704876,0.12956824956629204,-0.8192219809525021,0.8081597701465616,0.0831797966555542,-0.6061222151385839,0.85916216428775,-0.7249799734910074
35,30,easy,catch_up,-0.7517358355802317,0.7715208422147425,0.24784763027190312,-0.8532163560714102,0.855706400845351,0.16864423306998147,-0.5236732119428393,0.9995834658521349,-0.6870621677753695
35,5,broad,catch_up,-0.6285623401680243,0.6554469709098285,0.16709413485221628,-0.755692154737242,0.7574223302084369,0.09888494583294619,-0.48835283605761226,0.7956564750202405,-0.6585373843754907
35,10,broad,catch_up,-0.6652367209606252,0.719288748637162,0.24019751522887736,-0.7888113490730374,0.7981783882911371,0.13028523810197576,-0.47909123340828463,0.9054342361895026,-0.6678931501891613
35,15,broad,catch_up,-0.7046490902172285,0.7505703472175109,0.25173210436310645,-0.8196178414805744,0.827673313348988,0.1374193459145701,-0.4988382428544045,0.956381194580335,-0.6902539674344179
35,30,broad,catch_up,-0.703820302112997,0.8073013913467713,0.3829422688715911,-0.84072588036443,0.8755249789561953,0.19378235288226986,-0.42435912247518015,1.086762570984588,-0.6817426260739254
36,5,easy,proportional,0.4612270335215175,-0.12543284554418524,0.4193681640058836,0.7402157471215584,-0.16185817816907105,0.7432975609378121,0.5448010095500688,-0.04185886951563389,0.9051557391068832
36,10,easy,proportional,0.5386836299145134,-0.1760721343560002,0.4819150620224493,0.8237127698131885,-0.20436303477566883,0.8216171527872906,0.6579871963784495,-0.056768567892064026,1.0259801875629595
36,15,easy,proportional,0.5369574080654903,-0.22600654659052333,0.4807428882291992,0.84373071690566,-0.25947630156970813,0.8419642230410359,0.7067494348197225,-0.05621451983629111,1.101440524610744
36,30,easy,proportional,0.5800713237171178,-0.24045023273987268,0.5223243708805109,0.8714356062876,-0.23546809282834183,0.9025012367878974,0.7627746036203835,-0.05774695283660691,1.1379693296162392
36,5,broad,proportional,0.5072626874222776,-0.04415817850424963,0.5071357887152286,0.7231160533770168,-0.061451927684624305,0.7702239668989478,0.5512939672194782,-1.2689870704907236e-4,0.831675894583572
36,10,broad,proportional,0.6104909792884504,-0.024606080759050564,0.6009193351658134,0.8067336233984146,0.010746007021284178,0.8641276118830863,0.625525415924864,-0.009571644122637002,0.8533816048618021
36,15,broad,proportional,0.6244566540418892,-0.09400054715294434,0.5994745424654744,0.8476962111431329,-0.05679858112006214,0.8939196255481453,0.6934750896184187,-0.024982111576414834,0.9507182066682074
36,30,broad,proportional,0.6798742935433567,-0.028993954638425037,0.6589819640296798,0.8735686884521507,0.0853120753722921,0.926979090350616,0.6879759186681048,-0.02089232951367692,0.8416670149783239
36,5,easy,additive,0.009659345722984748,0.08491943328469627,0.2125269853691441,0.022657659837966828,0.06677896245520085,0.22044936750910518,0.12760755208444785,0.20286763964615936,0.15367040505390434
36,10,easy,additive,-0.012508577626574854,0.1611422456611818,0.26470144810887697,0.015266475249845386,0.10233568470508023,0.2528884259448837,0.10355920244769518,0.27721002573545184,0.15055274123980347
36,15,easy,additive,-0.018187609505043077,0.1559197909472312,0.2813632662887619,0.013189973040683214,0.09827522807594574,0.28087948873029583,0.1254434753415307,0.29955087579380496,0.1826042606543501
36,30,easy,additive,-0.01221564472972162,0.20430372612083333,0.324834036265641,0.01265259824901176,0.1457487954282945,0.317400526596682,0.12053031014480767,0.33704968099536264,0.1716517311683875
36,5,broad,additive,-5.655642387835869e-4,0.15074784990602086,0.22446677586270058,0.030444929538270677,0.10716434227503109,0.20954952885674016,0.07371892595667973,0.22503234010148418,0.10238518658170907
36,10,broad,additive,-0.019151113537368085,0.28139247754748264,0.2999489305530745,0.009277538777013676,0.22596615362938377,0.2784279350668602,0.018556453005591833,0.31910004409044257,0.05246178143747643
36,15,broad,additive,-0.01833301335332545,0.294216885606912,0.3325397085575699,0.009117825064731475,0.24286369857054632,0.3137324789053567,0.03832282295065792,0.35087272191089536,0.0708687803348104
36,30,broad,additive,-0.009394896645958457,0.3682476014214936,0.34589952812710695,0.01492488140788567,0.3193607039385861,0.3373873552939313,-0.02234807329438665,0.3552944247730654,0.018026651355345202
36,5,easy,catch_up,-0.5552090575245856,0.5586100619702002,0.08601220485089248,-0.6916794675632115,0.6806713791990595,0.050977919895531534,-0.4725978571193078,0.641221262375478,-0.6296934593035279
36,10,easy,catch_up,-0.6395440833412848,0.6536216419570384,0.1282860739152782,-0.7914312340822541,0.7841336242645207,0.06856931121161837,-0.5253355680417602,0.7678301572565629,-0.7155643130529024
36,15,easy,catch_up,-0.6614135149026878,0.6722869073648045,0.14198129195473502,-0.8125495508879683,0.8060651735214047,0.08593951044230273,-0.5303056154100694,0.8033948068574228,-0.720125663079102
36,30,easy,catch_up,-0.6771987264616613,0.6976227705404361,0.22259263925874267,-0.8409887170058724,0.8453965288568454,0.1541034832477276,-0.4750301312816934,0.899791365720404,-0.6912930456091178
36,5,broad,catch_up,-0.5515157319647641,0.5741063170475442,0.17203064032174387,-0.6731731093461187,0.6472710548937217,0.08428982850026948,-0.40207567672580036,0.723546372286508,-0.5629812263934523
36,10,broad,catch_up,-0.611016015642031,0.6694444257484594,0.2683300507942137,-0.7813561046827238,0.7838677653436866,0.16135128650356215,-0.40111437495424573,0.8793460664362447,-0.6225164788401245
36,15,broad,catch_up,-0.6477207718885775,0.6985324229788678,0.2852272727450341,-0.8223500054603349,0.8284136567122594,0.1834532534842644,-0.41330515023383363,0.9329480446336116,-0.644960403227995
36,30,broad,catch_up,-0.6475693838017285,0.7387078165936531,0.3639821140528998,-0.8435667540909727,0.8759579362106662,0.22485815812012006,-0.3747257025407533,1.0115514978546283,-0.6510997780905461
37,5,easy,proportional,0.5390233472611126,-0.04841270040278122,0.5174993077503712,0.7553393296235947,-0.00822665019287904,0.8137125082147126,0.5659120081531525,-0.021524039510741333,0.8219391584075917
37,10,easy,proportional,0.5630375526082007,-0.11489276886867048,0.5227652162403776,0.8180107786882302,-0.09169443238829283,0.8555059644976005,0.6376579851090481,-0.040272336367823014,0.9472003968858933
37,15,easy,proportional,0.5632581295207688,-0.15095500907033368,0.5163800685428912,0.8379595390656567,-0.12984293580570536,0.8696767697552412,0.6673350776132249,-0.04687806097787761,0.9995197055609466
37,30,easy,proportional,0.5554159485531169,-0.23687019639770338,0.5006812834106492,0.8609146255872937,-0.23287559755772475,0.8942817891474887,0.7375514798083526,-0.05473466514246772,1.1271573867052134
37,5,broad,proportional,0.5739813939880494,0.08886458113680433,0.620604935673627,0.6835185439398072,0.14903136924678936,0.8085556047058513,0.5317403545368227,0.046623541685577585,0.6595242354590619
37,10,broad,proportional,0.6243680684994367,0.027032958383001442,0.6302068976470647,0.7967761984249657,0.10327571839616576,0.8749550762757408,0.6031739392640633,0.005838829147628011,0.771679357879575
37,15,broad,proportional,0.6400483677206904,-0.0077532251717913284,0.628505261355681,0.8353111366499362,0.06933586991985197,0.895963179889481,0.6362584865274723,-0.011543106365009437,0.8266273099696291
37,30,broad,proportional,0.6381832002187596,-0.09008265070603422,0.6116309249030581,0.8713732326704883,-0.013155302386282038,0.9217879771341609,0.7017135756090924,-0.02655227531570148,0.934943279520443
37,5,easy,additive,-0.02973575822335692,0.22903473408080835,0.29495236839679667,-0.03168811422655146,0.21522408737450965,0.29737503900289314,0.06591763431598832,0.3246881266201536,0.08215095162838348
37,10,easy,additive,-0.0374418659101339,0.21914515400832482,0.31674399692917365,-0.03823204307068664,0.19727390709819134,0.3136677662784029,0.09759884292084883,0.35418586283930753,0.11639385918021158
37,15,easy,additive,-0.03938140580565128,0.2177220650129389,0.33144275817945307,-0.0410614888970283,0.20218069964090396,0.328923802654122,0.11372069316651418,0.37082416398510437,0.12674310301321806
37,30,easy,additive,-0.0482597863715762,0.20568075151738782,0.35135407354078374,-0.04108437502827102,0.17707935517639647,0.34616277890074404,0.14567332202339592,0.3996138599123599,0.16908342372434756
37,5,broad,additive,-0.034741431577873606,0.29821613347459863,0.2849327609963743,-0.02772697563402978,0.2583044020876,0.26772977658285807,-0.013283372478224309,0.31967419257424795,0.009425374495258043
37,10,broad,additive,-0.04100522164679397,0.33621423408004997,0.3201428326298668,-0.03424482013841913,0.306576099529508,0.2942467662646729,-0.016071401450183154,0.3611480542766608,-0.012329333264835096
37,15,broad,additive,-0.03924969663177333,0.3543094986391775,0.3459961631272264,-0.0370779533439924,0.3257956201785732,0.31737670790148426,-0.00831333551195107,0.3852458597589997,-0.008418912277088964
37,30,broad,additive,-0.042117148028902644,0.33208912942654983,0.3621672830355516,-0.036725031695944724,0.3002827908226401,0.32729021345161136,0.03007815360900179,0.4042844310644543,0.027007422628971267
37,5,easy,catch_up,-0.593752202827832,0.606119467944588,0.13765286925037631,-0.7404939880407855,0.7373729818564048,0.10815413248946075,-0.4684665986942117,0.7314050720782084,-0.629218849366944
37,10,easy,catch_up,-0.6652816615740059,0.6797152089989421,0.148885446269527,-0.797946458120149,0.7927297629958698,0.11297025774775779,-0.5308297627294152,0.8141671078435329,-0.679759505248112
37,15,easy,catch_up,-0.6843620499051666,0.697344095615367,0.1571868509533097,-0.8159075605240065,0.8075265694277076,0.10980876661336493,-0.5401572446620573,0.8415489008584762,-0.6977178028143427
37,30,easy,catch_up,-0.7058109969809859,0.7179409574389088,0.18382005135240437,-0.8337882971097684,0.8284083045534956,0.1405467094573708,-0.5341209060865044,0.8896310483333902,-0.6878615950961248
37,5,broad,catch_up,-0.5088059236152545,0.593555248251752,0.2877378949862611,-0.6721840308464067,0.7088957845957451,0.22644862415650682,-0.30581735326549087,0.7965438186015156,-0.4824471604392383
37,10,broad,catch_up,-0.6215886825764841,0.6920748673816544,0.2988713754901176,-0.7794308724581019,0.804588439713486,0.23032265072898878,-0.39320349189153675,0.9204600580666018,-0.5742657889844973
37,15,broad,catch_up,-0.6527921735827459,0.7184425718877337,0.3081575242344665,-0.8111077981488936,0.8379435955860853,0.24199379801393633,-0.41028504765326723,0.9609496978172124,-0.595949797572149
37,30,broad,catch_up,-0.6929132626729739,0.752447926709171,0.35350513085567364,-0.8390385742975336,0.8678204034368706,0.2689400119008229,-0.3989427958534974,1.0464183935286475,-0.5988803915360477
38,5,easy,proportional,0.4947967505772215,-0.13423053392489995,0.4427737411126462,0.7740720379557232,-0.1858594218229866,0.7711656649122953,0.5770042750375461,-0.052023009464575276,0.9570250867352819
38,10,easy,proportional,0.5529404711919226,-0.1683347347491034,0.5033589302743973,0.8345865673347367,-0.17288593204172034,0.8600704175990086,0.6716936650235007,-0.04958154091752531,1.032956349640729
38,15,easy,proportional,0.5623847083937508,-0.17814174229167398,0.5082553696630018,0.8516465365983432,-0.18826170439378118,0.8813220406672028,0.6863971119546758,-0.05412933873074899,1.069583745060984
38,30,easy,proportional,0.5772789896418455,-0.24218416112964378,0.5251571444484806,0.8737075788187874,-0.24286295025369706,0.9088411585977028,0.7673413055781244,-0.052121845193364935,1.1517041088513997
38,5,broad,proportional,0.5396359116393831,-0.04252191290463506,0.5326376776360822,0.7576397322978418,-0.06129261216953241,0.7874343979305436,0.5751595905407172,-0.006998234003300907,0.848727010100076
38,10,broad,proportional,0.6166838100738539,-0.04588224417984517,0.6032484010252133,0.8212434072694058,-0.009285190882042677,0.8684664505098934,0.6491306452050585,-0.0134354090486406,0.8777516413919361
38,15,broad,proportional,0.6305701310550751,-0.026296646300937514,0.616980972119448,0.8437905999004026,0.038035747091810616,0.8932153734972997,0.6432776184203856,-0.013589158935627066,0.8551796264054892
38,30,broad,proportional,0.6534238068397127,-0.012914951090005936,0.6477322954394872,0.8703239167625365,0.059444752148727506,0.9235667409658277,0.6606472465294931,-0.005691511400225502,0.8641219888171002
38,5,easy,additive,-0.01604903039655001,0.14714307216973824,0.2633624566495485,3.146980743242055e-5,0.12357037728256319,0.2694973122513568,0.11621938447981026,0.27941148704609853,0.1459269349687936
38,10,easy,additive,-0.021231759189301095,0.18675085322621862,0.3147840351090044,-0.0073536124427531786,0.15254505903564577,0.30377169474414356,0.12803318188278576,0.33601579429830547,0.1512266357084978
38,15,easy,additive,-0.019110411681471477,0.1962537851784231,0.3284643628526897,-0.005156411443122539,0.16170017973098205,0.3191305105382784,0.1322105776742666,0.3475747745341612,0.15743033080729635
38,30,easy,additive,-0.0237230242452234,0.22027438041250202,0.344916584826164,-0.013206458437170445,0.17684655259399137,0.31724728168896094,0.12464220441366197,0.3686396090713874,0.14040072909496956
38,5,broad,additive,-0.001261470024252517,0.17318414930147574,0.2718205377972131,0.026712365396431226,0.13557369563825827,0.25920782951147564,0.09863638849573736,0.27308200782146563,0.12363413387321737
38,10,broad,additive,-0.006213558175507033,0.24930677366340506,0.3094189128058071,0.013094631089810623,0.20530405348034955,0.2826025138447249,0.060112139142402016,0.3156324709813141,0.07729846036437535
38,15,broad,additive,-0.008434952228869216,0.26389261625914456,0.3099826385311655,0.005892400742148517,0.22457592526072592,0.28464242194309475,0.046090022272020914,0.3184175907600347,0.060066496682368825
38,30,broad,additive,-0.022933963166157527,0.33119130860103374,0.32432472800062595,-0.012417879616233958,0.29442971597380474,0.30153127812426017,-0.00686658060040779,0.3472586911667835,0.007101562150455432
38,5,easy,catch_up,-0.6620605775725421,0.6655492695746578,0.12820146275488856,-0.7331291487800677,0.71775117731636,0.07998008074637292,-0.5373478068197692,0.7902620403274306,-0.637771096569987
38,10,easy,catch_up,-0.7136835902845017,0.7269587380789729,0.1825827233932251,-0.8070439338157469,0.7965910081548452,0.11552991381602948,-0.5443760146857478,0.8962663136777268,-0.6810610943388157
38,15,easy,catch_up,-0.7204060061177319,0.7369619045010903,0.20351760240886838,-0.8214354317391713,0.8161391738109511,0.1260953595431796,-0.5334443020922219,0.9239236085266003,-0.6900438142677715
38,30,easy,catch_up,-0.7391242324410975,0.7606075870422443,0.25980350009225694,-0.8502669287217615,0.8527715288629059,0.18742285879840656,-0.5008040869499873,0.9989277325333544,-0.6653486700644993
38,5,broad,catch_up,-0.6298855587216412,0.6631548810092218,0.2217448031590766,-0.703573693477557,0.6803762899377505,0.10339438053809068,-0.4414100778501452,0.8516303618807178,-0.5769819093996598
38,10,broad,catch_up,-0.6655498446291446,0.7326382343035923,0.3083147219729821,-0.784944917289299,0.7841503211285747,0.15205901357559395,-0.4243235123306102,0.9738645666021266,-0.6320913075529808
38,15,broad,catch_up,-0.6829108106761442,0.7593492575942051,0.32385428012235207,-0.8095901170257339,0.8099334423339075,0.1582204496960891,-0.43549497747185306,1.0067650907984964,-0.6517129926378185
38,30,broad,catch_up,-0.712543970673409,0.8059906987065026,0.3934970753219785,-0.8477547409165258,0.8642424509260559,0.20922088294656177,-0.41249362338452417,1.1060410459953876,-0.6550215679794942
39,5,easy,proportional,0.44508148068951603,-0.13110002947788915,0.4091491291859737,0.6950182961386839,-0.16330585984138182,0.6999927847843864,0.5402491586638628,-0.03593235150354235,0.8632986446257682
39,10,easy,proportional,0.46834420258348847,-0.19118951472698817,0.4231897676927746,0.7685525917872821,-0.23247883472307307,0.7777392772651607,0.6143792824197628,-0.04515443489071386,1.0102181119882339
39,15,easy,proportional,0.5071248551228685,-0.20089497334840303,0.45831755039934097,0.8191118531657106,-0.24055174902261284,0.8339068019929965,0.659212523747744,-0.04880730472352757,1.0744585510156093
39,30,easy,proportional,0.5579112685447721,-0.22698612806359514,0.4998154199907886,0.8591410158553554,-0.2326412176661848,0.8846013967668023,0.7268015480543837,-0.05809584855398353,1.117242614432987
39,5,broad,proportional,0.46443770331109946,-0.05122426455830742,0.4747860733924665,0.6706115639548073,-0.09916797143627508,0.6895617390218672,0.5260103379507739,0.01034837008136702,0.7887297104581423
39,10,broad,proportional,0.5100123505214872,-0.10393026835784394,0.5061033434920054,0.758158870563287,-0.1522012996133815,0.7922973852236802,0.6100336118498493,-0.003909007029481826,0.9444986848370617
39,15,broad,proportional,0.5719153114464437,-0.08605407623728172,0.5602125202927978,0.8178708009376312,-0.07874626869251732,0.8736535360405521,0.6462665965300795,-0.01170279115364592,0.9523998047330694
39,30,broad,proportional,0.6403563667156595,-0.034078626115443406,0.6257449863728617,0.854986262931281,0.03805320789441321,0.9194597394461884,0.6598236124883051,-0.014611380342797853,0.8814065315517752
39,5,easy,additive,-0.08924879910163439,0.18782256853095955,0.21548472177065747,-0.05494961911087203,0.15440554728822478,0.21837999355797647,0.027662153239697923,0.3047335208722919,0.06397444626975168
39,10,easy,additive,-0.07126306039922192,0.17041383200454424,0.2559553605654239,-0.04988673251075743,0.15911516278161275,0.2614376327313444,0.08554152856087965,0.3272184209646458,0.10232246994973165
39,15,easy,additive,-0.06893348354519153,0.19948569824091777,0.2918493539287142,-0.047951555477772634,0.17049665228629535,0.282147889766478,0.09236365568779642,0.3607828374739057,0.11165123748018263
39,30,easy,additive,-0.07796835079312157,0.2566874805335908,0.3336216019697844,-0.054814696125127634,0.1983246402401878,0.3057782780891189,0.0769341214361936,0.411589952762906,0.10745363784893108
39,5,broad,additive,-0.07393326860115232,0.15617286064006672,0.16061203066591684,-0.02778484939381547,0.12254610767021931,0.15830512934999363,0.00443917002585012,0.23454529926706916,0.03575902167977432
39,10,broad,additive,-0.07089323443146986,0.17502347178135275,0.22045430765212307,-0.03917789979530641,0.1443137694276002,0.21632235469907973,0.04543083587077032,0.2913475420835929,0.07200858527147952
39,15,broad,additive,-0.07023027033372155,0.23675044427095282,0.2689001407312104,-0.03805303175006769,0.21019518774412957,0.26240796659476634,0.03214969646025756,0.3391304110649319,0.05221277885063677
39,30,broad,additive,-0.08715023399307906,0.368091229133035,0.3162388732800918,-0.06153503473025121,0.3162635211784967,0.2952148714219036,-0.05185235585294318,0.4033891072731709,-0.021048649756593096
39,5,easy,catch_up,-0.6476231004728042,0.6491993088593911,0.11954025995871806,-0.6806562062541717,0.6655382694490362,0.08167350781951904,-0.5296590489006731,0.7671633604315223,-0.5838647616295172
39,10,easy,catch_up,-0.6606496872755985,0.6712612653089449,0.14151861199058166,-0.7458265072244119,0.7280346594051296,0.07770433240301473,-0.5297426533183632,0.8021682992661802,-0.6503303270021148
39,15,easy,catch_up,-0.6845815122569652,0.6964145214644152,0.15084787527139018,-0.798444066530069,0.7844354463682593,0.07839185543283933,-0.545566646193025,0.8354293875283554,-0.70604359093542
39,30,easy,catch_up,-0.7245610315723481,0.74606101252898,0.21121271790085325,-0.8469337588125507,0.8462417031215682,0.11625601907402772,-0.5348482946281268,0.9357737494732014,-0.7299856840475405
39,5,broad,catch_up,-0.6200608481324653,0.6582983129516505,0.23935854051540542,-0.6348908847818452,0.6107361553616272,0.1157143877525919,-0.41893977243624514,0.8594193886478707,-0.49502176760903527
39,10,broad,catch_up,-0.6631749410920323,0.7052612085895793,0.2910642606255699,-0.7303308829501658,0.7053392790327762,0.16305395287598734,-0.4141969479640094,0.9542392017176022,-0.5422853261567888
39,15,broad,catch_up,-0.6787664620895967,0.7314427693028852,0.31097194865305006,-0.7919826663235415,0.7754264398258844,0.16656208681479873,-0.42047082064983515,0.9897384107426468,-0.6088643530110858
39,30,broad,catch_up,-0.7081879815561827,0.7868759361160405,0.37115049403501066,-0.8520068407794024,0.8598851440289231,0.19377694011050056,-0.4157254420810298,1.0793384755911934,-0.6661082039184225
40,5,easy,proportional,0.5373280210824544,-0.06102774372938804,0.5115292340580032,0.7819548719038046,-0.04384146300730761,0.8239951802664375,0.5725569777873912,-0.025798787024451153,0.8678366432737451
40,10,easy,proportional,0.5571274058350216,-0.13205517923984755,0.5174578155226033,0.839365981164648,-0.1334532579318176,0.8690877095278361,0.6495129947624508,-0.039669590312418346,1.0025409674596537
40,15,easy,proportional,0.5571627718047055,-0.15774481260849382,0.5116097641018021,0.8593326236412675,-0.16327854575939427,0.8844398607084143,0.669354576710296,-0.04555300770290338,1.0477184064678084
40,30,easy,proportional,0.5633975625103803,-0.2329934812360543,0.5095979667856003,0.8786375108187549,-0.2608485866105201,0.9082787591080996,0.7425914480216547,-0.05379959572477999,1.1691273457186198
40,5,broad,proportional,0.5465710565299479,0.09379304978723133,0.5928920540212876,0.6713288532037829,0.15050175360908657,0.7803289570832093,0.4990990042340563,0.04632099749133978,0.6298272034741227
40,10,broad,proportional,0.6077049922581981,0.042306052071744545,0.6282290958790487,0.7972258504144558,0.11989719453145055,0.8763137595604827,0.5859230438073042,0.020524103620850664,0.7564165650290322
40,15,broad,proportional,0.6239543087601711,0.013715879315694013,0.624984039731685,0.8339112282632717,0.09018143449643355,0.902401401089401,0.6112681604159911,0.0010297309715139313,0.8122199665929675
40,30,broad,proportional,0.6470019811913358,-0.03436901876243876,0.6356064946184988,0.8713835308409669,0.07295194566097692,0.9308334031882459,0.6699755133809376,-0.011395486572836955,0.857881457527269
40,5,easy,additive,-0.06489997064235822,0.24472647268327685,0.23873166812355764,-0.06545352578407508,0.23522521324882076,0.2214905636972826,-0.005994804559719208,0.30363163876591587,-0.013734649551538164
40,10,easy,additive,-0.0741985906704868,0.25661378708698634,0.26599441964278486,-0.07021359206288956,0.2295919378652739,0.2392239846513681,0.009380632555798518,0.34019301031327165,0.009632046786094195
40,15,easy,additive,-0.08340202491111284,0.26853964611920716,0.28280842207137447,-0.07622853454493675,0.23931230963457242,0.2578768947540501,0.0142687759521673,0.3662104469824873,0.0185645851194777
40,30,easy,additive,-0.0888516165248904,0.26938035607924976,0.30120075924837153,-0.08997954491656164,0.24701478701128438,0.27168482852539344,0.03182040316912177,0.3900523757732619,0.024670041514109065
40,5,broad,additive,-0.051815938513181226,0.2493092998322366,0.205967951386914,-0.033327417795263214,0.19976806613213643,0.17789293500789885,-0.043341348445322586,0.25778388990009526,-0.021875131124237585
40,10,broad,additive,-0.06442363861046095,0.33050874701899857,0.25396249092003315,-0.05348554804763079,0.27565049058102487,0.22511578864938045,-0.07654625609896543,0.3183861295304941,-0.050534701931644416
40,15,broad,additive,-0.08229022135757028,0.39349094133107587,0.28736733728166564,-0.07468808797708223,0.3411905445987671,0.25719866871759295,-0.10612360404941024,0.3696575586392359,-0.08399187588117413
40,30,broad,additive,-0.08600404820663547,0.42166503741969374,0.3144622250747508,-0.08813213972861339,0.3980193495408205,0.28226740942674766,-0.10720281234494294,0.4004662732813863,-0.11575194011407286
40,5,easy,catch_up,-0.6377118364255724,0.6673887439327085,0.1872276807455535,-0.7581573527625498,0.7602017834093472,0.13841223096009697,-0.480161063187155,0.8249395171711259,-0.6217895524492503
40,10,easy,catch_up,-0.6980616350009315,0.7243896577280595,0.2054880795537966,-0.8071681856479488,0.8032766291338982,0.1367959354446055,-0.518901578174263,0.9035497145547282,-0.6664806936892926
40,15,easy,catch_up,-0.7265296749445026,0.750956835646348,0.21083130200005404,-0.8309678233166852,0.8289403385460301,0.13936522154575706,-0.5401255336462939,0.9373609769445567,-0.6895751170002731
40,30,easy,catch_up,-0.7493171867733216,0.7731214718308106,0.25369092106898533,-0.8557097735713706,0.8593523486139861,0.18097169531291374,-0.5194305507618253,1.003008107842307,-0.6783806533010723
40,5,broad,catch_up,-0.5009874085435319,0.6178072005635029,0.3232915769191743,-0.6418743508512889,0.6556592475348108,0.17188912852104216,-0.2945156236443286,0.8242789854627062,-0.4837701190137686
40,10,broad,catch_up,-0.6194108233828656,0.7273728463768143,0.3549517684004003,-0.7643759561705462,0.7780052721400602,0.1913944279016074,-0.372421077976414,0.9743625917832659,-0.5866108442384528
40,15,broad,catch_up,-0.6692283989549875,0.7711894095609951,0.3617728221772418,-0.817842311847474,0.8362639610105819,0.20566545371915043,-0.4094165873837533,1.0310012211322293,-0.6305985072914314
40,30,broad,catch_up,-0.7070240184975425,0.8061902456154357,0.4136178003224633,-0.8531521767007368,0.885681576405381,0.2514251972136554,-0.3925724452929724,1.1206418188200058,-0.6342563791917256
41,5,easy,proportional,0.4979117265056638,-0.061176833740480496,0.4733827168444582,0.7614207139058873,-0.050190605477733886,0.7967221066690059,0.5345595505849388,-0.02452900966120558,0.8469127121467398
41,10,easy,proportional,0.5251601397722341,-0.10961291567904609,0.48109490474914357,0.8276026792517381,-0.10745524711937174,0.8530194937236965,0.5907078204281897,-0.04406523502309051,0.9604747408430682
41,15,easy,proportional,0.5226043977604694,-0.15636575469899303,0.47018276429459444,0.8514645114175279,-0.1591893096555894,0.864261611451857,0.6265485189935874,-0.05242163346587497,1.0234509211074463
41,30,easy,proportional,0.5256320901741967,-0.20558593770223424,0.4714495693335054,0.872438299150766,-0.23594376785963886,0.8964472798537166,0.6770355070357397,-0.05418252084069125,1.1323910477133554
41,5,broad,proportional,0.5220487147906778,0.05618331014095013,0.5558550195129982,0.6265857482767109,0.11457511209557317,0.7320590007416372,0.4996717093720481,0.03380630472232038,0.6174838886460641
41,10,broad,proportional,0.5996347089803215,0.03098987457284803,0.593919665437126,0.781821106110428,0.10436248066917643,0.8516683693319871,0.562929790864278,-0.005715043543195408,0.7473058886628107
41,15,broad,proportional,0.608265066621796,-0.016939087701910844,0.5887419798581564,0.8376539303045306,0.04435330097022579,0.882408436217589,0.6056810675600672,-0.019523086763639674,0.8380551352473632
41,30,broad,proportional,0.6106438031069737,-0.023452565450464827,0.5927352061867924,0.8655673596326501,0.061561321103745306,0.9247030373199306,0.6161877716372572,-0.01790859692018132,0.8631417162161853
41,5,easy,additive,0.04768213354983224,0.13136843819019028,0.2623800311002233,0.042876637106637146,0.12512130063352372,0.26117578906222216,0.131011592910033,0.21469789755039104,0.13605448842869844
41,10,easy,additive,0.05184842990586734,0.13817287515078605,0.3081820363184423,0.04001835454005618,0.14783325369803596,0.30151505491864855,0.17000916116765627,0.25633360641257497,0.1536818012206126
41,15,easy,additive,0.051689523734926565,0.11846187483279094,0.3153959115743983,0.04127036427895586,0.13187725891271865,0.30457805157069573,0.19693403674160734,0.2637063878394717,0.17270079265797708
41,30,easy,additive,0.04854622777586478,0.12267455135541122,0.33831923206449405,0.0355153513152377,0.12287003291443188,0.32633899279877343,0.21564468070908283,0.2897730042886293,0.20346895988434155
41,5,broad,additive,0.03622876107168107,0.13623404461112432,0.20083108206057163,0.030885715607046463,0.1170506765679425,0.170532802506992,0.06459703744944731,0.16460232098889055,0.05348212593904948
41,10,broad,additive,0.047229649766304664,0.19037666885759066,0.26364865133860726,0.028747987550898437,0.19581125543826652,0.24337466394369728,0.0732719824810166,0.2164190015723026,0.047563408505430754
41,15,broad,additive,0.0474711978239212,0.198002343379516,0.2937690272320207,0.03526598570793585,0.21237721783852284,0.2729779846762374,0.0957666838525047,0.2462978294080995,0.060600766837714565
41,30,broad,additive,0.04154960312564981,0.24379953479566044,0.33429765041149956,0.029951711719968892,0.24649482270157363,0.30988646124258307,0.09049811561583912,0.29274804728584974,0.06339163854100943
41,5,easy,catch_up,-0.5966667887734277,0.6118819725526011,0.13689465301365353,-0.7081768687908286,0.6995277476327018,0.09056988364698383,-0.47498731953894757,0.7335614417870813,-0.6089578639857179
41,10,easy,catch_up,-0.6681980537602202,0.6892598774443275,0.15996996462722474,-0.7775307512492993,0.7709129673009517,0.09669351206561715,-0.5292899128171027,0.8281680183874449,-0.6742194552353346
41,15,easy,catch_up,-0.6904596049153602,0.7112102341322389,0.17415067233128223,-0.7969441825768907,0.7949868677380911,0.11065706620081013,-0.5370595618009567,0.8646102772466424,-0.684329801537281
41,30,easy,catch_up,-0.7112869040088495,0.7335456180027894,0.21517117053085505,-0.8246418450707571,0.8277616876458648,0.13983876503801615,-0.5183744474719343,0.9264580745397046,-0.6879229226078486
41,5,broad,catch_up,-0.4720843230706196,0.5666978609231492,0.2847968814264657,-0.5824237070846799,0.5858665416975278,0.15287076926493268,-0.2819009794966835,0.7568812044970853,-0.4329957724325951
41,10,broad,catch_up,-0.6062574928100957,0.7006439709105986,0.3280179375419803,-0.7481446911468344,0.7608394872443548,0.1995241013533665,-0.3726260333686183,0.9342754303520759,-0.5613153858909883
41,15,broad,catch_up,-0.6615793642323744,0.7456447160621836,0.34239967788661824,-0.7978771230087967,0.8092760613943553,0.2009175941513802,-0.4032450381755654,1.0039790421189927,-0.608358467242975
41,30,broad,catch_up,-0.6940332970665699,0.7808817008050186,0.37486429391288956,-0.8303142374399156,0.8601370589529818,0.21548255906057237,-0.40601740689212906,1.0688975909794594,-0.6446544998924094
42,5,easy,proportional,0.5025495436100065,-0.14103306491226075,0.4704511253164658,0.752256747635975,-0.16616799023566287,0.7691626950873559,0.6114841902287266,-0.032098418293540654,0.9353306853230188
42,10,easy,proportional,0.5325552309538883,-0.18696278627120894,0.4949243280504865,0.8101377301457989,-0.24929804153802443,0.8337582059366527,0.6818871143216954,-0.037630902903401875,1.0830562474746772
42,15,easy,proportional,0.5428678292863809,-0.2126402414885189,0.49431327762667765,0.8290659671195983,-0.23745539548163475,0.8480075089045157,0.7069535191151965,-0.04855455165970324,1.0854629043861506
42,30,easy,proportional,0.573584901488577,-0.24599203035592415,0.52359958735334855,0.8630738684137073,-0.2820888142894463,0.8880554941420613,0.7695916177092728,-0.04998531413522844,1.1701443084315075
42,5,broad,proportional,0.5617020457993424,-0.01831342117647035,0.5694845336312774,0.726171962712164,0.014591883224894305,0.789917750116847,0.5877979548077478,0.0077824878319350255,0.7753258668919526
42,10,broad,proportional,0.6065938613804946,-0.055214710239253215,0.6005255421388158,0.8026558870307547,-0.00942491750905476,0.8584835934687989,0.655740252378069,-0.006068319241678832,0.8679085109778536
42,15,broad,proportional,0.6233005452180699,-0.06460263951197108,0.6032695246781149,0.8315221011367842,0.004726652788472514,0.8781617821836393,0.667872164190086,-0.02003102053995498,0.8734351293951668
42,30,broad,proportional,0.6558115632538397,-0.014601512491360609,0.6476407420972744,0.8551658555109108,0.059943940518650915,0.9118612563864886,0.6622422545886351,-0.008170821156565311,0.8519173158678377
42,5,easy,additive,0.012173897588519791,0.11495972007937402,0.24004667462092344,-0.009908785738255196,0.1228975938458453,0.23768269110370988,0.12508695454154942,0.22787277703240366,0.11478509725786458
42,10,easy,additive,0.01775773046074908,0.12410349144860139,0.2838152658788588,7.965453803269613e-4,0.1298208788823905,0.27935505795389054,0.15971177443025741,0.2660575354181097,0.14953417907150005
42,15,easy,additive,0.017912335488003653,0.12115089581298225,0.2857971858872244,-0.006925500669721796,0.12651292334384678,0.26435770625645105,0.16464629007424217,0.2678848503992208,0.13784478291260427
42,30,easy,additive,0.009538854944613439,0.15971109970435912,0.31579369415194347,-0.024013957967197415,0.17573094457896637,0.2770577212901779,0.15608259444758435,0.30625483920733004,0.10132677671121154
42,5,broad,additive,0.013113494272647363,0.18371537965324722,0.23110966893454524,0.007533403464234196,0.16859004076714287,0.20708397152626928,0.04739428928129802,0.21799617466189788,0.03849393075912641
42,10,broad,additive,0.00838960878149055,0.2208916083602688,0.268129650311145,-3.5624100419384355e-4,0.2175111895689669,0.2355721539406276,0.04723804195087619,0.25974004152965446,0.018060964371660715
42,15,broad,additive,0.005204872423897483,0.24396668194713894,0.28271088858654614,-0.01745442886080701,0.25655063031906733,0.24393691042408713,0.0387442066394072,0.27750601616264864,-0.012613719894980197
42,30,broad,additive,-0.004381444566549517,0.3133802691069043,0.3172655094287101,-0.028852937016867426,0.3240539102609017,0.2764230501029231,0.0038852403218058162,0.32164695399525967,-0.04763086015797857
42,5,easy,catch_up,-0.6201240488821786,0.6295513233083546,0.11551268206701437,-0.7256063187859019,0.7172379236813363,0.08322541328235093,-0.5140386412413402,0.735636730949193,-0.6340125103989854
42,10,easy,catch_up,-0.6779834449321684,0.6885172114048762,0.1478528420460368,-0.7715853829813222,0.7637895576809572,0.10545724016132337,-0.5406643693588394,0.8258362869782052,-0.6583323175196338
42,15,easy,catch_up,-0.6979524876811153,0.7088801173729011,0.14808184742711006,-0.7956884362331469,0.7896369142719925,0.08952765069152586,-0.5607982699457911,0.8460343351082253,-0.7001092635804665
42,30,easy,catch_up,-0.7211953141000096,0.7376364271275657,0.2138402326145527,-0.8442841058637727,0.8447237843153598,0.12960405033769246,-0.523796194513013,0.9350355467145623,-0.7151197339776674
42,5,broad,catch_up,-0.5562520742111137,0.6053027775570241,0.22986860201831344,-0.6904377745698228,0.6961663390862772,0.15602707598574816,-0.37543417553871067,0.786120676229427,-0.5401392631005291
42,10,broad,catch_up,-0.6391790218321532,0.6984148359318025,0.27354220936819074,-0.7686352576659858,0.7785261970458717,0.16626713231402931,-0.4248726265636118,0.912721231200344,-0.6122590647318423
42,15,broad,catch_up,-0.674509413511563,0.7324117614453295,0.29532511745707635,-0.809116442447477,0.820477145592492,0.19050409941610796,-0.43708664398825314,0.9698345309686394,-0.6299730461763839
42,30,broad,catch_up,-0.6927864652240342,0.7748970280222868,0.37753886837593603,-0.8409267821108976,0.868858864238649,0.24896901934505897,-0.39735815964635074,1.0703253335999703,-0.61988984489359
43,5,easy,proportional,0.5242421687932317,-0.0938662960584627,0.48930058260202114,0.7638008676335687,-0.10510745143655716,0.7917591745070518,0.5831668786604838,-0.03494158619121057,0.896866625943609
43,10,easy,proportional,0.5862877809659047,-0.12058980207963342,0.5428684434049592,0.8343924132690692,-0.07769387294596673,0.8581260166813415,0.6634582454845926,-0.043419337560945515,0.9358198896273082
43,15,easy,proportional,0.5860441616059685,-0.15905529452430742,0.5325818097564381,0.8541343007890381,-0.11438728343674359,0.8750548802874597,0.6916371042807455,-0.05346235184953041,0.9894421637242032
43,30,easy,proportional,0.5898536200244722,-0.20175756537255865,0.5345379272500784,0.8766054140216059,-0.17970177180004399,0.904303065858032,0.736295492622637,-0.05531569277439374,1.084004837658076
43,5,broad,proportional,0.5264920485220096,0.06553354891866554,0.57286876898057415,0.6860953485346506,0.08493423678417433,0.7719814460711598,0.5073352200619086,0.04637672045856456,0.6870472092869855
43,10,broad,proportional,0.6096795403807759,0.13539716155367443,0.669492152039699,0.7691245474376615,0.18016010991025044,0.8666974911650739,0.5340949904860246,0.059812611658923154,0.6865373812548234
43,15,broad,proportional,0.6368436913739901,0.08309657357915967,0.65937821212508,0.8245000209796949,0.1685066277945439,0.9008203420668351,0.5762816385459203,0.02253452075108986,0.7323137142722913
43,30,broad,proportional,0.6712228508156268,0.04685768586629749,0.6644321486945476,0.8682019115892853,0.16534381794566386,0.9292325751750409,0.6175744628282501,-0.0067907021210792395,0.763888757229377
43,5,easy,additive,0.01592431305757275,0.15572726047216823,0.273386881628766,0.0260647833957029,0.13982293647856844,0.28391699955300764,0.11765962115659778,0.25746256857119326,0.1440940630744392
43,10,easy,additive,0.001116328810312528,0.22504818510905022,0.30853399848374086,0.01542340689342589,0.1991870637320323,0.3105923294479572,0.08348581337469063,0.3074176696734283,0.11140526571592493
43,15,easy,additive,-0.001252695856011585,0.21191783747790505,0.32304594911768447,0.019236443563011702,0.18085309702970595,0.3297693128654583,0.11112811163977943,0.32429864497369604,0.14891621583575235
43,30,easy,additive,7.185883025127675e-4,0.21110708034336217,0.34052824177944663,0.01634150219828422,0.17548800334296275,0.33526492182070433,0.12942116143608445,0.33980965347693387,0.1597769184777416
43,5,broad,additive,0.014300057035139497,0.1963090124643693,0.26497138185616737,0.03399141398087132,0.15558648923105853,0.24481556503576307,0.06866236939179807,0.2506713248210279,0.08922907580470454
43,10,broad,additive,-0.013764752586150997,0.3117292218252439,0.2980398566667501,0.0020718306166269897,0.27946152404848124,0.2871150980128852,-0.013689365158493783,0.3118046092529011,0.00765357396440397
43,15,broad,additive,-0.010678117490877157,0.32961116815411595,0.32154770286538303,0.009852553627813343,0.29670890226385094,0.3123266467838732,-0.008063465288732918,0.3322258203562602,0.015617744520022236
43,30,broad,additive,0.0025086346747114794,0.37639470782070233,0.3525773658130503,0.01850722351552437,0.328282864569745,0.33645544314837855,-0.02381734200765201,0.35006873113833886,0.008172578578633571
43,5,easy,catch_up,-0.582866794464794,0.6026806821711913,0.14440922043455795,-0.7242668987485609,0.7206587067427229,0.09672695220729643,-0.45827146173663336,0.7272760148993519,-0.6239317545354265
43,10,easy,catch_up,-0.6500984201253207,0.6828789673423836,0.19524418738893873,-0.802857847468963,0.8073481144316158,0.13417164106325982,-0.4876347799534449,0.8453426075142594,-0.673176473368356
43,15,easy,catch_up,-0.6762554546966534,0.7047554138535349,0.2057313455682647,-0.820875660402288,0.8256059399165918,0.1386780116106983,-0.49902406828527024,0.881986800264918,-0.6869279283058936
43,30,easy,catch_up,-0.6891213022344915,0.7161942356887634,0.22115749044530908,-0.8437702609211714,0.8526675295931432,0.1446318911360307,-0.4950367452434543,0.9102787926798006,-0.7080356384571125
43,5,broad,catch_up,-0.5059673602392868,0.5792370742631677,0.2603150277057259,-0.6389340749556667,0.6297904580274599,0.13975762299271285,-0.31892204655744183,0.7662823879450127,-0.49003283503474704
43,10,broad,catch_up,-0.5753964839018677,0.6852049844581771,0.3250309639692201,-0.7468219467822077,0.7479331165143904,0.16802234825734716,-0.360174020488957,0.9004274478710879,-0.5799107682570432
43,15,broad,catch_up,-0.6237889823431372,0.7241821567879524,0.33086436503404226,-0.7993856770931423,0.8140286640992176,0.17262509017407127,-0.39331779175391013,0.9546533473771794,-0.6414035739251464
43,30,broad,catch_up,-0.6488030959768866,0.7635277760971152,0.36695658812887005,-0.8330370074455298,0.8801755854937575,0.19408532758798863,-0.39657118796824514,1.0157596841057566,-0.6860902579057688
44,5,easy,proportional,0.47552051697904096,-0.10264581778536067,0.4411941161008477,0.765414884611435,-0.0998745688926622,0.8096228812714938,0.5438399338862083,-0.034326400878193275,0.9094974501641561
44,10,easy,proportional,0.5156872263800986,-0.12071684760695336,0.4661636377339647,0.8257794291893678,-0.09145367602940496,0.8546387257742328,0.5868804853409181,-0.049523588646133876,0.9460924018036379
44,15,easy,proportional,0.5424685997418056,-0.12725703813618336,0.4881748704324659,0.8510655231080427,-0.08853770664931038,0.8825300631267102,0.6154319085686493,-0.05429372930933973,0.9710677697760206
44,30,easy,proportional,0.5663985126442715,-0.16899499095344936,0.5112344824619667,0.8757120794229604,-0.10684190090215032,0.914684711326261,0.6802294734154161,-0.05516403018230487,1.0215266122284112
44,5,broad,proportional,0.5198314263697845,-0.014453168299778042,0.5244198089177899,0.735966292697822,0.039610885852065146,0.8196158814386922,0.538872977217568,0.004588382548005421,0.7800049955866271
44,10,broad,proportional,0.5851753624252339,-0.004328826855995061,0.5742409906859911,0.8007997451336284,0.07181874707951595,0.8707019720518424,0.5785698175419862,-0.010934371739242832,0.7988832249723264
44,15,broad,proportional,0.619012215624278,0.025418688951349706,0.6084213128066756,0.825730569584123,0.1236386376979989,0.8945192885308954,0.5830026238553259,-0.010590902817602443,0.7708806508328965
44,30,broad,proportional,0.6568917717371192,0.05062551294853851,0.6469842228485819,0.8574500350012481,0.20708235095035557,0.9275325111287304,0.5963587099000434,-0.009907548888537288,0.7204501601783748
44,5,easy,additive,-0.001355588454346685,0.1490734962851689,0.26773685452232726,0.016316253183210852,0.13291507650878867,0.27711818905808216,0.11866335823715837,0.26909244297667395,0.1442031125492935
44,10,easy,additive,-0.003988364454339624,0.17032585827748714,0.2944471616866711,0.008991182026230263,0.14702185988480326,0.29549323783111414,0.12412130340918398,0.29843552614101077,0.14847137794631088
44,15,easy,additive,-0.005601179994598358,0.20595250489767908,0.3204032088793684,0.005460070179793674,0.18015939618171264,0.31936271872748684,0.11445070398168933,0.32600438887396677,0.1392033225457742
44,30,easy,additive,-0.012826808588810374,0.2494439892107812,0.34395827790016364,-0.002009764595192399,0.21606661126446872,0.33192154539695795,0.09451428868938244,0.356785086488974,0.11585493413248923
44,5,broad,additive,-0.026547223667929873,0.26033839484665716,0.2924402292362188,-0.01373815984671915,0.23062208641173504,0.26928195140608613,0.032101834389561656,0.3189874529041487,0.03865986499435109
44,10,broad,additive,-0.006270962701490454,0.27442047579874396,0.2964263897544195,0.004488627351660568,0.22781784915764586,0.26808808957740465,0.022005913955675527,0.30269735245590995,0.040270240419758796
44,15,broad,additive,-9.138459953146176e-4,0.32408474438947615,0.32334981433480803,0.0032204135246744095,0.2726243606892961,0.2902362612957189,-7.349300546681259e-4,0.32426366033012266,0.017611900606422815
44,30,broad,additive,-0.00419162519843305,0.4089732939975791,0.34914612363493885,-0.004232955987835144,0.3555573143713496,0.31574944625075824,-0.059827170362640236,0.3533377488333719,-0.03980786812059134
44,5,easy,catch_up,-0.6174227310777156,0.6313277238685389,0.11556016784673222,-0.7233046546192158,0.7154703143149886,0.0589931053395048,-0.5157675560218067,0.7329828989244478,-0.6564772089754838
44,10,easy,catch_up,-0.6581287845486428,0.6771144217373295,0.14710318524037347,-0.7858433726720608,0.7843254977344117,0.07470996482227062,-0.530011236496956,0.8052319697890162,-0.7096155329121411
44,15,easy,catch_up,-0.6755394022181251,0.7012874613861618,0.1817005613126954,-0.8164044938234558,0.8202627970959873,0.08622053122930383,-0.5195869000734664,0.8572399635308205,-0.7340422658666834
44,30,easy,catch_up,-0.7017867022944512,0.7323079276899298,0.2374809037395209,-0.8486330524513575,0.8594959509005137,0.13779251994256114,-0.4948270239504089,0.9392676060339721,-0.7217034309579525
44,5,broad,catch_up,-0.5955212486695823,0.6393599634630347,0.2189075919114215,-0.7304503894770624,0.7278032061490299,0.13867553838683105,-0.4204523715516132,0.8144288405810038,-0.5891276677621988
44,10,broad,catch_up,-0.6221421317008082,0.6959645289023549,0.27910485017773873,-0.7682594465234499,0.7846070663481574,0.1655614505545347,-0.4168596787246162,0.9012469818785469,-0.6190456157936226
44,15,broad,catch_up,-0.6302253425275138,0.7347778127450512,0.34213342692769383,-0.7985312160314405,0.8276326488749638,0.19624608703271926,-0.39264438581735733,0.9723587694552076,-0.6313865618422445
44,30,broad,catch_up,-0.6561953821478287,0.785952323498266,0.4073291670974006,-0.8369236463593628,0.8819759712326193,0.23165844678120104,-0.37862315640086547,1.0635245492452292,-0.6503175244514182
45,5,easy,proportional,0.5550636007767153,-0.06151128342470977,0.5446155577619527,0.7674862516593476,-0.038904335021202475,0.8234136622486874,0.6061268411866625,-0.010448043014762654,0.8623179972698899
45,10,easy,proportional,0.5808812459344813,-0.1364294131853926,0.5465559732167183,0.8286288679209549,-0.11691139729619449,0.8702030914784139,0.6829853864021109,-0.03432527271776298,0.9871144887746084
45,15,easy,proportional,0.5812149639608688,-0.17556989338468973,0.5412593584505764,0.8462854382080852,-0.16613704523066272,0.8857443754934465,0.7168292518352661,-0.039955605510292425,1.0518814207241092
45,30,easy,proportional,0.587457725378818,-0.25981995810370373,0.5366879525839783,0.8694108247189701,-0.2590760507431963,0.9012790740342697,0.796507910687682,-0.05076977279483974,1.160355124777466
45,5,broad,proportional,0.5354331133964849,0.13264699626280665,0.6351212811341796,0.6459319835771308,0.153741305932696,0.7760013812322603,0.502474284871373,0.09968816773769473,0.6222600752995643
45,10,broad,proportional,0.6314589213601599,0.0787781362935204,0.6618755715750734,0.7819418859069751,0.14946046985667252,0.8690321791501634,0.583097435281553,0.030416650214913465,0.7195717092934909
45,15,broad,proportional,0.650801958560293,0.040290698391318956,0.6633023602264494,0.8232511239191121,0.12275179271919757,0.90077392498673,0.6230116618351305,0.012500401666156402,0.7780221322675325
45,30,broad,proportional,0.6751118114680251,-0.01672313974520572,0.6638853197094201,0.867304757615541,0.08909448982858328,0.9224965994632058,0.6806084594546258,-0.011226491758605017,0.8334021096346226
45,5,easy,additive,-0.009925791625796432,0.20109329899562137,0.27789342886706947,-0.006812956792295785,0.19124107571143334,0.28800577084063744,0.0768001298714481,0.2878192204928659,0.0967646951292041
45,10,easy,additive,-0.013905343668766211,0.21022958516819787,0.31318671906011486,-0.009592959369141809,0.20795066751240543,0.31102565769516316,0.10295713389191699,0.3270920627288811,0.10307499018275773
45,15,easy,additive,-0.01260503231941284,0.19951429498998216,0.31924350986475847,-0.007055744244585041,0.1899002187919164,0.3116837766249418,0.11972921487477631,0.3318485421841713,0.12178355783302539
45,30,easy,additive,-0.0031930578777039902,0.17939668423864066,0.33169512128941014,-0.004453707046422814,0.17352049383209356,0.31950952798668036,0.15229843705076948,0.3348881791671141,0.1459890341545868
45,5,broad,additive,-0.027180604235372295,0.23706059131625026,0.25076382240719064,-0.02880139093510121,0.21936902152347765,0.23308776578402274,0.013703231090940377,0.2779444266425629,0.01371874426054509
45,10,broad,additive,-0.018157305201400773,0.3369295500902503,0.31618460333083875,-0.013793087454967197,0.3200836090394938,0.3033615463346226,-0.02074494675941152,0.33434190853223955,-0.0167220627048712
45,15,broad,additive,-0.016870737353355578,0.3520707921178551,0.33002540262348595,-0.0089967303417681,0.312481981188809,0.3100164256288737,-0.022045389494369128,0.34689613997684154,-0.002465555559935273
45,30,broad,additive,-0.005585146910093761,0.3643670578609251,0.3455850400944328,-0.006544886261113155,0.32997390938478766,0.3240597261359669,-0.018782017766492298,0.35117018700452657,-0.005914183248820759
45,5,easy,catch_up,-0.6154273788073782,0.6389206566005848,0.1693151859993221,-0.7559286276020989,0.7504596994544245,0.11547561210771337,-0.46960547060126273,0.7847425648067003,-0.6349840873467111
45,10,easy,catch_up,-0.6813496048112102,0.7048628793212456,0.17631396575388017,-0.8189340745496179,0.8202541052782722,0.10738262691746622,-0.5285489135673654,0.8576635705650903,-0.712871478360806
45,15,easy,catch_up,-0.7037454707690437,0.7258490812854409,0.17989590889216991,-0.8330346385988988,0.8312840765933656,0.10558515965343948,-0.545953172393271,0.8836413796612136,-0.725698916939926
45,30,easy,catch_up,-0.7198414171928434,0.7422739226150482,0.21609913568865258,-0.8487010902757426,0.8496552330394962,0.11680661059103674,-0.5261747869263956,0.935940552881496,-0.7328486224484595
45,5,broad,catch_up,-0.5056091611842821,0.5991352502279241,0.3094890532937145,-0.6517183344852097,0.6200150053430192,0.1529778630142803,-0.2896461969342096,0.8150982144779966,-0.46703714232873894
45,10,broad,catch_up,-0.601637483628991,0.7036835114845817,0.3281159728561401,-0.7779666201560175,0.8036819658599035,0.17051841263709897,-0.37556753862844167,0.9297534564851311,-0.6331635532228045
45,15,broad,catch_up,-0.6467764443525718,0.7407823730945722,0.33228412955080233,-0.8137128478537451,0.8344724030608408,0.1660542772908125,-0.40849824354376985,0.9790605739033741,-0.6684181257700283
45,30,broad,catch_up,-0.6808367034364333,0.7752104352927685,0.359309001355931,-0.8482999847358542,0.878067527925355,0.17976791632677858,-0.41590143393683743,1.0401457047923643,-0.6982996115985765
46,5,easy,proportional,0.46252948297862484,-0.08836121813925926,0.44493311116548034,0.7426414858425024,-0.12609456733006041,0.7774859850980267,0.5332943293047396,-0.017596371813144496,0.9035805524280871
46,10,easy,proportional,0.5276962611955041,-0.09949351915831073,0.49698827171760457,0.8058735298816425,-0.11475057736997363,0.8540643437143222,0.5964817908759152,-0.03070798947789949,0.9688149210842958
46,15,easy,proportional,0.535003427476811,-0.14028740330435277,0.49475442178249707,0.833811879348341,-0.15480151632063774,0.8777856665639734,0.6350418250868498,-0.04024900569431389,1.0325871828846112
46,30,easy,proportional,0.5213106165220499,-0.2343741290180831,0.47159130784799297,0.8560299286281262,-0.27347147408152955,0.8956303052229666,0.705965436866076,-0.04971930867405694,1.1691017793044962
46,5,broad,proportional,0.5003776684559482,0.012962756900943888,0.536648842046463,0.6926884386819506,0.025564004702103214,0.7837499042643621,0.5236860851455192,0.036271173590514794,0.7581858995622589
46,10,broad,proportional,0.5857346112256694,0.06758283737648572,0.6237443182382645,0.7646742586990839,0.1262906513192742,0.85675152708382,0.5561614808617787,0.038009707012595095,0.7304608757645458
46,15,broad,proportional,0.6130842668681324,0.026587804748827146,0.6241278517101165,0.8146562604508685,0.11038069896940622,0.8989930847456881,0.5975400469612894,0.011043584841984089,0.7886123857762819
46,30,broad,proportional,0.6094702340047713,-0.08000874980660043,0.5935557676151244,0.8577455386042906,-0.009502533877375752,0.9241694082251634,0.6735645174217249,-0.015914466389646886,0.9336719421025391
46,5,easy,additive,-0.0056077339234248,0.15337973787643083,0.2653906345439363,0.009541707546283093,0.14282106897161181,0.2839561937180082,0.11201089666750547,0.2709983684673611,0.14113512474639636
46,10,easy,additive,-0.0015856292868716851,0.21249977153315325,0.3150448297905731,0.003857056389828209,0.17926651814251462,0.32920193639720385,0.10254505825741983,0.31663045907744475,0.14993541825468923
46,15,easy,additive,6.294523707741147e-4,0.2032197006170994,0.33056471654248754,0.004811532328271669,0.18542002095100887,0.34943893444321195,0.12734501592538813,0.3299352641717134,0.16401891349220307
46,30,easy,additive,0.0031269699192532376,0.15568237474310145,0.33812917451737406,0.0030419957547625923,0.1509419006739068,0.3560341189816977,0.1824467997742726,0.3350022045981208,0.20509221830779087
46,5,broad,additive,-0.025501594943279724,0.20206310932779414,0.24704489364987522,-0.020945015774999586,0.19601700023593835,0.24780667201619877,0.04498178432208108,0.27254648859315495,0.05178967178026042
46,10,broad,additive,-9.094015565716543e-4,0.26129206883644873,0.2924588737494346,-0.002232253140185237,0.25122192376844127,0.276878018821262,0.031166804912985846,0.29336827530600623,0.025656095052820738
46,15,broad,additive,-0.007329038989744664,0.32321057662070446,0.32881246748487297,-0.006511920723320391,0.3005917166390392,0.3165874013368171,0.005601890864168513,0.33614150647461766,0.0159956846977779
46,30,broad,additive,-0.004524503348764954,0.31105736153489155,0.3585863683001139,-0.0029695587646017293,0.29073829592933415,0.34821260709638857,0.04752900676522237,0.3631108716488789,0.057474311167054426
46,5,easy,catch_up,-0.66646552442567,0.6733388675991856,0.13852022164294958,-0.721749674829966,0.7092046880490609,0.09785945529312691,-0.5348186459562361,0.8049857460686196,-0.611345232755934
46,10,easy,catch_up,-0.7062942023120095,0.7275031267525246,0.20856444535343505,-0.7908972816477492,0.7868896570543458,0.15407425881240563,-0.5189386813990895,0.9148586476654446,-0.6328153982419401
46,15,easy,catch_up,-0.7308605767117176,0.7510400475726708,0.22185802865387322,-0.8195926401804323,0.8215280094924057,0.1720392567846069,-0.5291820189187977,0.9527186053655907,-0.6494887527077988
46,30,easy,catch_up,-0.7460936996296258,0.7616114719700323,0.24046865191478592,-0.8410744142045654,0.8460060604987844,0.18398873247814665,-0.5211428200552464,0.9865623515444117,-0.6620173280206377
46,5,broad,catch_up,-0.6121824904218293,0.6512173174717539,0.26128465583578603,-0.7071441275074287,0.6997835562208062,0.17104302790418388,-0.3899326616359679,0.8734671462576153,-0.5287405283166223
46,10,broad,catch_up,-0.6395239367108904,0.7217218880306978,0.3294917967748924,-0.7548310297867673,0.7409296978957288,0.16903235558598848,-0.39223009125580544,0.9690157334857827,-0.5718973423097403
46,15,broad,catch_up,-0.6836726857559935,0.7686254528665334,0.33544885978266165,-0.8135755289827957,0.825724803037993,0.1709477074249251,-0.43317659308387174,1.019121545538655,-0.6547770956130678
46,30,broad,catch_up,-0.728494985098583,0.7966413676604561,0.35625646673459005,-0.850651005380005,0.8739596819577996,0.1975517419270574,-0.4403849009258661,1.0847514518331731,-0.6764079400307422
47,5,easy,proportional,0.44618352200773287,-0.11037324660137554,0.4020722062344209,0.7818622203112428,-0.1211080965204237,0.7980472181174758,0.5124454528357965,-0.044111315773311954,0.9191553146378995
47,10,easy,proportional,0.4705773566577324,-0.13673449315048597,0.4196153295606109,0.8278153187314136,-0.14908919017748506,0.8418679730993517,0.5563498227110968,-0.050962027097121554,0.9909571632768368
47,15,easy,proportional,0.4847241223800905,-0.1283317260443052,0.437128626443686,0.8427303225738376,-0.11372430859678703,0.8714084341672812,0.5654603524879912,-0.0475954959364045,0.9851327427640683
47,30,easy,proportional,0.4833281464407825,-0.16552506003698086,0.43526540628900867,0.8672115716782068,-0.18597272768616832,0.8961947697364323,0.6007904663259895,-0.04806274015177381,1.0821674974226005
47,5,broad,proportional,0.5024221100550867,-0.01228516509011479,0.4979021610191388,0.736521627010942,0.04633430091210684,0.8256148784620888,0.5101873261092535,-0.004519949035947934,0.7792805775499819
47,10,broad,proportional,0.5444396715570164,-0.010054751911144254,0.5294622085024212,0.7956523653681145,0.0803909746289636,0.8729412730310623,0.5395169604135654,-0.014977463054595241,0.7925502984020987
47,15,broad,proportional,0.5635156392886735,0.024333274655298793,0.5544618006227848,0.814232647783588,0.12116021660880137,0.8842976679070267,0.530128525967486,-0.009053838665888714,0.7631374512982253
47,30,broad,proportional,0.5698579682322363,0.006231182026585677,0.558207222885809,0.8603145737506489,0.10022388078615586,0.9180884629455857,0.5519760408592234,-0.011650745346427294,0.8178645821594298
47,5,easy,additive,-0.015873898229522898,0.18106674458323577,0.2587592733644278,-0.008515414870689714,0.1785263885239669,0.2670519305162092,0.07769252878119201,0.2746331715939507,0.08852554199224227
47,10,easy,additive,-0.02019131275972612,0.2067287908485858,0.28735129080316923,-0.008822312417882975,0.19106001989292995,0.29744510751413894,0.08062249995458343,0.30754260356289537,0.10638508762120899
47,15,easy,additive,-0.017258594714946698,0.22503377026416502,0.30716910055769314,-0.012048640522294707,0.2182444004587507,0.3029814737167516,0.08213533029352812,0.3244276952726398,0.0847370732580009
47,30,easy,additive,-0.023463893295874085,0.2244092094980496,0.3250005467380203,-0.00930236438441769,0.19855091890388304,0.31574129392973094,0.10059133723997071,0.3484644400338944,0.11719037502584789
47,5,broad,additive,-0.011824252583571511,0.25201132186615177,0.2663019558674174,-0.0011995202559235648,0.2253097903979945,0.2537158599156851,0.014290634001265623,0.2781262084509889,0.02840606951769062
47,10,broad,additive,-0.011288742934876469,0.28509871962229133,0.2755379699890295,-0.0026220804494264944,0.2665195497935019,0.2668968456631592,-0.009560749633261811,0.286826712923906,3.7729586965729034e-4
47,15,broad,additive,-0.007801098868438628,0.2825289243952032,0.2707555257473277,-0.011410390413426888,0.25676179350301864,0.24829534714634635,-0.011773398647875521,0.2785566246157663,-0.008466446356672291
47,30,broad,additive,-0.013786872551734318,0.3222216798442306,0.3195403848253298,-0.00399575868771339,0.29074255621612166,0.29999975672989054,-0.002681295018900798,0.33332725737706415,0.009257200513768882
47,5,easy,catch_up,-0.630039224427816,0.6398447783194687,0.1221808951199603,-0.7732759104867467,0.772202999960497,0.11065237555956137,-0.5176638831995084,0.7522201195477763,-0.6615506244009357
47,10,easy,catch_up,-0.6713562115244041,0.6863362119516412,0.16298181303731718,-0.8198823908295523,0.8199520291891682,0.13222299977912494,-0.523354398914324,0.8343380245617212,-0.6877290294100433
47,15,easy,catch_up,-0.6738736541509991,0.6968807414309843,0.19179141131213448,-0.8352220503353803,0.8345161514433052,0.1279275924175799,-0.5050893301188498,0.8656650654631336,-0.7065885590257253
47,30,easy,catch_up,-0.6978318425759834,0.7215764089058317,0.232225700027896,-0.8575538813867256,0.8619304005433308,0.16102171338270277,-0.48935070887793575,0.9300575426038794,-0.700908687160628
47,5,broad,catch_up,-0.5553561209952426,0.6198014908892588,0.23119941635406796,-0.732210370311417,0.7375820168847564,0.11570731644422831,-0.3886020745351909,0.7865555373493105,-0.6218747004405282
47,10,broad,catch_up,-0.6057427559708852,0.6913155686848538,0.29219049375176,-0.788434947531569,0.8137558779502534,0.15930996463706168,-0.3991250749330938,0.8979332497226452,-0.6544459133131917
47,15,broad,catch_up,-0.6194385302765607,0.7225652603852123,0.34486120370818435,-0.8076553608460699,0.8166832408383694,0.1744244084619951,-0.37770405667702794,0.964299733984745,-0.6422588323763743
47,30,broad,catch_up,-0.6658977866320982,0.7665617373321726,0.3938653500916785,-0.8485322445822981,0.873219150177856,0.20754681205945488,-0.3726963872404941,1.0597631367237768,-0.6656723381184011
48,5,easy,proportional,0.46401721133278434,-0.05311570672722872,0.4514080332437156,0.7335169741212293,-0.033394099672701266,0.7996229870833609,0.5045237399709444,-0.012609178089068751,0.8330170867560621
48,10,easy,proportional,0.5110677584193806,-0.11519126710827869,0.4726304797664959,0.8193481230019926,-0.10680346436493653,0.8525516458762179,0.5878217468747746,-0.038437278652884654,0.9593551102411544
48,15,easy,proportional,0.5074144797489124,-0.1570866705873141,0.46115238248016904,0.8406412892929629,-0.1649976983921889,0.8636376814687216,0.6182390530674832,-0.04626209726874336,1.0286353798609105
48,30,easy,proportional,0.5377508684297079,-0.1916678693435578,0.4867579829591926,0.8674792313395764,-0.1770698267424646,0.894178239359843,0.6784258523027504,-0.05099288547051528,1.0712480661023076
48,5,broad,proportional,0.5019698646046656,0.0668067775576732,0.5445262505531646,0.6540978754949214,0.14552620267530164,0.7863113855562085,0.47771947299549145,0.042556385948498976,0.6407851828809068
48,10,broad,proportional,0.5788575436572461,0.052353492269175794,0.5867802925522755,0.7825189685348928,0.1453464120027555,0.8673778578005565,0.5344268002830996,0.007922748895029419,0.722031445797801
48,15,broad,proportional,0.5905481369607317,0.015750633262734792,0.5789712157414071,0.8289601213596497,0.1266389093398048,0.8944792166184191,0.5632205824786722,-0.011576921219324632,0.7678403072786143
48,30,broad,proportional,0.6336047885801847,0.04870145161615638,0.6244533262694698,0.862008644740591,0.19930444376797607,0.9276590640187293,0.5757518746533135,-0.009151462310714842,0.7283546202507533
48,5,easy,additive,-0.013876941515388706,0.19495209615646605,0.27683746584351354,0.0016280552634494053,0.16328252730542586,0.3113033109714372,0.08188536968704749,0.29071440735890225,0.14802078366601135
48,10,easy,additive,-0.0017908817724378216,0.19610524959374714,0.30001836461785164,0.016583069772670413,0.16319542224666195,0.3106199234604999,0.1039131150241045,0.30180924639028944,0.14742450121383793
48,15,easy,additive,3.374977188041408e-4,0.1718886265910818,0.2979326530946792,0.0182875748123346,0.1405082688871196,0.30388481578427745,0.1260440265035974,0.29759515537587505,0.16337654689715786
48,30,easy,additive,-0.0017149273825158632,0.21289948070410153,0.3315330901619127,0.023598738298152448,0.16479254554413705,0.3258150806090568,0.11863360945781115,0.33324801754442857,0.16102253506491973
48,5,broad,additive,-0.014477574184573983,0.2291357006486704,0.25841145397621024,-0.009708476759127095,0.19406604864650087,0.23326451691874067,0.029275753327539844,0.2728890281607842,0.0391984682722398
48,10,broad,additive,-0.00721219233682274,0.2975333041507852,0.30442093554172145,0.0054833422071215,0.24706377060235388,0.27682172419261425,0.006887631390936233,0.3116331278785442,0.029757953590260372
48,15,broad,additive,-0.002404601606173228,0.3067366202526574,0.3191252417150524,0.012700623762339956,0.27171411453088856,0.3017269830582292,0.012388621462395,0.32152984332122564,0.03001286852734064
48,30,broad,additive,0.008395040401645721,0.3678892071748292,0.3438626753375435,0.022080917681623204,0.3270564565006802,0.3254731836545159,-0.024026531837285703,0.33546763493589776,-0.0015832728461643297
48,5,easy,catch_up,-0.6048083876076591,0.6132105253533502,0.12517607350528612,-0.7299286952897658,0.7122808736827356,0.07183431001031498,-0.48803445184806404,0.7299844611129452,-0.6404465636724206
48,10,easy,catch_up,-0.6672692482483696,0.6805498123002843,0.1489893807274605,-0.8027569545387658,0.7867910357416725,0.06126187985634513,-0.5315604315728238,0.8162586289758301,-0.7255291558853274
48,15,easy,catch_up,-0.6853815835513611,0.6997365799501952,0.15749452752605395,-0.8206341833315398,0.8056754854179528,0.06237184330426941,-0.5422420524241413,0.8428761110774151,-0.7433036421136834
48,30,easy,catch_up,-0.7074802499991449,0.7332495833515756,0.2288214679283669,-0.8456919124948095,0.848239879200458,0.11821190123677489,-0.5044281154232088,0.9363017179275118,-0.7300279779636831
48,5,broad,catch_up,-0.5263620482696875,0.5933794812624461,0.2522888694472877,-0.6513694917280094,0.6125464255012837,0.10232432353640292,-0.34109061181515843,0.7786509177169751,-0.5102221019648807
48,10,broad,catch_up,-0.6167683268037799,0.7040919930415109,0.2940147759608171,-0.774447429319458,0.7410483275247505,0.10158603327764547,-0.41007721708069383,0.910783102764597,-0.639462294247105
48,15,broad,catch_up,-0.6559470436865937,0.7371833826551842,0.30508939997612206,-0.8130609399631099,0.803494086150483,0.11685769494270332,-0.4320939826790622,0.9610364436627158,-0.6866363912077798
48,30,broad,catch_up,-0.6669293355087751,0.78931410906655,0.3904306573698417,-0.8393391833153692,0.8598021815533987,0.15572334795540418,-0.39888345169670825,1.0573599928786168,-0.7040788335979945
49,5,easy,proportional,0.48736731255595567,-0.12730763221698102,0.4383830980071826,0.7582380386553969,-0.13816638810801732,0.7761212893719799,0.5656907302241636,-0.04898421454877305,0.9142876774799972
49,10,easy,proportional,0.5387909973448227,-0.14176276156178907,0.49241755528706294,0.8229525622349491,-0.11452427365874128,0.8496803027338279,0.634180316848852,-0.046373442057759784,0.9642045763925692
49,15,easy,proportional,0.5661504979678764,-0.15212629402476585,0.52181280528302,0.8474091280161915,-0.13450492124657287,0.8801689138519055,0.6739390993077858,-0.04433769268485643,1.0146738350984785
49,30,easy,proportional,0.5807755878043568,-0.211873332772788,0.5328343140019752,0.8708488980834191,-0.18700733461610167,0.914382499907746,0.7447076467747632,-0.04794127380238156,1.1013898345238478
49,5,broad,proportional,0.5493440652961717,-0.03561950304543571,0.5328919794326011,0.7356088693498845,0.005554374710790269,0.7962192802463343,0.5685114824780368,-0.01645208586357061,0.790664905535544
49,10,broad,proportional,0.6108750537774809,0.011759854027007402,0.6041197720985386,0.8007784340353873,0.10741135494700597,0.8677145830743342,0.5923599180715312,-0.006755281678942238,0.7603032281273283
49,15,broad,proportional,0.6380030363202778,0.04872220293259638,0.639180832151748,0.8214310335434949,0.1517033480180803,0.8928373013986474,0.5904586292191516,0.001177795831470263,0.7411339533805671
49,30,broad,proportional,0.6698284784034769,0.02503910049705782,0.6550014985934459,0.8687867931984818,0.16938488787835418,0.9272728136824261,0.6299623980963881,-0.014826979810031005,0.7578879258040719
49,5,easy,additive,-0.012241371530323517,0.13661291780188717,0.24032455237701106,-0.0237809603480764,0.13972054706238726,0.26178656257146965,0.10371163457512389,0.25256592390733457,0.12206601550908239
49,10,easy,additive,-0.02239284248324189,0.2021883072818508,0.29976085039191913,-0.025587397032108126,0.1783137964638691,0.29665932537832584,0.09757254311006833,0.32215369287516105,0.11834552891445674
49,15,easy,additive,-0.015519223295242605,0.22278212639110032,0.3275087376637047,-0.029265433317934558,0.209801366039944,0.3068372960163971,0.10472661127260438,0.3430279609589473,0.09703592997645308
49,30,easy,additive,-0.008886573847450311,0.22383519734136104,0.35122481184372467,-0.024919370727058923,0.21001253827363045,0.3321339752991018,0.12738961450236364,0.36011138569117496,0.12212143702547137
49,5,broad,additive,-0.011886283087769687,0.1947547131494739,0.23465011335228278,-0.024184374998405457,0.19034919912415504,0.22036273797511827,0.03989540020280888,0.24653639644005246,0.030013538850963223
49,10,broad,additive,-0.023392796020084487,0.3046085129799134,0.2944369867917246,-0.030654952706749644,0.28845418467138295,0.2774573165638158,-0.01017152618818884,0.31782978281180907,-0.01099686810756717
49,15,broad,additive,-0.014604933229212254,0.3366475746218416,0.3061087475320988,-0.02674697437485939,0.32912342817931683,0.2825841675360041,-0.03053882708974276,0.32071368076131107,-0.04653926064331271
49,30,broad,additive,0.0021404929617927205,0.379570423830463,0.33789066873898993,-0.0075108953573583,0.35465060869094694,0.3089132952534715,-0.04167975509147309,0.33575017577719724,-0.045737313437475446
49,5,easy,catch_up,-0.6701107657695147,0.6770648369464007,0.0918574970248818,-0.7447498646776739,0.742937457498817,0.06778349544082779,-0.585207339921519,0.7619682627943964,-0.6751539620579892
49,10,easy,catch_up,-0.7172137707004859,0.7321598586324457,0.14784962607847957,-0.8159317177615966,0.8132458119248408,0.09082702960174457,-0.5843102325539662,0.8650633967789654,-0.7224187823230962
49,15,easy,catch_up,-0.7296285252257162,0.7498437350551983,0.17825961297291612,-0.8426847758405358,0.8440814378159627,0.10308408313667522,-0.5715841220822822,0.9078881381986323,-0.7409973546792874
49,30,easy,catch_up,-0.7432697179818867,0.7660956021251185,0.24821686594807552,-0.8616556064453689,0.8670094791671782,0.16524204012618735,-0.5178787361770429,0.9914865839299623,-0.7017674390409908
49,5,broad,catch_up,-0.6109065182611687,0.6376812554627729,0.15248978418295536,-0.7235539879275215,0.7168413352693848,0.06293343792870554,-0.48519147127981754,0.763396302444124,-0.6539078973406792
49,10,broad,catch_up,-0.6636338973406066,0.7432556549189128,0.2762830315752268,-0.7963241839077136,0.8149392527640351,0.1423222928669747,-0.46697262334368594,0.9399169289158334,-0.6726169598970604
49,15,broad,catch_up,-0.6658345600730652,0.7677466811664724,0.32793785862256986,-0.8146851492357213,0.840849006385903,0.15884930769709585,-0.4398088225439025,0.993772418695635,-0.6819996986888072
49,30,broad,catch_up,-0.6906403163745872,0.8068831230347077,0.3837566205325038,-0.8425136877602196,0.8870175594635763,0.19065626179642503,-0.42312650250220385,1.0743969369070911,-0.6963612976671513
50,5,easy,proportional,0.4673828466642394,-0.11834599195337311,0.4202416716052799,0.7641184655440572,-0.14339827742926994,0.7664086135804145,0.5385876635586531,-0.047141175058959484,0.9098068910096844
50,10,easy,proportional,0.48717509166926465,-0.15263844248323513,0.43636190525276897,0.8047599235086511,-0.18333191815590333,0.8126147744701562,0.5890003477360041,-0.05081318641649568,0.9959466926260595
50,15,easy,proportional,0.5161803477088798,-0.1597093322049848,0.468363467048908,0.8337683984748494,-0.1522735058320171,0.8589705936042589,0.6280727992538928,-0.04781688065997175,1.011244099436276
50,30,easy,proportional,0.5446497531005638,-0.2051235909788639,0.49158201550788627,0.8621086583241219,-0.18987319605828404,0.8928628451835933,0.6967056064867502,-0.05306773759267758,1.0827360412418774
50,5,broad,proportional,0.5554768722439849,-0.0666340948976465,0.5143404010048446,0.7680258246959771,0.006678216668670456,0.8200627982375598,0.5809744959024911,-0.041136471239140326,0.8133845815688894
50,10,broad,proportional,0.5706536962123021,-0.0740414317463748,0.5353390377423544,0.8125827518356846,-0.015910502502050627,0.8511093307141979,0.6093804694887291,-0.035314658469947746,0.8670198332162485
50,15,broad,proportional,0.604730782718493,-0.04223710449931417,0.5744094963327986,0.832584353033417,0.058586700089065455,0.8776248175702926,0.6166466008321128,-0.030321286385694424,0.8190381174812272
50,30,broad,proportional,0.6381477609068101,-0.03710395168875114,0.6134820452214667,0.8573097889389663,0.10096419568985696,0.9168929715216465,0.6505859969102178,-0.02466571568534348,0.8159287758317896
50,5,easy,additive,-0.06168741865193272,0.2014274983859251,0.24391397861650896,-0.05110423134900691,0.16053403227903604,0.24762289223834857,0.04248648023058385,0.30560139726844165,0.08708885995931254
50,10,easy,additive,-0.06562645363975764,0.21491438994141132,0.27806721842436355,-0.04705558531872827,0.18183547050842516,0.2730822688872761,0.06315282848295223,0.34369367206412116,0.09124679837885094
50,15,easy,additive,-0.06045262690720766,0.2520425633540721,0.31593500218738446,-0.035139911509392344,0.2032261523355484,0.2968439487663987,0.06389243883331236,0.3763876290945921,0.0936177964308503
50,30,easy,additive,-0.06084673658640634,0.2733398088858454,0.334821935335134,-0.0445938149570555,0.2252436881590503,0.30555048612095387,0.06148212644928858,0.3956686719215403,0.08030679796190357
50,5,broad,additive,-0.03793618443179309,0.2817034796922938,0.2795140809642246,-0.013200720141312114,0.2416505301187473,0.27382421959167047,-0.002189398728069225,0.3174502653960177,0.03217368947292318
50,10,broad,additive,-0.040994445822490615,0.2729416034758051,0.2856288362323512,-0.020968701332890295,0.233552855226703,0.27713015756054743,0.012687232756546096,0.3266232820548418,0.043577302333844437
50,15,broad,additive,-0.039317577702204204,0.30979951684894214,0.29416342763481707,-0.027854646700920513,0.27875647014935884,0.27561638060184146,-0.01563608921412507,0.3334810053370213,-0.0031400895475173773
50,30,broad,additive,-0.05462438959542204,0.3945635636636077,0.3115590061323168,-0.04216000821201495,0.3567962086549476,0.2789904947582486,-0.08300455753129088,0.36618339572773884,-0.07780571389669899
50,5,easy,catch_up,-0.6420366456175817,0.6513313321423488,0.10340715628012812,-0.7627483964985463,0.7512716572078675,0.0640712176688018,-0.5479241758622208,0.7454438018977098,-0.6872004395390656
50,10,easy,catch_up,-0.6677992594817849,0.6822094740846608,0.15990876528474618,-0.7915320174775088,0.7830400606419782,0.09740103237364744,-0.5223007087999146,0.827708024766531,-0.6856390282683307
50,15,easy,catch_up,-0.6823581732773316,0.702520726591478,0.18991184870303265,-0.8103124541508029,0.805636412007149,0.12246160034634178,-0.5126088778884453,0.8722700219803643,-0.6831748116608072
50,30,easy,catch_up,-0.7047960538655178,0.7290656010051945,0.2526870291085553,-0.8485794212343036,0.8471455731225536,0.17935617051995334,-0.4763785718966392,0.957483082974073,-0.6677894026026002
50,5,broad,catch_up,-0.5792060980709646,0.6303249038339568,0.19831553100800614,-0.7404944622382647,0.7542445382944053,0.13073836260556457,-0.43200937282595064,0.7775216290789707,-0.6235061756888407
50,10,broad,catch_up,-0.6294818535707287,0.6932530038827803,0.28753561838281533,-0.7785263338357608,0.7899337158677256,0.19996806409477852,-0.405717385499965,0.917017471953544,-0.5899656517729471
50,15,broad,catch_up,-0.6397965839714104,0.7247695563406799,0.34416080456742754,-0.804221637900471,0.8211470990576132,0.21567142989792676,-0.3806087517732523,0.983957388538838,-0.6054756691596864
50,30,broad,catch_up,-0.660906176414907,0.7658724014724895,0.40411635627074477,-0.8438242575720555,0.8715960639781212,0.2409038364619372,-0.3617560452017447,1.0650225326856517,-0.6306922275161839
51,5,easy,proportional,0.5584446542814672,-0.15380725504044224,0.5024332670326418,0.7767945376582726,-0.15763402804388763,0.788596802154792,0.656240522073084,-0.05601138724882537,0.9462308301986796
51,10,easy,proportional,0.6287477081405819,-0.15425402093461132,0.5679075775681383,0.8304574699360001,-0.11477868042735746,0.8613327478974202,0.7221615985027496,-0.06084013057244364,0.9761114283247777
51,15,easy,proportional,0.6267502727549533,-0.20586019193026742,0.5577591865890877,0.8548088040288584,-0.16992039046630847,0.8789686458891238,0.7636193785193551,-0.06899108616586558,1.0488890363554324
51,30,easy,proportional,0.5975870530312222,-0.28076597345879867,0.5326736676411966,0.8691430730146972,-0.27420954067800424,0.8919651577656649,0.8134396410999953,-0.06491338539002556,1.1661746984436692
51,5,broad,proportional,0.6201282353125269,6.687920447619914e-5,0.6250098555056941,0.7248345976992883,0.05681008761578815,0.8255459932567488,0.6249429763012179,0.00488162019316718,0.7687359056409606
51,10,broad,proportional,0.6747144524789648,0.12267365263015156,0.710820074822373,0.7490341565843872,0.199082486262981,0.8596693603367369,0.5881464221922215,0.036105622343408195,0.6605868740737559
51,15,broad,proportional,0.6947586799625752,0.07718917131975268,0.7089354944962829,0.8174603924384898,0.16628295494285986,0.9001726079817006,0.6317463231765302,0.014176814533707671,0.7338896530388408
51,30,broad,proportional,0.6804856679052789,-0.0112027258833711,0.6757651368898112,0.8660654072963865,0.06701792206899716,0.9263721947508756,0.6869678627731823,-0.004720531015467655,0.8593542726818785
51,5,easy,additive,-0.006868752560720689,0.170023254561331,0.2615282174631415,0.005754588709471367,0.15662714505682293,0.2712280199938621,0.09150496290181048,0.26839697002386215,0.11460087493703916
51,10,easy,additive,0.0021964082172762373,0.22663879799732964,0.3051220425457883,0.0014749466746226234,0.2196527678777479,0.28690183865384444,0.07848324454845865,0.30292563432851205,0.06724907077609654
51,15,easy,additive,-0.004456489895814896,0.2202528906241519,0.31307783662568234,-0.003594740224337673,0.20143078028101044,0.29187404265325817,0.09282494600153043,0.3175343265214972,0.09044326237224773
51,30,easy,additive,-0.01785583579522684,0.1924144885052354,0.3213088018392395,-0.011990466118844538,0.16250191940464695,0.2825849639783958,0.12889431333400408,0.3391646376344663,0.12008304457374883
51,5,broad,additive,-0.008770023374426143,0.2900959801083851,0.29587417473875344,-0.001892368935650408,0.28211728916658896,0.29199449200214916,0.005778194630368327,0.30464419811317955,0.009877202835560206
51,10,broad,additive,-0.006923141624935604,0.35633223353352833,0.3047881994033329,-0.0033373426195202334,0.3487833588700504,0.29356028150796465,-0.051544034130195426,0.31171134102826853,-0.05522307736208576
51,15,broad,additive,-0.016745279381699656,0.40081925486469583,0.3245414183289803,-0.013127664900988508,0.38724045773881166,0.3074306810188053,-0.07627783653571552,0.34128669771068,-0.07980977672000639
51,30,broad,additive,-0.026170202067751502,0.36482969986512964,0.33514622009789685,-0.023008835765391127,0.35156762401063424,0.31214699423924647,-0.02968347976723279,0.36131642216564835,-0.03942062977138777
51,5,easy,catch_up,-0.6268082217706836,0.6403297980450424,0.08712369382443057,-0.7381936512926572,0.7397858843878978,0.045152664685943034,-0.5532061042206119,0.7139319155951142,-0.6946332197019548
51,10,easy,catch_up,-0.6491517225040878,0.684961913897185,0.17040710690879665,-0.7965998248465224,0.808497979917538,0.07153259755891733,-0.5145548069883883,0.8195588294128845,-0.7369653823586206
51,15,easy,catch_up,-0.6894216378746281,0.7210875757749565,0.18191488966733943,-0.8176121542963553,0.8307146032111978,0.08093668217419757,-0.5391726861076171,0.8713365275419676,-0.74977792103700025
51,30,easy,catch_up,-0.7233424633435915,0.7462279153907122,0.2008989566743894,-0.8342907762031704,0.8431948149096666,0.08895925609019255,-0.5453289587163228,0.9242414200179809,-0.7542355588194741
51,5,broad,catch_up,-0.5289089214722501,0.6054706421296673,0.21790355430771888,-0.7040185882054688,0.7245925396719974,0.10782351924682178,-0.3875670878219484,0.746812475779969,-0.6167690204251757
51,10,broad,catch_up,-0.5243769423806658,0.673330645165997,0.3244745761914944,-0.7268859164996724,0.7744053395882938,0.15564718395385807,-0.34885606897450266,0.8488515185721601,-0.6187581556344357
51,15,broad,catch_up,-0.6036414548086614,0.7353074584450878,0.33217402634697907,-0.7949462707753082,0.8397489092053431,0.16075707655674465,-0.40313343209810876,0.9358154811556405,-0.6789918326485984
51,30,broad,catch_up,-0.689668623446032,0.7818330837072871,0.34476229877168885,-0.8440626065145691,0.8753152202903448,0.16879912516739135,-0.43707078493559826,1.0344309222177208,-0.7065160951229534
52,5,easy,proportional,0.4085112538227791,-0.13099205957254326,0.352751831728038,0.7343321739367191,-0.15911506439308376,0.7245466419878213,0.48374389130058126,-0.05575942209474111,0.883661706380905
52,10,easy,proportional,0.47857811261871863,-0.18243630775967346,0.42082714023279727,0.8058267385798693,-0.21305203100118544,0.812016559649298,0.6032634479924708,-0.05775097238592136,1.0250685906504835
52,15,easy,proportional,0.513823179902603,-0.17806484060421363,0.46637863108951194,0.832747540989247,-0.19498044283423532,0.8622103217577444,0.6444434716937255,-0.047444548813091014,1.0571907645919798
52,30,easy,proportional,0.536861650743033,-0.21925734225926508,0.486523850666693,0.8622447301890819,-0.21902448422114074,0.8956894820084598,0.7057811929259581,-0.050337800076340034,1.1147139662296004
52,5,broad,proportional,0.47471203386699845,-0.09717618818625429,0.4380730112893226,0.7540920284403126,-0.09479545723350147,0.7851867183032313,0.5352491994755768,-0.03663902257767587,0.8799821755367327
52,10,broad,proportional,0.5514299920911904,-0.09098723593914945,0.5197463961597152,0.8136293771918005,-0.057382247363380864,0.8643365376257919,0.6107336320988647,-0.031683595931475184,0.9217187849891727
52,15,broad,proportional,0.5884339212458697,-0.029770490790519414,0.5773570468947554,0.8234565007809012,0.043817374435168394,0.8905672895503965,0.6071275376852748,-0.011076874351114263,0.8467499151152281
52,30,broad,proportional,0.6217166313807142,-0.0021333664573275116,0.6146435144210985,0.8545960027641195,0.10611440525754184,0.9234223616286134,0.6167768808784261,-0.007073116959615655,0.8173079563710715
52,5,easy,additive,0.020856516275219585,0.05413450907764246,0.19845784514828282,-5.010593854636074e-4,0.08734563916905003,0.22744374576027032,0.14432333607064035,0.17760132887306324,0.1400981065912203
52,10,easy,additive,0.008968912933368003,0.1120675575618378,0.25698833314678154,-0.0065903738911424065,0.11872580313755919,0.2693292857962815,0.14492077558494376,0.24801942021341356,0.1506034826587223
52,15,easy,additive,0.001331017249450493,0.16797355073368878,0.2914824082886471,-0.0014408932885438812,0.16090082664239078,0.2887886845647788,0.1235088575549583,0.29015139103919657,0.12788785792238802
52,30,easy,additive,5.043399498951124e-4,0.18698061474682315,0.3090654056053245,0.0016508081434900418,0.16344150746314545,0.2978518035426487,0.12208479085850132,0.30856106565542935,0.13441029607950322
52,5,broad,additive,-0.004066060343764977,0.1576319622632906,0.2714194939832541,-0.004696519242435982,0.15194666930486575,0.300074735401587,0.1137875317199635,0.2754855543270191,0.14812806609672127
52,10,broad,additive,-0.009234114850120663,0.2511243951556714,0.3076815797481827,-0.0010358976402791216,0.22364407752906607,0.3033957885184883,0.0565571845925113,0.3169156945983034,0.07975171098942224
52,15,broad,additive,-0.013217285933152908,0.29406989305077386,0.30690999646849304,-0.010364523397881678,0.2675259363063996,0.290467076364542,0.012840103417719184,0.32012728240164595,0.022941140058142406
52,30,broad,additive,-0.017198219480731063,0.35936902289348555,0.3294684394541715,-0.011415447450834896,0.3310329941348234,0.31347082774321006,-0.029900583439314066,0.34666665893490256,-0.017562166391613343
52,5,easy,catch_up,-0.5998395096457323,0.6023086502677922,0.05991228838682287,-0.6869162699064685,0.680852400812154,0.02773757623870752,-0.5423963618809694,0.6597517980325551,-0.6531148245734465
52,10,easy,catch_up,-0.6661012299826038,0.6768283065427246,0.11884007410004065,-0.7788724818868497,0.7747971063467353,0.07409358591075546,-0.557988232442684,0.7849413040826444,-0.7007035204359798
52,15,easy,catch_up,-0.6850177296816038,0.7050069786398088,0.18705783197105286,-0.8068135272944055,0.7957466418916916,0.1101900901748305,-0.5179491466687559,0.87207556165265665,-0.6855565517168611
52,30,easy,catch_up,-0.7068154469372033,0.7318604084747469,0.23499545265735988,-0.8386770326907081,0.8433674425050702,0.13482334106310837,-0.496864955817387,0.9418108995945632,-0.7085441014419619
52,5,broad,catch_up,-0.630501057550574,0.6474622133715275,0.14296739271077236,-0.7296159743146324,0.7217212954669585,0.09077504857980112,-0.5044948206607551,0.7734684502613463,-0.6309462468871574
52,10,broad,catch_up,-0.6606117496439695,0.7087307426273012,0.2286682435113131,-0.7924944106911233,0.7998400038807579,0.11888534719409136,-0.4800624991159881,0.8892799931552826,-0.6809546566866665
52,15,broad,catch_up,-0.6598114921465839,0.7436357654983866,0.3298620732817854,-0.8121825756478612,0.819524557274192,0.16406883216745155,-0.4137736922166012,0.9896735654283693,-0.6554557251067405
52,30,broad,catch_up,-0.6864981035784773,0.792253808560921,0.38638677618234024,-0.8470826755978296,0.8717364358650755,0.17968028164597027,-0.40586703237858074,1.0728848797608175,-0.6920561542191053
53,5,easy,proportional,0.4330161047950107,-0.12271392361126993,0.3865268912020099,0.7618557054183975,-0.13219070919378775,0.7696198488151531,0.5092408148132799,-0.04648921359300079,0.9018105580089408
53,10,easy,proportional,0.4903051134542288,-0.14915661194376856,0.44126581258919984,0.8286037274741291,-0.19234114414387787,0.8351330848750212,0.5904224245329683,-0.049039300865028945,1.0274742290188992
53,15,easy,proportional,0.5439939116977922,-0.13202990606245207,0.4983606468946674,0.8585070781517334,-0.08132965111221192,0.8880389535357546,0.6303905529571194,-0.045633264803124796,0.9693686046479665
53,30,easy,proportional,0.5558899921638388,-0.17561557958256796,0.5029819324818494,0.8822540781285757,-0.14253879296353034,0.911404887461081,0.6785975120644174,-0.05290805968198942,1.0539436804246112
53,5,broad,proportional,0.50597406196177,-0.06930399519707435,0.47329785997932083,0.7815853404702728,-0.07043471183450951,0.8230009519002491,0.5426018551763951,-0.03267620198244914,0.8934356637347587
53,10,broad,proportional,0.5579550973408849,-0.015900049919708486,0.5450398242714478,0.8154996292207228,0.013262044648689837,0.8725355928511089,0.5609398741911563,-0.012915273069437072,0.8592735482024191
53,15,broad,proportional,0.6181084469485164,0.07230759978463101,0.6192743478626501,0.8329413831437926,0.18117371708875404,0.8986219902609409,0.5469667480780191,0.0011659009141337107,0.7174482731721868
53,30,broad,proportional,0.6369948095318895,0.0724144865808859,0.6316525276208288,0.8681125064657133,0.20556632057946694,0.928809631939049,0.5592380410399429,-0.005342281911060676,0.723243311359582
53,5,easy,additive,0.005380244821809407,0.097144823651814885,0.25171394997397745,0.0019231370228895079,0.10375132716726083,0.28957906775209197,0.15456912632216258,0.24633370515216804,0.18582774058483115
53,10,easy,additive,0.013221186403100623,0.1389482701731276,0.31925234083574566,0.02118039318284464,0.11953016131251012,0.338747567615564,0.18030407066261805,0.30603115443264506,0.2192174063030539
53,15,easy,additive,0.01640385929567535,0.21339551743246887,0.3636248537486879,0.021031192310025884,0.2000188694391089,0.37131563433027837,0.15022933631621904,0.3472209944530126,0.17129676489116946
53,30,easy,additive,0.021882982020429258,0.1980787762847357,0.36968247239368296,0.020259587323905377,0.1765890140999912,0.36640819698700766,0.17160369610894727,0.3477994903732537,0.18981918288701646
53,5,broad,additive,0.03079622775213818,0.17185004539599152,0.30916910970479544,0.017075218218926935,0.17505951533302455,0.3207259875410255,0.13731906430880392,0.27837288195265725,0.14566647220800094
53,10,broad,additive,0.011632239987829649,0.24502191818762936,0.33134764771242253,0.006138306417580702,0.23648132796694984,0.3184462198902788,0.08632572952479317,0.3197154077245929,0.08196489192332898
53,15,broad,additive,0.021149731105720403,0.3041019487989733,0.33204280425270843,0.016205007401268606,0.2979005452033333,0.3107920670193383,0.027940855453735147,0.31089307314698805,0.012891521816005003
53,30,broad,additive,0.020074019562001003,0.34711385522837485,0.3628720974915659,0.013432949322563614,0.34012811046578273,0.33921403186014876,0.015758242263191058,0.3427980779295649,-9.140786056339723e-4
53,5,easy,catch_up,-0.6824416576890256,0.6882876229800519,0.0825868907597485,-0.7281404890598069,0.7268991937342086,0.0673531912163847,-0.6057007322203034,0.7650285484487741,-0.6595460025178239
53,10,easy,catch_up,-0.7222287105221974,0.7362006826177498,0.15399402067146375,-0.7825026628426949,0.7741327505394529,0.11129017556106369,-0.5822066619462861,0.8762227311936611,-0.6628425749783892
53,15,easy,catch_up,-0.7363518586478062,0.7643123637733588,0.2197373387965369,-0.8203508267339827,0.8259093194644533,0.1489984798220391,-0.5445750249768219,0.9560891974443431,-0.6769108396424143
53,30,easy,catch_up,-0.7509434564013565,0.7821559261554131,0.2612908865227212,-0.8452833341314799,0.8565837998412149,0.2010339585459335,-0.5208650396326919,1.0122343429240777,-0.6555498412952814
53,5,broad,catch_up,-0.6526553494253046,0.6728825008026026,0.1698040928987174,-0.7520802423206954,0.7550718551370156,0.12276679866241294,-0.5030784079038852,0.8224594423240219,-0.6323050564746027
53,10,broad,catch_up,-0.6885879881309697,0.7412390286285556,0.27705458777654474,-0.7945755357309195,0.8007104293899663,0.1702984929137392,-0.4641844408520109,0.9656425759075145,-0.6304119364762271
53,15,broad,catch_up,-0.6773022626785314,0.7796649297515864,0.3594804042786062,-0.8089780980131037,0.8315809980803464,0.2013729783122639,-0.4201845254729802,1.0367826669571376,-0.6302080197680825
53,30,broad,catch_up,-0.7071442398424781,0.8166110485600245,0.42155388921448456,-0.8436313162320923,0.8824497318130304,0.2621574232332024,-0.39505715934554,1.1286981290569627,-0.620292308579828
54,5,easy,proportional,0.5065731145490785,-0.15263869624365337,0.45815946186548673,0.7925078247983801,-0.1679363683611549,0.8066170846071207,0.6107981581091401,-0.04841365268359177,0.9745534529682756
54,10,easy,proportional,0.5296838750063425,-0.19909877808070647,0.47167549290224714,0.8448518467711502,-0.26236216192792233,0.8479938064330811,0.6707742709829536,-0.05800838210409537,1.1103559683610034
54,15,easy,proportional,0.5701108940078928,-0.2269121287438769,0.5177240268055683,0.8709894116078416,-0.23172372272887903,0.8878092650579534,0.7446361555494452,-0.05238686720232455,1.1195329877868325
54,30,easy,proportional,0.5908613353844171,-0.25015716668331944,0.5391059387049054,0.8883241444815836,-0.25127809157642983,0.9212720072884696,0.7892631053882249,-0.05175539667951168,1.1725500988648994
54,5,broad,proportional,0.56412458967649,-0.045737450436296144,0.5521831576918128,0.7524866544499307,0.013017013782058358,0.819514263961751,0.597920608128109,-0.011941431984677231,0.8064972501796926
54,10,broad,proportional,0.5941011579616705,-0.06259516120198923,0.5826162747404706,0.8208091510813553,-0.0456620202317023,0.8635868295235986,0.6452114359424599,-0.011484883221199893,0.9092488497553008
54,15,broad,proportional,0.6424356283830086,-0.004272692798507181,0.6505671960141561,0.8406417494930137,0.05359991904468069,0.898705807668392,0.6548398888126633,0.00813156763114753,0.8451058886237114
54,30,broad,proportional,0.6841648726263969,0.054536072330197694,0.6836992940958783,0.8718295593625635,0.17377573673104338,0.9285808635844087,0.6291632217656806,-4.6557853051865106e-4,0.7548051268533653
54,5,easy,additive,-0.027114723775470126,0.1793296508864276,0.2694766707966902,-0.010911149289341808,0.15834102452345236,0.2739674711488658,0.09014701991026258,0.2965913945721603,0.11562644662541346
54,10,easy,additive,-0.02339607828539685,0.17466089203902868,0.28535993390598535,-0.0033613557394197384,0.14658639192609493,0.27191801235033486,0.11069904186695667,0.3087560121913822,0.12533162042423993
54,15,easy,additive,-0.019337233790674754,0.21364072756707736,0.32389238646919477,-0.001549425666924067,0.17280309227700752,0.3058772814539218,0.11025165890211741,0.34322962025986953,0.13307418917691427
54,30,easy,additive,-0.023674674089574573,0.2484091347036992,0.3491597519548239,-0.004096845851494517,0.1889340436342204,0.3208268616438337,0.10075061725112469,0.3728344260443985,0.13189281800961333
54,5,broad,additive,-0.018263970258444496,0.22920165536441206,0.2577182597931096,-0.010820774837859825,0.2080379431730565,0.22849213560983087,0.028516604428697523,0.2759822300515541,0.020454192436774377
54,10,broad,additive,-0.01741996349761894,0.22535915152398042,0.26725861926782074,-0.009936754074173278,0.20724455100884828,0.24084967412541144,0.04189946774384032,0.28467858276543967,0.03360512311656316
54,15,broad,additive,-0.007838362960045479,0.2856251360293707,0.3025050281854443,0.001365859375532532,0.267344597263557,0.29191566216383935,0.016879892156073606,0.31034339114548976,0.024571064900282324
54,30,broad,additive,-0.005796695970910891,0.3676207359688921,0.3258021877004271,-1.807344769459736e-4,0.32863485277897003,0.3112195106354895,-0.04181854826846498,0.331598883671338,-0.017415342143480506
54,5,easy,catch_up,-0.6771316321125955,0.6857349299447183,0.11368157282702333,-0.7745760312074451,0.7653886407502143,0.055234240309912745,-0.572053357117695,0.7908132049396188,-0.7101544004403015
54,10,easy,catch_up,-0.7088502240451786,0.7190812089044508,0.1585360675344676,-0.8106863525810539,0.8018953294627904,0.09998472778004687,-0.5605451413699832,0.8673862915796462,-0.7019106016827436
54,15,easy,catch_up,-0.7262505494866796,0.7477676304390698,0.2114327024556379,-0.838123366982355,0.8333899188058428,0.1274286316805835,-0.536334927983432,0.9376832519423175,-0.7059612871252593
54,30,easy,catch_up,-0.7452133061478943,0.776260530536899,0.26901127524165114,-0.8584443249328714,0.8648131699156966,0.1479927841566289,-0.5072492552952479,1.0142245813895454,-0.7168203857590677
54,5,broad,catch_up,-0.6071438506326216,0.6608437692826277,0.2387391906651286,-0.752894889478401,0.7485358331168969,0.12458898133539326,-0.42210457861749906,0.8458830412977502,-0.6239468517815037
54,10,broad,catch_up,-0.6685767458313353,0.7298241137358711,0.3123594519056418,-0.8072885880303362,0.800585144413379,0.167184953965486,-0.4174646618302293,0.980936197736977,-0.633400190447893
54,15,broad,catch_up,-0.6618464707590952,0.7609356232593734,0.3949149071318165,-0.817382059815336,0.8278243069404647,0.20961115691008617,-0.3660207161275569,1.0567613778909117,-0.6182131500303786
54,30,broad,catch_up,-0.6847972563968707,0.8178765068711827,0.44113805194022415,-0.8484679347323649,0.8779351760584614,0.2168084442423343,-0.3767384549309586,1.1259353083370949,-0.6611267318161271
55,5,easy,proportional,0.5180489616601334,-0.09155442924524995,0.4725359921928757,0.7760080354698528,-0.07551299928872232,0.7958445965643585,0.5640904214381256,-0.04551296946725769,0.8713575958530808
55,10,easy,proportional,0.5725283257902722,-0.10733121993029199,0.5353235366582234,0.8306506031235523,-0.07661004422669349,0.8710517657707796,0.6426547565885155,-0.03720478913204883,0.9476618099974731
55,15,easy,proportional,0.5649253940585055,-0.1516576639199811,0.5217891221364348,0.8465579642392322,-0.14357104395214543,0.8811708426386109,0.673446786056416,-0.0431362719220707,1.0247418865907563
55,30,easy,proportional,0.5876989584983299,-0.2316587980303247,0.5351204136103384,0.8766917516110202,-0.23105184746255036,0.9042269856534884,0.7667792116406631,-0.05257854488799152,1.1352788331160388
55,5,broad,proportional,0.5621258432704729,0.0035083842867986025,0.5697410021142514,0.7131121192057128,0.054374161794564675,0.7988591489701601,0.5662326178274528,0.007615158843778502,0.7444849871755954
55,10,broad,proportional,0.6264372883486453,0.06914232443908563,0.6536202472766545,0.783002486431051,0.14680103848484044,0.8684938483805478,0.5844779228375688,0.02718295892800915,0.7216928098957074
55,15,broad,proportional,0.6260731863039576,0.03834852409692906,0.6443546934803934,0.8242455334898462,0.11320175766009863,0.8936192791170406,0.6060061693834644,0.01828150717643584,0.780417521456942
55,30,broad,proportional,0.6672113370785874,0.013600198025484731,0.6666590947947907,0.8668980442638576,0.12218473258876107,0.9282739067039809,0.653058896769306,-5.522422837966889e-4,0.8060891741152199
55,5,easy,additive,-0.00976448344487068,0.16981969186969476,0.25114765395246313,-0.009934782535187819,0.1560867728748036,0.24778643739505316,0.08132796208276838,0.2609121373973338,0.09169966452024955
55,10,easy,additive,0.0018381307710660967,0.22167221906124285,0.30547602266091173,-0.012994205715448638,0.2314854405463388,0.2915621012863592,0.08380380359966888,0.30363789188984563,0.06007666074002038
55,15,easy,additive,0.014473080443801972,0.1854704856894575,0.31071935345967083,-0.00800905904973767,0.1919693768996174,0.29565969593831265,0.12524886777021332,0.29624627301586887,0.10369031903869524
55,30,easy,additive,0.01267341579702106,0.19924438866777336,0.3322441112201251,-0.005489439922813862,0.19663434209476993,0.2958430820179464,0.13299972255235173,0.319570695423104,0.09920873992317647
55,5,broad,additive,-0.027072615664206476,0.2132261629407275,0.22481594144440245,-0.01630576393906811,0.1813655758697256,0.20459428185578585,0.011589778503674958,0.2518885571086089,0.02322870598606025
55,10,broad,additive,-0.0046884041628402415,0.28444303631986756,0.2839514841731048,-0.009789116239104403,0.27998118516836806,0.2649738294031346,-4.915521467627748e-4,0.288639888335945,-0.015007355765233488
55,15,broad,additive,0.007710869908594097,0.2568974541926087,0.2910444099547476,0.0037115577085188815,0.24762897674782164,0.2737412263076662,0.03414695576213894,0.2833335400461535,0.026112249559844536
55,30,broad,additive,-0.0015832084068019036,0.3439503276347194,0.3207061488414859,-0.007541824778042812,0.3298695709305986,0.289098515231543,-0.023244178793233483,0.32228935724828783,-0.04077105569905559
55,5,easy,catch_up,-0.6726776328387878,0.6813058111036103,0.12475591597748381,-0.763231782372121,0.7531321145684551,0.08065375931808094,-0.5565498951261265,0.7974335488162716,-0.6724783552503741
55,10,easy,catch_up,-0.7063042814641822,0.7287913553294451,0.17773446008465038,-0.8253054184312553,0.8189681075097682,0.09496398232166899,-0.5510568952447947,0.8840387415488327,-0.7240041251880992
55,15,easy,catch_up,-0.7060264848209437,0.7276317794047187,0.18895542162738554,-0.8335966008166215,0.8269779598684646,0.10996407890164092,-0.5386763577773331,0.8949819064483292,-0.7170138809668236
55,30,easy,catch_up,-0.7491197854625521,0.7739386103089,0.23573320505068965,-0.8602579310396344,0.8616502393856917,0.13686767460214946,-0.5382054052582104,0.9848529905132417,-0.7247825647835423
55,5,broad,catch_up,-0.6142294912967051,0.6584844863225552,0.23890385664561306,-0.7130434591240468,0.7021061538415037,0.11644708457517303,-0.4195806296769421,0.8531333479423182,-0.5856590692663306
55,10,broad,catch_up,-0.6337570936377867,0.7229599009101859,0.31209154459196314,-0.7784332664314095,0.7759854122678546,0.1464970019792262,-0.41086835631822277,0.9458486382297497,-0.6294884102886283
55,15,broad,catch_up,-0.6661113630754234,0.7530438386533909,0.322061737691332,-0.8016525797217418,0.8011807631675423,0.148152336627908,-0.43098210096205886,0.9881731007667554,-0.6530284265396342
55,30,broad,catch_up,-0.7185607722609527,0.8184652217542262,0.3793460863844433,-0.8545805402171849,0.8740881686266,0.17664141455239094,-0.4391191353697829,1.097906858645396,-0.6974467540742091
56,5,easy,proportional,0.5276061403113756,-0.08108539106534268,0.4917035484538552,0.772536254092456,-0.053680121288917845,0.8069778182032243,0.5727889395191978,-0.03590259185752043,0.8606579394921422
56,10,easy,proportional,0.5642933149345171,-0.11714517753721658,0.5227950522617213,0.8184140123306579,-0.08947957887102777,0.8475353367724431,0.6399402297989378,-0.04149826267279577,0.9370149156434708
56,15,easy,proportional,0.5759319919368385,-0.1532874957423724,0.5266220432050369,0.8449051891142028,-0.13498701400654659,0.8653375407618478,0.6799095389474094,-0.04930994873180161,1.0003245547683943
56,30,easy,proportional,0.5983397279793033,-0.20101550464847925,0.5466144151582192,0.8733664552298633,-0.19055734124290977,0.8946509051272399,0.7476299198066985,-0.05172531282108417,1.0852082463701496
56,5,broad,proportional,0.5793611689086533,0.026058612545718646,0.5871849039876623,0.7341298816498796,0.08833952736295313,0.8257145722547831,0.5611262914419437,0.00782373507900902,0.7373750448918299
56,10,broad,proportional,0.6211004408073403,0.04272898726347391,0.6268837314537811,0.7886165287903785,0.14131340655944602,0.8686530835410048,0.5841547441903071,0.005783290646440786,0.7273396769815588
56,15,broad,proportional,0.6438092804129768,0.03508462036865266,0.640311728691343,0.8302618865697093,0.14510037129817202,0.8962777956413395,0.6052271083226903,-0.003497551721633796,0.7511774243431675
56,30,broad,proportional,0.6813324115622702,0.06029857555968158,0.6757705123600519,0.8684991154821359,0.1747329941902485,0.9265693028897243,0.6154719368003704,-0.005561899202218279,0.7518363086994758
56,5,easy,additive,-0.02501215908912757,0.1856251592276638,0.2503401402514026,-0.038394559895022905,0.2039093363354729,0.21329210093717732,0.06471498102373882,0.2753522993405302,0.009382764601704424
56,10,easy,additive,-0.031807976212091665,0.21447780429986757,0.2868354121385233,-0.047364073029291603,0.2165237365477476,0.24450318740715068,0.07235760783865575,0.318643388350615,0.027979450859403093
56,15,easy,additive,-0.023866572316380667,0.2102105741056017,0.30218885118148114,-0.04092617289893161,0.2108476622801712,0.2547735429271604,0.09197827707587944,0.3260554234978618,0.04392588064698921
56,30,easy,additive,-0.031211248837143313,0.245559052765559,0.333768847561835,-0.04583175057476737,0.22431108723330642,0.260786936362527,0.088209794796276,0.3649800963989783,0.036475849129220556
56,5,broad,additive,-0.02070943763780098,0.25904683475669615,0.2585356988722267,-0.020522236358191965,0.23629299601945425,0.23155650638610872,-5.11135884469438e-4,0.2792451365100277,-0.004736489633345525
56,10,broad,additive,-0.044997508776528646,0.32625125199360666,0.2879210654563929,-0.052094768775476204,0.316396600069597,0.24815126891905726,-0.03833018653721376,0.33291857423292154,-0.06824533115053977
56,15,broad,additive,-0.035275374940997306,0.3454494997236807,0.30220098930857575,-0.04484222849942102,0.34168986658379186,0.2645771360839499,-0.04324851041510497,0.33747636424957306,-0.07711273049984196
56,30,broad,additive,-0.03318580603337755,0.39675746173560383,0.31455007742060864,-0.04123869651405682,0.38037533221164105,0.28018908733696957,-0.08220738431499519,0.3477358834539862,-0.10018624487467148
56,5,easy,catch_up,-0.6867758144511789,0.7013723839226351,0.127540432054824,-0.7624391953044996,0.7630444288756243,0.08037902779366614,-0.5738319518678111,0.8143162465060029,-0.6826654010819582
56,10,easy,catch_up,-0.7340450451878516,0.7544295562850808,0.18411163511439818,-0.8102522944849669,0.8031189005494642,0.1175375585174365,-0.5703179211706826,0.9181566803022498,-0.6855813420320277
56,15,easy,catch_up,-0.7480209194260039,0.7675512857094378,0.19488143854093729,-0.8230816788664255,0.8142322315037921,0.1257313998027667,-0.5726698471685004,0.9429023579669412,-0.6885008317010254
56,30,easy,catch_up,-0.772094193328883,0.7963819525072288,0.2560379516629342,-0.8516956126017807,0.850829057717908,0.168070395983833,-0.5403440008442946,1.028132144991817,-0.682758661734075
56,5,broad,catch_up,-0.587094204979812,0.6485270036124396,0.23964831543318824,-0.7209718385190967,0.7325923997339773,0.1496121131310014,-0.40887868817925144,0.8267425204130002,-0.5829802866029759
56,10,broad,catch_up,-0.6693602434526077,0.7502645076539894,0.353421106600334,-0.793127931396505,0.8059335835495112,0.22783096628126762,-0.39684340105365545,1.0227813500529417,-0.5781026172682435
56,15,broad,catch_up,-0.6993484330738318,0.7841895489375239,0.3785667826671719,-0.8155455795476924,0.8390085538474349,0.25831049603356127,-0.405622766270352,1.0779152157410037,-0.5806980578138736
56,30,broad,catch_up,-0.7281894166083271,0.8377346633060307,0.44999409356502124,-0.8459315133218241,0.8807439373298152,0.29880360267445993,-0.3877405697410095,1.1781835101733484,-0.5819403346553552
57,5,easy,proportional,0.4837593711915196,-0.10392427067768437,0.4416265710384621,0.7485273768059114,-0.1337126771632114,0.7688392972007216,0.5455508417161464,-0.04213280015305754,0.902551974363933
57,10,easy,proportional,0.5205670066729611,-0.16954065570430984,0.4697342410762363,0.8278080499837505,-0.21975718079698564,0.8419093252676122,0.6392748967805462,-0.05083276559672478,1.0616665060645978
57,15,easy,proportional,0.5169321676679696,-0.19831182205315287,0.46391385552021175,0.8469056376678501,-0.23838651658284218,0.8607618375898359,0.6622256775733646,-0.05301831214775782,1.099148354172678
57,30,easy,proportional,0.5541975855237774,-0.2271439644331475,0.5014728106159252,0.873035319804855,-0.2392950167963235,0.9057737306032222,0.7286167750490726,-0.05272477490785221,1.1450687473995458
57,5,broad,proportional,0.4780359008106209,0.03362110255656523,0.5196410197783744,0.6413921388917069,0.026057067548357363,0.7041277121906657,0.48601991722180915,0.041605118967753485,0.6780706446423084
57,10,broad,proportional,0.5603012883067499,0.02929869708256379,0.5888460892037214,0.7859889162878855,0.050296775240603775,0.8564001925583085,0.5595473921211576,0.028544800896971534,0.8061034173177046
57,15,broad,proportional,0.5797990143910606,-0.015399378715394452,0.580937238762294,0.830971252164246,0.024578866292269446,0.8957756815224348,0.5963366174776884,0.0011382243712333429,0.8711968152301653
57,30,broad,proportional,0.6404659354613257,-0.006765450441875954,0.6360881124494622,0.8662643856977378,0.09593047935302626,0.9255599000193733,0.6428535628913381,-0.004377823011863513,0.829629420666347
57,5,easy,additive,-0.005797598518566696,0.17060909819187545,0.27037106447814324,-0.01976145119146762,0.17582384650475594,0.27851154418628843,0.0997619662862678,0.27616866299670995,0.10268769768153249
57,10,easy,additive,-2.0198153208223567e-4,0.17869865818803488,0.31921156622683144,-0.0054621389565406245,0.16612664342442496,0.31486488957454684,0.14051290803879657,0.3194135477589137,0.14873824615012188
57,15,easy,additive,-0.011823558285210253,0.18485073994885498,0.3313259076865812,-0.012924482115812689,0.16606359761398576,0.3243814014060138,0.14647516773772623,0.34314946597179147,0.15831780379202803
57,30,easy,additive,-0.01710498642172605,0.23177611084442917,0.3554296619542089,-0.016422367859494864,0.20074179240276113,0.328557096738847,0.12365355110977971,0.3725346483759349,0.12781530433608584
57,5,broad,additive,-0.008350202229808474,0.13348941257901897,0.18142937182549732,-0.02101845505029542,0.13320348464165188,0.1552032072628189,0.04793995924647834,0.1897795740553058,0.021999722621167006
57,10,broad,additive,-0.017515776858807192,0.2586573764413809,0.294249755737729,-0.016919793407173228,0.2448153164120445,0.2625307168801859,0.035592379296348065,0.31176553259653617,0.017715400468141435
57,15,broad,additive,-0.024358460098887102,0.2984510643916958,0.3326560851490739,-0.0232055378340624,0.2719520096764874,0.30007729853870846,0.034205020757378135,0.357014545247961,0.028125288862221043
57,30,broad,additive,-0.013026877659777695,0.3509619154765288,0.34774084528645244,-0.011345042261128096,0.31819633258650704,0.32249059197368485,-0.003221070190076336,0.3607677229462301,0.004294259387177812
57,5,easy,catch_up,-0.6006599212370703,0.6159811779555734,0.12433437858063709,-0.7140815377711865,0.7038547702928287,0.07917334402762695,-0.49164679937493627,0.7249942998177075,-0.6246814262652017
57,10,easy,catch_up,-0.6659723154711008,0.6871810146327129,0.16764341006045105,-0.7862723668103556,0.7842476998006611,0.10911178413446851,-0.5195376045722618,0.8336157255315518,-0.6751359156661926
57,15,easy,catch_up,-0.6979636991016368,0.7157646487704825,0.17960092978697234,-0.8120635345217443,0.8065578641930017,0.11352329078677065,-0.5361637189835102,0.8775646288886092,-0.6930345734062311
57,30,easy,catch_up,-0.7230224777189435,0.7507568568195123,0.24744068882506484,-0.8421376796928308,0.8506333218197262,0.16559179440846455,-0.5033161679944474,0.9704631665440083,-0.6850415274112616
57,5,broad,catch_up,-0.532785657405743,0.5916120894595478,0.2776709439071593,-0.6124700061443522,0.5827917437139618,0.15172666547514202,-0.3139411455523885,0.8104566013129023,-0.4310650782388198
57,10,broad,catch_up,-0.6232644218253542,0.7069040240779809,0.32263883662026716,-0.7603492885386584,0.7781481108300331,0.1804871114228189,-0.38426518745771376,0.9459032584456214,-0.5976609994072142
57,15,broad,catch_up,-0.6758532681201901,0.7480879681878909,0.3341762882703181,-0.810343574742224,0.8270260733466807,0.19071630877870618,-0.41391167991757283,1.0100295563905082,-0.6363097645679745
57,30,broad,catch_up,-0.6889501862226777,0.8021186114589919,0.41262306932804893,-0.832178955789386,0.8767004144343706,0.2411491993089666,-0.38949554213094295,1.1015732555507265,-0.635551215125404
58,5,easy,proportional,0.46995077121149853,-0.12705276691250048,0.4211910861104356,0.7513597184952191,-0.14884573806110474,0.7592933110512792,0.5482438530229361,-0.04875968510106293,0.908139049112384
58,10,easy,proportional,0.5651377089377386,-0.12717472932691742,0.5265556136388844,0.831913072477907,-0.12247420959422681,0.8720291909013916,0.6537303429658018,-0.03858209529885426,0.9945034004956185
58,15,easy,proportional,0.5811498178373528,-0.15836070227810523,0.5361924733763025,0.854139928942867,-0.14769502347246327,0.8947593324211559,0.6945531756544077,-0.044957344461050264,1.0424543558936192
58,30,easy,proportional,0.5738041882884466,-0.2244378071993586,0.5242535616841602,0.8772233118482333,-0.2238387898454578,0.9131800343625156,0.7486913688835187,-0.04955062660428644,1.1370188242079733
58,5,broad,proportional,0.5060366104067409,-0.020284849851572574,0.5094018826429637,0.7278436866609891,-0.011001627585039139,0.7783928096634973,0.5296867324945362,0.0033652722362228493,0.7893944372485364
58,10,broad,proportional,0.6058479911794004,0.07128497655946651,0.6311866628741758,0.7814116089577329,0.13828847080282042,0.8540445472446514,0.5599016863147093,0.02533867169477544,0.7157560764418309
58,15,broad,proportional,0.6389694004363361,0.0679204512858262,0.6545781747060533,0.8254656521609001,0.13412204128785563,0.8877840433607116,0.586657723420227,0.015608774269717185,0.7536620020728559
58,30,broad,proportional,0.6446032892656434,0.022227439460894956,0.6421510197276208,0.8693752569336866,0.11449098212549447,0.9219059239281062,0.6199235802667258,-0.002452269538022578,0.8074149418026118
58,5,easy,additive,-0.027063162719854168,0.14156400911023972,0.23696824805057345,0.0018716875790366551,0.10840417960245641,0.24165358126729114,0.09540423894033373,0.26403141077042763,0.13324940166483473
58,10,easy,additive,-0.0033971483657105448,0.22929849225601642,0.3290418454958169,0.023185715250423063,0.17879482890919834,0.3396894493344912,0.09974335323980046,0.3324389938615274,0.16089462042529284
58,15,easy,additive,0.0019373483224364358,0.22947511500331677,0.35126953817040246,0.019977394862454357,0.19255824398395732,0.3552876845906063,0.12179442316708569,0.34933218984796605,0.16272944060664896
58,30,easy,additive,-0.005619762828096998,0.21433654174776312,0.36608466450915056,0.01626649767580691,0.16189217221594504,0.361599474414069,0.15174812276138744,0.37170442733724757,0.19970730219812394
58,5,broad,additive,-0.02986218383035332,0.19082713963608855,0.2502529359705616,-0.011697921376849958,0.16950727595977003,0.23952446156260673,0.059425796334473036,0.2801151198009149,0.0700171856028367
58,10,broad,additive,0.004025373988254557,0.24081182013927419,0.2817583943191771,0.02514209098060116,0.21977416383680526,0.2883333287327662,0.04094657417990291,0.27773302033092256,0.06855916489596092
58,15,broad,additive,0.007594163621126762,0.2803410902074649,0.3145683543745101,0.0267571371083449,0.25093042845493774,0.3209436811247256,0.03422726416704519,0.30697419075338334,0.07001325266978786
58,30,broad,additive,-0.004247633679235822,0.32262819084808586,0.3569062855375358,0.014138305600428539,0.2909325907696299,0.3516265003273126,0.03427809468944992,0.3611539192167716,0.06069390955768267
58,5,easy,catch_up,-0.6135343236449713,0.6209128012392754,0.11166677412867854,-0.7233231175493507,0.7154904908960698,0.07599763242267277,-0.5092460271105969,0.7252010977736498,-0.639492858473397
58,10,easy,catch_up,-0.6379283865312592,0.6679876941307492,0.19410153891398677,-0.7928823354078819,0.8028049804444238,0.1502638627965675,-0.4738861552167625,0.8320299254452459,-0.6525411176478564
58,15,easy,catch_up,-0.649377731246138,0.6809427662069917,0.21939189219586863,-0.8190162460680751,0.8353977087191713,0.16939009020008386,-0.46155087401112305,0.8687696234420066,-0.6660076185190874
58,30,easy,catch_up,-0.6808042289496654,0.7088645687979876,0.2463644512781068,-0.8424067185805674,0.8553588253347063,0.1855538633363784,-0.46250011751988085,0.9271686802277722,-0.669804961998328
58,5,broad,catch_up,-0.589674774551202,0.6187931417457407,0.218016983835503,-0.7157619640953115,0.6829082851298832,0.09984917245133039,-0.40077615791023774,0.8076917583867049,-0.5830591126785528
58,10,broad,catch_up,-0.570865032942806,0.6762908528409213,0.3537719750126779,-0.7436745164608715,0.7334466346407411,0.18781062166091977,-0.3225188778282434,0.9246370079554839,-0.5456360129798213
58,15,broad,catch_up,-0.5950240209038873,0.7146959401243207,0.402169934129698,-0.7869635581475142,0.7942409719722241,0.22468739359587656,-0.3125260059946227,0.9971939550335853,-0.5695535783763476
58,30,broad,catch_up,-0.6571276688077113,0.7587957057026617,0.4304262604713368,-0.8361653849174491,0.8627071609835475,0.2501719122891777,-0.32836944523132494,1.0875539292790481,-0.6125352486943698
59,5,easy,proportional,0.509103154886398,-0.11108118704839463,0.47554615774048853,0.7801980621020614,-0.1483829980391935,0.8068572580390811,0.5866273447888831,-0.033556997145909484,0.9552402560782747
59,10,easy,proportional,0.554547028617404,-0.152990537717921,0.5033327857250778,0.8475587887173536,-0.15611560703309954,0.8735123119930716,0.6563233234429988,-0.051214242892326234,1.029627919026171
59,15,easy,proportional,0.5696490750482199,-0.17798611440067205,0.518833942108355,0.8601416752386369,-0.15175996139983816,0.8954741886983266,0.696820056509027,-0.05081513293986495,1.0472341500981648
59,30,easy,proportional,0.5906804178620582,-0.21428575459388743,0.5315774583296302,0.8821931655025774,-0.1773255020976735,0.9173637820119502,0.7458632129235176,-0.059102959532427946,1.0946892841096236
59,5,broad,proportional,0.5686511046848949,0.00429175647651486,0.5708507526168208,0.7527804483121076,0.028564895669623867,0.8259420793592808,0.566558996140306,0.002199647931925952,0.7973771836896569
59,10,broad,proportional,0.6312703567716518,6.453566581522027e-4,0.6128473523582411,0.8220887474719895,0.09501983347545777,0.8853701832621811,0.6122019957000888,-0.018423004413410715,0.7903503497867234
59,15,broad,proportional,0.6559658316161671,-0.002281071149163196,0.6353487979794343,0.8376327044147489,0.11303477353527351,0.9040247380608619,0.6376298691285975,-0.02061703363673273,0.7909899645255885
59,30,broad,proportional,0.6923849544698355,-0.005234909584670298,0.661876965984898,0.8699352809194766,0.15899092801140804,0.9312821819436377,0.6671118755695683,-0.03050798848493752,0.7722912539322296
59,5,easy,additive,-0.0020510169545555844,0.14897580004566352,0.2709142482424427,-0.018344848404201718,0.15738939377091607,0.2767463598895391,0.12193844819677918,0.27296526519699826,0.11935696611862304
59,10,easy,additive,-0.0034125563755012197,0.17519301991028968,0.2995167142844675,-0.006302673098376058,0.16566954499906875,0.3013776259289378,0.12432369437417784,0.3029292706599687,0.13570808092986905
59,15,easy,additive,-0.014848378468817213,0.21593460919928537,0.3322525610060917,-0.01879289939256241,0.1951458748004755,0.33593080385449425,0.11631795180680632,0.3471009394749089,0.14078492905401876
59,30,easy,additive,-0.01846556997249358,0.24049024337284075,0.352325182533538,-0.020603026217623655,0.21442532625972838,0.33559549765933633,0.11183493916069726,0.3707907525060316,0.12117017139960795
59,5,broad,additive,0.0033126262575401333,0.2244704398004686,0.2785430982561439,-0.01414302082867971,0.22212031200063012,0.26737165345905833,0.05407265845567527,0.27523047199860373,0.04525134145842821
59,10,broad,additive,0.0038257536694579234,0.28276987519245483,0.31004864597913356,-0.0029984984354743355,0.26293313767754084,0.2896402080874855,0.02727877078667873,0.30622289230967564,0.026707070409944633
59,15,broad,additive,-0.011797233705525895,0.35182492451607766,0.33015828507379147,-0.019681438049677376,0.33707946710767295,0.30640306559767494,-0.021666639442286195,0.34195551877931735,-0.030676401509998008
59,30,broad,additive,-0.0029804918745772613,0.3954285278416824,0.3447016293030399,-0.014126311868604557,0.37191358766867194,0.3127057817827898,-0.05072689853864254,0.34768212117761715,-0.05920780588588215
59,5,easy,catch_up,-0.6571992179197998,0.663571012534113,0.13140791026654178,-0.7653657253232737,0.754710946769027,0.09536670686603892,-0.5321631022675712,0.7886071281863416,-0.6593442399029881
59,10,easy,catch_up,-0.708963385311476,0.723609159407636,0.1688713904645083,-0.8177067837646884,0.8143286498692142,0.10544275271451707,-0.5547377689431278,0.8778347757759842,-0.7088858971546971
59,15,easy,catch_up,-0.7320877817559811,0.7513971272988739,0.2020891548780754,-0.8414369605754763,0.8451170237029316,0.14693268859822814,-0.5493079724207984,0.9341769366340565,-0.6981843351047035
59,30,easy,catch_up,-0.7513040695131584,0.7758415436443808,0.2562830950724422,-0.8613756610107405,0.8650403577473554,0.1752936447789394,-0.5195584485719387,1.0075871645856007,-0.689746712968416
59,5,broad,catch_up,-0.5903560778508167,0.6411740703412607,0.23128202359890673,-0.7489927014893942,0.7414679742457404,0.11499302700051926,-0.409892046742354,0.8216381014497234,-0.6264749472452211
59,10,broad,catch_up,-0.648706263465776,0.7257176313370576,0.29450286556662963,-0.7994853001464451,0.8178732806012683,0.164206585716127,-0.43121476577042794,0.9432091290324056,-0.6536666948851413
59,15,broad,catch_up,-0.6713341142979218,0.7582309647741394,0.32137053637541324,-0.8302754467407579,0.8594031897892217,0.19265657900171737,-0.4368604283987262,0.992704650673335,-0.6667466107875043
59,30,broad,catch_up,-0.6888086210245646,0.8024417137738258,0.3906406256650092,-0.8497987742212519,0.8921424983003412,0.23718723098176042,-0.4118010881088166,1.0794492466895738,-0.6549552673185808
60,5,easy,proportional,0.47705560367163363,-0.12500244364929305,0.44478440495218546,0.7613818216917079,-0.16929641070582732,0.7740350605823669,0.5697868486014785,-0.03227119871944817,0.9433314712881943
60,10,easy,proportional,0.49422704976257664,-0.16555157866028794,0.4549508365237549,0.8072956035041132,-0.2205787236670746,0.8260800198426465,0.6205024151840428,-0.039276213238821744,1.046658743509721
60,15,easy,proportional,0.5210644241890883,-0.17953895669845107,0.4790109403903433,0.8342607213873856,-0.21150669644591885,0.8674767548746768,0.6585498970887944,-0.04205348379874496,1.0789834513205956
60,30,easy,proportional,0.5431402594638077,-0.22328085360213362,0.494546158337823,0.8694291044817906,-0.23461570183809072,0.9119773983597153,0.7178270119399566,-0.04859410112598472,1.146593100197806
60,5,broad,proportional,0.5204420404102171,-0.012347024753958474,0.5188763001836257,0.7100547004379242,0.019846995130930013,0.7715694797227628,0.5312233249375842,-0.0015657402265913944,0.7517224845918328
60,10,broad,proportional,0.5674893250886434,-0.050162367785870146,0.5489379211507858,0.8044615450117543,-0.007826866217217461,0.8582541627086357,0.5991002889366559,-0.01855140393785759,0.8660810289258533
60,15,broad,proportional,0.5959864219684776,-0.02518575285522072,0.583316903433181,0.8337273078442242,0.03789402710886345,0.8937447301798126,0.6085026562884017,-0.012669518535296631,0.8558507030709491
60,30,broad,proportional,0.6272483904062671,-0.039169105210093265,0.6112741309833144,0.8722065780031529,0.03857809209459834,0.9266252383490505,0.6504432361934077,-0.01597425942295272,0.8880471462544521
60,5,easy,additive,-0.039847385383047246,0.1641016639054822,0.22395075472746687,-0.040670207309023265,0.15972164229932004,0.24946818636691695,0.05984909082198467,0.2637981401105141,0.08974654406759691
60,10,easy,additive,-0.040159576011961386,0.17091542908737611,0.2782670191744791,-0.04210906924172823,0.15833836098124013,0.30156560797628884,0.10735159008710299,0.3184265951864405,0.1432272469950487
60,15,easy,additive,-0.022449583341374434,0.1775787050649383,0.30822264677210887,-0.029012533439305398,0.17550405172749428,0.3134791896488233,0.13064394170717056,0.3306722301134833,0.13797513792132904
60,30,easy,additive,-0.012469307413060349,0.18625947636355955,0.3398338342732415,-0.01628753297118388,0.189827010306007,0.3513189918061652,0.15357435790968194,0.35230314168630184,0.16149198150015823
60,5,broad,additive,-0.0383316130168595,0.22865136573656797,0.23846938639751541,-0.04111516097470069,0.22270126755633227,0.2291048334773597,0.009818020660947446,0.2768009994143749,0.006403565921027421
60,10,broad,additive,-0.037044258172308435,0.2725602475865461,0.29257779375399495,-0.0328551698816197,0.24977129277011953,0.2791085214948499,0.02001754616744883,0.3296220519263034,0.029337228724730352
60,15,broad,additive,-0.02094746838041023,0.29221942074217333,0.31550223021478935,-0.019908675337836225,0.28529011857931647,0.30816637173831013,0.023282809472616017,0.3364496985951996,0.022876253158993665
60,30,broad,additive,-0.0055030193196636,0.3207316985058967,0.351818951064166,-0.0034852518007239728,0.3078037448197572,0.3365110773883298,0.031087252558269274,0.3573219703838296,0.028707332568572608
60,5,easy,catch_up,-0.6874451424487412,0.6883760029407966,0.11219345088757234,-0.7676273878017807,0.7547858176878605,0.08534858850502273,-0.5761825520532242,0.7996385933363136,-0.6694372291828378
60,10,easy,catch_up,-0.7305469637664963,0.7369337120553922,0.14593114797086904,-0.8123862124892892,0.8012417469980574,0.11882766943110057,-0.5910025640845231,0.8764781117373653,-0.6824140775669568
60,15,easy,catch_up,-0.7299622259882601,0.7428019097266082,0.1979761060428303,-0.8274474588282729,0.820779092319798,0.15358324423662076,-0.5448258036837779,0.9279383320310904,-0.6671958480831772
60,30,easy,catch_up,-0.7437058232431049,0.7600821833129895,0.2433812862325007,-0.8515961105811053,0.8556013571925546,0.18178055074084182,-0.5167008970804888,0.9870871094756055,-0.6738208064517128
60,5,broad,catch_up,-0.6111422513765704,0.6466988655298891,0.2293635434813877,-0.7236387668189191,0.7132883100797732,0.13858972769760416,-0.4173353220485014,0.8405057948579582,-0.5746985823821691
60,10,broad,catch_up,-0.6946172065057611,0.7356632585414843,0.2757371133444022,-0.8071565784496395,0.8039682695872641,0.18771964970813237,-0.4599261451970821,0.9703543198501633,-0.6162486198791317
60,15,broad,catch_up,-0.6969126251858674,0.7632346395702952,0.3344652496781095,-0.8236304456238486,0.8385564164475116,0.21098506394749275,-0.42876938989218577,1.0313778748639768,-0.6275713525000188
60,30,broad,catch_up,-0.7160302778345355,0.7980552502810154,0.4117664334109039,-0.8466313835690026,0.8740309074121705,0.26537545682435143,-0.3862888168701115,1.1277967112454395,-0.608655450587819
61,5,easy,proportional,0.4354261594385658,-0.14511749184709227,0.37459378497199325,0.7709935089049149,-0.2014108460899901,0.7390129859573956,0.5197112768190855,-0.060832374466572525,0.9404238320473857
61,10,easy,proportional,0.519723697057501,-0.16946987944579767,0.4642369802449274,0.8335772558002075,-0.16131619800397246,0.8379205203664263,0.633706859690725,-0.05548671681257361,0.9992367183703987
61,15,easy,proportional,0.5325341530880844,-0.1771739299870453,0.47527050261162396,0.8565047856630318,-0.1665942889460086,0.8688694708100915,0.6524444325986692,-0.057263650476460426,1.0354637597561
61,30,easy,proportional,0.5405318354402894,-0.22215493466314082,0.48795784584601676,0.8788890719003384,-0.22193098250587925,0.8993418407198182,0.7101127805091576,-0.05257398959427262,1.1212728232256974
61,5,broad,proportional,0.4919251825138853,-0.09813123080568953,0.4485674170674629,0.7753290278800679,-0.1034243098169986,0.78977834589303,0.5466986478731524,-0.04335776544642239,0.8932026557100285
61,10,broad,proportional,0.585264180085804,-0.032929748671246234,0.5764812734667693,0.8111851433857561,0.04053707318599002,0.8642625621239027,0.6094110221380155,-0.008782906619034803,0.8237254889379128
61,15,broad,proportional,0.6108842439863682,-0.04237477787361493,0.5908767840879255,0.8462902419026928,0.04054578141581754,0.8983846729181605,0.6332515619615404,-0.02000745989844266,0.8578388915023429
61,30,broad,proportional,0.6312009571369426,-0.04301800910843081,0.6069695530596224,0.8731785455455329,0.08489760142088555,0.9229145830912815,0.6499875621680532,-0.024231404077320162,0.838016981670396
61,5,easy,additive,-0.01219469354422771,0.09985303777295183,0.20932026141940413,-0.008328857776311175,0.0829810638423154,0.2217550973200847,0.1094672236464523,0.22151495496363183,0.1387740334777693
61,10,easy,additive,-0.01870326098018437,0.1883168768021363,0.29397202482204937,-0.013422411010110812,0.16536015375726362,0.2893229257349829,0.10565514801991308,0.31267528580223375,0.1239627719777193
61,15,easy,additive,-0.015954302891246237,0.19729297497625153,0.3197640809808807,-0.012038847357622397,0.17995186950140693,0.3130420307802986,0.12247110600462918,0.33571838387212694,0.13309016127889164
61,30,easy,additive,-0.020563664089299296,0.21699801952591194,0.3507221782104523,-0.014852637051592897,0.18782478254764992,0.3291684252411977,0.13372415868454038,0.3712858422997516,0.1413436426935478
61,5,broad,additive,-0.01939286100718931,0.1763114695824516,0.2455805367610898,-0.013024792617129579,0.16339056824397583,0.2326582753671989,0.06926906717863818,0.2649733977682791,0.06926770712322308
61,10,broad,additive,-0.01279681350214715,0.27660747383968376,0.3096448487942529,-0.01524917614231027,0.2676903422839703,0.28693522488411216,0.033037374954569154,0.3224416622964001,0.019244882600141844
61,15,broad,additive,-0.0016435262390935789,0.30398122264967775,0.33416897862681777,-0.0085629190984837,0.2940338072874437,0.31354241969072133,0.03018775597714002,0.33581250486591135,0.019508612403277614
61,30,broad,additive,-0.012028459159380545,0.3597272179585745,0.35245225327456936,-0.015114664180476616,0.34163803357829947,0.32303107252788243,-0.007274964684005125,0.3644807124339499,-0.018606961050417037
61,5,easy,catch_up,-0.6390878908709381,0.6397322927241992,0.08495578323840217,-0.7328836580273715,0.7279965413637578,0.07601493400296455,-0.554776509485797,0.7240436741093402,-0.6519816073607932
61,10,easy,catch_up,-0.6947847627122106,0.7094914050125052,0.18705817041251066,-0.8059364389771195,0.7956673633959298,0.13386753830554693,-0.5224332345999945,0.8818429331247213,-0.6617998250903829
61,15,easy,catch_up,-0.711249854755934,0.7269728804700167,0.20968506377432652,-0.8269962787899855,0.8199884636248568,0.14567220373385031,-0.5172878166956902,0.9209349185302605,-0.6743162598910064
61,30,easy,catch_up,-0.7329962137436941,0.7523328813080354,0.2559625329674395,-0.8506869347052319,0.8507067611193965,0.18344846456567795,-0.49637034834059596,0.9889587467111336,-0.6672582965537185
61,5,broad,catch_up,-0.6440848214363819,0.6548577955869045,0.17378078757281762,-0.7508896140528378,0.73089818085804,0.10793719043511912,-0.48107700801408687,0.8178656090091996,-0.622960990422921
61,10,broad,catch_up,-0.6519644213032194,0.7270588788367844,0.3349763422597754,-0.7924259630235309,0.7976206080853798,0.20918093331948148,-0.39208253657700903,0.9869407635629948,-0.5884396747658983
61,15,broad,catch_up,-0.6707569757971773,0.7533562461101785,0.36735998828432237,-0.8193809644939634,0.8371410507007394,0.23451106501904528,-0.3859962578258561,1.0381169640814996,-0.6026299856816941
61,30,broad,catch_up,-0.7015362908860858,0.7919876986040937,0.4062483803273933,-0.8507550867821541,0.8770861627034744,0.24583189641523992,-0.3857393182767004,1.1077846712134791,-0.6312542662882344
62,5,easy,proportional,0.46165418321271684,-0.16066737394087083,0.39510067418656275,0.7644642902170095,-0.21089357195051373,0.7342040509056004,0.5557680481274336,-0.06655350902615409,0.9450976228561141
62,10,easy,proportional,0.4953619381995331,-0.17785287144933917,0.4433225924596134,0.80261706852688,-0.22130508066696658,0.808209504819365,0.6211754639089526,-0.052039345739919696,1.0295145854863317
62,15,easy,proportional,0.4999260332165762,-0.19803947100566718,0.45055112975064004,0.8197642951974313,-0.243543657605114,0.8340891513074022,0.6485906007563073,-0.04937490346593615,1.0776328089125162
62,30,easy,proportional,0.5274392832768734,-0.23959902813508466,0.4755693833870027,0.8595299334208464,-0.27488093567544436,0.8879771577491661,0.7151684115220873,-0.051869899889870674,1.1628580934246104
62,5,broad,proportional,0.5110634992754209,-0.0663008263622606,0.47711358649488733,0.7564664279711487,-0.06089706806129915,0.7706030789561539,0.543414412857148,-0.03394991278053361,0.831500147017453
62,10,broad,proportional,0.5493621427663511,-0.03771465273916862,0.5412561444180142,0.7893893561798676,-0.012914058190437434,0.8310303174805642,0.5789707971571828,-0.008105998348336918,0.8439443756710017
62,15,broad,proportional,0.5675097936491543,-0.04621461980963844,0.5618041457975261,0.8157756359741384,-0.004364186281866333,0.8700514157563102,0.6080187656071646,-0.005705647851628193,0.8744156020381765
62,30,broad,proportional,0.6017546246671335,-0.03286843327434047,0.5959012897690134,0.8475524667511117,0.04017652725873766,0.91005352067135,0.6287697230433538,-0.005853334898120122,0.8698769934126124
62,5,easy,additive,0.0024894740064147383,0.10451885486223846,0.2275449049950533,0.003146428681353558,0.09397253264414812,0.2462724845994168,0.12302605013281485,0.22505543098863856,0.1522999519552687
62,10,easy,additive,0.011527299508261795,0.12997801670801,0.288282663748839,-0.0039044618653386693,0.12784723994222624,0.2849754469841644,0.15830464704082897,0.2767553642405772,0.15712820704193814
62,15,easy,additive,0.0052936942664765785,0.13680195091075165,0.30013024999423726,-0.006777071975459611,0.1296336932991044,0.2784178289732019,0.16332829908348562,0.2948365557277607,0.14878413567409748
62,30,easy,additive,8.4692973786494e-4,0.1621507917445805,0.3446598015621376,0.0027562531422081283,0.14148517827712814,0.3199386114762852,0.1825090098175571,0.34381287182427267,0.17845343319915707
62,5,broad,additive,-0.013928288361940554,0.1873591755901109,0.23427217510117557,-0.00294263062315135,0.16689082097385452,0.21425789180439103,0.046912999511064674,0.2482004634631161,0.04736707083053651
62,10,broad,additive,-0.010908529178604217,0.22075434302303606,0.26766521662243153,-0.014613946974150405,0.2143250637367083,0.23488589445689279,0.04691087359939547,0.2785737458010358,0.020560830720184498
62,15,broad,additive,-0.007855729203415608,0.23715908499895688,0.3000036507713771,-0.008127707565417716,0.2140571950786487,0.2634516980181562,0.0628445657724202,0.3078593799747927,0.049394502939507506
62,30,broad,additive,-0.016918341342845124,0.2981977573676203,0.3466096964693285,-0.017501359026855137,0.2884458112465763,0.3131858405754447,0.04841193910170821,0.36352803781217363,0.024740029328868374
62,5,easy,catch_up,-0.6373111499604409,0.6445704247095578,0.09878502042204713,-0.7321924975295049,0.724859271207691,0.07231539270030454,-0.5457854042875107,0.7360961703824881,-0.6525438785073865
62,10,easy,catch_up,-0.6517175021081802,0.668545989552968,0.15214356325768408,-0.7821961264838361,0.7754728322185707,0.09685901935853297,-0.5164024262952839,0.8038610653658643,-0.6786138128600376
62,15,easy,catch_up,-0.6648967522846512,0.6822978716097723,0.1653868766737817,-0.8026018428107303,0.7983308436099597,0.09983515074101983,-0.5169109949359906,0.8302836289584329,-0.6984956928689399
62,30,easy,catch_up,-0.6955549680788481,0.717080810308123,0.2240212793950116,-0.8303055172122151,0.8349108955344579,0.1561496408302734,-0.4930595309131114,0.9195762474738597,-0.6787612547041845
62,5,broad,catch_up,-0.6124967436452732,0.6453072957242262,0.1714332017042586,-0.7346090159168247,0.7312423935854839,0.09497237627166788,-0.4738740940199676,0.7839299453495318,-0.636270017313816
62,10,broad,catch_up,-0.6264935928254565,0.6849421651032691,0.2662429750056935,-0.7811772164819993,0.783654135338862,0.1372560395647977,-0.4186991900975756,0.89273656783115,-0.6463980957740643
62,15,broad,catch_up,-0.6457574998896969,0.711549674168982,0.29844321442558047,-0.7994303226569743,0.8090655934588501,0.15744658601253458,-0.4131064597434015,0.9442007143152773,-0.6516190074463155
62,30,broad,catch_up,-0.6823973079920881,0.7641074374788552,0.3846348588020351,-0.8367700166515709,0.8589338921760902,0.22033848308222775,-0.37947257867682016,1.0670321667941232,-0.6385954090938624
63,5,easy,proportional,0.5246517005986134,-0.14216023589749674,0.4765026848135337,0.7586122603091607,-0.15307370173793897,0.7858979970179216,0.6186629207110305,-0.04814901578507974,0.9389716987558606
63,10,easy,proportional,0.5789457692787308,-0.14894081907422682,0.5351149810246224,0.8167200343559003,-0.10367057071031663,0.8603375763299633,0.6840558000988493,-0.043830788254108355,0.9640081470402799
63,15,easy,proportional,0.567762152665181,-0.19093730791054447,0.5143686070158875,0.8368491646464957,-0.16659569897683507,0.8684257038614807,0.705305914926432,-0.05339354564929355,1.0350214028383158
63,30,easy,proportional,0.585889535618614,-0.23654246323728137,0.5300340370464307,0.8622151525920704,-0.21205029374132559,0.9023556224079508,0.766576500283712,-0.055855498572183304,1.1144059161492763
63,5,broad,proportional,0.595644461554503,-0.029254435263449428,0.5789067099998269,0.7389174909509768,-0.027058574455172686,0.7702223723809812,0.6081611452632762,-0.01673775155467616,0.7972809468361539
63,10,broad,proportional,0.6590956767155208,0.045392383164513286,0.660429842043559,0.772611749561561,0.12471580906590485,0.8452243019504027,0.6150374588790457,0.001334165328038206,0.7205084928844978
63,15,broad,proportional,0.6612574560185316,-0.014250461848015808,0.6439468029202455,0.8320739160808551,0.06195263549999379,0.8816177630303293,0.6581972647682613,-0.017310653098286055,0.8196651275303356
63,30,broad,proportional,0.6800746390397537,0.0029842351295114545,0.6756131062233351,0.8499579986542098,0.10617214016537015,0.9173335285447123,0.6726288710938237,-0.00446153281641859,0.8111613883793422
63,5,easy,additive,-0.03931776737008911,0.20132993205897506,0.2537087383542954,-0.0649483675330983,0.20766115897188314,0.24319884807652126,0.05237880629532035,0.29302650572438455,0.035537689104638115
63,10,easy,additive,-0.0559939646588984,0.28355096313832207,0.29609421437589345,-0.06597031741774369,0.2763524107881937,0.2799167893066525,0.012543251237571384,0.35208817903479184,0.003564378518458755
63,15,easy,additive,-0.05868046443703937,0.25351885127688456,0.29946802301370246,-0.06991559381952818,0.24810852564518518,0.2812614737436081,0.045949171736817895,0.35814848745074185,0.033152948098422924
63,30,easy,additive,-0.06617936146683882,0.27642685369197273,0.32958950977192336,-0.07416811929040507,0.25995784959219154,0.30257626721535624,0.05316265607995063,0.3957688712387622,0.042618417623164706
63,5,broad,additive,-0.011710320414390749,0.20553347394785274,0.2211384216699762,-0.03333745830053541,0.17983157807747882,0.18241540187309463,0.015604947722123452,0.23284874208436693,0.0025838237956158083
63,10,broad,additive,-0.035513053150968116,0.33204051385028477,0.2580770951751828,-0.05180985180066834,0.305118715347949,0.2168435548687369,-0.07396341867510198,0.29359014832615093,-0.08827516047921208
63,15,broad,additive,-0.046405748990266386,0.3528113876227342,0.2787552481651219,-0.06399240774316872,0.3318325448333803,0.236255213210777,-0.07405613945761225,0.3251609971553883,-0.09557733162260332
63,30,broad,additive,-0.0647107183705707,0.429577816653767,0.30382419461285376,-0.07901801840193966,0.3967701274206339,0.2651477601740893,-0.12575362204091323,0.36853491298342445,-0.13162236724654458
63,5,easy,catch_up,-0.6377492453087912,0.6453989601278325,0.11878049285060646,-0.756149422936595,0.7530209888319752,0.09402397353270989,-0.526618467277226,0.7565297381593976,-0.6589970152992654
63,10,easy,catch_up,-0.6815298316722194,0.7072521939344457,0.19765567058430575,-0.8161146663834229,0.8200602402640561,0.13964020747206318,-0.5095965233501399,0.8791855022565251,-0.6804200327919929
63,15,easy,catch_up,-0.7128240166324536,0.7317814360449668,0.202148257362615,-0.8324042746832832,0.8334028352009729,0.14241201421889996,-0.5296331786823518,0.9149722739950686,-0.690990820982073
63,30,easy,catch_up,-0.7357990406617387,0.7591251077292661,0.2713717713543479,-0.8581819662492569,0.868772278912727,0.21040710629731704,-0.4877533363749182,1.0071708120160867,-0.6583651726154099
63,5,broad,catch_up,-0.5489214439198862,0.6190688296750922,0.24556876150736728,-0.7048355144137017,0.713439386785222,0.13916153249873564,-0.37350006816772496,0.7944902054272535,-0.5742778542864864
63,10,broad,catch_up,-0.57657133796400994,0.7074915663396218,0.33023259912464603,-0.7602320396595551,0.7981111257323728,0.1778665093170349,-0.3772589672149758,0.906803937088656,-0.6202446164153379
63,15,broad,catch_up,-0.6529007440988374,0.7532638719661441,0.33359002507752644,-0.8196690056334155,0.8437813109191366,0.1844858561776484,-0.41967384688861764,0.9864907691763638,-0.6592954547414882
63,30,broad,catch_up,-0.6857805261384797,0.8010070921607486,0.4133378285644986,-0.8519136205959402,0.8867242098654777,0.24372434733602166,-0.38766926359625004,1.0991183547029784,-0.6429998625294561
64,5,easy,proportional,0.6101369390882807,-0.02994796800757229,0.591799192471222,0.7617372975188677,0.005764625556257703,0.812000037004181,0.6217471604787943,-0.01833774661705867,0.8062354114479233
64,10,easy,proportional,0.6369574136144474,-0.0628756271728756,0.6119070569453354,0.825323795219446,-0.029034728221885898,0.8704592845111935,0.6747826841182111,-0.02505035666911193,0.8994940127330794
64,15,easy,proportional,0.6425863858853913,-0.10887729534761119,0.6081142450493973,0.8473258390846069,-0.07142850698691156,0.8907236981235128,0.7169915403970084,-0.034472140835994036,0.9621522051104243
64,30,easy,proportional,0.6291911612172676,-0.19260921423208666,0.5835615496536785,0.8730939644935576,-0.16075233419869964,0.913885569648011,0.7761707638857651,-0.045629611563589134,1.0746379038467107
64,5,broad,proportional,0.5140337388364107,0.2119703486210424,0.6577857398049864,0.49872374314605505,0.23259654173475477,0.6743838818376646,0.4458153911839441,0.14375200096857577,0.4417873401029099
64,10,broad,proportional,0.6575474637594824,0.20085288109726523,0.7359535646414017,0.7141330310098802,0.2615001722807747,0.8319347822203267,0.5351006835441365,0.07840610088191935,0.570434609939552
64,15,broad,proportional,0.6973518873026846,0.1630152726731834,0.7411768690444349,0.7853767599292985,0.23836424301423176,0.874758887955393,0.5781615963712515,0.04382498174175031,0.6363946449411613
64,30,broad,proportional,0.7200896504527952,0.05740083070233025,0.7159209988353387,0.8623024497671611,0.1681309978522121,0.9230408464164463,0.6585201681330084,-0.004168651617456498,0.7549098485642343
64,5,easy,additive,0.07616497227614094,0.19795162423128315,0.3117662286177551,0.07331034402639305,0.1891129761415827,0.30710907661029485,0.11381460438647195,0.23560125634161416,0.11799610046871215
64,10,easy,additive,0.052635836999199256,0.24486614242178423,0.3420523296103527,0.06309195303315634,0.20827819424439392,0.3187164816708087,0.09718618718856847,0.28941649261115343,0.11043828742641476
64,15,easy,additive,0.04932784270938926,0.23561500743040575,0.3538739862768315,0.053314439178224066,0.1988399110492111,0.33237495500452763,0.11825897884642572,0.3045461435674422,0.13353504395531654
64,30,easy,additive,0.0677035336300987,0.16772842014781306,0.3687503951168812,0.060359550258472165,0.14477209780480552,0.3545532001889164,0.20102197496906812,0.3010468614867825,0.20978110238411088
64,5,broad,additive,0.015834103765334718,0.17666418047503757,0.20549121801724016,0.02522807491828828,0.1517768717333518,0.18535735768719205,0.028827037542202588,0.18965711425190543,0.03358048595384025
64,10,broad,additive,0.013731834817452057,0.29343030614733756,0.2784116961526322,0.04346989839815945,0.234934361084893,0.2670426229013208,-0.015018609994705334,0.2646798613351802,0.03210826181642781
64,15,broad,additive,0.019787978358870098,0.33029817060338057,0.3057570933938465,0.04095372090901309,0.27532809440313055,0.28957303024135483,-0.02454107720953408,0.2859691150349764,0.014244935838224282
64,30,broad,additive,0.046722952379403646,0.35735951935103977,0.3605544372576505,0.05611449757215823,0.30998019524454884,0.3416962656464098,0.0031949179066107503,0.31383148487824686,0.031716070401860974
64,5,easy,catch_up,-0.568030461138915,0.6097457858023331,0.171720842035046,-0.7107585215582357,0.7149207916414169,0.08770015317362097,-0.43802494376728707,0.739751303173961,-0.6272206384677959
64,10,easy,catch_up,-0.6700439307091481,0.717753897418134,0.2072560652302367,-0.7929751828802788,0.7962342710906466,0.09483051251081549,-0.5104978321878972,0.8772999959393848,-0.7014037585798311
64,15,easy,catch_up,-0.7063990126986217,0.7516507653625969,0.22503646051032944,-0.8229113615992943,0.8292413354387363,0.10892581508985412,-0.5266143048522675,0.9314354732089511,-0.7203155203488822
64,30,easy,catch_up,-0.7232214581572651,0.7578303859074101,0.24388005490789993,-0.8406504539857677,0.8480416562229613,0.13179465571702656,-0.5139503309995102,0.967101513065165,-0.7162470005059348
64,5,broad,catch_up,-0.3556802853961309,0.5024686415877259,0.28725565033424616,-0.4756909430861057,0.45841003698061067,0.09070587158119822,-0.2152129912534797,0.642935935730377,-0.3677041653994124
64,10,broad,catch_up,-0.5380224305447924,0.6905312544338955,0.32896170349743087,-0.6972179750073424,0.6830379288821765,0.10712109274612662,-0.36156955093646465,0.8669841340422233,-0.5759168361360499
64,15,broad,catch_up,-0.6121997741155536,0.76656045527544,0.3538669632787317,-0.7745729613686642,0.778226880537454,0.12210243517432239,-0.41269349199670835,0.9660667373942853,-0.6561244453631316
64,30,broad,catch_up,-0.6791830365168999,0.8104625570698387,0.3554892327516681,-0.8368702427205619,0.8732054990410038,0.13293972427075368,-0.4549733243181706,1.034672269268568,-0.7402657747702501
65,5,easy,proportional,0.3930187653278217,-0.10516128821908947,0.3541369609441267,0.7368573574178641,-0.12809269736779233,0.7348938406695043,0.4592982491632162,-0.038881804383694984,0.8629865380372965
65,10,easy,proportional,0.4485409578910468,-0.11896597635779224,0.41419298687939426,0.7965390610237184,-0.14767316710817932,0.8271517740509694,0.5331589632371865,-0.034347971011652545,0.9748249411591488
65,15,easy,proportional,0.44495406745094146,-0.1500057816172266,0.4055203857936134,0.812713776837296,-0.20487220288595065,0.8448404049876718,0.55552616741084,-0.03943368165732808,1.0497126078736225
65,30,easy,proportional,0.4944407526584881,-0.1829082144712731,0.4499173568329882,0.8509348041198199,-0.19475084381024393,0.8967245017702643,0.6328255713042613,-0.044523395825499856,1.0914753455805082
65,5,broad,proportional,0.457951744992496,-0.06690252144337291,0.4350136560408348,0.7621534519508802,-0.04387295683086087,0.8046522737500293,0.5019161774842077,-0.022938088951661217,0.8485252305808902
65,10,broad,proportional,0.5173838488433936,-0.03262271040140007,0.5070251237693538,0.8018833926735078,5.593472396482859e-4,0.8647680185409492,0.5396478341707539,-0.010358725074039787,0.864208671301301
65,15,broad,proportional,0.514899241277893,-0.06579132811990535,0.495520929902611,0.8281039328831071,-0.03918557190313255,0.8870670733083791,0.5613122580225163,-0.01937831137528201,0.9262526452115116
65,30,broad,proportional,0.5729655599808492,-0.010355775225056898,0.5636522235903146,0.8582545751381704,0.09803881950044215,0.9247119082913556,0.5740079988153716,-0.009313336390534555,0.8266730887909135
65,5,easy,additive,0.005189729790292863,0.07227418553894621,0.20226175117202558,0.0032432141210089424,0.09176473082499922,0.25400101277958037,0.12998756563307937,0.19707202138173271,0.16223628195458115
65,10,easy,additive,0.017276547264177548,0.10791158239358603,0.2751874082943057,0.007211754162138407,0.12908816733867878,0.3083123843583825,0.16727582590071968,0.25791086103012817,0.1792242170197037
65,15,easy,additive,0.0190356033648467,0.09700042519909202,0.2856606851096686,0.0029167779068355252,0.11084662578731373,0.32217813549063096,0.18866025991057656,0.26662508174482186,0.2113315097033172
65,30,easy,additive,0.02713099552603117,0.13156176519053234,0.30998571249062684,0.005760886326322493,0.14093005963676022,0.2979342714276323,0.1784239473000945,0.2828547169645957,0.15700421179087207
65,5,broad,additive,0.011591544663129972,0.15363770051141326,0.2554691301718587,-0.016123055923004382,0.20623053210004968,0.2929033365864785,0.10183142966044542,0.2438775855087287,0.0866728044864288
65,10,broad,additive,0.012834659445265476,0.216969172608451,0.305544698802266,-0.004713498640562207,0.24874190410395383,0.3041766061016575,0.08857552619381498,0.2927100393570005,0.055434701997703645
65,15,broad,additive,0.020296624945083518,0.1963803770001673,0.31796089232669345,5.712867810309548e-4,0.23043747993700534,0.3182137845298989,0.12158051532652614,0.29766426738160995,0.08777630459289357
65,30,broad,additive,0.021808320758445493,0.2756103870791712,0.3324448370335594,0.0025013725987893553,0.291235446083613,0.30837887563655886,0.056834449954388244,0.3106365162751139,0.017143429552945844
65,5,easy,catch_up,-0.6814789313124108,0.6829632930472299,0.08747349549323545,-0.7188067082548653,0.7178811264215723,0.09251697356629997,-0.5954897975539944,0.7689524268056462,-0.6253641528552724
65,10,easy,catch_up,-0.7074932773463728,0.7180936604109914,0.17149353632352557,-0.7754138270634293,0.7657518895388302,0.13230222298415714,-0.5466001240874658,0.8789868136698984,-0.633449666554673
65,15,easy,catch_up,-0.7158307652231404,0.7262194474702749,0.17525511686128986,-0.7962495042399192,0.7873596314614247,0.12665727173010505,-0.5509643306089851,0.8910858820844303,-0.6607023597313197
65,30,easy,catch_up,-0.7343148373374158,0.7539309315694964,0.24594793202492535,-0.8322016893651271,0.8269696847674808,0.1616958928172699,-0.507982999544571,0.9802627693623411,-0.6652737919502109
65,5,broad,catch_up,-0.6738988223914864,0.6805347067917237,0.1321530456258806,-0.7625581856705592,0.7510001377470035,0.09897322100622657,-0.5483816611658431,0.806051868017367,-0.6520269167407768
65,10,broad,catch_up,-0.6882233914371848,0.7344282289589191,0.2586898350015379,-0.7937713645004365,0.7968121604432519,0.14689884054744634,-0.4757383939573812,0.9469132264387228,-0.6499133198958056
65,15,broad,catch_up,-0.7152279337267213,0.7605810094927997,0.2746656882768976,-0.8136167039985956,0.816279157277417,0.15204186286816998,-0.48591532121590214,0.989893622003619,-0.664237294409247
65,30,broad,catch_up,-0.723042461261523,0.8098518006875457,0.3728295432608739,-0.8426476914058346,0.8641513799026075,0.18778085098916583,-0.4370222574266718,1.095872004522397,-0.6763705289134416
66,5,easy,proportional,0.45140732729791855,-0.10900801729965813,0.40538648765979624,0.7392058429570743,-0.14567217704812715,0.7347400270151436,0.5143945049594544,-0.04602083963812231,0.8804122040632708
66,10,easy,proportional,0.5229372334015152,-0.1340336016348282,0.4664043820982912,0.8329015002254548,-0.14225774552347073,0.8429713068517988,0.6004379837331194,-0.056532851303224,0.9852290523752695
66,15,easy,proportional,0.5396448266747021,-0.15062835098023378,0.487186407993066,0.8530660760457291,-0.1645212539207582,0.872994182927257,0.6378147589732998,-0.05245841868163614,1.037515436848015
66,30,easy,proportional,0.5355082618075874,-0.21303419366891804,0.4855438356735828,0.8727804394446496,-0.2453307627762334,0.9016390514215329,0.6985780293425008,-0.04996442613400459,1.1469698141977662
66,5,broad,proportional,0.46462612731233616,-0.01120079009780495,0.46729353452639294,0.685672694937743,-0.019973917363751172,0.7126551438395828,0.4784943246241979,0.002667407214056783,0.732629061203334
66,10,broad,proportional,0.5768823841311556,0.012403905532452702,0.564730664593992,0.7981197175413434,0.09691359522986275,0.8568659346642364,0.5523267590615393,-0.012151719537163541,0.7599523394343737
66,15,broad,proportional,0.5920712624628448,0.04762040885162462,0.5942727162564496,0.820695617386558,0.1318268753245774,0.8885434348869542,0.546652307404825,0.002201453793604813,0.7567165595623768
66,30,broad,proportional,0.597054227253278,0.008903089729606836,0.5956512373737438,0.8597250009726473,0.09021394013846844,0.917921142664752,0.586748147644137,-0.0014029898795341333,0.8277072025262836
66,5,easy,additive,-0.052926881873496055,0.15453989819818795,0.19862232319008732,-0.04520158147594099,0.14862262133958906,0.20698536742080154,0.04408242499189938,0.25154920506358336,0.058362746081212474
66,10,easy,additive,-0.024840978955979455,0.17406691027036392,0.2626906930395306,-0.023193792353103482,0.1475497531387591,0.2547729503830736,0.08862378276916666,0.28753167199551005,0.10722319724431453
66,15,easy,additive,-0.026627380301340854,0.1962545932652843,0.29124619049543526,-0.03090240771663628,0.18024562953383835,0.27053410178837795,0.09499159723015096,0.31787357079677614,0.09028847225453959
66,30,easy,additive,-0.0385569587368832,0.20588897781206306,0.3159592530634091,-0.04366791083107219,0.1940721701808276,0.2926539952433442,0.11007027525134605,0.3545162118002923,0.09858182506251659
66,5,broad,additive,-0.034260735676790305,0.1775512882977005,0.23057515671746495,-0.022946882560989153,0.1628362925594088,0.22012790136198965,0.05302386841976445,0.26483589239425526,0.05729160880258086
66,10,broad,additive,-0.03207571608395266,0.28112091583415194,0.27010269073169474,-0.024267318210359143,0.2580315301973135,0.2530353539364962,-0.011018225102457202,0.3021784068156474,-0.004996176260817331
66,15,broad,additive,-0.028824611388256236,0.30183791577301194,0.2927834069680703,-0.03624970583410729,0.2999014769841589,0.26959494752304575,-0.00905450880494163,0.3216080183563266,-0.030306529461113174
66,30,broad,additive,-0.03598725460182271,0.30165979554235206,0.31254504612080697,-0.05008480794714271,0.31379744934475906,0.28306042042635665,0.010885250578454908,0.3485323007226297,-0.03073702891840241
66,5,easy,catch_up,-0.6559311868747257,0.654080796422974,0.10097867521234911,-0.7231954531054111,0.7029491316989,0.06096987817752388,-0.5531021212106249,0.7569098620870749,-0.6419792535213762
66,10,easy,catch_up,-0.7106874979308087,0.7237755576264273,0.13995633338771088,-0.8001723192961323,0.7928977989983289,0.0703549070072384,-0.5838192242387165,0.8506438313185195,-0.7225428919910906
66,15,easy,catch_up,-0.7296109327310333,0.7509966544362936,0.1944514969305038,-0.8250538407258353,0.8232090047779134,0.11770632097631956,-0.5565451575057898,0.9240624296615371,-0.7055026838015939
66,30,easy,catch_up,-0.7538584982957321,0.7751556862316737,0.24677331706774677,-0.8511087861393966,0.8529466074813513,0.18139593877148386,-0.528382369163927,1.000631815363479,-0.6715506687098675
66,5,broad,catch_up,-0.6072899471857964,0.6375449615111146,0.24684453187568942,-0.6553623750052727,0.6442220128244849,0.15750130145422495,-0.3907004296354252,0.8541344790614859,-0.48672071137025996
66,10,broad,catch_up,-0.6560874796577548,0.7266803477953342,0.301444188401338,-0.7801288162508895,0.7906515071344284,0.1845659220407411,-0.42523615939399617,0.9575316680590928,-0.6060855850936874
66,15,broad,catch_up,-0.678068011958286,0.7663668627527576,0.3746892874218599,-0.8076851127179934,0.8176645302274355,0.2209324584482478,-0.39167757533089764,1.052757299380146,-0.5967320717791876
66,30,broad,catch_up,-0.7318619628439985,0.8090994089261235,0.42705380523349806,-0.849429903148709,0.8572470670310521,0.2552926585140046,-0.38204560369262547,1.1589157680774966,-0.6019544085170475
67,5,easy,proportional,0.5410627116147884,-0.10487082004015899,0.4947423159141056,0.7716900958991311,-0.07827423766505402,0.7832420856718167,0.5996131359542646,-0.04632039570068275,0.8615163233368708
67,10,easy,proportional,0.533172593488456,-0.17116263402627765,0.4828462117396313,0.8063386943460007,-0.1568918154730142,0.8118835756842574,0.654008845765909,-0.0503263817488247,0.9687753911572716
67,15,easy,proportional,0.5223606942917134,-0.21922084727523522,0.46607514377043663,0.8225646151423351,-0.24860481774327262,0.8316793768661451,0.6852959910456718,-0.05628555052127676,1.0802841946094177
67,30,easy,proportional,0.5575229821303228,-0.26314493151753443,0.4935728597763719,0.8639457402202433,-0.27111108765848957,0.8866751549339705,0.7567177912939063,-0.06395012235395092,1.15778624259246
67,5,broad,proportional,0.5700383257484303,0.01026706312847256,0.5874675625283187,0.7230237471024005,0.06513568125222788,0.8114877863179424,0.5772004993998461,0.01742923677988839,0.7463521050657145
67,10,broad,proportional,0.5899422301690619,-0.05186108442729522,0.5840694754303356,0.7990796620960504,-0.011623502896372668,0.8540465442563729,0.6359305598576308,-0.005872754738726282,0.8656700471527456
67,15,broad,proportional,0.5937086972826233,-0.11093105093825681,0.5657192549774316,0.8301504566556107,-0.08450554526913555,0.8786923187367008,0.6766503059156884,-0.027989442305191736,0.9631978640058364
67,30,broad,proportional,0.6305101463730024,-0.09980934198947829,0.6049071909604964,0.861226655281847,-0.06237407376596193,0.915250495155396,0.7047165329499747,-0.025602955412506012,0.977624568921358
67,5,easy,additive,-7.088186143388716e-4,0.1463459226232914,0.25460606837486893,-0.00912373303845859,0.16831307604863482,0.24624792032280166,0.10826014575157752,0.2553148869892078,0.07793484427416683
67,10,easy,additive,-4.475185150080962e-4,0.12628696928439373,0.2702303391792524,-0.006455226587609177,0.13953847648358783,0.2604836149973133,0.14394336989485865,0.27067785769426045,0.12094513851372549
67,15,easy,additive,0.008926030300957078,0.09538200043497054,0.28377257436358794,-0.005516292457504528,0.11702035646611846,0.2806637464612809,0.1883905739286174,0.27484654406263087,0.16364338999516242
67,30,easy,additive,0.00708334371828107,0.12403743061032822,0.3260096238407342,0.008759353160034736,0.12133679930846378,0.31283935659404405,0.20197219323040594,0.3189262801224531,0.19150255728558027
67,5,broad,additive,-0.014356158404867723,0.23211390804454735,0.2697333545890802,-0.01779914689578828,0.24760450145878385,0.2476590259410124,0.037619446544532864,0.2840895129939479,5.4524482228562876e-5
67,10,broad,additive,-0.008947545790764854,0.220116692270176,0.29094029073630223,-0.015599404435347046,0.2266768428634612,0.2632902239102042,0.07082359846612624,0.2998878365270671,0.03661338104674297
67,15,broad,additive,0.002518511493477356,0.191061544698262,0.31350326480474305,-0.011470148857520124,0.20672805441482375,0.2909644652458266,0.12244172010648105,0.3109847533112657,0.08423641083100283
67,30,broad,additive,3.200279643784382e-5,0.22635973221023478,0.3416174199808098,-0.008580021678464394,0.22590852889866936,0.31371640545657997,0.11525768777057502,0.34158541718437196,0.08780787655791061
67,5,easy,catch_up,-0.6662559217256807,0.6724623334102237,0.1243713968958344,-0.7543523657742587,0.7432429751766346,0.08205372373895037,-0.5480909365143892,0.7906273186215151,-0.6611892514376843
67,10,easy,catch_up,-0.6865698169235199,0.6964979919655074,0.13674593911795863,-0.7742064526235476,0.7679046665381706,0.09049157026224261,-0.5597520528475488,0.8233157560414786,-0.6774130962759279
67,15,easy,catch_up,-0.6864680722092654,0.6954903637464066,0.13556309869835168,-0.7895117653898105,0.7833437021541969,0.08756401964060025,-0.5599272650480549,0.8220311709076171,-0.6957796825135967
67,30,easy,catch_up,-0.7075262977644281,0.7237456501602795,0.1894302232035859,-0.8192498155264488,0.8169974698735037,0.11873045148939272,-0.5343154269566935,0.896956520968014,-0.698267018384111
67,5,broad,catch_up,-0.5933723413152396,0.6422853776071616,0.2311604038526331,-0.7265103635416018,0.7301972850420184,0.11312422102647564,-0.41112497375452856,0.8245327451678728,-0.6170730640155427
67,10,broad,catch_up,-0.6670808241610001,0.711672219103654,0.2463054896024237,-0.7807196771994303,0.7831724095386201,0.1318973825803191,-0.46536672950123026,0.9133863137634238,-0.651275026958301
67,15,broad,catch_up,-0.6925409230561577,0.7300656301168191,0.2438717906220324,-0.8071723900533766,0.8103357200114888,0.1243774148546701,-0.48619383949478673,0.9364127136781901,-0.6859583051568187
67,30,broad,catch_up,-0.7108959932694743,0.7703119452820454,0.3591394405111295,-0.8332955628685698,0.8469073963748295,0.21078896690481952,-0.4111725047709159,1.0700354337806037,-0.63611842947001
68,5,easy,proportional,0.459672568861097,-0.06598513662576642,0.441178176033565,0.7531395583522823,-0.07218112892864381,0.7864459644712288,0.5071633126593315,-0.018494392827531958,0.8586270933998726
68,10,easy,proportional,0.45671973468512994,-0.11897782255978466,0.4218745813608893,0.808049567903074,-0.1493411763079207,0.8232237831795782,0.5408524039206739,-0.03484515332424065,0.972564959487499
68,15,easy,proportional,0.45442271079051666,-0.1604939939452049,0.4167200444974995,0.8304314503661845,-0.21650567937012077,0.8463422338232534,0.5772140384427044,-0.03770266629301716,1.0628479131933741
68,30,easy,proportional,0.4654002927736891,-0.23044425495152948,0.41882773758139885,0.86185218912914,-0.30186941114400107,0.8835001694755229,0.6492719925329283,-0.046572555192290255,1.185369580619524
68,5,broad,proportional,0.4680659433101125,0.06975551010858319,0.5318337612737857,0.633463978291669,0.09342726830490099,0.7275052223226725,0.4620782511652025,0.0637678179636732,0.6340779540177715
68,10,broad,proportional,0.5083649165328699,-0.0028206556712980584,0.5256194660385278,0.7725101317004129,0.017268520096395578,0.8323428523645784,0.5284401217098259,0.017254549505657968,0.8150743322681828
68,15,broad,proportional,0.5250910653469718,-0.054196211007669866,0.522659390327841,0.8286154445913643,-0.03914636660477927,0.882763443465982,0.576855601335511,-0.0024316750191307746,0.9219098100707612
68,30,broad,proportional,0.5365695891301598,-0.07451735671371541,0.52721569808109,0.8592781029800867,-0.048157263315826745,0.9158646001197831,0.6017330547948054,-0.009353891049069807,0.9640218634356098
68,5,easy,additive,-0.0032177658982203376,0.1754668020525704,0.24665414440283018,-0.01853551288365372,0.19363885528663657,0.24659841893198356,0.07118734235025978,0.24987191030105052,0.052959563645346985
68,10,easy,additive,-0.0053097803908085444,0.1545843813718137,0.2679800735867398,-0.01738739527610633,0.17678238930284582,0.2655539491848994,0.1133956922149261,0.27328985397754835,0.08877155988205357
68,15,easy,additive,-0.02211273165789571,0.15486400253899232,0.2832811386965184,-0.029856260187060276,0.17702373577750938,0.2779036369250426,0.12841713615752606,0.3053938703544141,0.10087990114753323
68,30,easy,additive,-0.012225871286532441,0.14087826180954602,0.3136322262171191,-0.011084995573282729,0.1445209550574264,0.3064328937560465,0.1727539644075731,0.3258580975036516,0.16191193869862008
68,5,broad,additive,0.007241347516147205,0.18151894987439107,0.22207182342269952,-0.010110221653298224,0.17162989648209373,0.19064434270693217,0.040552873548308443,0.2148304759065523,0.019014446224838444
68,10,broad,additive,0.014087020155666524,0.17519031031056298,0.25059940667476555,0.0037034958429634185,0.18414732739195683,0.23216570018753857,0.07540909636420257,0.23651238651909903,0.04801837279558174
68,15,broad,additive,-0.002346199179281791,0.21215065341752706,0.2892999701848939,-0.013774752037950262,0.22238084788375273,0.27152261302042674,0.07714931676736683,0.2916461693641757,0.04914176513667401
68,30,broad,additive,-0.006218707537166392,0.2392592097005732,0.33294585195122134,-0.022015970150612012,0.2538982856656529,0.3114957459278777,0.09368664225064813,0.33916455948838775,0.05759746026222479
68,5,easy,catch_up,-0.6203235446332632,0.638709365295139,0.17545571578025002,-0.7146806212213702,0.7150177364220376,0.1432621014811547,-0.463253649514889,0.7957792604135132,-0.5717556349408829
68,10,easy,catch_up,-0.6723453960630068,0.6915656131802783,0.18403161064902743,-0.7647995096918598,0.7654275321349839,0.13992438778625998,-0.5075340025312509,0.8563770067120342,-0.625503144348724
68,15,easy,catch_up,-0.7218227505305346,0.7390025777667387,0.19518799469484177,-0.7979630170323154,0.7997741766952141,0.1594927452113481,-0.543814583071897,0.9170107452253764,-0.6402814314838661
68,30,easy,catch_up,-0.7362123124989444,0.7537777860239548,0.24710442094469967,-0.8130525575213124,0.8134894839900911,0.19604359493998766,-0.5066733650792552,0.983316733443644,-0.6174458890501034
68,5,broad,catch_up,-0.5067223889985382,0.6011882921939056,0.3131269842915621,-0.6000599196230278,0.5975731835941483,0.17719523607364768,-0.28806130790234347,0.8198493732901002,-0.42037794752050067
68,10,broad,catch_up,-0.6246261346722607,0.7005655169124431,0.3230295000678705,-0.7130800680701792,0.7070007246746827,0.18331453641994683,-0.37753601684457255,0.9476556347401313,-0.5236861882547359
68,15,broad,catch_up,-0.6967639818954158,0.7563988170393584,0.32567354555473,-0.7860234602742906,0.7817855310624487,0.1904428820977996,-0.4307252714846284,1.0224375274501458,-0.5913426489646492
68,30,broad,catch_up,-0.7253207763908515,0.7913151029186858,0.40461636380638144,-0.8277621687785216,0.8344477903505586,0.25192907795234626,-0.38669873911230435,1.129937140197233,-0.5825187123982123
69,5,easy,proportional,0.5497536624870204,-0.047039777104856705,0.5233494973469949,0.7586644555195639,-0.0026688264618376484,0.8209464678168433,0.5703892744518516,-0.026404165140025526,0.823615294278681
69,10,easy,proportional,0.5452948064339064,-0.11861730837932492,0.4965040526417541,0.8279670896171611,-0.07008536085642726,0.8512557941504715,0.6151213610210791,-0.04879075379215225,0.9213411550068987
69,15,easy,proportional,0.5395805584639416,-0.1562299673215629,0.4868828105681585,0.8513906960872855,-0.1307999591987526,0.8713874340438692,0.6431127778897214,-0.052697747895783076,1.0021873932426217
69,30,easy,proportional,0.5662938944179817,-0.19898159618702416,0.5063126185336104,0.875486362746662,-0.17182650035193528,0.9043916373207093,0.7052942147206346,-0.0599812758843713,1.0762181376726445
69,5,broad,proportional,0.5047989131046124,0.16203064018254157,0.6054791116088167,0.5642071858326487,0.1901931480166786,0.7122834905641798,0.4434484714262752,0.10068019850420429,0.5220903425475012
69,10,broad,proportional,0.587646577786261,0.06364967138229245,0.6068032733243318,0.7913484749518718,0.13137422454163686,0.8544889797476676,0.5431536019420393,0.019156695538070867,0.7231147552060307
69,15,broad,proportional,0.6015576594446082,0.008921156706128698,0.5953637869835576,0.8398142558475135,0.09708354887859935,0.89463594678739,0.5864426302774289,-0.00619387246105052,0.7975523979087906
69,30,broad,proportional,0.6395853229330719,0.04020023661652931,0.6343638721167845,0.8670161798814673,0.16534880751433945,0.9293579773933031,0.5941636355002552,-0.005221450816287443,0.7640091698789636
69,5,easy,additive,-0.003846632298388287,0.2150329717554678,0.25146323391340275,-0.0369449079631776,0.23067060614873092,0.2314354947035952,0.03643026215793496,0.255309866211791,7.648885548642848e-4
69,10,easy,additive,-0.006476388839215098,0.1848830248476077,0.27425602266325505,-0.02606535450917064,0.196403828931145,0.25099462279756624,0.08937299781564734,0.28073241150247014,0.05459079386642124
69,15,easy,additive,-0.009350928750860927,0.17238048051901064,0.28861533773016346,-0.02453851050121864,0.17252530077153805,0.26306047408474903,0.11623485721115281,0.29796626648102437,0.09053517331321098
69,30,easy,additive,0.00428102583566562,0.18628444320602472,0.31412304721198686,-0.01626949303537146,0.1855013780300329,0.2827414828394818,0.12783860400596214,0.3098420213763212,0.09724010480944892
69,5,broad,additive,0.011710218844473664,0.19544207369322672,0.22481371605183123,-0.012810227880888229,0.17303982253037722,0.17895990151249652,0.02937164235860451,0.21310349720735758,0.005920078982119298
69,10,broad,additive,4.763349140218723e-4,0.24576493858256082,0.28362236196962204,-0.016217915860282425,0.24096298587362508,0.24534714630248108,0.03785742338706122,0.28314602705560016,0.004384160428856004
69,15,broad,additive,-0.001094020498996533,0.2837295996899728,0.3290459790958559,-0.01734301716100405,0.2948931123545892,0.306242210143188,0.04531637940588312,0.33013999959485246,0.011349097788598772
69,30,broad,additive,0.005549437148074964,0.3675060969755634,0.34703289444131374,-0.017509795066276476,0.3728535739636168,0.32188381280953837,-0.020473202534249668,0.34148345729323876,-0.05096976115407842
69,5,easy,catch_up,-0.6145254747336486,0.6490307037453764,0.1777676605533274,-0.7542249900738703,0.753997886549818,0.09784844673653464,-0.47126304319204904,0.792293135286976,-0.6561494398132834
69,10,easy,catch_up,-0.696060483856146,0.7165422232397285,0.18065539156910254,-0.808412554808531,0.8014012228228248,0.09929053282147694,-0.535886831670626,0.8767158754252486,-0.7021106900013478
69,15,easy,catch_up,-0.7277227995876849,0.7430003637121594,0.19739863615042433,-0.826371316786023,0.8186588772817982,0.11878027081625318,-0.5456017275617351,0.9251214357381092,-0.699878606465545
69,30,easy,catch_up,-0.7327926091910145,0.755343894736121,0.2491321800415558,-0.8447230158809215,0.8471236556734697,0.16826698006885582,-0.5062117146945652,0.9819247892325703,-0.6788566756046139
69,5,broad,catch_up,-0.429462188399886,0.5717500758362949,0.3397008524846171,-0.5437437499255352,0.5375120975804892,0.16331832803362448,-0.23204922335167777,0.7691630408845032,-0.3741937695468648
69,10,broad,catch_up,-0.6395553135006533,0.7283784461790059,0.3494767402104347,-0.7658046671556024,0.7514314116826626,0.17806765752566756,-0.37890170596857126,0.9890320537110879,-0.573363754156995
69,15,broad,catch_up,-0.6913397381994383,0.7653895044312397,0.3636915728176525,-0.8108768917221689,0.815497598799194,0.20442868113675922,-0.40169793161358713,1.0550313110170908,-0.6110689176624349
69,30,broad,catch_up,-0.6881733362138684,0.7928329039342351,0.4060073557768582,-0.8435261459096737,0.8803493873684812,0.23986470554690018,-0.3868255481573769,1.0941806919907267,-0.640484681821581
70,5,easy,proportional,0.42321649758706703,-0.10666466425291589,0.3903821021807064,0.7242706944212802,-0.12946104084201251,0.70720682595884,0.4970467664336223,-0.03283439540636063,0.8366678668008525
70,10,easy,proportional,0.4960753167490308,-0.15884409913841951,0.4509656700896107,0.7982740462482737,-0.1694468126427518,0.8180138676633004,0.6098097692280302,-0.04510964665942013,0.9874606803060522
70,15,easy,proportional,0.5273323072901395,-0.16020496897030082,0.47786807696963246,0.8308505371685493,-0.16272665917406018,0.8555320889102255,0.6380730459399333,-0.04946423032050701,1.0182587480842857
70,30,easy,proportional,0.5327016754002226,-0.23060010373685583,0.4789968031964149,0.8615176164624665,-0.25598227414228103,0.8865117489628707,0.7095969069332707,-0.05370487220380771,1.1424940231051517
70,5,broad,proportional,0.48806395962253113,-0.062362981661877585,0.47340858334713476,0.7263981641026996,-0.07307559384643057,0.7570318346001791,0.5357715650090124,-0.01465537627539637,0.8301074284466097
70,10,broad,proportional,0.5667321730272952,-0.04155001796176174,0.561446681692731,0.7956680725567353,-0.004641792682551688,0.8563881493025195,0.6029966996544928,-0.00528549133456413,0.8610299419850712
70,15,broad,proportional,0.6076022686010192,-0.0026777809339909946,0.6009273191316892,0.8290440753464555,0.06894780837079727,0.894858989300415,0.6036051000656801,-0.006674949469330005,0.8259111809296177
70,30,broad,proportional,0.6173362165620695,-0.05282908553592679,0.6041224428352118,0.8647231972341264,0.01428316193418625,0.9251597096640831,0.6569515283711386,-0.013213773726857725,0.9108765477298969
70,5,easy,additive,0.04470594233668188,0.03805918328971831,0.18663182711795692,0.026685377479022197,0.057522548697030676,0.21030625127783292,0.14857264382823862,0.14192588478127505,0.15278370258080226
70,10,easy,additive,0.033999866109179495,0.09318271515730533,0.25339837094113915,0.005154509412286466,0.11793592713704269,0.25519999127306736,0.16021565578383382,0.21939850483195966,0.13726406413602465
70,15,easy,additive,0.0372777284823333,0.12403187818121081,0.2827228783262492,0.011853840955948589,0.13904830090871823,0.27280418534313594,0.1586910001450384,0.2454451498439159,0.13375588443441772
70,30,easy,additive,0.04698913931748642,0.10762458800746849,0.31030006362223395,0.010397612798073282,0.1298087195691294,0.301258122460426,0.20267547561476545,0.2633109243047475,0.1714494028912966
70,5,broad,additive,0.032145669930081874,0.11020645684987142,0.21449759756783496,0.0031774898325521864,0.13682387344942656,0.20493486134226788,0.10429114071796354,0.1823519276377531,0.06811098789284131
70,10,broad,additive,0.027854946174690764,0.18783024011190075,0.2811523469720353,9.494739100944064e-4,0.21914004687045166,0.2656870548457347,0.09332210686013453,0.25329740079734453,0.04654700797528302
70,15,broad,additive,0.029407974321277862,0.25867774716264935,0.31388003888862775,0.0059356739098906115,0.27773456364577237,0.30021968520125786,0.0552022917259784,0.2844720645673499,0.022485121555485488
70,30,broad,additive,0.03794025799385866,0.2547063935812559,0.3476334535447017,0.0074443217917053,0.2840116684841558,0.3301440120510781,0.0929270599634458,0.30969319555084307,0.04613234356692225
70,5,easy,catch_up,-0.6117717823047033,0.6141723307263923,0.04269503524928611,-0.6775251796933789,0.6702649517790228,0.014262196737048493,-0.5714772954771062,0.6544668175539894,-0.6560027550419743
70,10,easy,catch_up,-0.6870085584886823,0.7002755137581786,0.12440790349156973,-0.7764643248399631,0.7758921721924157,0.06562048002621584,-0.5758676102666089,0.811416461980252,-0.7102716921661998
70,15,easy,catch_up,-0.7086004611900957,0.7277599871350201,0.17398932722799135,-0.8029505113914406,0.8007614637575162,0.09288380099807159,-0.5537706599070288,0.882589788418087,-0.7078776627594446
70,30,easy,catch_up,-0.7208682178929191,0.7413974099579314,0.23410388416352815,-0.8319399994960621,0.8344247122256242,0.1452785142540748,-0.5072935257944032,0.9549721020564472,-0.6891461979715494
70,5,broad,catch_up,-0.5995897761188744,0.6197325068984203,0.14579953467163265,-0.7048249421686873,0.6936585432803599,0.07324570122887453,-0.47393297222678765,0.7453893107905071,-0.6204128420514854
70,10,broad,catch_up,-0.6582160645228372,0.7124337503887408,0.2474559701330946,-0.7782483720207675,0.7809509113284736,0.1279092570876457,-0.4649777802556462,0.9056720346559318,-0.6530416542408279
70,15,broad,catch_up,-0.6805792482602995,0.7651773085179984,0.3017478604294256,-0.8103585116860033,0.8243203951967342,0.14159048603736218,-0.4634294480885728,0.9823271086897251,-0.6827299091593719
70,30,broad,catch_up,-0.7134121522762383,0.797945796138434,0.3679528991842697,-0.842427316757201,0.8665187075493873,0.19325371270946284,-0.42999289695416426,1.081365051460508,-0.6732649948399245
71,5,easy,proportional,0.4442706709518263,-0.12808968028576506,0.3859472389816707,0.7447174467893786,-0.14263103590954498,0.7350560099738226,0.5140369192674358,-0.058323431970155604,0.8776870458833675
71,10,easy,proportional,0.4934558430268181,-0.1669147845152446,0.42903125664096725,0.8131107504973543,-0.20753821987356497,0.8048597385195216,0.5959460411562119,-0.06442458638585086,1.0123979583930867
71,15,easy,proportional,0.5102249816282483,-0.19046571148641803,0.4489963365827919,0.8339443978809422,-0.22364282393665633,0.83308247256744,0.6394620480692099,-0.06122864504545633,1.0567252965040963
71,30,easy,proportional,0.5325449213618331,-0.23373477533850717,0.4779074191043867,0.8626663814712374,-0.2770248596128055,0.8819626081227812,0.7116421944428939,-0.054637502257446346,1.1589874677355867
71,5,broad,proportional,0.5141011587117016,-0.07429924087117246,0.4765156126086329,0.769160811208361,-0.04773648484835904,0.8096748268324873,0.5508148534798054,-0.03758554610306869,0.8574113116808463
71,10,broad,proportional,0.5738504042490372,-0.06800128105271909,0.5343047164401876,0.8195279315893285,5.99934993640246e-4,0.8704677156693251,0.6023059974929067,-0.039545687808849594,0.8698677806756849
71,15,broad,proportional,0.598888108363432,-0.06919363957073901,0.5622256712883081,0.8486503547935026,0.01654852430233466,0.894470050514021,0.6314193108590471,-0.036662437075123844,0.8779215262116863
71,30,broad,proportional,0.6236779714796276,-0.07119791431144228,0.5925411162240873,0.8773695409688292,0.032157701553648194,0.9240958380579165,0.6637390305355296,-0.03113685525554022,0.8919381365042683
71,5,easy,additive,0.003926089354949485,0.08769785186414943,0.22257238473669805,0.021379888751917424,0.0621769116340913,0.24791422474884844,0.13487453287254864,0.21864629538174857,0.18573731311475714
71,10,easy,additive,0.013207018581411274,0.11014169341477675,0.28040986965181497,0.030370762951830978,0.08837395169945818,0.2947720174523055,0.17026817623703822,0.2672028510704037,0.20639806575284736
71,15,easy,additive,0.014765003888042978,0.1248336812923942,0.3062520787507406,0.029345645627555598,0.09851319862626128,0.3172665287427745,0.18141839745834643,0.29148707486269765,0.2187533301165132
71,30,easy,additive,0.013996944003258592,0.15152411917874092,0.3516271567179889,0.03555788358835926,0.093541868880531,0.3395504027294484,0.20010303753924796,0.3376302127147303,0.2460085338489174
71,5,broad,additive,0.030285108413785795,0.1733982335009194,0.2979673169568853,0.03767684695383293,0.1443880148540369,0.30535695908842786,0.12456908345596587,0.2676822085430995,0.16096894423439095
71,10,broad,additive,0.031059886831708208,0.2534862942193481,0.3553442016172522,0.0352869223281907,0.24608017624833275,0.3628086644907384,0.10185790739790412,0.32428431478554404,0.11672848824240564
71,15,broad,additive,0.030105478689770256,0.2655549382655084,0.35190862142923524,0.04138834808274096,0.2520470440350849,0.35122213190463963,0.08635368316372682,0.321803142739465,0.09917508786955476
71,30,broad,additive,0.024135630793917735,0.27994565394364207,0.35585940797763743,0.040625927837629854,0.2354660085465467,0.33837709252535086,0.07591375403399536,0.3317237771837197,0.10291108397880416
71,5,easy,catch_up,-0.6621050857959151,0.6637614656488817,0.052588975769770833,-0.7226211461486445,0.7119318068486866,0.024535546503446127,-0.6111724898791109,0.7146940615656859,-0.6873962603452405
71,10,easy,catch_up,-0.7037771699360675,0.7107742561875514,0.08645362251503616,-0.7877742303136879,0.7817065821445837,0.04010501368456946,-0.6243206336725152,0.7902307924511037,-0.7416015684600142
71,15,easy,catch_up,-0.7172991024299592,0.7270067193647577,0.11968525583782191,-0.8094411050040662,0.806620717196586,0.07251594972268498,-0.6073214635269357,0.8369843582677812,-0.7341047674739011
71,30,easy,catch_up,-0.7368341871593204,0.7506400818711227,0.19654904573202195,-0.8326164960756671,0.82900022853889,0.10259252117368187,-0.5540910361391008,0.9333832328913423,-0.7264077073652081
71,5,broad,catch_up,-0.6296595014977475,0.6464557816959273,0.13890983343988045,-0.738526403385082,0.7351676589528918,0.09024701605573063,-0.5075459482560469,0.7685693349376279,-0.6449206428971612
71,10,broad,catch_up,-0.6627038492332273,0.7008515035211335,0.2221719783416621,-0.7945541740539255,0.8064439524422107,0.16020838243611002,-0.4786795251794713,0.8848758275748895,-0.6462355700061007
71,15,broad,catch_up,-0.6806026592982785,0.7282914053578325,0.2593457814242591,-0.8161165201710112,0.8254717459473946,0.16437444137693966,-0.4689456239335734,0.9399484407225376,-0.6610973045704549
71,30,broad,catch_up,-0.7162765055026975,0.7866777539090108,0.3502705897554632,-0.845562114055585,0.8625339353033606,0.1806445665205404,-0.43640716415354763,1.0665470952581608,-0.6818893687828202
72,5,easy,proportional,0.5312700212256898,-0.15400269426379293,0.47434435634122135,0.7796043606810223,-0.17048821444902035,0.7834248490488563,0.6283470506050143,-0.05692566488446843,0.9539130634978767
72,10,easy,proportional,0.5686998971738949,-0.18533526615105592,0.5124665303786594,0.8361107187006191,-0.18201447897979442,0.8473352477022479,0.6978017965297153,-0.056233366795235495,1.0293497266820424
72,15,easy,proportional,0.5549407165899688,-0.23104255776100907,0.4973221562214428,0.8508090675039747,-0.2594962511020098,0.8611399180776184,0.7283647139824518,-0.05761856036852597,1.1206361691796283
72,30,easy,proportional,0.570534168117782,-0.2805626081412094,0.5121185609695793,0.8769067510168819,-0.311815918953544,0.9004615223628131,0.7926811691107887,-0.05841560714820271,1.212277441316357
72,5,broad,proportional,0.5730019940687346,0.007668064172048474,0.5852621493767198,0.7315850541673732,0.06005134747498902,0.8158858784744046,0.5775940852046714,0.012260155307985188,0.7558345309994157
72,10,broad,proportional,0.6408511753271682,0.0033103980788058503,0.6342354254071887,0.8060971919751874,0.11102783103567847,0.8812892595592635,0.6309250273283828,-0.006615749919979486,0.770261428523585
72,15,broad,proportional,0.6389709531964766,-0.05448273807276969,0.6151892453118268,0.8476909187414003,0.03542126301576371,0.9021418420318358,0.6696719833845965,-0.023781707884649728,0.866720579016072
72,30,broad,proportional,0.6584815002592191,-0.05805129203693819,0.6402367387178793,0.8757903167705848,0.03660823668099996,0.9301770306193458,0.6982880307548175,-0.018244761541339805,0.8935687939383458
72,5,easy,additive,-0.01101557238465146,0.14687310371356777,0.24068055438136723,-0.02926353112845603,0.1553582339202616,0.2335713784590477,0.09380745066779947,0.2516961267660187,0.07821314453878611
72,10,easy,additive,0.008382676483030987,0.14722681429574316,0.27672964880848916,-0.018579327596016364,0.15998891654091754,0.2455956525117316,0.129502834512746,0.2683469723254582,0.08560673597081406
72,15,easy,additive,0.007981053946858701,0.12782450921468308,0.293423088122147,-0.02249623388820432,0.14559606317123389,0.2599656416757628,0.16559857890746393,0.2854420341752883,0.11436957850452892
72,30,easy,additive,0.01549599129138473,0.13694811495001658,0.3309361175758915,-0.017637373572512237,0.16110378014843466,0.293841524085841,0.1939880026258749,0.31544012628450674,0.13273774393740637
72,5,broad,additive,-0.024601495798257215,0.23896207531052197,0.25473077099107444,-0.04735485123516124,0.23258327093286466,0.2289597765086674,0.015768695680552475,0.27933226678933165,-0.0036234944241972655
72,10,broad,additive,0.006271848663297172,0.2591094948242568,0.28510679145844164,-0.0249492324755563,0.2771240158491946,0.2519985079064915,0.02599729663418482,0.2788349427951445,-0.02512550794270313
72,15,broad,additive,0.004408017568915935,0.2523282802703672,0.30719237114821896,-0.02356248667737596,0.2677778421462705,0.26424421813672755,0.05486409087785177,0.302784353579303,-0.003533624009542935
72,30,broad,additive,0.009535033308923246,0.27105098756855184,0.3253106722935242,-0.018839045724572814,0.2957995799939903,0.2875822906416128,0.054259684724972335,0.3157756389846009,-0.008217289352377533
72,5,easy,catch_up,-0.7112637417321712,0.7160909832668891,0.1099176065733815,-0.7765094865812437,0.7645254965509828,0.05656575489842002,-0.6061733766935077,0.8211813483055527,-0.7079597416525628
72,10,easy,catch_up,-0.7446922380397252,0.7569834993785419,0.1516707939112577,-0.8168847720328424,0.8023721920001206,0.07600636048651202,-0.6053127054672842,0.8963630319509829,-0.7263658315136086
72,15,easy,catch_up,-0.762322997691929,0.7728800850129246,0.16022913991870738,-0.8341160180958888,0.8171764089500027,0.08469836322787588,-0.6126509450942172,0.9225521376106364,-0.7324780457221267
72,30,easy,catch_up,-0.7701734613781208,0.7886317311099739,0.23684605317127755,-0.8534583164126338,0.8507207059151756,0.16087466913034204,-0.5517856779386963,1.0070195145493983,-0.6898460367848336
72,5,broad,catch_up,-0.645352395619136,0.6862364822919026,0.2407596687709784,-0.7520437583678379,0.7344256485706624,0.13763115778493742,-0.44547681352092416,0.8861120643901145,-0.596794490785725
72,10,broad,catch_up,-0.6810480091510693,0.7510539904428991,0.2923784794880522,-0.7976467970599583,0.8012219555773205,0.15245287154055912,-0.45867551095484693,0.9734264886391215,-0.6487690840367614
72,15,broad,catch_up,-0.7346766816868116,0.7923308224776787,0.298665669899049,-0.8380556196176294,0.8424235839295127,0.15737020672481508,-0.4936651525786297,1.0333423515858606,-0.6850533772046976
72,30,broad,catch_up,-0.7515483822273843,0.8249860900745145,0.37074610518123957,-0.8570152282224298,0.8786434113625974,0.21176780387042932,-0.45423998489327494,1.1222944874086238,-0.666875607492168
73,5,easy,proportional,0.5324614536566301,-0.02521860132327227,0.5253396625007538,0.7569118036244357,0.012967123939205915,0.8335188113012943,0.5505582638240261,-0.0071217911558763,0.8205516873620884
73,10,easy,proportional,0.573258921603326,-0.08705233650040864,0.5415724614645187,0.837062198484091,-0.03781250639346188,0.8828885818850166,0.6286247979649273,-0.03168646013880738,0.9207010882784785
73,15,easy,proportional,0.5695881681679201,-0.12073779338390922,0.5272333337281772,0.8579928397477545,-0.07522220551616116,0.8970446919469627,0.6479711271120864,-0.04235483443974297,0.9722668974631239
73,30,easy,proportional,0.567457868537922,-0.2149333236935894,0.5167869888118618,0.8758672665218185,-0.20273945790773534,0.9109142138343418,0.7317203125054512,-0.050670879726060214,1.113653671742077
73,5,broad,proportional,0.4990363592739051,0.13320695278870606,0.6013243450039225,0.6105885120495328,0.1413944851789271,0.7214515079449209,0.4681173922152164,0.1022879857300174,0.5800570227659938
73,10,broad,proportional,0.6199881148898969,0.13356163482483224,0.6684377201797499,0.7747776358765178,0.20654836705901752,0.8709054318641402,0.5348760853549177,0.04844960528985298,0.6643570648051227
73,15,broad,proportional,0.6355485452137006,0.08612285826663513,0.6491155729339841,0.8297925085660529,0.1739889108220873,0.9011943280593956,0.562992714667349,0.013567027720283509,0.7272054172373082
73,30,broad,proportional,0.6468855410255864,0.019022824173375034,0.6461508040903723,0.8686108689460079,0.12088888030055432,0.9334649592039431,0.6271279799169972,-7.347369352140865e-4,0.8125760789033888
73,5,easy,additive,0.006490373402684936,0.1993562449378422,0.2786870423169374,-0.016780523461698865,0.22665445633528553,0.2821138001338893,0.07933079737909521,0.2721966689142525,0.05545934379860379
73,10,easy,additive,0.007739199511887223,0.22171538367782723,0.3232265209289459,-0.007718074894779706,0.23500620861750937,0.31457700955632295,0.10151113725111865,0.31548732141705865,0.07957080093881358
73,15,easy,additive,0.01324646877006464,0.1912028620583171,0.32966661951397086,-0.001734819005135161,0.19774034238752786,0.3090477397742693,0.13846375745565376,0.3164201507439062,0.11130739738674145
73,30,easy,additive,0.012835839168376955,0.17402341102262686,0.34363332038960315,-0.013101515342994167,0.17881143882826966,0.31692070266638755,0.16960990936697629,0.3307974812212262,0.1381092638381179
73,5,broad,additive,0.007651878546208652,0.14875832252901935,0.20251055797865614,-0.01708324007447333,0.14507639438227218,0.17563624554381324,0.05375223544963678,0.19485867943244747,0.030559851161541057
73,10,broad,additive,9.028844813204104e-4,0.3010045730737894,0.306915163953381,-0.013151840715774413,0.28940640089764913,0.2885449281227613,0.00591059087959156,0.30601227947206056,-8.614727748878503e-4
73,15,broad,additive,0.00631873942962611,0.30219376188672614,0.32627730793748555,-0.009089981673226633,0.2996848922779198,0.3006088954797089,0.024083546050759408,0.3199585685078594,9.240032017891475e-4
73,30,broad,additive,-0.0017566422114957136,0.34323782696810007,0.3669951381270965,-0.018739479116120145,0.3412929257875865,0.334988248850176,0.02375731115899643,0.36875178033859224,-0.006304676937410547
73,5,easy,catch_up,-0.6133788757339919,0.6475336155568715,0.191784836881519,-0.7234870981883779,0.7295452764425003,0.128985726280196,-0.45574877867535246,0.8051637126155109,-0.6005595501623043
73,10,easy,catch_up,-0.6871165799548731,0.7231884305924371,0.22295280256179587,-0.7989431216770245,0.8113982617786202,0.1378029610939253,-0.5002356280306413,0.9100693825166689,-0.6735953006846949
73,15,easy,catch_up,-0.7061443006373546,0.7371794313437522,0.22730237087825322,-0.8134170752205706,0.8247604864217328,0.1330397728050839,-0.509877060465499,0.9334466715156078,-0.691720713616649
73,30,easy,catch_up,-0.7263044468695317,0.7526936976205794,0.25832949079735934,-0.8388154519682391,0.8469774484932516,0.1740322018926438,-0.49436420682322,0.984633937666891,-0.6729452466006078
73,5,broad,catch_up,-0.4892542803652097,0.5847980884337564,0.3346493608013922,-0.5825910206257606,0.5418495938695534,0.18233515229436856,-0.2501487276323642,0.8239036411666019,-0.35951444157518486
73,10,broad,catch_up,-0.6031593926172467,0.7248224833781812,0.37032423590076485,-0.7465438944631979,0.7617556114788175,0.21340914235105832,-0.3544982474774164,0.9734836285180115,-0.5483464691277592
73,15,broad,catch_up,-0.6626468509390142,0.7679830348806235,0.3826787767831338,-0.7967086788292017,0.8206669552467859,0.22100797980202452,-0.3853042580974897,1.045325627722148,-0.5996589754447614
73,30,broad,catch_up,-0.7077158878622387,0.8087049377533367,0.42034151792981056,-0.8407338666418256,0.8829044916669894,0.2657157266764651,-0.3883634198235262,1.1280574057920494,-0.6171887649905243
74,5,easy,proportional,0.5176567358670087,-0.08191280661228775,0.4891109299212456,0.7635825781621893,-0.0274053559524655,0.8244275473788012,0.5710237365335333,-0.02854580594576306,0.8518329033312667
74,10,easy,proportional,0.5556747476814191,-0.13006617503704332,0.507611204066434,0.818370004831849,-0.08481408329101618,0.8678913987782787,0.6376773791034773,-0.048063543614985105,0.9527054820692948
74,15,easy,proportional,0.569499665663146,-0.14698505518756874,0.5162693751666104,0.8372523629058273,-0.08148857306366462,0.8831631374465766,0.6632544303541792,-0.053230290496535604,0.9646517105102412
74,30,easy,proportional,0.5602162427747732,-0.22025286620299414,0.5033255992764136,0.8629505774022662,-0.18796745814608953,0.9043908893987812,0.7235784654794077,-0.056890643498359594,1.0923583475448708
74,5,broad,proportional,0.5460411995416338,0.06967209596371497,0.5889302634602125,0.6849822651381041,0.14018715264895573,0.7988534393088329,0.5192581674964976,0.04288906391857872,0.6586662866598771
74,10,broad,proportional,0.6256972506478173,0.04533173681077313,0.6350027077633555,0.7692913506836215,0.15737954667407328,0.866340433572923,0.5896709709525825,0.009305457115538207,0.7089608868988497
74,15,broad,proportional,0.6590687982330354,0.038369400248357666,0.6584195124893216,0.8067354878924345,0.18461425978055723,0.899071816908377,0.620050112240964,-6.492857437138122e-4,0.7144575571278198
74,30,broad,proportional,0.6595745095854433,-0.03667790247905795,0.6430516011720907,0.8616604502675309,0.09824283389552267,0.9287951441082095,0.6797295036511487,-0.016522908413352577,0.8305523102126868
74,5,easy,additive,-0.024861960987591917,0.21962875927626213,0.28061242808217746,-0.017959278405565056,0.21305453611813815,0.28163322146415753,0.060983668805915325,0.30547438906976937,0.06857868534601938
74,10,easy,additive,-0.006535430659802724,0.23217878076395826,0.33317746262459685,-0.01390413735856362,0.2371442972353024,0.3262828082084547,0.1009986818606386,0.3397128932843996,0.08913851097315229
74,15,easy,additive,-0.004109701979873464,0.23806700532945255,0.33746118477331666,-0.018034973593506122,0.23489075449490746,0.30893796729959216,0.09939417944386411,0.34157088675319014,0.07404721280468471
74,30,easy,additive,0.007461729088580619,0.2013700646918587,0.3510931359855226,-0.010037821557049227,0.1999243064655083,0.3282974270559708,0.1497230712936639,0.343631406896942,0.12837312059046252
74,5,broad,additive,-0.019814647358178526,0.2689953809304245,0.2727907485471544,-0.017907016736905822,0.2647402696584468,0.2575269414397827,0.0037953676167298833,0.2926053959053329,-0.007213328218664106
74,10,broad,additive,-0.0173259040804397,0.34558495140822987,0.31646196039718905,-0.02450264994709469,0.32736076305012035,0.288902565416521,-0.029122991011040822,0.33378786447762876,-0.03845819763359937
74,15,broad,additive,0.0023386439845964066,0.3720778127674616,0.34400944252168497,-0.010808212144525516,0.35746976537842257,0.3164978886805036,-0.02806837024577663,0.34167079853708854,-0.04097187669791896
74,30,broad,additive,0.013274006635561253,0.3619212439777082,0.3757706287283513,0.0012163568381605308,0.3570386418472568,0.3432309505676172,0.013849384750643123,0.36249662209279004,-0.0138076912796396
74,5,easy,catch_up,-0.677821351133089,0.7034818618409197,0.14633440287041463,-0.7513956799225936,0.7515705693566263,0.08300431915870349,-0.557147458970505,0.8241557540035036,-0.6685662501979228
74,10,easy,catch_up,-0.7130045748515541,0.7448629935179693,0.19143384149834258,-0.8005575973701747,0.8086752911993795,0.12626701582183028,-0.5534291520196266,0.9044384163498966,-0.6824082753775492
74,15,easy,catch_up,-0.7291054557684319,0.762991752694375,0.21919541594239067,-0.8227225475057566,0.8311145392425897,0.1581478761763217,-0.5437963367519844,0.9483008717108226,-0.6729666630662681
74,30,easy,catch_up,-0.7484746291867255,0.7782916417373211,0.257699813586934,-0.838020889207231,0.8463988144384882,0.1835366618851957,-0.5205918281503872,1.0061744427736594,-0.6628621525532925
74,5,broad,catch_up,-0.572697763413124,0.6524546650305337,0.2611529487012905,-0.6778687459674326,0.6877765795776525,0.1345251549949505,-0.3913017163292432,0.8338507121144145,-0.553251424582702
74,10,broad,catch_up,-0.6319275099095575,0.7476404414157365,0.34735888178363405,-0.7718930381027007,0.811291784496758,0.21108856143319993,-0.40028155963210243,0.9792863916931915,-0.6002032230635581
74,15,broad,catch_up,-0.6471930909906655,0.7794990066868684,0.37830353793321303,-0.7940296356939011,0.8463081035949019,0.22829453151630477,-0.4011954687536554,1.0254966289238785,-0.6180135720785972
74,30,broad,catch_up,-0.7051597154354659,0.8185070790749914,0.4076295352195498,-0.8318631935721451,0.8801915120485327,0.24678885706903755,-0.4108775438554416,1.1127892506550157,-0.6334026549794952
75,5,easy,proportional,0.42769888271641054,-0.12348868420144897,0.3770194863776861,0.7721000922067063,-0.17378093384706414,0.7525952164024183,0.5005081705791351,-0.050679396338724425,0.9263761502494825
75,10,easy,proportional,0.44273847608838657,-0.17691406215016334,0.39262852751405386,0.8263030530798059,-0.241153554361586,0.8217871522036041,0.5695425896642172,-0.05010994857433271,1.0629407065651901
75,15,easy,proportional,0.4752251197550258,-0.20400273066286256,0.42264163014069983,0.8524601793213322,-0.28021868719725174,0.8626901996588292,0.6266443608035623,-0.05258348961432596,1.1429088868560808
75,30,easy,proportional,0.4979874314777795,-0.21829312411778667,0.4501119049137664,0.8784796668351421,-0.2629354946573751,0.9093014083278309,0.6684050290315531,-0.047875526564013116,1.172236902985206
75,5,broad,proportional,0.4875202514174664,-0.06994384995140439,0.45665537424281244,0.7595493357452313,-0.08407555609627265,0.7599369217412273,0.5265992241942168,-0.03086487717465397,0.8440124778375
75,10,broad,proportional,0.5149099898374022,-0.1079656685989086,0.4876776724666716,0.8322278597073237,-0.11432316413956616,0.8625133306362612,0.5956433410655801,-0.02723231737073062,0.9768364947758273
75,15,broad,proportional,0.5615919023637894,-0.10525276521856766,0.5244580088398044,0.8674809711340025,-0.08173687139603504,0.8955392140818004,0.6297107740583721,-0.037133893523984995,0.9772760854778354
75,30,broad,proportional,0.5889258960868113,-0.07660537924959034,0.5588072714910138,0.8871373675145448,0.009643903747895645,0.9279738431586562,0.6354126507406042,-0.030118624595797505,0.9183299394107605
75,5,easy,additive,0.015052314782993313,0.08788218237835979,0.22798053954271677,0.022633830402708457,0.07648924603131825,0.246477076822443,0.14009835716435698,0.21292822475972345,0.16998783079112473
75,10,easy,additive,0.012026389739546943,0.08995154528680233,0.26617275849709415,0.02251300426233177,0.08238811210118115,0.2704005787271142,0.17622121321029183,0.2541463687575472,0.18801246662593307
75,15,easy,additive,0.021758698984714154,0.10293719929067087,0.30135892420367116,0.031888662190103466,0.07797491437580531,0.30268614647242076,0.1984217249130003,0.279600225218957,0.22471123209661545
75,30,easy,additive,0.022655030311207802,0.13726705411108234,0.35412488768693473,0.0371625624839013,0.11617086828362247,0.36969982589036804,0.2168578335758524,0.33146985737572693,0.25352895760674554
75,5,broad,additive,0.04003885934446946,0.1351996725515482,0.26349948644174565,0.03710960602986423,0.12985756605920845,0.24616678840582118,0.12829981389019746,0.22346062709727618,0.11630922234661273
75,10,broad,additive,0.037599446963390584,0.14934287018698608,0.30384960644007125,0.037178743328706895,0.13972709482838386,0.28626245930579797,0.15450673625308517,0.2662501594766807,0.1465353644774141
75,15,broad,additive,0.05285395974317063,0.19223547390703097,0.3358120566365447,0.04881976244818199,0.1769543045757541,0.3203081049825065,0.1435765827295137,0.28295809689337403,0.1433538004067524
75,30,broad,additive,0.04765018143667141,0.24446753728015835,0.3635635004155599,0.04475398309011503,0.22901702444595085,0.3439354286211351,0.11909596313540155,0.3159133189788885,0.11491840417518423
75,5,easy,catch_up,-0.6387342855252022,0.6415577776249215,0.0810895235947083,-0.7259082728310009,0.7183426429618135,0.043765440817882986,-0.5604682540302132,0.7198238091199105,-0.6745772021439305
75,10,easy,catch_up,-0.6860882028074461,0.6939925454619994,0.09816141377610353,-0.7833871139744603,0.7755891915032843,0.03543190124376151,-0.5958311316858959,0.7842496165835496,-0.7401572902595228
75,15,easy,catch_up,-0.712709622448831,0.7235464801200825,0.1299012770319202,-0.8030732548751174,0.8010664388994999,0.07298554322628718,-0.5936452030881623,0.8426108994807512,-0.7280808956732128
75,30,easy,catch_up,-0.7327162697146415,0.751221863552433,0.2292986955835461,-0.8288981987337289,0.8315536746908165,0.17931997859756302,-0.5219231679688869,0.9620149652981876,-0.6522336960932535
75,5,broad,catch_up,-0.5977000072360943,0.6260879982893685,0.20914678551340485,-0.7082608345255968,0.6856190687079652,0.10837457951558697,-0.41694121277596363,0.8068467927494991,-0.5772444891923783
75,10,broad,catch_up,-0.6639710341976434,0.7053698629598822,0.25015216829083875,-0.7805625607035037,0.7673974239516184,0.1335439995494958,-0.4552176946690435,0.9141232024884821,-0.6338534244021226
75,15,broad,catch_up,-0.6832767655269613,0.7397443723973083,0.2866015988953038,-0.8098236815969833,0.8183231653436163,0.17035789086017897,-0.4531427735020045,0.969878364422265,-0.6479652744834373
75,30,broad,catch_up,-0.7072289527106942,0.7861118884636135,0.3596443065378625,-0.8345848432380681,0.8544233460942265,0.19286492086243928,-0.42646758192575096,1.0668732592485566,-0.6615584252317872
76,5,easy,proportional,0.5385930324774039,-0.07967701591341579,0.49360599492903445,0.7751721365205686,-0.03417498382015733,0.8135233648454059,0.5732830108424503,-0.04498703754836941,0.8476983486655633
76,10,easy,proportional,0.5778119089816268,-0.11484649577840966,0.5238962112796804,0.8381532335018401,-0.04970274460429224,0.8736651770919673,0.6387427070580901,-0.053915697701946375,0.9233679216962596
76,15,easy,proportional,0.5897952535832417,-0.1450794643109834,0.5302820978261196,0.8639470863653991,-0.09904084746957015,0.8906025086171563,0.675361562137103,-0.05951315575712213,0.9896433560867264
76,30,easy,proportional,0.5849804585655202,-0.18293948494748397,0.5276503640699411,0.8829682019652961,-0.1141120260447882,0.9165134307197891,0.7105898490174252,-0.05733009449557902,1.0306254567645774
76,5,broad,proportional,0.5297081756559167,0.09744190934220244,0.5840051801639373,0.6199455411103271,0.1764744428962773,0.7512793032087475,0.4865632708217349,0.05429700450802066,0.5748048603124701
76,10,broad,proportional,0.6368881128710601,0.0913619710822105,0.6486206856724315,0.7573806418986143,0.22715893297111855,0.8602533688432624,0.557258714590221,0.01173257280137141,0.6330944358721439
76,15,broad,proportional,0.6708325550652232,0.09662508661233922,0.6642114969317634,0.8145560614762011,0.23994231466177374,0.8882839943903705,0.5675864103194241,-0.006621058133459812,0.6483416797285968
76,30,broad,proportional,0.6778949418405339,0.10717024962048807,0.6675258443618352,0.866571785717069,0.2842529274523194,0.9251177240196774,0.5603555947413471,-0.010369097478698741,0.640864796567358
76,5,easy,additive,0.021636880690278158,0.1779873391855442,0.27764310703367334,0.02085210833123463,0.15648490728732115,0.2627120706944754,0.09965576784812913,0.2560062263433952,0.10622716340715424
76,10,easy,additive,-5.82214979405316e-4,0.2438134499178281,0.3155503247351211,0.0011130135349564831,0.22249993311290475,0.2965689566906165,0.07173687481729302,0.31613253971452643,0.07406902357771175
76,15,easy,additive,0.0021584292334838632,0.25618696022795284,0.33875291424371945,0.007453668641045997,0.22494691017579674,0.31058509096287784,0.08256595401576661,0.3365944850102356,0.0856381807870811
76,30,easy,additive,-0.012961027523716627,0.262512635784461,0.348399152247078,-0.002328610949788952,0.22326632739424385,0.3124262039069172,0.08588651646261702,0.36136017977079465,0.089159876512673375
76,5,broad,additive,5.455788871529308e-4,0.18454832334768145,0.21242987646600947,3.841013411891122e-4,0.1723610960353731,0.19874874381165575,0.027881553118328017,0.21188429757885655,0.026387647776282636
76,10,broad,additive,0.01242857356970418,0.2590302712514894,0.2618313911783623,0.0058283380096354805,0.23741671999850228,0.24594796105955313,0.002801119926872875,0.24940281760865812,0.008531241061050854
76,15,broad,additive,0.015926874534081245,0.3107298010037229,0.2790466225715952,0.011717534334014559,0.28065660003292403,0.257630690159706,-0.0316831784321277,0.2631197480375139,-0.02302590987321801
76,30,broad,additive,0.0012404906514385354,0.3925416946161205,0.31181102172262154,-0.00351259808407541,0.3662900776689629,0.28387382464929173,-0.08073067289349894,0.310570531071183,-0.08241625301967115
76,5,easy,catch_up,-0.6299740793595933,0.6633353507901908,0.17968329162161403,-0.720559635184326,0.7270465221122441,0.13953213062453676,-0.4836520591685768,0.8096573709812073,-0.5875143914877073
76,10,easy,catch_up,-0.706998164701143,0.7444824150019895,0.2101381782837328,-0.8037538816087672,0.81560556919466,0.14364398413148358,-0.5343442367182567,0.9171363429848758,-0.6719615850631764
76,15,easy,catch_up,-0.7245725983928657,0.765537526146677,0.23062153588953652,-0.8228599714192355,0.8347628081770573,0.1452413258857897,-0.5349159902571405,0.9551941342824022,-0.6895214822912676
76,30,easy,catch_up,-0.7587413409483132,0.7928638239989025,0.25472343342416454,-0.8478526739768171,0.8603650931137122,0.1692611468674971,-0.538140390574738,1.0134647743724778,-0.6911039462462152
76,5,broad,catch_up,-0.48715260242029584,0.5863208387495287,0.3116398279567373,-0.5950280050749728,0.5716565606303546,0.15407745493759809,-0.2746810107927914,0.7987924303770331,-0.4175791056927566
76,10,broad,catch_up,-0.5838724457536514,0.7218373794901634,0.37225564791355836,-0.7261524986723872,0.729539698356995,0.1847288095437449,-0.349581731576605,0.9561280936672097,-0.54481088881325
76,15,broad,catch_up,-0.618336317632875,0.7770644554055565,0.3891838583256373,-0.7759196992049094,0.7972137010933609,0.18358773311829485,-0.3878805970799192,1.0075201759585122,-0.613625967975066
76,30,broad,catch_up,-0.6897477392331874,0.8346388112981555,0.4200026720098286,-0.835472626262363,0.8709148777082119,0.20636025816745934,-0.41463613928832693,1.109750411243016,-0.6645546195407526
77,5,easy,proportional,0.5235106179595885,-0.08988024688714455,0.47556561113339957,0.7804715790374062,-0.06839596571127642,0.795870787858356,0.5654458580205441,-0.04794500682618896,0.8642667535696323
77,10,easy,proportional,0.5646534677693582,-0.13054584151516269,0.5176780638897165,0.8356705825719111,-0.13078177254755474,0.8602427500716997,0.6482239054048792,-0.04697540387964172,0.9910245226192544
77,15,easy,proportional,0.5872454913752743,-0.1514657283762289,0.5367262300174871,0.8574129254228593,-0.1326747365237742,0.8891515153526471,0.6881919583937159,-0.05051926135778717,1.0218262518764214
77,30,easy,proportional,0.6149135099652997,-0.19666080151214557,0.5592439296014418,0.8843303791157118,-0.1343860124853647,0.9212601733022425,0.7559047311135874,-0.05566958036385794,1.0556461857876072
77,5,broad,proportional,0.547784800020784,0.04217129379986652,0.5720037023247901,0.7055400663517196,0.08445784807892741,0.7810281179653263,0.5298324085249236,0.02421890230400614,0.6965702698863989
77,10,broad,proportional,0.6275060259625831,0.0580201323236798,0.6444292393901424,0.7823825511368869,0.12946652341789514,0.8585917690529681,0.5864091070664627,0.016923213427559314,0.729125245635073
77,15,broad,proportional,0.6592076915290817,0.0786366682617045,0.6695991796167329,0.8123017562499099,0.1551011149966995,0.8768632257420441,0.5909625113550284,0.010391488087651224,0.7217621107453446
77,30,broad,proportional,0.7150364764260186,0.09911351175800659,0.7069983372270442,0.8617954042697994,0.24638577543004464,0.9195010428515346,0.6078848254690377,-0.008038139198974448,0.67311526742149
77,5,easy,additive,-0.0016292331478924026,0.16206519058112875,0.24713879185557297,0.01692174709820876,0.13249405377520873,0.2415545894124616,0.08507360127444422,0.24876802500346537,0.10906053563725288
77,10,easy,additive,-0.01739307512645192,0.22430727526345756,0.3001218949376369,-9.850468684703725e-4,0.18851794570150796,0.2813523884487672,0.07581461967417935,0.31751497006408885,0.09283444274725924
77,15,easy,additive,-0.01696676452113611,0.24866678428053993,0.3218981774297065,0.0010721443246608316,0.2050877372321393,0.2988189975077497,0.07323139314916657,0.3388649419508426,0.0937312602756104
77,30,easy,additive,-0.012710748599962804,0.2890326871056163,0.35602721054400077,-4.459385934581834e-5,0.2405835369306459,0.3308900850110515,0.06699452343838447,0.36873795914396357,0.09030654808040559
77,5,broad,additive,0.033392568723631236,0.1559293143202565,0.2242246637710823,0.03877702981301804,0.14354210013236926,0.2006214494536729,0.0682953494508258,0.19083209504745108,0.05707934932130365
77,10,broad,additive,0.025017739931225306,0.24745414627567805,0.27486762743651694,0.025576627777168803,0.2367432704389846,0.25623215944598854,0.027413481160838887,0.24984988750529163,0.019488889007003934
77,15,broad,additive,0.023797812696664585,0.28389988919047116,0.2887700677790465,0.030626137463057458,0.25117286619832957,0.2695012125146874,0.004870178588575358,0.2649722550823819,0.018328346316357824
77,30,broad,additive,0.03415324293154947,0.36971017120240307,0.31550606609708715,0.031212619592606138,0.3260457647708679,0.2990163214937614,-0.054204105105315925,0.28135282316553767,-0.02702944327710649
77,5,easy,catch_up,-0.6275885719459502,0.6381392561712703,0.11333318813383025,-0.7412132554088281,0.7267530395132863,0.04903434570808461,-0.52480606803744,0.7409217600797804,-0.6777186938052017
77,10,easy,catch_up,-0.6813588325840826,0.7033833952418668,0.17444616539631905,-0.8091253785271322,0.8002752016061591,0.0846277581315894,-0.5289372298455477,0.8558049979804017,-0.7156474434745697
77,15,easy,catch_up,-0.6966808738810517,0.7251306000122277,0.22618062917940043,-0.8295335637409903,0.8260181370379408,0.13233660734063263,-0.4989499708328273,0.9228615030604521,-0.6936815296973082
77,30,easy,catch_up,-0.7212080687834224,0.7597917671872717,0.26758290272267043,-0.8548804487075815,0.8664015669739065,0.1607933672626246,-0.49220886446460127,0.9887909715060927,-0.7056081997112819
77,5,broad,catch_up,-0.5175648678918421,0.5663006717285646,0.21111070147749608,-0.6559091025956905,0.6176694444658246,0.0648260080251141,-0.35518997025106847,0.7286755693693382,-0.5528434364407105
77,10,broad,catch_up,-0.5692395620427543,0.677019191522616,0.30401730016115364,-0.7387021226284431,0.7429766503115723,0.11243214498153452,-0.3730018913614624,0.8732568622039079,-0.6305445053300378
77,15,broad,catch_up,-0.5911305835830905,0.7226459347484777,0.34916374071170125,-0.7610610312712763,0.7750297018803964,0.14498165040414593,-0.37348219403677646,0.9402943242947917,-0.6300480514762505
77,30,broad,catch_up,-0.6218907705662403,0.794273282945924,0.40633824852122197,-0.8079517399345645,0.8535197333190963,0.17696505973270843,-0.38793503442470206,1.0282290190874623,-0.6765546735863879
78,5,easy,proportional,0.48806456463855913,-0.14088840636219266,0.4338033063534853,0.763943043931499,-0.15093373679678396,0.7603727734873748,0.574691712715678,-0.05426125828507383,0.9113065102841587
78,10,easy,proportional,0.5419353120270507,-0.16054348379723296,0.4948147800011291,0.8186975533110383,-0.17085440552270353,0.8553428173497835,0.655358263798362,-0.04712053202592159,1.026197222872487
78,15,easy,proportional,0.5580449659749612,-0.17264159668565482,0.508274831545507,0.8354471829083004,-0.16700381529540917,0.8811806268711148,0.6809164282311618,-0.049770134429454216,1.0481844421665238
78,30,easy,proportional,0.5285522356759832,-0.25565463097439994,0.473598870826901,0.8536695202596651,-0.27900269340501727,0.8875685585140647,0.7292535018013009,-0.0549533648490822,1.1665712519190818
78,5,broad,proportional,0.5511281272261136,-0.049885135314739794,0.5254045141860733,0.7676567287426964,-0.0353126498042349,0.8019802544164291,0.5752896495008131,-0.02572361304004034,0.8372929042206639
78,10,broad,proportional,0.6134380218736974,-6.024361934179706e-4,0.6080783397269524,0.822194122682073,0.05507392483225358,0.8758625089876042,0.6086807759203703,-0.005359682146745093,0.8207885841553506
78,15,broad,proportional,0.6429923316019156,0.005724391534866906,0.6330431877643113,0.8399559370460552,0.08427735239907638,0.8967742509762842,0.6273187962294444,-0.009949143837604257,0.8124968985772077
78,30,broad,proportional,0.6173724213588296,-0.10650616350202939,0.592866343832954,0.8749262609760212,-0.055187071094014294,0.9193998524916548,0.6993725073349834,-0.024506077525875636,0.9745869235856691
78,5,easy,additive,0.011780450899421624,0.11144380647179034,0.2554485393708383,-0.028345834057493375,0.14438787065531888,0.2611573267009205,0.14400473289904794,0.24366808847141666,0.11676945604560163
78,10,easy,additive,-0.006962133500198428,0.18407276084881832,0.3195846049615812,-0.037773174010191785,0.20805313408295711,0.3237321927983656,0.13551184411276287,0.3265467384617796,0.11567905871540851
78,15,easy,additive,-0.008875076336085265,0.19196760424706258,0.31892623066154824,-0.03716381088155197,0.2122415636271032,0.32219305263377807,0.12695862641448566,0.3278013069976335,0.10995148900667487
78,30,easy,additive,-0.012942097533279467,0.1480912920778394,0.3170770702039805,-0.03720390871063775,0.17345944236905014,0.3211265558748213,0.16898577812614113,0.33001916773726,0.14766711350577116
78,5,broad,additive,0.034752858952013806,0.1317962531678137,0.2423365036869291,0.014637248952985344,0.12691718063960103,0.22491965243032622,0.1105402505191154,0.2075836447349153,0.09800247179072519
78,10,broad,additive,0.0161920484267124,0.2278424190284205,0.28037239725201374,-0.007446508496782188,0.24588541520172644,0.24961165739849422,0.05252997822359323,0.26418034882530134,0.0037262421967677872
78,15,broad,additive,0.02249161539038282,0.2560017929989458,0.2953145901177798,-0.0033183579985539796,0.26050865113496113,0.26239786537659643,0.03931279711883395,0.27282297472739697,0.0018892142416352953
78,30,broad,additive,0.014084845560619876,0.22159090910076157,0.3156368011763081,-0.0101460636204504,0.23207328710366365,0.2749145033496984,0.09404589207554653,0.3015519556156882,0.04284121624603476
78,5,easy,catch_up,-0.6841398815026968,0.6923619564963073,0.12483283054317154,-0.7463347858349365,0.7339579382871876,0.07941252821035323,-0.5675291259531358,0.8089727120458683,-0.6545454100768343
78,10,easy,catch_up,-0.7466791351705362,0.7637083337680286,0.19236676273465525,-0.8125824379355131,0.8046189975262341,0.13641661032449665,-0.5713415710333734,0.9390458979051914,-0.6682023872017375
78,15,easy,catch_up,-0.7600008232666098,0.7804747400922416,0.20979538074760504,-0.8305891864879584,0.826705328909325,0.1494518986508474,-0.5706793593446365,0.9697962040142148,-0.6772534302584776
78,30,easy,catch_up,-0.7770443832385999,0.7906184803027327,0.22023418225802807,-0.8415210056140983,0.8384779788304958,0.1559535790622512,-0.5703842980447047,0.997278565496628,-0.6825243997682446
78,5,broad,catch_up,-0.6335781332284586,0.6668156771693698,0.2180491688971688,-0.7214274096364238,0.7019336250792032,0.13372405591817885,-0.44876650827220105,0.8516273021256273,-0.5682095691610244
78,10,broad,catch_up,-0.6801746342745555,0.7524023196238828,0.2930948659675148,-0.7949299067832905,0.7890681087535775,0.1337460669024812,-0.45930745365636805,0.9732695002420703,-0.6553220418510963
78,15,broad,catch_up,-0.6897056119780218,0.7818057271657289,0.3370402219721134,-0.8099963886175955,0.8199952080557635,0.15317809953417708,-0.4447655051936155,1.0267458339501352,-0.6668171085215865
78,30,broad,catch_up,-0.7462915955137945,0.8085499263418509,0.33903235887805266,-0.8408297471197684,0.8503718660971088,0.15455834477863434,-0.4695175674637982,1.0853239543918471,-0.6958135213184744
79,5,easy,proportional,0.5573208908180695,-0.05903158393417224,0.513160489921058,0.7920463752775733,-0.020814875101583016,0.8269028269963954,0.5721920738552302,-0.044160400897011454,0.8477177020979784
79,10,easy,proportional,0.5668156691352698,-0.136129683082401,0.5115548306322469,0.8483220013568035,-0.13074080238043723,0.8583728563141383,0.647684513714648,-0.05526083850302288,0.9891136586945755
79,15,easy,proportional,0.5700237361236091,-0.16665728174894368,0.517584421218811,0.860569124099919,-0.15146683776415149,0.8781661430490876,0.6842417029677547,-0.05243931490479814,1.029632980813239
79,30,easy,proportional,0.5716718570255053,-0.2325960102744185,0.5167147464857813,0.8801538449291681,-0.2448572640488053,0.906384739346831,0.7493107567601998,-0.05495711053972396,1.1512420033956363
79,5,broad,proportional,0.5515386675600336,0.11571256931131078,0.6165562958092553,0.6636158258151987,0.1772230671200317,0.8144553029578653,0.5008437264979445,0.06501762824922175,0.6372322358378336
79,10,broad,proportional,0.5977816164886819,0.0574453356162837,0.6177048088560763,0.8010453627032126,0.0990238740309595,0.8702275449828356,0.5602594732397925,0.01992319236739437,0.7712036709518761
79,15,broad,proportional,0.6238648421621742,0.03576901061780737,0.62921092062025,0.8342980562665362,0.11441334665535764,0.9029998956739944,0.5934419100024426,0.005346078458075776,0.7885865490186368
79,30,broad,proportional,0.6403763638646401,-0.00445581979345401,0.6344753813241331,0.8691302391052252,0.07044217627282418,0.9272357954192032,0.63893120111758706,-0.005900982540507083,0.856793619146379
79,5,easy,additive,0.07076960123518489,0.11369475781171078,0.26173722011719064,0.06126408006491971,0.132529976553286,0.2791709518538217,0.14804246230547985,0.19096761888200575,0.1466409753005357
79,10,easy,additive,0.07163007329404014,0.09422170874810042,0.28837588467474146,0.0652406399036655,0.10925434454173785,0.29702960854246335,0.19415417592664103,0.21674581138070131,0.1877752640007255
79,15,easy,additive,0.06742186859754735,0.0925835123562501,0.29908469689389827,0.05147666227670268,0.09976792262229191,0.3016703208026849,0.20650118453764815,0.23166282829635093,0.20190239818039302
79,30,easy,additive,0.0718025168523483,0.09235445100578211,0.3298551510280617,0.04666459173788833,0.10946695258037913,0.3287948094591722,0.23750070002227958,0.2580526341757134,0.21932785687879308
79,5,broad,additive,0.038064991155434894,0.2123846364157266,0.2664169666403371,0.04274649235456746,0.19756272967638297,0.25544627587506924,0.054032330224610486,0.22835197548490221,0.05788354619868627
79,10,broad,additive,0.03611361024070828,0.203415117462126,0.28432870305099045,0.03629480656237576,0.19954023244567515,0.27615773707770463,0.08091358558886444,0.24821509281028217,0.07661750463202949
79,15,broad,additive,0.03893746405140026,0.22391225784961918,0.30778621747437834,0.027073863378450913,0.23148983308555737,0.2991801991670526,0.08387395962475916,0.2688487534229781,0.0676903660814952
79,30,broad,additive,0.05788913964791448,0.22198426114337275,0.3423323573440248,0.0333364342649385,0.238990528116889,0.3199167371049372,0.12034809620065204,0.2844432176961103,0.08092620898804817
79,5,easy,catch_up,-0.6432255996504506,0.6641162406016929,0.13518582877060686,-0.7446092857397306,0.7466099572253598,0.08611477596606301,-0.528930411831086,0.7784114284210575,-0.6604951812592968
79,10,easy,catch_up,-0.709835908775322,0.7280164032337416,0.1745328179780801,-0.7925571486506144,0.7937187100074626,0.11424400191714133,-0.5534835852556615,0.8843687267534021,-0.6794747080903213
79,15,easy,catch_up,-0.7299720218802745,0.7495098787499873,0.1930412681405816,-0.815251202500812,0.8194585438342984,0.12203388742632262,-0.5564686106094057,0.9230132900208561,-0.6974246564079758
79,30,easy,catch_up,-0.7373576202836248,0.7584723083647105,0.22820219278838516,-0.8366559913242748,0.8471708703573436,0.15525826727213993,-0.5302701155763253,0.96555981307201,-0.6919126030852036
79,5,broad,catch_up,-0.5106290023751242,0.5923219399458725,0.25092688495151033,-0.6264088700811494,0.6350139846757837,0.1399258091898358,-0.3413950549943621,0.7615558873266346,-0.49508817548594797
79,10,broad,catch_up,-0.668306701451058,0.7308314235477362,0.2908383755615308,-0.7719541139257698,0.7646848015147132,0.15627649547065306,-0.4399930479862054,0.9591450770125888,-0.6084083060440602
79,15,broad,catch_up,-0.7051370661019668,0.7681137521260327,0.31604629052395455,-0.811409768999819,0.8151123366773932,0.17187093794826877,-0.45206746160207817,1.0211833566259214,-0.6432413987291244
79,30,broad,catch_up,-0.7212039331726292,0.801405870397136,0.3689043647775258,-0.8373150017400836,0.8586415694822893,0.20958275728443118,-0.43250150561961015,1.090108297950155,-0.6490588121978581
80,5,easy,proportional,0.4665615885882642,-0.1411743369475894,0.4170120196871945,0.743811853700796,-0.17177569057953493,0.7273394797782541,0.5581863566347839,-0.04954956890106971,0.899115170357789
80,10,easy,proportional,0.5522132015342311,-0.14962483985329916,0.5057241769671467,0.8161041904298394,-0.14505248195997048,0.8424544350615717,0.6553490168204459,-0.04648902456708448,0.9875069170215421
80,15,easy,proportional,0.568893079063747,-0.15888045209790502,0.5219888867628457,0.838719734432505,-0.12319619708885106,0.8735823241718585,0.6808693388607507,-0.04690419230090126,0.9967785212607096
80,30,easy,proportional,0.5836057424170572,-0.2316499786948519,0.5296914621202741,0.8670244765125917,-0.20571860790971536,0.9039527802594448,0.761341440815126,-0.053914280296783135,1.1096713881691602
80,5,broad,proportional,0.5194744128971922,-0.047555995955877714,0.5000471250416786,0.7262066084543999,-0.031418114185173665,0.7711605915729177,0.5476031209975563,-0.01942728785551362,0.8025787057580914
80,10,broad,proportional,0.631006056292083,-0.01679799602610074,0.6177795856968331,0.8035839649425865,0.06805403546896727,0.8733882561690561,0.6345775817229339,-0.01322647059524984,0.8053342207000889
80,15,broad,proportional,0.6589623749106218,-0.004877159489797198,0.6462660002328271,0.8316415488148953,0.10118096803502906,0.9045581656998716,0.6511431597226243,-0.01269637467779472,0.8033771976648425
80,30,broad,proportional,0.6841390326643502,-0.03136128053421923,0.6609598104013161,0.8677818839651821,0.11120953905857255,0.9320834235996494,0.6923210909355354,-0.02317922226303404,0.8208738845410768
80,5,easy,additive,-0.04216018348023199,0.12247722348011283,0.1906288342770853,-0.004972479194067753,0.08486695365704855,0.20698791561264773,0.06815161079697246,0.23278901775731728,0.12212096195559918
80,10,easy,additive,-0.05572212126525388,0.22908761413297665,0.2944369545434579,-0.023420902843715608,0.1848302252098679,0.27600904503478924,0.06534934041048127,0.3501590758087118,0.09117881982492135
80,15,easy,additive,-0.052566542998483894,0.25302265446841665,0.32574637122845296,-0.023641459620617714,0.20808673864200308,0.30950653279264556,0.0727237167600363,0.37831291422693686,0.10141979415064248
80,30,easy,additive,-0.03560287917714393,0.23804351243286617,0.35201938576998265,-0.01849885607405392,0.19987614287758435,0.3402162181272,0.11397587333711648,0.3876222649471266,0.14034007524961564
80,5,broad,additive,-0.056117850043961796,0.2026507483421788,0.21444015621089776,-0.030512241982558034,0.15612223451643964,0.18463874986978587,0.01178940786871896,0.27055800625485954,0.028516515353346233
80,10,broad,additive,-0.04344538151359008,0.3107154951711029,0.28361303281216127,-0.010662332066147093,0.2585669777726238,0.2620252152455817,-0.027102462358941648,0.32705841432575133,0.0034582374729579257
80,15,broad,additive,-0.04248505271700098,0.35910212541175063,0.31219716988651514,-0.014684697536287875,0.30935535806934106,0.2985621637299185,-0.04690495552523549,0.3546822226035161,-0.010793194339422552
80,30,broad,additive,-0.02998937024464756,0.41110240953100013,0.35235657431786027,-0.011932545204733263,0.36716285729279186,0.33207522342475976,-0.05874583521313986,0.3823459445625078,-0.0350876338680321
80,5,easy,catch_up,-0.639518371148867,0.6418779613573692,0.07672315137959837,-0.7188067243789941,0.7080911721593578,0.052227880376854205,-0.5651548099777708,0.7162415225284654,-0.6558632917825036
80,10,easy,catch_up,-0.7011203293849368,0.7172160560086029,0.14133870740866106,-0.8163451447558546,0.8086238316390721,0.06996979402984542,-0.5758773485999419,0.8424590367935979,-0.7386540376092268
80,15,easy,catch_up,-0.718535743230255,0.7401679074617966,0.1832844871103395,-0.8358832541299579,0.8338506713960886,0.10055381781571979,-0.5568834203514571,0.9018202303405946,-0.7332968535803688
80,30,easy,catch_up,-0.7281223728156472,0.7486703011946724,0.2249091161268088,-0.8566192875702202,0.8588028535894094,0.1380285762977011,-0.5237611850678636,0.953031488942456,-0.7207742772917083
80,5,broad,catch_up,-0.6205768229974516,0.6313996722927897,0.13481089699145818,-0.7275693890700684,0.7011360691351675,0.04534398560792491,-0.4965887753013315,0.7553877199889099,-0.6557920835272426
80,10,broad,catch_up,-0.6520024515844177,0.7217674685648484,0.26182496496641405,-0.7965241444599098,0.7939038593557848,0.1022182070057919,-0.45994250359843436,0.9138274165508318,-0.6916856523499929
80,15,broad,catch_up,-0.6718029487804285,0.7591303915610115,0.3025507534557143,-0.8257580185105533,0.8326007858029212,0.1322741221164334,-0.45657963810529717,0.9743537022361428,-0.7003266636864878
80,30,broad,catch_up,-0.6883401112550747,0.7873856739913399,0.3426380546402094,-0.8560034877153564,0.8849276802441891,0.15427214708889683,-0.44474761935113044,1.0309781658952841,-0.7306555331552923
81,5,easy,proportional,0.5033790958846903,-0.06262258210190966,0.4830301691846854,0.7818943674500947,-0.036021482588359535,0.8297741815722515,0.5456527512865951,-0.020348926700004932,0.865795664160611
81,10,easy,proportional,0.5587212086476091,-0.07597183115030726,0.5218175489889961,0.8314070334185607,-0.01510508818555648,0.8781765156038557,0.5977893801393034,-0.036903659658612975,0.8932816037894121
81,15,easy,proportional,0.5653533265203705,-0.11846603562603424,0.5201687218406396,0.8594234641094731,-0.055148205684966,0.8977780102224542,0.6386347574666738,-0.045184604679730955,0.9529262159074202
81,30,easy,proportional,0.558417935828589,-0.17342964405057726,0.510935966313473,0.8790033731307948,-0.11753558188888372,0.9235241669542167,0.6843656103640503,-0.04748196951511596,1.0410597488431004
81,5,broad,proportional,0.5352393494145269,0.04637668170672312,0.5712000131242426,0.6754393183678672,0.1238999379774314,0.8011444026596884,0.5248233314175195,0.035960663709715734,0.6772444646822571
81,10,broad,proportional,0.6114213114405361,0.10678803306534768,0.6421391792942284,0.7270758478961238,0.21110142025439388,0.8457871187510284,0.5353511462288807,0.030717867853692238,0.6346856984966345
81,15,broad,proportional,0.6372723124967268,0.0868028391473603,0.6494419526045823,0.7927101773423768,0.21741534977492474,0.8887227663598559,0.562639113457222,0.012169640107855484,0.6713074165849312
81,30,broad,proportional,0.6451721576497279,0.06976517139532216,0.6455307214959195,0.8604448865693525,0.2059517286682862,0.929777497963663,0.5757655501005974,3.585638461915952e-4,0.7238257692953769
81,5,easy,additive,0.030781402388069916,0.14511044517818172,0.26560883958097997,0.006452607274057818,0.19109093069275288,0.2888348707673379,0.12049839440279825,0.23482743719291005,0.097743940074585
81,10,easy,additive,0.04089489918948474,0.18633033704884155,0.3070008505825273,0.011628687274990826,0.2286238677280944,0.31534488916686493,0.12067051353368574,0.26610595139304255,0.08672102143877053
81,15,easy,additive,0.04604658058061791,0.17147848565200025,0.3193064731202638,0.016789937980730953,0.21289783179161872,0.33056198928973235,0.14782798746826353,0.2732598925396459,0.11766415749811363
81,30,easy,additive,0.030861354999122657,0.175653922020693,0.33428971118900913,0.00494609290243624,0.20855098494411353,0.35027406323903965,0.15863578916831614,0.30342835618988645,0.1417230782949261
81,5,broad,additive,0.02450484603209529,0.19431535288515353,0.2515645087981895,-5.872169551402232e-4,0.22294081127974344,0.24586048719947207,0.05724915591303595,0.22705966276609418,0.022919675919728627
81,10,broad,additive,0.03201861191058851,0.2661312558639504,0.28647137588652977,0.0024855506485720494,0.2681155064032529,0.2638399839835502,0.020340120022579344,0.25445276397594124,-0.004275522419702693
81,15,broad,additive,0.03113292525137162,0.3096882577140514,0.31017716305604454,0.00114582419424535,0.3149398651207594,0.2839419337273746,4.8890534199314e-4,0.2790442378046729,-0.030997931393384803
81,30,broad,additive,0.02590970758341796,0.3468703647688709,0.3381078459029683,0.008509743292930595,0.3490578003658922,0.32009955291836606,-0.008762518865902624,0.3121981383195503,-0.02895824744752612
81,5,easy,catch_up,-0.6102493843714519,0.6243349284723819,0.13464842348743414,-0.765622149846088,0.7592488841224397,0.0887301654744998,-0.4896865049849478,0.744897807858886,-0.67051871864794
81,10,easy,catch_up,-0.6368639632988177,0.6654787087058729,0.2060579433080667,-0.8070490836829949,0.8161287896124145,0.1560390452866668,-0.4594207653978062,0.8429219066068844,-0.6600897443257477
81,15,easy,catch_up,-0.6655209520180896,0.6962365566233032,0.23699158917904806,-0.8238545318628583,0.8331483091938263,0.192540457552699,-0.45924496744425514,0.9025125411971376,-0.6406078516411273
81,30,easy,catch_up,-0.7057206737156507,0.7323261523181165,0.2565757304620783,-0.851803497035714,0.8670334304878963,0.21840032253301025,-0.47575042185603816,0.9622964041777291,-0.648633107954886
81,5,broad,catch_up,-0.49132834109178236,0.5860001178762472,0.28790444105354485,-0.6762003426038014,0.7033367676512343,0.19131617914398022,-0.2980956768227023,0.7792327821453272,-0.5120205885072541
81,10,broad,catch_up,-0.5201711420751776,0.6661166877621777,0.36474838744095833,-0.7247288129632271,0.7710172849294622,0.23108240040502515,-0.30136830032121936,0.8849195295161358,-0.539934884524437
81,15,broad,catch_up,-0.5820091283447956,0.7239265069470799,0.38677015860800235,-0.7814730579941269,0.8325254541185536,0.25304776294967385,-0.3371563483390776,0.9687792869527979,-0.5794776911688797
81,30,broad,catch_up,-0.6557227449998511,0.7738716766093223,0.40287906559964676,-0.8363394689172431,0.8803068784075394,0.25702180886768927,-0.37099261100967557,1.0586018105994979,-0.6232850695398502
82,5,easy,proportional,0.4964474700579577,-0.09182691967509905,0.46295843702912126,0.7459622838122598,-0.0907741988534787,0.7737508842541465,0.5547853567042204,-0.033489033028836435,0.8645250831076252
82,10,easy,proportional,0.5630648627723597,-0.1381265347312652,0.5145971435087955,0.81722191330214,-0.10846435721727969,0.8436002368403837,0.6527236782400607,-0.04846771926356419,0.9520645940576633
82,15,easy,proportional,0.5776045841850717,-0.15574694378490167,0.5279102937507453,0.8355845940244894,-0.13932164598668045,0.8698806637933041,0.6836572375356469,-0.04969429043432638,1.0092023097799845
82,30,easy,proportional,0.5864872260904832,-0.2296676853325797,0.5287464292662117,0.864899876936465,-0.21584468643209312,0.8979485280532452,0.7584141145987915,-0.05774079682427147,1.1137932144853384
82,5,broad,proportional,0.5181851302096429,0.012317036179513902,0.5361847476528114,0.6919935017026763,0.048341404118228314,0.7587269235540804,0.5238677114732976,0.01799961744316858,0.7103855194358522
82,10,broad,proportional,0.608072786359253,0.036379100361236025,0.6201089987274743,0.7761692198173462,0.12779598751562474,0.8493024436489186,0.5837298983662382,0.012036212368221277,0.7215064561332939
82,15,broad,proportional,0.6385399517246158,0.042685686867415536,0.6414287095714395,0.808002797846652,0.1315198126190317,0.877388851095245,0.5987430227040239,0.002888757846823742,0.7458690384762133
82,30,broad,proportional,0.6632872737844935,-0.009940261323276176,0.6491166704821276,0.8568421348950828,0.1050151026013505,0.9130643117552827,0.6590569318054038,-0.014170603302365858,0.8080492091539322
82,5,easy,additive,-0.0280503793277517,0.18237493021941883,0.2640638419733649,-0.006140528498218493,0.14320100113607895,0.266314365314929,0.08168891175394608,0.29211422130111664,0.12311336417885008
82,10,easy,additive,-0.03261173997594746,0.2437391493219242,0.3163994911711967,-0.007288277258354913,0.18591815856128824,0.30105388359551527,0.0726603418492725,0.34901123114714416,0.11513572503422703
82,15,easy,additive,-0.020513462713775223,0.24335603935932046,0.3313115174590893,-0.002660243899076957,0.18604969105233396,0.3009824842692021,0.08795547809976886,0.35182498017286457,0.11493279321686814
82,30,easy,additive,-0.006884104580464841,0.2157438191792151,0.34916496984389134,0.0062028987008131056,0.15272277627694342,0.3184681724466613,0.13342115066467625,0.3560490744243562,0.1657453961697179
82,5,broad,additive,-0.04370459196361694,0.22826182651037763,0.24564819229328025,-0.01831994927478338,0.18692933311974394,0.22674930627691847,0.01738636578290262,0.2893527842568972,0.03981997315717453
82,10,broad,additive,-0.03739030892687927,0.30876584752440095,0.29622262382539194,-0.01183054325861941,0.2721331106524679,0.2787816280830991,-0.01254322369900901,0.3336129327522712,0.006648517430631162
82,15,broad,additive,-0.039553289692406415,0.363375976816354,0.31323848145854966,-0.01649184324233687,0.3069718837182133,0.2853278286637008,-0.05013749535780432,0.35279177115095606,-0.0216440550545125
82,30,broad,additive,-0.017362343491731907,0.3716727873801867,0.343919057073719,6.08843394504359e-4,0.310675398053304,0.3111955921869104,-0.027753730306467717,0.3612814005654509,5.201941336063776e-4
82,5,easy,catch_up,-0.6504787378847465,0.6630473120010956,0.13784270034659882,-0.7274513192694159,0.7180408501750907,0.09647449052060521,-0.5252046116544967,0.7883214382313454,-0.6215663596544855
82,10,easy,catch_up,-0.7045125535759806,0.7276733087635794,0.1822874179886061,-0.8000292767480626,0.7969847916105127,0.126380442350239,-0.5453858907749733,0.8867999715645867,-0.6706043492602738
82,15,easy,catch_up,-0.7088556256731579,0.7369288202758331,0.19267665749128612,-0.8192869756692388,0.8244655100337791,0.1189176330365397,-0.5442521627845469,0.901532283164444,-0.7055478769972394
82,30,easy,catch_up,-0.7149164421817421,0.7434384431895462,0.22778681106206256,-0.8415071748668671,0.8491540267945075,0.1450594327747829,-0.5156516321274837,0.9427032532438047,-0.7040945940197245
82,5,broad,catch_up,-0.5962304250467243,0.6388735046505171,0.23244501822502622,-0.6819105993537169,0.6692934735050114,0.12163509292712599,-0.40642848642549084,0.8286754432717505,-0.5476583805778854
82,10,broad,catch_up,-0.6447303900542855,0.7315373653923604,0.3220810739082251,-0.7621289686115792,0.7580089169919492,0.17341604987321405,-0.40945629148413526,0.9668114639625105,-0.5845928671187351
82,15,broad,catch_up,-0.6580485727155784,0.7577498085127151,0.33098545712964317,-0.8039184443749829,0.8169215521967752,0.16487442871485058,-0.42676435138307195,0.9890340298452216,-0.6520471234819246
82,30,broad,catch_up,-0.6820893256202502,0.7835867390706382,0.3732330732250454,-0.8403658130866813,0.8693106521276521,0.2082975625028514,-0.41035366584559285,1.0553223988452956,-0.6610130896248008
83,5,easy,proportional,0.47218027973196314,-0.07812587114903331,0.44432485190671805,0.741324718962762,-0.06023696432993423,0.7892534473634235,0.5224507230557514,-0.027855427825245083,0.8494904116933577
83,10,easy,proportional,0.4996460250118842,-0.13075659025284617,0.46228541334145434,0.8074862594048912,-0.13296185086063494,0.8334246108950921,0.5930420035943005,-0.037360611670429866,0.9663864617557271
83,15,easy,proportional,0.5386838691883873,-0.1460783880865554,0.4949481027550106,0.8436886384255493,-0.11820587110273695,0.8724082286698084,0.641026490841566,-0.04373576643337668,0.9906140997725453
83,30,easy,proportional,0.5672535009127218,-0.18194478132100797,0.5196356862510665,0.8696449179017272,-0.14908113594371966,0.9045155648716326,0.7015804675720745,-0.04761781466165527,1.0535967008153524
83,5,broad,proportional,0.5263201884703808,-0.00742821405933303,0.5299824763752623,0.7293774531199455,0.037824529829728684,0.8015220494615773,0.5374106904345953,0.003662287904881545,0.7636975196318486
83,10,broad,proportional,0.5681618642377206,-0.015580078062592236,0.5622167469179304,0.8081359003315338,0.03244902082086115,0.8634788022454831,0.5777968249805226,-0.005945117319790194,0.8310297814246219
83,15,broad,proportional,0.601678357622573,0.026342297532047247,0.6061679782499629,0.8242766791643183,0.10562074568920908,0.8873366235863425,0.5798256807179157,0.00448962062738989,0.7817158778971334
83,30,broad,proportional,0.6384587752916967,0.056340306941500884,0.6445362206260825,0.860055589193265,0.144995161324463,0.9206266712728414,0.5881959136845816,0.0060774453343858115,0.7756315099483784
83,5,easy,additive,0.05770607215406396,0.0826910291418584,0.26961319621816704,0.0340421667574791,0.09407886145993638,0.29600577261214195,0.18692216707630865,0.2119071240641031,0.20192691115220557
83,10,easy,additive,0.05895731273011538,0.0779695035623047,0.2954532983928248,0.03783575018473966,0.08175537988600307,0.307336949599602,0.2174837948305201,0.2364959856627094,0.22558156971359894
83,15,easy,additive,0.06386347231258248,0.11084358184010816,0.3252764343705643,0.04680300969539179,0.11138085374785434,0.33080857469470465,0.21443285253045613,0.2614129620579818,0.2194277209468503
83,30,easy,additive,0.054723771861905614,0.151646139880007,0.3497009235223014,0.029844185116543163,0.14980741379954074,0.3304028510850655,0.19805478364229442,0.2949771516603958,0.18059543728552477
83,5,broad,additive,0.04860485444482332,0.1737653655797233,0.29144255439984657,0.03552362311830896,0.1673807160547468,0.26488798663409097,0.11767718882012326,0.24283769995502325,0.09750727057934416
83,10,broad,additive,0.051671571242872916,0.18916523762725282,0.3097654079109937,0.03479433021522286,0.17357445605630398,0.27904474455589395,0.1206001702837409,0.2580938366681208,0.10547028849958998
83,15,broad,additive,0.04604436472571082,0.23502131962560666,0.32967926475266146,0.029450024450858328,0.23266464999530265,0.2988762359622644,0.0946579451270548,0.28363490002695063,0.06621158596696178
83,30,broad,additive,0.041844396202586745,0.29509703094416767,0.3487842540578904,0.029802364650254515,0.2918801208813533,0.3165679705632395,0.053687223113722704,0.30693985785530364,0.024687849681886198
83,5,easy,catch_up,-0.6172895228966939,0.6232532662343956,0.09180349234761646,-0.7203219605143139,0.7124527618542371,0.06073017483902631,-0.5314497738867792,0.7090930152443103,-0.6517225870152108
83,10,easy,catch_up,-0.6791662121475208,0.6910274052129404,0.10314060740488488,-0.7856647448693203,0.7823259470619401,0.06259065437745744,-0.5878867978080555,0.7823068195524057,-0.7197352926844827
83,15,easy,catch_up,-0.6962235836388417,0.7176729628594086,0.14188528969882008,-0.8088149995113082,0.8063489678102667,0.08809018486592972,-0.5757876731605885,0.8381088733376618,-0.718258782944337
83,30,easy,catch_up,-0.7236679155012182,0.7519859016368763,0.20014610697215807,-0.8491198210289017,0.856063494095936,0.10879910069610589,-0.5518397946647182,0.9238140224733763,-0.7472643933998301
83,5,broad,catch_up,-0.5929402804009901,0.6384674664292357,0.20307023876060887,-0.7012380219019024,0.697719649023692,0.106037904409008,-0.4353972276686268,0.7960105191615989,-0.591681744614684
83,10,broad,catch_up,-0.6595733601776552,0.7049832099235914,0.2296947068793126,-0.7798956695521649,0.7772149847482179,0.12299014282782848,-0.47528850304427883,0.8892680670569678,-0.6542248419203894
83,15,broad,catch_up,-0.6671649246858028,0.7476745443029724,0.29518764076214293,-0.795889063199809,0.8080218080009453,0.14059777627180903,-0.4524869035408295,0.9623525654479457,-0.6674240317291362
83,30,broad,catch_up,-0.6947032929866707,0.8031516816199377,0.35394439619213874,-0.8333500767289679,0.860163794386321,0.15097892592721057,-0.4492072854277989,1.0486476891788095,-0.7091848684591104
84,5,easy,proportional,0.46706578228582135,-0.12773993535543565,0.42990822806040485,0.7426169968119749,-0.15366034568873252,0.7602386377859288,0.5576481634158406,-0.0371575542254165,0.9138989834746614
84,10,easy,proportional,0.5366488169695589,-0.10668157689582736,0.5007547797863746,0.8143454603346436,-0.09955521534049609,0.8475412161223447,0.607436356682202,-0.03589403718318429,0.9470964314628407
84,15,easy,proportional,0.5635561294323808,-0.10486290698585567,0.5258787023203659,0.8384542212201973,-0.08524110516192453,0.8812675260168655,0.6307416093062216,-0.03767742711201483,0.96650863117879
84,30,easy,proportional,0.5794377269610106,-0.19280839111324782,0.5295941281217615,0.8665793969539081,-0.16862745081762678,0.9047725227529533,0.7224025192350094,-0.04984359883924905,1.0733999735705801
84,5,broad,proportional,0.5124434368130203,-0.0408480717141445,0.5076921834040258,0.7348847996941144,-0.0335983202497715,0.7742187451591092,0.5485402551181703,-0.004751253408994516,0.8078170654088807
84,10,broad,proportional,0.5832566988832043,0.040539722017554805,0.6052772202560768,0.7734253840739,0.08361549767814565,0.8376623901899233,0.5647374982385219,0.02202052137287247,0.7540468925117776
84,15,broad,proportional,0.6321363966434929,0.07135203586893585,0.6483954812693428,0.8113686028046703,0.14871808622459978,0.8889665940892489,0.577043445400407,0.016259084625849907,0.7402485078646491
84,30,broad,proportional,0.6707381520932314,0.02852066258665446,0.6651729461738783,0.8649292768757272,0.1435229396877581,0.926357322438017,0.6366522835872239,-0.005565205919353056,0.782834382750259
84,5,easy,additive,-0.025718244039491547,0.12678161425054926,0.20882471403380115,-0.04299463244439109,0.13568341706847023,0.1940013282140369,0.08204309978325189,0.2345429580732927,0.05831791114556667
84,10,easy,additive,-0.03226501880808247,0.21380714075157767,0.28660479153478613,-0.01973096734148616,0.17446075172148687,0.2724408306043535,0.07279765078320846,0.3188698103428686,0.09798007888286661
84,15,easy,additive,-0.033574729488978945,0.25039392215278927,0.31250930343234384,-0.028088075524423148,0.219597501067373,0.3028465823997378,0.06211538127955457,0.3460840329213228,0.08324908133236478
84,30,easy,additive,-0.025967950550609544,0.2382798931376424,0.32411958116223855,-0.027534286857021844,0.20538158587743813,0.29822558793170445,0.08583968802459616,0.35008753171284807,0.09284400205426632
84,5,broad,additive,-0.009949917406992238,0.15287408951246786,0.23327882362801558,-0.005948411677705658,0.15377385694798115,0.22638245665432336,0.08040473411554772,0.24322874103500783,0.0726085997063422
84,10,broad,additive,-0.017698027613575282,0.23813556886133733,0.27174970788581465,0.0026445331957761467,0.20430057688821712,0.2534162510145276,0.033614139024477324,0.28944773549938996,0.04911567412631046
84,15,broad,additive,-0.01645985900896965,0.32398241425480084,0.31642652886225786,-0.007640376989872958,0.3013062140300203,0.29710519110126826,-0.0075558853925429825,0.3328863878712275,-0.0042010229287520184
84,30,broad,additive,-0.011492510530403472,0.3714420948538779,0.3457175089211953,-0.01140850637311871,0.35004804203132395,0.32550148391388095,-0.02572458593268262,0.35721001945159875,-0.024546558117442996
84,5,easy,catch_up,-0.6478412244943337,0.651530421002616,0.1151775293005188,-0.7395671890843571,0.7265508053954358,0.09305135884504549,-0.5363528917020972,0.7630187537948525,-0.6334994465503904
84,10,easy,catch_up,-0.6858892712741976,0.7046390444004133,0.14396723728407645,-0.7896720421242417,0.7876085512479698,0.08700347806257124,-0.5606718071163368,0.8298565085582741,-0.7006050731853986
84,15,easy,catch_up,-0.7076203661238682,0.7303097836997225,0.19196024265616793,-0.8230469801587018,0.8251518072799564,0.13498030972920944,-0.5383495410435546,0.8995806087800362,-0.6901714975507469
84,30,easy,catch_up,-0.7316478613024349,0.7539496527695861,0.23484217011616168,-0.8503013084658982,0.8559643794094584,0.14380210059592607,-0.5191074826534244,0.9664900314185966,-0.7121622788135322
84,5,broad,catch_up,-0.6273956738555034,0.6489883315277551,0.22130381964698762,-0.7074072423135065,0.6752480094176249,0.11493279791670455,-0.4276845118807675,0.8486994935024911,-0.5603152115009203
84,10,broad,catch_up,-0.6287126135278793,0.7036812194175023,0.30728906500721387,-0.7344759049971987,0.7181281215823488,0.15019382698469452,-0.3963921544102884,0.9360016785350932,-0.5679342945976543
84,15,broad,catch_up,-0.6474369526306079,0.7556420165518992,0.37122414889066335,-0.7803987666022901,0.794596941924747,0.21546462496385366,-0.38441786766123587,1.0186611015212712,-0.5791323169608933
84,30,broad,catch_up,-0.6894452335656195,0.7974446480861519,0.41010597589237563,-0.8368200561842709,0.8683609542100434,0.2429717819294463,-0.38733867219377627,1.0995512094579951,-0.6253891722805971
85,5,easy,proportional,0.4935825944913422,-0.11818387946907047,0.45006984587573184,0.74414733300203,-0.12901144831361167,0.7628383503821383,0.5682537253448023,-0.04351274861561033,0.89184979869575
85,10,easy,proportional,0.5469451261650509,-0.15653686495103056,0.5019569245574963,0.8149601572089962,-0.1563457984479803,0.8442406079943755,0.6584937895085269,-0.04498820160755457,1.0005864064423557
85,15,easy,proportional,0.5517210657257321,-0.1691496271882069,0.5058911743765744,0.8298733618938271,-0.169842034965298,0.8688877054841658,0.6750408015647813,-0.045829891349157714,1.0387297404494638
85,30,easy,proportional,0.5537032967714256,-0.2215010083216276,0.5042227539196302,0.8572275464583361,-0.2174275645117967,0.8953399176583965,0.7257237622412578,-0.04948054285179537,1.1127674821701932
85,5,broad,proportional,0.5567784376088913,-0.0321190498233401,0.5466254265615288,0.7127559788384923,0.016192162477526556,0.797393420571184,0.5787444763848689,-0.010153011047362548,0.7812012580936575
85,10,broad,proportional,0.6185403096283704,-0.018532007303006574,0.6163271876604963,0.7962571077972441,0.039237328405699955,0.867227298383141,0.6348591949635028,-0.0022131219678740432,0.8279899699774411
85,15,broad,proportional,0.634410643097479,-0.014946201293562732,0.625783436067088,0.8245892520605438,0.06198278101723904,0.8925756758703025,0.6407296373606507,-0.008627207030390993,0.8305928948530634
85,30,broad,proportional,0.6370464617079339,-0.052451889091282296,0.622337724380662,0.8573955157087239,0.0392577333603724,0.919006344859216,0.6747896134719443,-0.014708737327271848,0.8797486114988435
85,5,easy,additive,0.009537768478782693,0.12445867354210577,0.2619311518740665,-0.005838490849958195,0.11712242654360881,0.27771903869673625,0.13747247833196075,0.25239338339528383,0.16059661215312743
85,10,easy,additive,0.03707679372398495,0.13850569368498525,0.3246279474436499,0.021532542282867582,0.1525291307942679,0.33675572004854015,0.18612225375866467,0.287551153719665,0.18422658925427227
85,15,easy,additive,0.031249047581057468,0.1490033089511563,0.3376383128817273,0.01474276370342195,0.16598880539397895,0.3500738185857018,0.188635003930571,0.30638926530066984,0.18408501319172285
85,30,easy,additive,0.02461987241805319,0.14443102588392187,0.3572140480588604,0.012628318507582482,0.15256106858435228,0.3609104228492616,0.21278302217493855,0.33259417564080723,0.20834935426490933
85,5,broad,additive,0.022097210106743686,0.22197981003878162,0.306826915688723,0.017423229241541292,0.2099262846212585,0.30938391147138566,0.08484710564994138,0.2847297055819793,0.09945762685012716
85,10,broad,additive,0.03490250499500922,0.23958178779902706,0.3288686837647572,0.027727382877206035,0.2399133078051954,0.3324445413437484,0.08928689596573014,0.29396617876974795,0.092531233538553
85,15,broad,additive,0.025624958474235876,0.26845668930038896,0.3501027301272972,0.018818053722825107,0.27109540009182465,0.3448016407126242,0.08164604082690824,0.32447777165306135,0.07370624062079956
85,30,broad,additive,0.01640313637831711,0.2738737152829905,0.36567318949700756,0.011965692979861265,0.2680430505296463,0.3494605535486813,0.09179947421401707,0.34927005311869047,0.081417503019035
85,5,easy,catch_up,-0.6451014196556494,0.6490755713632149,0.09717424133962993,-0.7286595366293573,0.722145372656487,0.05966312892610402,-0.551901330023585,0.7422756609952793,-0.662482243730383
85,10,easy,catch_up,-0.6804605917289666,0.6971251512648481,0.18448619065624136,-0.7649534045559647,0.7666296345393367,0.14166729468777142,-0.5126389606086067,0.864946782385208,-0.6249623398515654
85,15,easy,catch_up,-0.6956528150536275,0.7144303328972902,0.20548468792201394,-0.7851184943865334,0.7947220735366809,0.15991635570944326,-0.5089456449752763,0.9011375029756414,-0.6348057178272376
85,30,easy,catch_up,-0.7176625415373765,0.737516628141031,0.2535377102580551,-0.8136419643806059,0.8252690302855059,0.2142648304159412,-0.4839789178829759,0.9712002517954317,-0.6110041998695648
85,5,broad,catch_up,-0.5617905869411278,0.6024070288440847,0.20404427940247336,-0.6782435856259809,0.6977109733965919,0.14856155035609409,-0.3983627494416113,0.7658348663436012,-0.5491494230404979
85,10,broad,catch_up,-0.6370805502846523,0.7087805873906604,0.3269538941214188,-0.7465305959334463,0.7650939044636206,0.2296047886443301,-0.3818266932692416,0.9640344444060711,-0.5354891158192905
85,15,broad,catch_up,-0.6728916270132876,0.7487778517984165,0.3480167650418383,-0.7802526235609574,0.8039806512372016,0.2386418640314181,-0.4007610867565782,1.020908392055126,-0.5653387872057836
85,30,broad,catch_up,-0.7167808421495958,0.7940607211056797,0.40130375678788516,-0.8177266388474649,0.8456487402652706,0.2690907190403253,-0.39275696431779455,1.118084598937481,-0.5765580212249453
86,5,easy,proportional,0.46614926897040965,-0.10646609520916536,0.42858372528773114,0.7551202897016032,-0.10585180466931869,0.7748689664807656,0.5350498204968965,-0.037565543682678504,0.8807207711500843
86,10,easy,proportional,0.5030035206286718,-0.1477468972122125,0.4496737460477665,0.806542713602677,-0.1534340449702634,0.8173747725256211,0.597420643259979,-0.05332977458090532,0.9708088174958844
86,15,easy,proportional,0.5273942421910399,-0.17417183560804236,0.4699498311667836,0.8391526506135865,-0.189725032478334,0.8504091453654071,0.644121666774826,-0.05744441102425629,1.0401341778437412
86,30,easy,proportional,0.5463180453099945,-0.2230299195398533,0.49018045228276147,0.8675157121797644,-0.24016729305707757,0.8937108690861086,0.7132103718226148,-0.056137593027233035,1.1338781621431862
86,5,broad,proportional,0.5410693141730486,-0.04059930458368095,0.5217416954146074,0.7437315217148323,0.03250933710521523,0.827346004541551,0.5623409999982883,-0.019327618758441245,0.7948366674363359
86,10,broad,proportional,0.5840743859277213,-0.036138437791392,0.5585223894892428,0.8032695116794701,0.06704502993476934,0.8716744077357279,0.5946608272806349,-0.025551996438478497,0.8046293778009586
86,15,broad,proportional,0.6022087651301268,-0.0217863250028606,0.5878280789282111,0.8298871397100559,0.06766525647722577,0.8970668179772601,0.6096144039310717,-0.014380686201915682,0.8294015615000343
86,30,broad,proportional,0.6357505831903264,-0.04145599915829537,0.6120718780859783,0.8616033114745993,0.08359676068250459,0.9220445109463329,0.6535278772442736,-0.023678705104348108,0.8384477502638283
86,5,easy,additive,-0.041607706025659615,0.17242839015905262,0.2626748117585291,-0.01996652530621985,0.1518203696762121,0.27451100592414085,0.09024642159947646,0.3042825177841887,0.12269063624792875
86,10,easy,additive,-0.048949423881395185,0.19430218511931202,0.28633964040938353,-0.019692279049784368,0.15244108629602562,0.2948989606116544,0.09203745529007151,0.3352890642907787,0.14245787431562876
86,15,easy,additive,-0.04314604667677376,0.20018264404016298,0.3004718337617158,-0.008432332720270934,0.1484590621010064,0.3040703915964333,0.10028918972155285,0.34361788043848956,0.1556113294954269
86,30,easy,additive,-0.04662087463454477,0.2291667446434068,0.3321097856917768,-0.013944292388458826,0.17328569603637084,0.32427755325510976,0.10294304104836999,0.3787306603263216,0.15099185721873892
86,5,broad,additive,-0.04910393543634198,0.29716816802754653,0.2994777089463606,-0.03800268615269701,0.2801370725958906,0.29960237203804996,0.002309540918814079,0.34858164438270256,0.019465299442159356
86,10,broad,additive,-0.05848882791378463,0.3369524466774776,0.30042388740122417,-0.04040005918401388,0.29792692562872,0.2797257305781467,-0.036528559276253425,0.3589127153150088,-0.01820119505057327
86,15,broad,additive,-0.058894272330654585,0.33894717313842665,0.29450964246303957,-0.03483219969077679,0.29634693453480004,0.2752918886514895,-0.04443753067538708,0.35340391479369415,-0.02105504588331053
86,30,broad,additive,-0.058737008052583806,0.40043930960354884,0.3237161701899538,-0.030767882914921444,0.3386589509016819,0.297718705687419,-0.07672313941359504,0.3824531782425376,-0.04094024521426293
86,5,easy,catch_up,-0.6610258162560652,0.6645116469818807,0.09023624095270479,-0.7423501678198413,0.7347935913610636,0.06204306922189853,-0.5742754060291759,0.7512620572087699,-0.6727505221391651
86,10,easy,catch_up,-0.7068075679906677,0.7149492999074449,0.12164347533762952,-0.7894794597008923,0.7836012362639376,0.07296974603468387,-0.5933058245698154,0.8284510433282972,-0.7106314902292538
86,15,easy,catch_up,-0.7208777674490368,0.7319065189445202,0.16661117161068661,-0.8114553391883412,0.8036299868907669,0.1184089559354676,-0.5652953473338336,0.8874889390597234,-0.6852210309552993
86,30,easy,catch_up,-0.7370305570885075,0.7522363502298901,0.22094661784711014,-0.8447559166844362,0.8441473353334856,0.15246967609599416,-0.53128973238278,0.9579771749356176,-0.6916776592374915
86,5,broad,catch_up,-0.6074213388821559,0.6422179960692292,0.19455907871546213,-0.7648341192130449,0.7712916017994155,0.13880453946787633,-0.4476589173537671,0.801980417597618,-0.6324870623315392
86,10,broad,catch_up,-0.6653889771803436,0.7184655338356933,0.2543364096619612,-0.815907558549357,0.8258999142901827,0.15684293115480744,-0.46412912417373214,0.9197253868423048,-0.6690569831353753
86,15,broad,catch_up,-0.6881889886729834,0.7536257187719752,0.32553331891698684,-0.8350636150408881,0.8500457357069111,0.2049400508190838,-0.4280923998549883,1.0137223075899702,-0.6451056848878273
86,30,broad,catch_up,-0.7056669409624966,0.7885791541324196,0.38108289906434756,-0.8608753396639588,0.8902827107924417,0.23210000900018507,-0.4074962550680721,1.0867498400268443,-0.6581827017922566
87,5,easy,proportional,0.4252386169424651,-0.16650893610682377,0.3640591497917704,0.7665841062405767,-0.2515066000387345,0.722947351354444,0.5305680858985942,-0.06117946715069472,0.9744539513931785
87,10,easy,proportional,0.45935924750330437,-0.2039291711253536,0.4005072063955932,0.8149899344192252,-0.2930243847562739,0.7947084583844078,0.6044363775209468,-0.058852041107711195,1.0877328431406816
87,15,easy,proportional,0.4750161554219612,-0.22249795464343877,0.4203134707068436,0.8370625320162076,-0.32256309953271534,0.8410860481071889,0.6428114253502824,-0.05470268471511758,1.1636491476399042
87,30,easy,proportional,0.5270237415016364,-0.23202135499733642,0.47476105361883036,0.8726808971542,-0.2627711338956207,0.8933962806544162,0.7067824086161668,-0.05226268788280608,1.156167414550037
87,5,broad,proportional,0.4931632225018244,-0.09757661876216131,0.447228823767391,0.7706417087284468,-0.10996716393027973,0.7824672252151668,0.5448054425295523,-0.045934398734433446,0.8924343891454465
87,10,broad,proportional,0.5402494616015387,-0.10438965827632415,0.4987039664553159,0.8276888009585694,-0.07646095531758522,0.85831023798839,0.6030936247316401,-0.041545495146222855,0.9347711933059752
87,15,broad,proportional,0.5557595973925615,-0.10759770722657463,0.5201632128945607,0.8487597450397907,-0.06181916493456525,0.8843373797863457,0.6277609201211354,-0.035596384498000844,0.946156544720911
87,30,broad,proportional,0.6091596011463588,-0.023925800376728666,0.592328033713336,0.8660441433566417,0.07863552939422101,0.9180527196395194,0.6162538340900646,-0.01683156743302283,0.8394171902452984
87,5,easy,additive,0.029745024084888605,0.06030047484926643,0.21698536685484893,0.020413969542964143,0.05585025321343125,0.22953569581678576,0.1566848920055825,0.18724034276996032,0.1736854426033545
87,10,easy,additive,0.021130451865814914,0.08473424002623549,0.25968673256436153,0.010877349269865468,0.07883964202746302,0.2613286563772457,0.17495249253812606,0.23855628069854662,0.1824890143497827
87,15,easy,additive,0.01430381168556204,0.11149681597657633,0.29690882823012615,2.2811384659636685e-5,0.11003264694019402,0.28657553265851826,0.1854120122535498,0.2826050165445641,0.17654288571832424
87,30,easy,additive,0.013592293283782296,0.17451791590032273,0.33193725652590056,-5.426714100856194e-4,0.15872979634214296,0.2959554368654329,0.15741934062557783,0.31834496324211825,0.13722564052328995
87,5,broad,additive,0.04246026787666338,0.1281650363832723,0.25568412370977467,0.026236966581648376,0.13270177670398267,0.23895939625295726,0.12751908732650236,0.2132238558331113,0.10625761954897459
87,10,broad,additive,0.03381913624897034,0.1855906465669549,0.3020567050484334,0.016938664805260212,0.19888313446868816,0.28228176565480334,0.11646605848147851,0.2682375687994631,0.08339863118611518
87,15,broad,additive,0.018150387881678234,0.2211103910827664,0.31786847521853073,-0.0027767190326919004,0.236878105014633,0.2894148652996803,0.09675808413576434,0.2997180873368525,0.05253676028504731
87,30,broad,additive,0.0191835344562153,0.2912622740958292,0.32661175257865993,-5.580774931612185e-5,0.30413237679430205,0.2919839351775024,0.03534947848283071,0.30742821812244464,-0.012148441616799677
87,5,easy,catch_up,-0.6405995667268404,0.6422254973918919,0.07228653402237732,-0.7137121801139072,0.7031821689759248,0.043725630140711354,-0.5699389633695147,0.7128861007492177,-0.6594565388352134
87,10,easy,catch_up,-0.6886653819222118,0.6954245620823591,0.11079966193508316,-0.7721460597552051,0.7671035297883261,0.0871596926842223,-0.584624900147276,0.799465043857295,-0.6799438371041038
87,15,easy,catch_up,-0.7118403606624826,0.719420599336908,0.13452053428713714,-0.8027992182228529,0.7949556124516672,0.09739112791686615,-0.5849000650497709,0.8463608949496197,-0.6975644845348011
87,30,easy,catch_up,-0.7277796240668734,0.7500494596110043,0.2519241613277207,-0.8382595816242081,0.8447341704700468,0.19965896151792387,-0.4981252982832836,0.979703785394594,-0.645075208952123
87,5,broad,catch_up,-0.6042046526201065,0.6242344552328368,0.1487068532657942,-0.7206345351381378,0.7053343536205794,0.0801972315144423,-0.47552760196704263,0.7529115058859006,-0.625137122106137
87,10,broad,catch_up,-0.6523616365349003,0.6905093277159744,0.22991967864518087,-0.7842358215912408,0.7879420031620096,0.15082377238861933,-0.4605896490707935,0.8822813151800812,-0.6371182307733902
87,15,broad,catch_up,-0.6879152576106139,0.7344638668509957,0.2536578218854278,-0.8189464586255392,0.830222361994139,0.15230216136684455,-0.48080604496556795,0.9415730794960417,-0.6779202006272944
87,30,broad,catch_up,-0.6855724813164307,0.7918104475110795,0.4090789306759519,-0.8299255325636398,0.8682563328194248,0.23454815602616905,-0.3827315168351276,1.0946514119923827,-0.6337081767932558
88,5,easy,proportional,0.48980340832393343,-0.16279127150971084,0.4371682231539194,0.7562321265918475,-0.21651389325076875,0.737420655828419,0.5999594946636302,-0.05263518517001403,0.9539345490791877
88,10,easy,proportional,0.5208904738623419,-0.19139084388980504,0.4590789753033686,0.8018744219318248,-0.2323209928620183,0.8047730019228723,0.6504698191931737,-0.06181149855897328,1.0370939947848905
88,15,easy,proportional,0.5542586624570381,-0.2075681467176416,0.4926887993672655,0.8435033984331886,-0.24568901041030605,0.8467730979269616,0.7002569460849071,-0.061569863089772636,1.0924621083372676
88,30,easy,proportional,0.5626593010481765,-0.2514582118824266,0.5019495500330603,0.8667521398735768,-0.28247429186705747,0.8827019437981063,0.7534077619154869,-0.06070975101511622,1.1651762356651638
88,5,broad,proportional,0.5569770548513844,-0.05746435439713415,0.5463489544818164,0.7369694414718326,-0.03766537045562667,0.7977685194573119,0.6038133088789506,-0.010628100369567961,0.8354338899129385
88,10,broad,proportional,0.6029547072639642,-0.05163329805670662,0.5831585789921443,0.8089755765306752,-0.014201418773048686,0.867297590029368,0.6347918770488509,-0.01979612827181987,0.8814990088024167
88,15,broad,proportional,0.6440446077522363,-0.023393913573203865,0.6268814626434636,0.8365246121979045,0.052984932618819695,0.9011403875070788,0.6502753762166674,-0.017163145108772704,0.8481554548882592
88,30,broad,proportional,0.6624815044046195,-0.05132600725299975,0.6329114701369933,0.8723027326741672,0.049691469295845454,0.9266895454590713,0.6842374773899931,-0.029570034267626166,0.8769980761632259
88,5,easy,additive,0.011466157140483796,0.0947558218349631,0.20599038799861105,0.012386811175670783,0.08254394541292276,0.20203031723345846,0.11123456616364795,0.19452423085812726,0.1194863718205357
88,10,easy,additive,-2.0792236196689627e-4,0.12568621574011724,0.24086314934748834,-0.003920827671614834,0.11069629486437095,0.2300983779287183,0.11517693360737111,0.24107107170945524,0.11940208306434734
88,15,easy,additive,0.0017003382893691378,0.15392500650358218,0.272157118893745,0.004164830469543022,0.141351992648891,0.25271743549930664,0.11823211239016282,0.27045678060437583,0.11136544285041564
88,30,easy,additive,-0.0072498929805408915,0.17073628284904116,0.2950755530238363,-0.00347192125166608,0.1298523783051711,0.26561610760982146,0.12433927017479515,0.3023254460043772,0.13576372930465036
88,5,broad,additive,0.015435291002643202,0.18179007138206768,0.2551045161453152,0.01078534173140969,0.17037008165136674,0.25191665160923626,0.07331444476324753,0.239669225142672,0.08154656995786952
88,10,broad,additive,-0.013209414609994446,0.26187346790396665,0.2919666574537087,-0.005889310087033918,0.22425865263446018,0.27802318710258156,0.03009318954974205,0.3051760720637031,0.05376453446812138
88,15,broad,additive,-0.011426810090908,0.31432758771272723,0.3060760895379951,-0.01109357038463725,0.29191464834150277,0.2935967736193296,-0.008251498174732141,0.3175028996289031,0.0016821252778268514
88,30,broad,additive,-0.007310569565813538,0.3439356254964775,0.32239543830636574,-0.005847053906194407,0.3066556510936591,0.29922186257527483,-0.021540187190111748,0.3297060078721793,-0.007433788518384277
88,5,easy,catch_up,-0.627737703355043,0.6340944686652346,0.08655080158465693,-0.704580733016824,0.6913916250373427,0.03685081096136414,-0.5475436670805777,0.7142885049396999,-0.6545408140759786
88,10,easy,catch_up,-0.6819544660977875,0.6939398815264193,0.12551385175143476,-0.7636710167829663,0.7523629730807734,0.06013200454527291,-0.5684260297749846,0.8074683178492224,-0.6922309685355005
88,15,easy,catch_up,-0.7049529260338487,0.7226158696908894,0.1707200794102199,-0.7985423347287514,0.7898014205369042,0.0859530417598581,-0.5518957902806695,0.8756730054440687,-0.7038483787770461
88,30,easy,catch_up,-0.7300461908130572,0.74798269257334,0.20063104132057685,-0.8314333727579105,0.820843698081499,0.0791140536984212,-0.5473516512527632,0.9306772321336341,-0.7417296443830779
88,5,broad,catch_up,-0.5644241445771644,0.6143600540060078,0.19774264014997853,-0.6931198462958206,0.6958788103597556,0.11033648717671471,-0.41661741385602924,0.7621667847271429,-0.5855423231830409
88,10,broad,catch_up,-0.65021706843356,0.7106635251999496,0.2389523512392075,-0.7803624825055797,0.7920892657652632,0.12379122873398793,-0.4717111739607421,0.8891694196727675,-0.6682980370312752
88,15,broad,catch_up,-0.6625706925823637,0.7454913102434733,0.29141522735274095,-0.8133065585091126,0.8331723058607142,0.14186258153913753,-0.4540760828907323,0.9539859199351046,-0.6913097243215767
88,30,broad,catch_up,-0.6935277653400898,0.7850999733229682,0.3331377761894466,-0.842740706756158,0.8703450044464853,0.14522024554097343,-0.4519621971335216,1.0266655415295363,-0.7251247589055119
89,5,easy,proportional,0.504257758466678,-0.0828038475059147,0.47192562367757135,0.7515116595140154,-0.06387047057977305,0.7961488876196346,0.554729471183486,-0.032332134789106626,0.8600193581994077
89,10,easy,proportional,0.5318989780640752,-0.14020505769620964,0.4992801809268314,0.8157459851126279,-0.1510152361037609,0.8557164476862275,0.6394852386230411,-0.03261879713724375,1.0067316837899885
89,15,easy,proportional,0.5343429162949448,-0.16085661515458813,0.4947618191079348,0.8364887013289614,-0.16417969280798422,0.8746267063384033,0.655618434262523,-0.03958109718700997,1.0388063991463876
89,30,easy,proportional,0.5550805084543,-0.22253588139938965,0.5056567004271318,0.8660247285927262,-0.22831759597301257,0.8983223250295035,0.7281925818265215,-0.04942380802716817,1.126639921002516
89,5,broad,proportional,0.5308040804481827,0.02768778802418828,0.548093011036882,0.6606303976722607,0.10648752005693496,0.7827214517189988,0.5204052230126938,0.01728893058869929,0.6762339316620638
89,10,broad,proportional,0.5799769248521758,0.003855788015624518,0.5926214927094754,0.7669964758241317,0.06334651691505422,0.8425736715619438,0.5887657046938509,0.012644567857299616,0.7792271546468896
89,15,broad,proportional,0.5943486191636429,-0.0054517784944133,0.598363320537534,0.8142016935984655,0.06656854118523135,0.8803639663614908,0.6038150990319473,0.00401470137389115,0.8137954251762595
89,30,broad,proportional,0.6350915940371649,-0.012094173640474451,0.6266788354894156,0.8532623858418146,0.08833735266893075,0.9158801924994471,0.6387730091298901,-0.008412758547749255,0.8275428398305164
89,5,easy,additive,-0.01697388147018724,0.195103321445599,0.26072287812422135,-0.024627115053196966,0.18405453700855137,0.25448989532062355,0.06561955667862235,0.2776967595944086,0.07043535831207218
89,10,easy,additive,-0.015188451612632502,0.21431388428408513,0.3123082950582952,-0.02184894939534673,0.20900228100478027,0.3045159953821688,0.09799441077421009,0.3274967466709277,0.09551371437738851
89,15,easy,additive,-0.01941250240060087,0.20661778614117554,0.31831222248805957,-0.028277823586578724,0.1994029692666386,0.306718636441022,0.11169443634688403,0.33772472488866045,0.10731566717438337
89,30,easy,additive,-0.005338990217399234,0.20130587909332076,0.3297885096030193,-0.017569751740219873,0.19655562091364803,0.3078536470047318,0.12848263050969855,0.33512749982041856,0.11129802609108375
89,5,broad,additive,-0.00774422369426373,0.22642483355240492,0.2631651374673097,-0.02275585435111211,0.2221430988242527,0.2476315782325178,0.036740303914904765,0.27090936116157344,0.025488479408265097
89,10,broad,additive,-0.010746289460935471,0.25595285385849403,0.2932011886439943,-0.026349192725153545,0.2628730176315062,0.2739101709544039,0.03724833478550027,0.3039474781049298,0.011037153322897675
89,15,broad,additive,-0.018208882621524366,0.29118222921992015,0.31437403663783525,-0.03064925410967527,0.29268451016774444,0.2845473262766018,0.0231918074179151,0.3325829192593596,-0.008137183891142652
89,30,broad,additive,-0.008659666428888732,0.349452274692031,0.3370458652460036,-0.025798574268599217,0.34130080470062146,0.3028201151989106,-0.012406409446027389,0.3457055316748923,-0.03848068950171085
89,5,easy,catch_up,-0.6589216795359231,0.6683400451632081,0.14517918030913152,-0.7466427923943005,0.7308588639720658,0.08873711239044145,-0.5231608648540766,0.8041008598450545,-0.6421217515816243
89,10,easy,catch_up,-0.7143647821798181,0.7355791935990069,0.19832736297369838,-0.8049541882258334,0.798789989531131,0.13164487974314137,-0.5372518306253086,0.9126921451535165,-0.6671451097879897
89,15,easy,catch_up,-0.7475224583771813,0.7659858056472558,0.21522514786220592,-0.8297069991649186,0.8236175783394155,0.1495546642528915,-0.5507606577850499,0.9627476062393873,-0.674062914086524
89,30,easy,catch_up,-0.7628803892279862,0.7872223503204462,0.24619361036282109,-0.8459289435575226,0.8553453336038096,0.15980904692031395,-0.5410287399576251,1.0090739995908073,-0.6955362866834957
89,5,broad,catch_up,-0.5410745800888107,0.5990441603478737,0.232710779518528,-0.664552431239646,0.6459384091732959,0.11004585639897485,-0.36633338082934563,0.7737853596073387,-0.535892552774321
89,10,broad,catch_up,-0.6410415755688699,0.7171914773756687,0.3115168932206592,-0.7667943458065336,0.7563470999055518,0.1604480905639557,-0.4056745841550095,0.952558468789529,-0.5958990093415961
89,15,broad,catch_up,-0.6964471809181849,0.7696449130084768,0.3383271429347676,-0.8148359799437314,0.8181880498580081,0.18111794235050233,-0.4313177700737092,1.0347743238529525,-0.6370701075075058
89,30,broad,catch_up,-0.7165383727860054,0.8141298447042509,0.4078560402913317,-0.8473275852252499,0.8729345099544262,0.23015239902231047,-0.40627380441291916,1.1243944130773371,-0.6427821109321158
90,5,easy,proportional,0.5652468161747163,-0.046224818800722746,0.5327214703059311,0.7663580657378221,0.038237418562249194,0.8362396748640888,0.5789462891066538,-0.032525345868785194,0.7980022563018396
90,10,easy,proportional,0.5658323177330423,-0.09934286042558678,0.5215410362139121,0.832771132838742,-0.0513062106615986,0.8734088929789476,0.62088389663949894,-0.0442912815191302,0.9247151036405462
90,15,easy,proportional,0.541399799536208,-0.1594991942985168,0.4900816001298974,0.8529662588167206,-0.15811735780598846,0.879549125379762,0.6495807944284142,-0.051318199406310605,1.0376664831857505
90,30,easy,proportional,0.5608340987334111,-0.21500127352976287,0.5060350674442342,0.875985580820619,-0.20206066186250474,0.906834689624512,0.721036340973997,-0.05479903128917685,1.1088953514870168
90,5,broad,proportional,0.5697205056561846,0.14704468078174648,0.6474887858026352,0.550491428331854,0.24510777757052915,0.7487025211594885,0.5004441050208888,0.07776828014645065,0.5035947435889594
90,10,broad,proportional,0.632803757400476,0.08438697339001125,0.6526890472596893,0.7624425719631748,0.20145634823820058,0.862975597520908,0.5683020738696781,0.01988528985921334,0.6615192492827074
90,15,broad,proportional,0.6156802627129108,0.002603636439239799,0.61232609725798,0.8313008819681036,0.08290806008151648,0.8918641632265077,0.6097224608187403,-0.0033541654549307243,0.8089561031449912
90,30,broad,proportional,0.6507224303838534,-0.006350615574112593,0.6348574454470927,0.8628442401984534,0.11290031115198534,0.9232472523449186,0.6412080610212052,-0.015864984936760695,0.8103469411929332
90,5,easy,additive,0.026123544112673404,0.23649418509854062,0.3068179512484407,0.01262701964812295,0.24288701900688453,0.30299324710056014,0.07032376614990007,0.28069440713576727,0.06010622809367561
90,10,easy,additive,0.02261978648254634,0.22525242648767344,0.33862499886272374,0.012236794049653454,0.22890234945124419,0.3393164922069697,0.1133725723750503,0.3160052123801774,0.1104141427557255
90,15,easy,additive,0.0308155619943868,0.16202818106846276,0.3474084700554298,0.01835229635662806,0.1659554620348808,0.3450900626377122,0.18538028898696704,0.316592908061043,0.1791346006028314
90,30,easy,additive,0.029387672750017666,0.17663254171245166,0.3672791444207463,0.012289090335064588,0.17221675295683048,0.34878602854669916,0.19064660270829462,0.3378914716707286,0.17656927558986868
90,5,broad,additive,0.022288566345554543,0.22595573212660536,0.24975321723414884,0.015958086819283603,0.19364991199438553,0.22570805109786413,0.02379748510754348,0.2274646508885943,0.0320581391034786
90,10,broad,additive,0.01780126812974018,0.2974037353535659,0.3146934714533358,0.008161852625548327,0.30130012468636225,0.29479282526726674,0.017289736099769915,0.2968922033235956,-0.0065072994190955025
90,15,broad,additive,0.022962591079500962,0.2498065638012532,0.3325463746326063,0.011645663478620656,0.2627147254124864,0.31100948608797563,0.08273981083135307,0.30958378355310534,0.04829476067548921
90,30,broad,additive,0.020563750050073215,0.31251236584773623,0.3561182245847324,0.008524783341735903,0.31059396796261585,0.324427121892086,0.043605858736996184,0.3355544745346592,0.013833153929470154
90,5,easy,catch_up,-0.6039338555433962,0.6465130335152159,0.18839968741465601,-0.738961669080525,0.7592554536454443,0.12925714880278671,-0.4581133461005599,0.7923335429580523,-0.6299983048426576
90,10,easy,catch_up,-0.6944107513180082,0.7271886779027581,0.20392409353839794,-0.7956787980443247,0.8097658452639334,0.142331667776371,-0.5232645843643602,0.8983348448564061,-0.6674341774875624
90,15,easy,catch_up,-0.7110368101065335,0.7364127922913681,0.20465696317116058,-0.8059076294434648,0.8172111426619918,0.14248419109997865,-0.5317558291202076,0.9156937732776941,-0.6747269515620131
90,30,easy,catch_up,-0.7327365138992756,0.7626685814829238,0.2578237024677683,-0.8363717076509464,0.8488567872592478,0.19579387519334215,-0.5048448790151555,0.9905602163670439,-0.6530629120659057
90,5,broad,catch_up,-0.39233705800284907,0.5824000344202741,0.35613717752072926,-0.528683254870677,0.6192331462471337,0.2062064361787991,-0.22626285689954484,0.7484742355235783,-0.4130267100683346
90,10,broad,catch_up,-0.5901122538928042,0.7203017527159618,0.37063204517466475,-0.7356672472183196,0.7749127574137691,0.2237155938587543,-0.349669707541297,0.9607442990674689,-0.5511971635550148
90,15,broad,catch_up,-0.6804219103393703,0.7650166056428358,0.36949366984780857,-0.7970380043160604,0.8092887342764956,0.2229307404957515,-0.39552293579502723,1.049915580187179,-0.5863579937807442
90,30,broad,catch_up,-0.7039098842457895,0.8096609922771031,0.42016609687060924,-0.8327039337850425,0.8671263287492155,0.2495462812277051,-0.38949489540649385,1.1240759811163987,-0.6175800475215103
91,5,easy,proportional,0.4649207010421972,-0.03838588310975883,0.4299648872579862,0.7264352800424777,-0.005698428262765248,0.7862518000821711,0.46835077036774503,-0.034955813784210976,0.7919502283449363
91,10,easy,proportional,0.5105934120787039,-0.0824316045001949,0.45705933246016744,0.8157212712196864,-0.030892920976882884,0.85339564951153,0.5394909369603623,-0.053534079618536456,0.8842885704884129
91,15,easy,proportional,0.5062183871933474,-0.11407142672458968,0.4507606235033749,0.838159959950403,-0.06276748531351882,0.8726761018454997,0.5648320502279646,-0.05545776368997252,0.9354435871590185
91,30,easy,proportional,0.521094349332642,-0.18703032208356637,0.4629351537086068,0.867180998336758,-0.13476884923961352,0.9119745825976423,0.6499654757921731,-0.05815919562403521,1.046743431837256
91,5,broad,proportional,0.5085928130639898,0.043845039229371,0.5174349642848503,0.6453879998749475,0.13929763659591016,0.7539787884478694,0.47358992505547926,0.008842151220860406,0.6146811518519593
91,10,broad,proportional,0.5980820371429135,0.02669162280981634,0.5772146366852211,0.7887828938046731,0.15920111476595022,0.8657088225397914,0.5505230138754048,-0.02086740045769242,0.7065077077738412
91,15,broad,proportional,0.5889400693916432,0.019442277492917548,0.571079579162182,0.8269489857778533,0.12313375129043962,0.8882567933996751,0.5516373016692644,-0.017860490229461234,0.7651230421092355
91,30,broad,proportional,0.6132795702128755,0.0024781334980840224,0.593481913461884,0.8647857366520035,0.1314495651119329,0.92793500298926,0.5910037799637999,-0.019797656750991544,0.7964854378773272
91,5,easy,additive,0.06261639123944492,0.1375210038078205,0.30018687451055137,0.04958814985260568,0.1280459620832662,0.30043502815609835,0.16266587070273086,0.23757048327110647,0.17238906607283214
91,10,easy,additive,0.06020763443886943,0.1723034862945694,0.349378629324942,0.05146073910766434,0.16762358283410111,0.3487829035766456,0.1770751430303726,0.28917099488607256,0.18115932074254448
91,15,easy,additive,0.05683708456918528,0.15758184524957947,0.37074722043933794,0.053996845528210304,0.1476231378774754,0.37772302232878613,0.21316537518975848,0.31391013587015265,0.23009988445131072
91,30,easy,additive,0.060168850089510874,0.1589261956676218,0.3849643343241657,0.053217124798126736,0.14133309200824318,0.3920341851414946,0.2260381386565439,0.3247954842346548,0.2507010931332514
91,5,broad,additive,0.07227148497853117,0.18314663437093187,0.3083274787812441,0.057731710478059924,0.19908540588718257,0.30353298122806815,0.12518084441031224,0.23605599380271294,0.10444757534088558
91,10,broad,additive,0.08893123522835411,0.27088563912739233,0.37637448217181524,0.08031935974631306,0.27302236704712857,0.36843732701974613,0.10548884304442291,0.28744324694346113,0.09541495997261756
91,15,broad,additive,0.0725773786065926,0.2517290141982109,0.3838721736553348,0.06419507336097692,0.26259161560945743,0.37945073661331785,0.1321431594571239,0.31129479504874225,0.11685912100386042
91,30,broad,additive,0.07639224781002334,0.30438667935450747,0.41790844583524533,0.06462825564397706,0.318275973701266,0.40596256017399607,0.11352176648073786,0.341516198025222,0.08768658647273009
91,5,easy,catch_up,-0.5825699430302176,0.6001859293871601,0.13501836649524263,-0.7008521405325379,0.6895861763023551,0.07874896564691077,-0.46516756289191746,0.7175883095254603,-0.6108372106554443
91,10,easy,catch_up,-0.6768125350398245,0.7069969232958317,0.17668035442387228,-0.78985158312094,0.7948672573758457,0.1080765820212601,-0.5303165688719594,0.8534928894636968,-0.6867906753545856
91,15,easy,catch_up,-0.7045592373849572,0.733500231688537,0.1981786025535865,-0.8050206871344687,0.8082893863126479,0.12251537149453554,-0.5353216291349505,0.9027378399385437,-0.6857740148181124
91,30,easy,catch_up,-0.735114322709662,0.7630870403968735,0.25578586238868845,-0.8350258705752172,0.8440175644888451,0.1727950849063346,-0.5073011780081851,0.9909001850983505,-0.6712224795825106
91,5,broad,catch_up,-0.4826311644357893,0.5647423485281196,0.25946002703622495,-0.6191866830723867,0.6262174145575219,0.14315451981756455,-0.3052823214918946,0.7420911914720143,-0.48306289473995734
91,10,broad,catch_up,-0.5927420117636091,0.7036777224255676,0.3098226468007691,-0.7446991654387745,0.7712061210791672,0.15183018618173755,-0.3938550756247985,0.9025646585643782,-0.6193759348974297
91,15,broad,catch_up,-0.663952306538098,0.759197664896282,0.3406362917782935,-0.7903459302982316,0.8084356823204415,0.16960202657832804,-0.4185613731179885,1.0045885983163916,-0.6388336557421135
91,30,broad,catch_up,-0.6999057004580653,0.8040485063662758,0.3940203276045259,-0.8300309334006968,0.8702424632189477,0.21854789584625528,-0.4100281787617499,1.093926028062591,-0.6516945673726924
92,5,easy,proportional,0.461652270407176,-0.15131482425094378,0.3982824131348091,0.752358352019333,-0.20865300086818622,0.7466283061975004,0.549597237385753,-0.06336985727236688,0.9552813070656867
92,10,easy,proportional,0.5324386201517274,-0.14693985795448955,0.47731711343115996,0.8098372755245582,-0.15901695703557767,0.8341982563785879,0.6242569713856495,-0.055121506720567426,0.9932152134141656
92,15,easy,proportional,0.5335454232732334,-0.18521552651553932,0.47636840640875777,0.8310711029945439,-0.19654759526651985,0.8533969063588241,0.6615839329242971,-0.05717701686447563,1.049944501625344
92,30,easy,proportional,0.5512740442505162,-0.23595483157346162,0.4953254399426415,0.8625815637266323,-0.23105459523778377,0.8889454738504583,0.7312802715161031,-0.05594860430787468,1.1200000690882421
92,5,broad,proportional,0.5255236634714694,-0.0922776695229495,0.48531588705226214,0.7477735831893707,-0.07944616644409098,0.7879470966057407,0.5775935565752116,-0.04020777641920725,0.8673932630498317
92,10,broad,proportional,0.5979969440224443,-0.003423806474270747,0.5936057489256584,0.7885024378139226,0.06110462100808482,0.856655710677139,0.5970295553999292,-0.0043911950967858715,0.7955510896690542
92,15,broad,proportional,0.6120825204628783,-0.03680849490221039,0.5979284293944828,0.8226809244981156,0.04885919865130485,0.8918228048735753,0.6347369242966932,-0.014154091068395491,0.8429636062222705
92,30,broad,proportional,0.6430283518783328,-0.03787845088019513,0.6243883796524008,0.8579245866728192,0.07732017036012215,0.9205892657972771,0.6622668305325959,-0.018639972225932055,0.8432690954371549
92,5,easy,additive,-0.03963612069794221,0.13272982840733588,0.22307454687856718,-0.030481981055998465,0.12207142221254585,0.23671539011084705,0.0903447184712313,0.2627106675765094,0.1146439678983012
92,10,easy,additive,-0.043023188540588994,0.21299447155012954,0.293245764495515,-0.03169307380514998,0.1817677512239269,0.2847639228750083,0.08025129294538544,0.336268953036104,0.10299617165108138
92,15,easy,additive,-0.03825131280793534,0.20448816603235714,0.3070682643038804,-0.03147067732194108,0.177347768238342,0.29248833759452203,0.10258009827152326,0.3453195771118157,0.11514056935618003
92,30,easy,additive,-0.04180082219605597,0.22748352819846915,0.3231066083843567,-0.03517684857193157,0.19024938961377383,0.29744754244728283,0.09562308018588753,0.36490743058041264,0.107198152833509
92,5,broad,additive,-0.046271569294914314,0.22148462886423376,0.24567187723927802,-0.038982443165919915,0.1934214279533561,0.22161933597056796,0.024187248375044268,0.29194344653419235,0.028197908017211865
92,10,broad,additive,-0.032572697907313083,0.2885235791208281,0.2890388096683112,-0.028720464582212602,0.260902533217302,0.2692857268830998,5.15230547483092e-4,0.3216115075756243,0.008383193665797817
92,15,broad,additive,-0.04110567895200085,0.34035372561942506,0.322128492228106,-0.03473516426449747,0.3055138623243354,0.29479885253688004,-0.01822523339131904,0.36323417118010687,-0.010715009787455376
92,30,broad,additive,-0.03516324193911969,0.3768574177277975,0.344712263039871,-0.029037625044361897,0.33303486433774915,0.31329244804271383,-0.0321451546879265,0.3798755049789907,-0.019742416295035314
92,5,easy,catch_up,-0.6646739627078944,0.6669488027087218,0.06955715822951487,-0.7398417078578375,0.7339831305829899,0.03310732100039416,-0.5973916444792069,0.7342311209374093,-0.7008758095825958
92,10,easy,catch_up,-0.6890978092638639,0.7055260761726289,0.1870881955780292,-0.8043439480607061,0.7973700652447382,0.12693247015051096,-0.5184378805945997,0.876186004841893,-0.6704375950942272
92,15,easy,catch_up,-0.7077255991477348,0.7240398894609676,0.19890787337056184,-0.8226240303443658,0.8169841266974289,0.13439768241611627,-0.5251320160904058,0.9066334725182966,-0.6825864442813127
92,30,easy,catch_up,-0.7307921830677531,0.7497966858106712,0.24217107078493308,-0.851823262389242,0.8523128729441136,0.16202938143982448,-0.5076256150257381,0.9729632538526861,-0.6902834915042891
92,5,broad,catch_up,-0.6338139751847863,0.6516445667841871,0.17042549890511305,-0.74920086352732,0.7454228828036412,0.12291774545476951,-0.4812190678790741,0.8042394740898994,-0.6225051373488717
92,10,broad,catch_up,-0.6326261668037682,0.7122467030722642,0.33040468675110807,-0.7804009421415096,0.7846586843999711,0.2051563029085427,-0.38184201632115616,0.9630308535548762,-0.5795023814914284
92,15,broad,catch_up,-0.6629244114952189,0.7369986680804771,0.3334294687174452,-0.8214960381895643,0.8323593990660607,0.206521816387903,-0.40356919936303187,0.9963538802126641,-0.6258375826781577
92,30,broad,catch_up,-0.691356768062374,0.7880230624063552,0.3990509993732628,-0.8411676575938694,0.8703532946771457,0.2247970914657718,-0.3889720630330924,1.0904077674356367,-0.645556203211374
93,5,easy,proportional,0.5079437363786615,-0.09660345002820012,0.4877270549347581,0.7424949777478448,-0.09989021001110937,0.7983834321698486,0.5843305049629582,-0.020216681443903428,0.8982736421809581
93,10,easy,proportional,0.5535448893089046,-0.13105659576020062,0.5250621086112242,0.8111252371578769,-0.1338674763261034,0.8579661894394799,0.6561187043714247,-0.0284827806976804,0.9918336657655833
93,15,easy,proportional,0.5547390247620915,-0.1419999701158558,0.5277734276542767,0.8249584206950328,-0.12615895530954238,0.8807623505753506,0.6697733977701326,-0.026965597107814765,1.006921305884893
93,30,easy,proportional,0.5683559819705537,-0.1770478214893008,0.5304483545070754,0.8556296672722635,-0.15771186077759924,0.9082982886527843,0.7074961759963762,-0.03790762746347831,1.0660101494303835
93,5,broad,proportional,0.5340798964070447,0.038960013071370064,0.5713157844915545,0.6418496201024962,0.08038879379902766,0.7417438061707048,0.5323557714201844,0.03723588808450984,0.6613550123716772
93,10,broad,proportional,0.6096163275233213,0.05034601415019523,0.6344402429259854,0.7358994263185219,0.14038830835636149,0.8394229582685352,0.5840942287757902,0.024823915402664154,0.6990346499121737
93,15,broad,proportional,0.620642571315905,0.07061125468211372,0.6486364173792318,0.7812836940491447,0.15910872968508508,0.8718361652559976,0.5780251626971181,0.027993846063326888,0.7127274355709126
93,30,broad,proportional,0.6517064704489546,0.09248303911859308,0.6636731222943523,0.8406716966774241,0.2086395239122354,0.9110461454444405,0.5711900831757591,0.011966651845397691,0.7024066215322051
93,5,easy,additive,-0.015342192221174325,0.18565766534024405,0.23826494165117706,-0.017107715040962083,0.16168484900805036,0.23917078172270467,0.05260727631093301,0.2536071338723514,0.07748593271465432
93,10,easy,additive,-0.013508499413790537,0.22056453662752531,0.28220520406585964,-0.012722723192792716,0.1935668181671112,0.27474393745572556,0.06164066743833432,0.2957137034796502,0.08117711928861437
93,15,easy,additive,-0.024684662182838026,0.23753544990332973,0.2956844260488589,-0.028993111865340152,0.20396569010753265,0.2808431282437247,0.05814897614552919,0.32036908823169696,0.07687743813619205
93,30,easy,additive,-0.02024296024859291,0.2545007011699718,0.32355157647620186,-0.029882855959666554,0.2267158871356344,0.3096136908304367,0.06905087530623005,0.34379453672479476,0.08289780369480232
93,5,broad,additive,-0.028056865617726166,0.2094397613518031,0.2124764991792668,-0.04505432188781426,0.18521034867639105,0.1711610312101624,0.0030367378274637202,0.24053336479699297,-0.014049317466228645
93,10,broad,additive,-0.0313716363390068,0.3126105317426837,0.26559514789333694,-0.0421801995445972,0.27917437563242237,0.22072647584958854,-0.04701538384934678,0.29696678423234374,-0.05844789978283382
93,15,broad,additive,-0.03782968758197988,0.32705409434836785,0.270791494697461,-0.04989415044871247,0.29535261693733117,0.22974677784327477,-0.05626259965090685,0.3086211822794409,-0.0656058390940564
93,30,broad,additive,-0.026977754188362686,0.39450729962369085,0.3142044769085203,-0.032311771118038284,0.35247212096647823,0.2733494298879431,-0.08030282271517053,0.341182231096883,-0.07912269107853515
93,5,easy,catch_up,-0.5901802349322495,0.605211570104924,0.1235789995615655,-0.7378340261596624,0.7292685715229233,0.06961376552795119,-0.4816325705433585,0.713759234493815,-0.6596548059949722
93,10,easy,catch_up,-0.6399130641691232,0.6636014959281051,0.15962369462811518,-0.8011816859534443,0.802039754304483,0.10630776002023576,-0.5039778012999899,0.7995367587972384,-0.6957319942842473
93,15,easy,catch_up,-0.6680212412700285,0.6912175602614163,0.18057472571976596,-0.8274465550293714,0.8273339092422558,0.10433028690480291,-0.5106428345416504,0.8485959669897944,-0.7230036223374529
93,30,easy,catch_up,-0.6891213497518033,0.714883737668466,0.22454298310848556,-0.8554428584206535,0.8634612096192882,0.1561796752217681,-0.4903407545599805,0.9136643328602888,-0.7072815343975201
93,5,broad,catch_up,-0.5021043134777475,0.5759285879389231,0.24589260623969067,-0.6610461116586601,0.640145471684987,0.10746690402241503,-0.33003598169923243,0.7479969197174382,-0.532678567662572
93,10,broad,catch_up,-0.5575766972217142,0.6635455341508504,0.28969775028936123,-0.7527921795934346,0.7639469823177598,0.1308506823517672,-0.37384778386148915,0.8472744475110754,-0.6330962999659926
93,15,broad,catch_up,-0.6169777621001846,0.716678548693128,0.31176154529911704,-0.7978036994338406,0.7948830257614152,0.12648332019963673,-0.40491700339401093,0.9287393073993017,-0.6683997055617785
93,30,broad,catch_up,-0.6528624798526435,0.7714785202444688,0.3529349138328418,-0.840377597405813,0.8662292336439519,0.14537180321405838,-0.418543606411627,1.0057973936854854,-0.7208574304298935
94,5,easy,proportional,0.49117435207569105,-0.16416781663312463,0.4385909806068759,0.7922760357797981,-0.1991649681171581,0.7899491873835153,0.6027587972400006,-0.05258337146881514,0.9891141555006734
94,10,easy,proportional,0.5364270608982478,-0.175644508400405,0.48520277228565506,0.8443337221743304,-0.19415782259472486,0.8533439682489862,0.66084728068606,-0.051224288612592705,1.047501790843711
94,15,easy,proportional,0.547049817160293,-0.17920685203429196,0.5000496222059488,0.8545627555900052,-0.18304354406355466,0.8760073139519967,0.6792564742402408,-0.047000194954344154,1.0590508580155513
94,30,easy,proportional,0.578776019250235,-0.20418249050667597,0.5254841600882444,0.8800536107995547,-0.19004677255421654,0.9092149244038804,0.7296666505949203,-0.05329185916199064,1.0992616969580968
94,5,broad,proportional,0.5506991596557484,-0.0796535719064706,0.5362791003327375,0.7690661757730423,-0.04007005957346408,0.8328795659823062,0.6159326722392081,-0.014420059323010936,0.8729496255557703
94,10,broad,proportional,0.6026154402068133,-0.03241880346104247,0.5990208792854701,0.8184025439713328,0.025038079520310022,0.8793797333477337,0.6314396827465125,-0.0035945609213432483,0.8543416538274237
94,15,broad,proportional,0.62033881863908,-0.012154164487913649,0.6204168838053535,0.8377587412412313,0.05568564746279519,0.902922863056863,0.6325710482932672,7.806516627351101e-5,0.8472372155940678
94,30,broad,proportional,0.6662449289996636,0.04535132156300379,0.6564245719969621,0.8702932571042341,0.17395736850739243,0.9308879127619705,0.6110732504339583,-0.009820357002701452,0.7569305442545781
94,5,easy,additive,0.021456220275703725,0.11192333744662465,0.26309364990331074,0.01300903911032895,0.1475874858138186,0.29308702343265985,0.1511703124566861,0.241637429627607,0.14549953761884127
94,10,easy,additive,0.027916334550733217,0.1412824657014001,0.3054719377770902,0.01636712231746157,0.1539948041084775,0.30620834110902967,0.1641894720756901,0.277555603226357,0.15221353700055218
94,15,easy,additive,0.018072200489306724,0.16198465455033367,0.3183930567856242,-0.0016454570666644198,0.18412103512188163,0.3059908538688811,0.1564084022352905,0.30032085629631744,0.12186981874699945
94,30,easy,additive,0.019531978784970407,0.19816893285063916,0.34099013017683255,-1.7451868380590502e-4,0.20106470871230367,0.3182014629197483,0.1428211973261934,0.3214581513918621,0.11713675420744465
94,5,broad,additive,0.03517661858672672,0.1770540096375338,0.2872537528328296,0.018591969396615095,0.1858261120554209,0.28279566949211665,0.11019974319529582,0.2520771342461029,0.09696955743669575
94,10,broad,additive,0.03834994677567777,0.22469569499185812,0.31442457499860543,0.014609657410027375,0.23549636190322448,0.28783548761086464,0.08972888000674731,0.27607462822292766,0.052339125707640155
94,15,broad,additive,0.024921178504804298,0.2696027125864467,0.3325666169144073,0.002617398641226133,0.27208199237257047,0.3008148504215292,0.06296390432796062,0.307645438409603,0.028732858048958754
94,30,broad,additive,0.02589770584962922,0.3570781298591319,0.3399259453192161,0.0012534397347936704,0.35837889216600644,0.3033698457554123,-0.017152184539915794,0.3140282394695869,-0.05500904641059412
94,5,easy,catch_up,-0.6877449193302615,0.6904591921482123,0.0971533655976193,-0.7542824536209144,0.7517978171618318,0.0785922702676184,-0.5933058265505929,0.7848982849278808,-0.6732055468942134
94,10,easy,catch_up,-0.7112777987686639,0.7288805071144371,0.15170330005452448,-0.8047335581628824,0.8040079721800197,0.07995473135247194,-0.5771772070599126,0.8629810988231884,-0.7240532408275477
94,15,easy,catch_up,-0.7360771979708247,0.7575941872800963,0.18306004613946544,-0.8305388101560555,0.8319307014808922,0.09941843033374634,-0.5745341411406308,0.9191372441102902,-0.7325122711471459
94,30,easy,catch_up,-0.755738337778793,0.7849584974587738,0.24011613733023432,-0.8573304262990018,0.8674415394512917,0.15359194173126725,-0.5448423601285395,0.9958544751090272,-0.7138495977200244
94,5,broad,catch_up,-0.6303321430159637,0.6683169761305044,0.22059578867276794,-0.7370913240750322,0.734905302790153,0.14926462323823475,-0.4477211874577365,0.8509279316887317,-0.5856406795519182
94,10,broad,catch_up,-0.6605300013613977,0.7272814839101596,0.2945067953152312,-0.7851136005931824,0.7868988663382375,0.1800952674302969,-0.43277468859492835,0.9550367966766289,-0.6068035989079406
94,15,broad,catch_up,-0.6917134758800634,0.7745612114331204,0.3353237004777996,-0.8139650826484647,0.8189285658285955,0.1908876266077015,-0.4392375109553208,1.027037176357863,-0.628040939220894
94,30,broad,catch_up,-0.7018422495163508,0.815937888736919,0.3900852609087657,-0.8497382074246701,0.8791219583666293,0.22112772762079105,-0.42585262782815325,1.0919275104251165,-0.6579942307458383
95,5,easy,proportional,0.5115345928260986,-0.15693633943907637,0.45629821091171696,0.7726935361588879,-0.20079504734346038,0.7624189856543633,0.6132345503507933,-0.05523638191438163,0.9632140329978236
95,10,easy,proportional,0.5776102128781909,-0.1524167469667698,0.5243766046085595,0.8315395267157618,-0.1338120981348146,0.8499300266177586,0.6767933515753293,-0.053233608269631416,0.9837421247525733
95,15,easy,proportional,0.5798887856735748,-0.1736193496645768,0.5237010111637233,0.8502531926194127,-0.15509012375566011,0.8756604480456078,0.6973203608283001,-0.056187774509851574,1.030750571801268
95,30,easy,proportional,0.570056358710628,-0.24613264990818598,0.5108817889337005,0.8686491797258122,-0.2477381413162772,0.8949818216644376,0.7570144388418865,-0.05917456977692748,1.1427199629807148
95,5,broad,proportional,0.5337651268133211,-0.04011467971199942,0.5388436664902633,0.7308819477621391,-0.04822905473879517,0.768006357367928,0.5789583462022627,0.005078539676942162,0.8162354121067231
95,10,broad,proportional,0.607573087923538,0.05612204263204011,0.6260303741175942,0.7764894782647221,0.12240639411128072,0.8420478355206167,0.5699083314855541,0.018457286194056177,0.719641441409336
95,15,broad,proportional,0.6333131640751329,0.04166673295323218,0.6389273729051392,0.8149766349870928,0.13189017513057574,0.8879330601983102,0.597260639951907,0.005614208830006295,0.7560428850677344
95,30,broad,proportional,0.6517831549623944,-0.0307670746371249,0.6325772293889088,0.8647460061097914,0.08809619734247316,0.9204758397357853,0.6633443040260337,-0.01920592557348555,0.8323796423933121
95,5,easy,additive,0.005120178883583606,0.13364289077825758,0.2619129980484599,0.010275893995322164,0.10943073107231768,0.2628826033621524,0.12827010727020233,0.2567928191648763,0.15345187228983473
95,10,easy,additive,0.00640593658538323,0.19666869328322276,0.30538918440648105,0.006546011961848556,0.17856180176589417,0.28072833882688597,0.1087204911232583,0.2989832478210978,0.1021665370609918
95,15,easy,additive,8.105193287752707e-4,0.20435211580850687,0.3219605904317274,0.006939706460322883,0.17511201423418074,0.2997286370667328,0.11760847462322055,0.32115007110295213,0.12461662283255207
95,30,easy,additive,-0.007611714210428113,0.1900858037068425,0.3300591178792009,-0.0031247275348514018,0.15469020605465608,0.30613324140500525,0.1399733141723584,0.337670832089629,0.15144303535034917
95,5,broad,additive,-0.014873322518199967,0.17702226813785904,0.2361044156553667,-0.010805704851263387,0.14957810363569674,0.20315453332244343,0.05908214751750765,0.25097773817356667,0.053576429686746696
95,10,broad,additive,-0.021168200918633844,0.27091889636834876,0.2666813023738726,-0.022172552625582372,0.2514908497721949,0.24012704378156363,-0.004237593994476152,0.28784950329250647,-0.011363805990631248
95,15,broad,additive,-0.022844910742726668,0.319625786117738,0.3026992138704271,-0.019944293223480864,0.2965206305364142,0.27328506288085286,-0.016926572247310923,0.32554412461315374,-0.02323556765556134
95,30,broad,additive,-0.014253052151000747,0.33818914787867493,0.33421826336283184,-0.01402651223670823,0.31344361443561397,0.30331385930619087,-0.003970884515843098,0.3484713155138326,-0.010129755129423101
95,5,easy,catch_up,-0.6469728000319623,0.6598208333354432,0.13709238286680023,-0.7393751536583735,0.7310472271298526,0.08707606409094262,-0.5227284504686429,0.7840651828987626,-0.64397116303891
95,10,easy,catch_up,-0.6710359907975255,0.701774309254281,0.19364497886168036,-0.7993802414589627,0.8057859010686197,0.13401877810507296,-0.5081293303926007,0.8646809696592059,-0.6717671229635467
95,15,easy,catch_up,-0.6984293098663734,0.7274935531714003,0.21434993536155209,-0.8148670176163874,0.8252335410253832,0.157211722970615,-0.5131436178098482,0.9127792452279255,-0.6680218180547681
95,30,easy,catch_up,-0.7299299366068147,0.7540373688617565,0.23066016174521808,-0.8366028042676475,0.8458091248037083,0.15173817440210013,-0.5233772071165385,0.9605900983520328,-0.6940709504016082
95,5,broad,catch_up,-0.618552878891514,0.6536940870945857,0.2540794826201827,-0.715461998012948,0.6977834938074963,0.15056825604635335,-0.39961460447440295,0.8726323615116967,-0.5472152377611429
95,10,broad,catch_up,-0.6193103208833973,0.7147257295529742,0.3378823370436564,-0.775003358240087,0.7713540637406895,0.17997443869500956,-0.3768433925093178,0.9571926579270538,-0.59137962504568
95,15,broad,catch_up,-0.6587344139157537,0.7545115109600244,0.3616399766142433,-0.8093950382157571,0.8149970974964913,0.18954991244662747,-0.39287153434578115,1.0203743905299971,-0.6254471850498639
95,30,broad,catch_up,-0.708661790887793,0.7937007604212465,0.3848052394893741,-0.8454262907834712,0.8721836786147303,0.20987113999355908,-0.40889552093187237,1.0934670303771672,-0.6623125386211712
96,5,easy,proportional,0.4886987314888776,-0.12835409719193808,0.4485585004726964,0.7606532320594928,-0.16442654162334805,0.7672470863660749,0.5769125976646345,-0.040140231016181194,0.9316736279894229
96,10,easy,proportional,0.5523764620500681,-0.1585402267905573,0.5061575756287636,0.8325610506699451,-0.18170588173917704,0.8597426248095849,0.6646978024193209,-0.04621888642130445,1.041448506548762
96,15,easy,proportional,0.5682323125131671,-0.19819558201590062,0.5157821985761234,0.8624353282309712,-0.22577357441820756,0.8783578700606648,0.713977780592024,-0.052450113937043685,1.1041314444788723
96,30,easy,proportional,0.574045629197551,-0.2622918626962136,0.5173881662982711,0.8853203692025168,-0.2929464225086828,0.903989074214593,0.7796800289944847,-0.056657462899279865,1.1969354967232757
96,5,broad,proportional,0.5436979024372,-0.047904462212725346,0.5233649692856952,0.7338070199005007,-0.04058049231342633,0.757432322665046,0.5712694314984206,-0.02033293315150475,0.7980128149784723
96,10,broad,proportional,0.6355384982572333,-0.03358868251087769,0.613453757953825,0.8141094877737933,0.04571151104336906,0.8677552433369258,0.6470424404647026,-0.022084740303408346,0.8220437322935568
96,15,broad,proportional,0.6553425835279514,-0.030749265950503646,0.6335880250972922,0.8490089502564164,0.05004215731922816,0.8983153840470549,0.6643372910477958,-0.02175455843065921,0.8482732267278268
96,30,broad,proportional,0.6628887047851906,-0.060552623547270965,0.638359835510829,0.8793800299547267,0.015177868258176448,0.9247868373593041,0.6989124590581,-0.024528869274361598,0.9096089691011277
96,5,easy,additive,-0.014394098562353538,0.11913099844234327,0.2065717525861799,-0.024433930942324086,0.12464339253143579,0.21927947578399615,0.08744075414383663,0.22096585114853345,0.09463608325256036
96,10,easy,additive,-0.009500856127168642,0.16499775078275303,0.28011695798889047,-0.014637747566618394,0.15688577296617404,0.26965697661802146,0.11511920720613744,0.28961781411605914,0.11277120365184742
96,15,easy,additive,-0.009158667345897827,0.1726055114198583,0.3059752376607358,-0.010324545230235179,0.1554311893003299,0.287634296588937,0.1333697262408775,0.31513390500663363,0.13220310728860712
96,30,easy,additive,-0.017144899374495058,0.1806524760516977,0.3303528122773344,-0.013544428351590199,0.15045405196888237,0.3037186226493691,0.14970033622563667,0.3474977116518294,0.15326457068048674
96,5,broad,additive,0.009649557724062063,0.13224155124834122,0.21205183796970625,-0.00818484739406116,0.14189532281306363,0.1950800572358076,0.07981028672136503,0.2024022802456442,0.05318473442274396
96,10,broad,additive,0.004951737192730772,0.2381529189210419,0.2842287990446555,-0.011030507215507317,0.2370638186774375,0.2582123070568236,0.04607588012361358,0.2792770618519247,0.02114848837938607
96,15,broad,additive,-0.007568773400923478,0.2927357488002328,0.3135262904450897,-0.021731083931123666,0.2870825539930978,0.2836205495549311,0.020790541644856886,0.32109506384601316,-0.003462004438166688
96,30,broad,additive,-0.014798384506566658,0.30569468189114174,0.32340129631440706,-0.023771088266562455,0.28923537547700817,0.28743358788163437,0.01770661442326532,0.33819968082097374,-0.001801787595373805
96,5,easy,catch_up,-0.656356822589,0.6657178142878446,0.11514200775870982,-0.7242696479059109,0.7097819497502074,0.059121329673310345,-0.5505758065291347,0.7714988303477098,-0.6506606200768971
96,10,easy,catch_up,-0.71110678304805,0.7306807633246195,0.16931236893384558,-0.797739872919552,0.7925629018033717,0.09925624256109285,-0.5613683943907739,0.8804191519818956,-0.6933066592422789
96,15,easy,catch_up,-0.7404650301232948,0.7597256585887682,0.19947807177703514,-0.8202278496424725,0.8179587312017821,0.13352392091148177,-0.560247586811733,0.9399431019003299,-0.6844348102903003
96,30,easy,catch_up,-0.7660037010901609,0.7862360184315133,0.2571076063708945,-0.8471407063709414,0.8482826793526402,0.18245889056389258,-0.5291284120606188,1.0231113074610554,-0.6658237887887477
96,5,broad,catch_up,-0.6040207944460964,0.6287023277969274,0.23785368365935727,-0.685792498065307,0.6528771965651681,0.14498972549161962,-0.3908486441375701,0.8418744781054537,-0.5078874710735485
96,10,broad,catch_up,-0.6471517102652653,0.7240891773776886,0.334134450785002,-0.7794990935728385,0.7921020596889168,0.22326028892181862,-0.38995472659268665,0.9812861610502672,-0.5688417707670982
96,15,broad,catch_up,-0.6896724762368129,0.7694452432889738,0.3697410928995437,-0.8223406400188384,0.8379919660286177,0.24777615455491814,-0.3997041503894301,1.0594135691363566,-0.5902158114736995
96,30,broad,catch_up,-0.735559288465157,0.8178579561445768,0.41497737075920593,-0.8502754228284785,0.8749519060834461,0.2737453322473384,-0.40288058538537086,1.1505366592243629,-0.6012065738361076
97,5,easy,proportional,0.4853700050298215,-0.1233030863999372,0.4509498795124017,0.74879210721434,-0.15579501325755354,0.7675419214534722,0.5742529659123389,-0.03442012551741985,0.9233369347110257
97,10,easy,proportional,0.5422334318446581,-0.1591819962600118,0.497365329062385,0.81807446725845,-0.1684968097309938,0.8356427033007536,0.6565473253223968,-0.0448681027822731,1.0041395130317474
97,15,easy,proportional,0.5595745639080468,-0.17835794538982816,0.5148136437795189,0.8423243576606312,-0.19024597014944467,0.863865812843403,0.6931715891693471,-0.04476092012852795,1.0541117829928477
97,30,easy,proportional,0.583831819067625,-0.2104682013558023,0.5335961682899278,0.8711641575550614,-0.19300534490242663,0.9024731845914432,0.7440643696457301,-0.050235650777697205,1.0954785294938698
97,5,broad,proportional,0.5517269716211007,-0.042315948706261645,0.5418108977350433,0.7368972826014691,-0.002257966530182843,0.7975722271801429,0.584126846441305,-0.00991607388605742,0.7998301937103257
97,10,broad,proportional,0.6220504122152956,-0.033168435139778275,0.6043719334467551,0.8229943859712684,0.027840179333313692,0.8645669755216031,0.6375403685865334,-0.01767847876854045,0.8367267961882894
97,15,broad,proportional,0.6401300417141677,-0.00484121544305504,0.6297962731243215,0.8443514513714999,0.046736733894038006,0.8897708850432233,0.6346374885673766,-0.010333768589846137,0.8430341511491853
97,30,broad,proportional,0.6750627111946225,0.02072460207271603,0.6594306244180509,0.8725810253917758,0.12866339819406156,0.9258080295252601,0.6387060223453349,-0.015632086776571574,0.7971446313311985
97,5,easy,additive,-0.06145591283065898,0.19521981511048123,0.24969460111445058,-0.056531746512247016,0.16920220884763915,0.2863822225804541,0.05447478600396935,0.31115051394510956,0.11718001373281495
97,10,easy,additive,-0.06511267583990756,0.2294783989560705,0.27512436642588334,-0.06404656423337049,0.19763952658593067,0.26645824311201144,0.04564596746981284,0.3402370422657909,0.06881871652608076
97,15,easy,additive,-0.06696883108077407,0.2491641791156228,0.28275188151662034,-0.06039390790776544,0.20366173484741912,0.2497631923140315,0.03358770240099754,0.3497207125973944,0.04610145746661237
97,30,easy,additive,-0.0692413430909855,0.2810402420987136,0.3108336016678915,-0.06031758322636342,0.22703641481078926,0.2741850429936061,0.02979335956917789,0.380074944758877,0.047148628182816815
97,5,broad,additive,-0.05156877620929311,0.24931110263716696,0.2511558191453544,-0.039138980506666754,0.23447953629824597,0.25357936123069513,0.0018447165081874328,0.3027245953546475,0.01909982493244916
97,10,broad,additive,-0.05084029044459918,0.2851316065212853,0.258379733492151,-0.04513377237725956,0.2752444004783924,0.24061761589812947,-0.026751873029134288,0.3092200239367502,-0.034626784580262915
97,15,broad,additive,-0.06481450958163487,0.32965798215325554,0.2608140244709237,-0.05464959165044324,0.28606918465750464,0.22932719064078003,-0.06884395768233181,0.3256285340525586,-0.05674199401672461
97,30,broad,additive,-0.07148893191678955,0.4381594248316008,0.29774209877132324,-0.05787764585854792,0.3882296938800013,0.2674974597944263,-0.14041732606027757,0.3692310306881128,-0.12073223408557499
97,5,easy,catch_up,-0.5995213530031055,0.6052717419065832,0.11341249802132762,-0.7444646930520445,0.727612100780356,0.07642739131858635,-0.49185924388525554,0.7129338510244331,-0.6511847094617697
97,10,easy,catch_up,-0.6557054256586086,0.6688918380469968,0.15048477132240326,-0.8153173376612148,0.8035802918866496,0.08825590091818107,-0.5184070667245936,0.8061901969810118,-0.7153243909684686
97,15,easy,catch_up,-0.6727649653616143,0.6901195584389705,0.16169632913586438,-0.8369152605210842,0.8215336184895047,0.07225460028213455,-0.5284232293031061,0.8344612944974787,-0.7492790182073701
97,30,easy,catch_up,-0.6983332615670911,0.7214457334210926,0.208816436463392,-0.8619531806687163,0.8601411435864409,0.103475990324112,-0.5126292969577007,0.9071496980304831,-0.7566651532623289
97,5,broad,catch_up,-0.5401317019069383,0.5793585428635254,0.19736767884893833,-0.7127790625320525,0.706204828211404,0.10762277179526142,-0.38199086401458704,0.7374993807558766,-0.5985820564161426
97,10,broad,catch_up,-0.612007632000303,0.6821034133842271,0.2807464924411976,-0.7947944759949754,0.7847357659765569,0.12027621773852192,-0.4013569209430295,0.8927541244415005,-0.664459548238035
97,15,broad,catch_up,-0.6353335140278411,0.720045557252747,0.3028043141098299,-0.8251951885391179,0.810256699571118,0.10340849822657407,-0.4172412431429171,0.938137828137671,-0.706848201344544
97,30,broad,catch_up,-0.6537916968368597,0.7646793403461203,0.3575856258477617,-0.8580898730729879,0.8822145947787586,0.14907381956382343,-0.40709371449835857,1.0113773226846214,-0.7331407752149353
98,5,easy,proportional,0.50905094873176,-0.05194177198313834,0.49263391978080195,0.7484935289870452,-0.019815293861931257,0.8123575719857439,0.5445756917639403,-0.01641702895095809,0.8321728658476751
98,10,easy,proportional,0.5121310821226541,-0.13673968825277508,0.46625961586050535,0.8182772046641751,-0.12258583897140572,0.8497864572867235,0.6029993041132804,-0.045871466262148775,0.9723722962581293
98,15,easy,proportional,0.5190943640650068,-0.1579869121821738,0.4718540770055784,0.8399098445779077,-0.16137946264347844,0.8747278248529969,0.6298409891877522,-0.04724028705942834,1.0361072874964754
98,30,easy,proportional,0.5037891383185205,-0.25503938112362884,0.450467160084438,0.8642547086609782,-0.2996307207748914,0.8948818497473174,0.7055065412080668,-0.05332197823408247,1.1945125705222088
98,5,broad,proportional,0.5285801185543761,0.0918801508247618,0.5894390376610799,0.602101409014664,0.1511220705080103,0.7420665204344036,0.49755888683631805,0.06085891910670371,0.5909444499263933
98,10,broad,proportional,0.5857712431371195,0.004153420198753547,0.5828586578992081,0.793997128416651,0.08929060076190594,0.8658889135415712,0.5787052377004546,-0.0029125852379113804,0.7765983127796652
98,15,broad,proportional,0.599405117296554,-0.013484620305820679,0.5908845107595693,0.8294543134597999,0.0668654903317542,0.894332789954545,0.6043691310653899,-0.00852060653698472,0.8274672996227909
98,30,broad,proportional,0.593795299289197,-0.11763045016302802,0.5659033564213314,0.8683662888542711,-0.04394823151942396,0.9244783022128956,0.6835338065843594,-0.02789194286786567,0.9684265337323196
98,5,easy,additive,0.03369920446034928,0.20175356038135941,0.3068544559024954,0.05860219720412041,0.16817612432319473,0.3217243090984871,0.10510089552113597,0.2731552514421461,0.15354818477529236
98,10,easy,additive,0.03795360566599466,0.1536600829561623,0.32272656976539943,0.050134879283157956,0.1314624105356813,0.3379381015357981,0.16906648680923714,0.2847729640994048,0.2064756910001168
98,15,easy,additive,0.04637368181673095,0.14581552286513874,0.3380504119679536,0.05849606858989304,0.11530679392187947,0.3519254868444341,0.19223488910281486,0.29167673015122264,0.2366186929225546
98,30,easy,additive,0.05274618906180724,0.09609502886818483,0.3461986593963518,0.06281193331936641,0.07497495665784276,0.35990566838590426,0.250103630528167,0.2934524703345446,0.2849307117280615
98,5,broad,additive,0.03179422073212841,0.20377103073046943,0.26358204310459354,0.055430575615383025,0.1541113688667487,0.24707208573014722,0.05981101237412412,0.23178782237246515,0.09296071686339852
98,10,broad,additive,0.035023775041245216,0.23182812454077648,0.31485766707983265,0.0501279238682442,0.19996157235881082,0.3071166294936444,0.08302954253905617,0.27983389203858744,0.10715505713483356
98,15,broad,additive,0.04855036516357793,0.22971779300061082,0.3374016647761173,0.06137119087127579,0.19829103426742622,0.33141250406483586,0.1076838717755065,0.2888512996125394,0.13312146979740963
98,30,broad,additive,0.053793380430266144,0.2086772912783333,0.36876315608076143,0.06707286263689025,0.1744285464820758,0.36898450127483007,0.16008586480242815,0.3149697756504953,0.19455595479275425
98,5,easy,catch_up,-0.6012288861042794,0.6245473178225357,0.16279995767251065,-0.7307188369876856,0.7298876084834582,0.11378274817399543,-0.46174736015002504,0.76402884377679,-0.6161048603094628
98,10,easy,catch_up,-0.6853728448630133,0.7027895737939585,0.16857791390055168,-0.8054016995591529,0.8040974121479082,0.11853395904844757,-0.5342116598934068,0.853950758763565,-0.6855634530994607
98,15,easy,catch_up,-0.6910706020853109,0.7121654492902607,0.19898657188246546,-0.8178753332015769,0.8193107797121305,0.139843481483082,-0.5131788774077952,0.8900571739677764,-0.6794672982290485
98,30,easy,catch_up,-0.7031916889409285,0.7184739608791341,0.21386308984559055,-0.8382320166342517,0.83967857977600735,0.1437184029531321,-0.5046108710335435,0.9170547787865191,-0.6959601768228753
98,5,broad,catch_up,-0.45332706498818326,0.5646155254525768,0.28568307158413525,-0.5818586651495629,0.5788486949807286,0.13386568170477114,-0.2789324538684415,0.7390101365723185,-0.4449830132759574
98,10,broad,catch_up,-0.6426698658441258,0.7137343220048592,0.29483589413152755,-0.7851480117642132,0.782708623005541,0.15060872255831412,-0.41889842787333165,0.9375057599756533,-0.6320999004472269
98,15,broad,catch_up,-0.6638368049573693,0.7435185353733661,0.31896082238317564,-0.8096411625564903,0.8155419196058468,0.16362628880787197,-0.42455771299019046,0.982797627340545,-0.6519156307979748
98,30,broad,catch_up,-0.7015354062340482,0.7673304259527991,0.35445564084963677,-0.8459034082352396,0.8670176589417508,0.19725314538604086,-0.41287478510316233,1.055991047083685,-0.6697645135557099
99,5,easy,proportional,0.5597752717056187,-0.06460122410387074,0.5325017422429291,0.7782838053626013,-0.04821760903086306,0.8201926329667337,0.5971029663467998,-0.027273529462689572,0.8684102419975968
99,10,easy,proportional,0.6062720286417103,-0.11342105649181515,0.5687765472569188,0.8315917597574257,-0.07970023523755422,0.8746694082685992,0.682197603748734,-0.03749548138479142,0.9543696435061534
99,15,easy,proportional,0.6145005202294292,-0.13915711352210458,0.5725694736007256,0.8441217029197563,-0.08707413576756913,0.8906069050846929,0.7117265871228302,-0.04193104662870362,0.977681040852262
99,30,easy,proportional,0.618312505084859,-0.18896748566257965,0.5706376117797799,0.8688468131680732,-0.14900944797180163,0.911587259471239,0.7596050974423596,-0.047674893305079125,1.0605967074430407
99,5,broad,proportional,0.5728769854831203,0.1016344264378475,0.631626832023172,0.6971093835839336,0.14243467767666787,0.802023606387743,0.5299924055853246,0.058749846540051776,0.6595889287110751
99,10,broad,proportional,0.6366764806246991,0.10595342137488208,0.6824699925914125,0.7588734759378594,0.18102454806480706,0.8654187948504617,0.5765165712165304,0.04579351196671344,0.6843942467856546
99,15,broad,proportional,0.667137443205984,0.11315687698601183,0.6938983138571452,0.7893070089689157,0.2349291136655634,0.8868089675502949,0.5807414368711333,0.026760870651161173,0.6518798538847315
99,30,broad,proportional,0.6931419465677306,0.0949209849042692,0.6983977937686618,0.8496043183846851,0.23156372109629492,0.9229959322659234,0.6034768088643927,0.005255847200931196,0.6914322111696285
99,5,easy,additive,3.5191758473238294e-4,0.18940440021729926,0.27496407955903523,-0.0156726303273677,0.1974761864309595,0.2629345471425787,0.08555967934173597,0.2746121619743028,0.0654583607116192
99,10,easy,additive,0.006423243725167411,0.2071951058169876,0.3116614242809014,-0.0024341216670603688,0.1848008745863765,0.2837929695964031,0.10446631846391377,0.305238180555734,0.09899209501002659
99,15,easy,additive,0.0010817213368233393,0.23098370235749788,0.337219379927656,-0.012422011480007255,0.22426097513915713,0.30714997811146083,0.10623567757015812,0.33613765859083267,0.0828890029723037
99,30,easy,additive,-0.0011184517150838078,0.22565417757123007,0.3573029206907719,-0.02286573630654154,0.21992723134007566,0.31816596448357104,0.13164874311954183,0.3584213724058557,0.09823873314349538
99,5,broad,additive,-0.01764526628779039,0.26235582454868356,0.26655680090159867,-0.02662752464392824,0.24945123051961882,0.24148701337876008,0.004200976352915109,0.28420206718938906,-0.007964217140858737
99,10,broad,additive,-0.025681540024239724,0.33586745839957494,0.29598404559086045,-0.03360146473119907,0.316123760828986,0.2602049710098775,-0.03988341280871449,0.32166558561510017,-0.05591878981910853
99,15,broad,additive,-0.027555216996736888,0.41279126993524656,0.32351797617595957,-0.033786934843080915,0.38581905295312036,0.28007489887101467,-0.089273293759287,0.3510731931726965,-0.10574415408210569
99,30,broad,additive,-0.02731043874666395,0.4499342198592575,0.3509985414582923,-0.0383437080777264,0.4374019056762548,0.3063332100970642,-0.09893567840096523,0.37830898020495624,-0.1310686955791906
99,5,easy,catch_up,-0.6116434950400905,0.630883451833828,0.1301618747830289,-0.755941281226169,0.7515073974332831,0.06763449678303449,-0.5007215770507991,0.7418053698231194,-0.6838729006502486
99,10,easy,catch_up,-0.6584374167867931,0.6849434046576598,0.17137368657525756,-0.79239604497276,0.7943486836309573,0.10787968368605558,-0.5135697180824023,0.8298111033620507,-0.6864689999449017
99,15,easy,catch_up,-0.6758118741842274,0.7038608839722782,0.19694383878879715,-0.8160872674525687,0.8246666766518291,0.14126944477439873,-0.506917045183481,0.8727557129730246,-0.6833972318774304
99,30,easy,catch_up,-0.7078767924871363,0.7360478292083246,0.23302112596956556,-0.8393200793753411,0.8511883914577627,0.17006609669070138,-0.503026703238759,0.9408979184567019,-0.6811222947670613
99,5,broad,catch_up,-0.5207759840287736,0.6166497572501792,0.3002587608914489,-0.6886218287758391,0.6971720948540205,0.19288817195514613,-0.31639099635873036,0.8210347449202224,-0.5042839228988745
99,10,broad,catch_up,-0.5734535396238575,0.6990138553915357,0.358364470311911,-0.7551581562582921,0.7945963418360342,0.22048754732558912,-0.3406493850796247,0.9318180099357685,-0.574108794510445
99,15,broad,catch_up,-0.5948402758401532,0.7324603577889295,0.3735915611229614,-0.7893847300250718,0.8456340621897362,0.23145848925319412,-0.3588687966659681,0.9684318369631146,-0.6141755729365421
99,30,broad,catch_up,-0.6571309265662842,0.7860170921862416,0.40182146705484917,-0.836027904988183,0.8943671333248736,0.24839311176323703,-0.38419562513139244,1.0589523936211334,-0.6459740215616365
100,5,easy,proportional,0.4336510169743244,-0.15038591698740922,0.37490180335337203,0.776645512281815,-0.19848943024229124,0.7597479208680278,0.5252877203407813,-0.05874921362095237,0.958237351110319
100,10,easy,proportional,0.47843770075155256,-0.1303512535869872,0.44083937474017776,0.8144093113966733,-0.1292654919765145,0.8500834637665965,0.5711906283271649,-0.037598326011374805,0.979348955743111
100,15,easy,proportional,0.48683230417500356,-0.14858918287747383,0.44716785739910575,0.8351391309135587,-0.1559862224503451,0.8758555609262412,0.5957570402765796,-0.03966444677589781,1.0318417833765863
100,30,easy,proportional,0.5108730291962266,-0.16193196084650585,0.4641699031425845,0.8642929345686441,-0.1315803892946017,0.906342029092985,0.6261018639890903,-0.046703126053642074,1.0379224183875868
100,5,broad,proportional,0.5030735672193997,-0.09294482434704587,0.46500033620278264,0.7741442281288333,-0.049627010839982034,0.8101752710333008,0.5579451605498285,-0.038073231016617026,0.8598022818732828
100,10,broad,proportional,0.5554298888772584,-0.00460576388393694,0.5486647726732788,0.7971657485431743,0.08530717207883508,0.8712575749997438,0.5532705365572158,-0.006765116203979571,0.7859504029209087
100,15,broad,proportional,0.5674120844285833,-0.0023035379449653187,0.5603110535007173,0.8253133196852416,0.09231235359703654,0.894823177556376,0.5626145914456826,-0.007101030927865959,0.8025108239593395
100,30,broad,proportional,0.6009476520433407,0.047362993407432503,0.5899763894114647,0.8628806960152792,0.1907942756734302,0.9276205288448337,0.5426133960040321,-0.010971262631875978,0.7368262531714035
100,5,easy,additive,0.04069775390972744,0.08100333304887737,0.2507699533681039,0.03677251749699147,0.08134771647324542,0.2880080864269243,0.16976662031922657,0.2100721994583765,0.20666036995367892
100,10,easy,additive,0.033013780646398504,0.15795694483688194,0.32423693688404503,0.029045025225431512,0.1525942099991415,0.34436241688499897,0.1662799920471631,0.29122315623764655,0.19176820688585747
100,15,easy,additive,0.04655202090923686,0.1482600047439875,0.34273282967916757,0.04161024215727086,0.1409010051483872,0.3622109220847803,0.19447282493518006,0.2961808087699307,0.2213099169363931
100,30,easy,additive,0.04032746380642577,0.18172399649279133,0.36303676614939556,0.040704898455583644,0.15648240195592542,0.3706735837102533,0.18131276965660423,0.3227093023429698,0.21419118175432786
100,5,broad,additive,0.045579661749250266,0.16400695632619489,0.2868242591207192,0.04658877553379348,0.16539292427574376,0.2965816218348375,0.1228173027945243,0.24124459737146892,0.13118869755909374
100,10,broad,additive,0.0403765497818075,0.23491785463483658,0.31952978894973916,0.03611611506283639,0.23384151766714417,0.3167002538452734,0.08461193431490258,0.27915323916793167,0.08285873617812922
100,15,broad,additive,0.05206911882301673,0.23910898149094253,0.3400374136839089,0.048851594938922584,0.24125589076376092,0.3412785250110352,0.10092843219296635,0.28796829486089215,0.10002263424727431
100,30,broad,additive,0.04227037937287273,0.3413088575779069,0.3828583875601066,0.047499049087177406,0.31889174291270916,0.3754959513693276,0.041549529982199684,0.3405880081872339,0.056604208456618454
100,5,easy,catch_up,-0.6596507569448685,0.6620122896574736,0.08120210574560426,-0.7500674882222089,0.7490918081036426,0.07389541860691873,-0.5808101839118693,0.7408528626904728,-0.6751963894967239
100,10,easy,catch_up,-0.6850754038298572,0.7025031465963707,0.18177508331169842,-0.8007374010883551,0.8033978712831398,0.14465424821629783,-0.5207280632846722,0.8668504871415557,-0.658743623066842
100,15,easy,catch_up,-0.6873033276676561,0.7085392698335621,0.2136816524186504,-0.8092632878796335,0.8132178892103719,0.16833972111130502,-0.4948576174149117,0.9009849800863066,-0.6448781680990668
100,30,easy,catch_up,-0.7194782362477607,0.7449165908265133,0.23746963307706168,-0.8386175093766561,0.8467797940376893,0.15437085314740123,-0.5074469577494516,0.9569478693248225,-0.692408940890288
100,5,broad,catch_up,-0.6307820501290684,0.6521044567460316,0.14190402215604417,-0.7425342758619857,0.7395045298731957,0.08468337214443201,-0.5102004345899874,0.7726860722851125,-0.6548211577287637
100,10,broad,catch_up,-0.6403676760208308,0.7160276635880386,0.297796283787982,-0.7762922966438188,0.7838749800655448,0.17149341325355275,-0.4182313798000566,0.9381639598088127,-0.6123815668119921
100,15,broad,catch_up,-0.6534850631828533,0.74273761617979706,0.32071372064588405,-0.7901639766264839,0.8001145444837388,0.16536302599970598,-0.422023895533913,0.9741987838287374,-0.6347515184840328
100,30,broad,catch_up,-0.6892578307687848,0.8047484692285635,0.38713969933818027,-0.8314901913988944,0.8716012780259248,0.21592311373639655,-0.4176087698903832,1.076397530106965,-0.6556781642895282
