estimator,n,correlation,rank_correlation,ceiling_pre,ceiling_post,replicate,seed,items,difficulty,learning_form
baseline,1000,0.4748840092155352,0.7348380821116467,0.484,0.579,1,20261011,5,easy,proportional
observed_gain,1000,-0.10936414429620069,-0.1284497417985698,0.484,0.579,1,20261011,5,easy,proportional
post_score,1000,0.45326981828763857,0.7505414833644154,0.484,0.579,1,20261011,5,easy,proportional
baseline,1000,0.5080236755587156,0.8211684011966884,0.416,0.534,1,20261011,10,easy,proportional
observed_gain,1000,-0.1778456652521191,-0.23873109883559102,0.416,0.534,1,20261011,10,easy,proportional
post_score,1000,0.46116458442419,0.8149759299881567,0.416,0.534,1,20261011,10,easy,proportional
baseline,1000,0.5566977779366101,0.855373896239737,0.326,0.453,1,20261011,15,easy,proportional
observed_gain,1000,-0.18624524903409911,-0.19659760864719417,0.326,0.453,1,20261011,15,easy,proportional
post_score,1000,0.5034454005875889,0.86474797636825,0.326,0.453,1,20261011,15,easy,proportional
baseline,1000,0.5988150349051647,0.8895888031473822,0.185,0.321,1,20261011,30,easy,proportional
observed_gain,1000,-0.2039552348795116,-0.19278502846667478,0.185,0.321,1,20261011,30,easy,proportional
post_score,1000,0.5443517412940275,0.9158289361733423,0.185,0.321,1,20261011,30,easy,proportional
baseline,1000,0.46964794378441455,0.6787055518020529,0.218,0.306,1,20261011,5,broad,proportional
observed_gain,1000,-0.015583735636239092,-0.04711068231980097,0.218,0.306,1,20261011,5,broad,proportional
post_score,1000,0.49319625033448106,0.7200813992252136,0.218,0.306,1,20261011,5,broad,proportional
baseline,1000,0.5576011630325841,0.8181406880205631,0.154,0.254,1,20261011,10,broad,proportional
observed_gain,1000,-0.1016026749950768,-0.11999734216337418,0.154,0.254,1,20261011,10,broad,proportional
post_score,1000,0.5290955516903854,0.8256175964418804,0.154,0.254,1,20261011,10,broad,proportional
baseline,1000,0.6274506722552923,0.8570550655881575,0.078,0.171,1,20261011,15,broad,proportional
observed_gain,1000,-0.055338121229528636,-0.011945614451217015,0.078,0.171,1,20261011,15,broad,proportional
post_score,1000,0.6007685983711095,0.8895844913914872,0.078,0.171,1,20261011,15,broad,proportional
baseline,1000,0.6798556079511106,0.8819662026847691,0.022,0.071,1,20261011,30,broad,proportional
observed_gain,1000,0.013233790723491862,0.1003271023742185,0.022,0.071,1,20261011,30,broad,proportional
post_score,1000,0.6593914674736049,0.9285678881448438,0.022,0.071,1,20261011,30,broad,proportional
baseline,1000,0.059149555155125697,0.05740009641651466,0.484,0.703,1,20261011,5,easy,additive
observed_gain,1000,0.062196713166241806,0.056173774665902135,0.484,0.703,1,20261011,5,easy,additive
post_score,1000,0.2677199906662786,0.27675048362371035,0.484,0.703,1,20261011,5,easy,additive
baseline,1000,0.05039873281019269,0.0749112692298898,0.416,0.637,1,20261011,10,easy,additive
observed_gain,1000,0.06991071648617755,0.047536760160393286,0.416,0.637,1,20261011,10,easy,additive
post_score,1000,0.31200100082934884,0.3210445031378343,0.416,0.637,1,20261011,10,easy,additive
baseline,1000,0.058131449950033165,0.0696744302073055,0.326,0.52,1,20261011,15,easy,additive
observed_gain,1000,0.10924989743684276,0.07042452992294206,0.326,0.52,1,20261011,15,easy,additive
post_score,1000,0.3531267909036172,0.353133616276717,0.326,0.52,1,20261011,15,easy,additive
baseline,1000,0.058873375394806075,0.06862107266494034,0.185,0.331,1,20261011,30,easy,additive
observed_gain,1000,0.14856886319490517,0.10289959571781526,0.185,0.331,1,20261011,30,easy,additive
post_score,1000,0.3703242007219489,0.3625863428659861,0.185,0.331,1,20261011,30,easy,additive
baseline,1000,0.06528878557884328,0.06163839428010765,0.218,0.323,1,20261011,5,broad,additive
observed_gain,1000,0.03339822984217046,0.03469937724070223,0.218,0.323,1,20261011,5,broad,additive
post_score,1000,0.18029023621715537,0.17889995280900775,0.218,0.323,1,20261011,5,broad,additive
baseline,1000,0.059912416519444074,0.07479451796243533,0.154,0.251,1,20261011,10,broad,additive
observed_gain,1000,0.09727987129708743,0.06669248055881172,0.154,0.251,1,20261011,10,broad,additive
post_score,1000,0.28271060453976554,0.2613119128421991,0.154,0.251,1,20261011,10,broad,additive
baseline,1000,0.06398208068766191,0.06685151659842171,0.078,0.142,1,20261011,15,broad,additive
observed_gain,1000,0.1875379716379483,0.17546256726241466,0.078,0.142,1,20261011,15,broad,additive
post_score,1000,0.3318817723118418,0.3094261096471471,0.078,0.142,1,20261011,15,broad,additive
baseline,1000,0.05550550011733052,0.05867551692086221,0.022,0.037,1,20261011,30,broad,additive
observed_gain,1000,0.2784759535192337,0.2538280168468711,0.022,0.037,1,20261011,30,broad,additive
post_score,1000,0.34938611627356636,0.32368020267712455,0.022,0.037,1,20261011,30,broad,additive
baseline,1000,-0.6228264357613429,-0.6908894706310172,0.484,0.87,1,20261011,5,easy,catch_up
observed_gain,1000,0.6333738752556152,0.6780470271842529,0.484,0.87,1,20261011,5,easy,catch_up
post_score,1000,0.15089945667966687,0.10832675397465868,0.484,0.87,1,20261011,5,easy,catch_up
baseline,1000,-0.7088273201835684,-0.7657347925819221,0.416,0.856,1,20261011,10,easy,catch_up
observed_gain,1000,0.7184776125206213,0.7525596069953432,0.416,0.856,1,20261011,10,easy,catch_up
post_score,1000,0.15875593290373516,0.12793063360036983,0.416,0.856,1,20261011,10,easy,catch_up
baseline,1000,-0.7316357887418015,-0.8097923542106736,0.326,0.784,1,20261011,15,easy,catch_up
observed_gain,1000,0.7489768290526592,0.8021680530060917,0.326,0.784,1,20261011,15,easy,catch_up
post_score,1000,0.18087687878333472,0.1346394400065614,0.326,0.784,1,20261011,15,easy,catch_up
baseline,1000,-0.7597484973684795,-0.843254744284113,0.185,0.571,1,20261011,30,easy,catch_up
observed_gain,1000,0.786085512197245,0.8471783019343183,0.185,0.571,1,20261011,30,easy,catch_up
post_score,1000,0.24034419977257146,0.16631155337093478,0.185,0.571,1,20261011,30,easy,catch_up
baseline,1000,-0.5761403868410795,-0.6322520003365328,0.218,0.431,1,20261011,5,broad,catch_up
observed_gain,1000,0.5999734083324373,0.6055945836934733,0.218,0.431,1,20261011,5,broad,catch_up
post_score,1000,0.21216458881153882,0.1027924091949556,0.218,0.431,1,20261011,5,broad,catch_up
baseline,1000,-0.7023488402168644,-0.7663714196589703,0.154,0.384,1,20261011,10,broad,catch_up
observed_gain,1000,0.729165241010946,0.7433674242669396,0.154,0.384,1,20261011,10,broad,catch_up
post_score,1000,0.24358940327332343,0.12623120132185178,0.154,0.384,1,20261011,10,broad,catch_up
baseline,1000,-0.7124285785374873,-0.8147996731060585,0.078,0.239,1,20261011,15,broad,catch_up
observed_gain,1000,0.767407441288953,0.8092255995966064,0.078,0.239,1,20261011,15,broad,catch_up
post_score,1000,0.30301078643965534,0.1477482141707282,0.078,0.239,1,20261011,15,broad,catch_up
baseline,1000,-0.7277738620587306,-0.8453038376925133,0.022,0.063,1,20261011,30,broad,catch_up
observed_gain,1000,0.820989573242092,0.8619050770193327,0.022,0.063,1,20261011,30,broad,catch_up
post_score,1000,0.37592324051331294,0.17882891319805597,0.022,0.063,1,20261011,30,broad,catch_up
baseline,1000,0.5400143307446365,0.764606206027488,0.381,0.525,2,20261012,5,easy,proportional
observed_gain,1000,-0.07375985186560337,-0.03380195477402061,0.381,0.525,2,20261012,5,easy,proportional
post_score,1000,0.5055007169457931,0.8039652968244868,0.381,0.525,2,20261012,5,easy,proportional
baseline,1000,0.5457428452538542,0.8214290198603782,0.353,0.494,2,20261012,10,easy,proportional
observed_gain,1000,-0.16023088641215963,-0.15564867509074284,0.353,0.494,2,20261012,10,easy,proportional
post_score,1000,0.49922326575582465,0.8406370214059522,0.353,0.494,2,20261012,10,easy,proportional
baseline,1000,0.5418723667121231,0.8345013313796529,0.317,0.466,2,20261012,15,easy,proportional
observed_gain,1000,-0.18130841849916554,-0.19261281394465696,0.317,0.466,2,20261012,15,easy,proportional
post_score,1000,0.493522399837314,0.8589693858799095,0.317,0.466,2,20261012,15,easy,proportional
baseline,1000,0.5602088740730345,0.8598621790849085,0.219,0.37,2,20261012,30,easy,proportional
observed_gain,1000,-0.23158394520680964,-0.2422160501322029,0.219,0.37,2,20261012,30,easy,proportional
post_score,1000,0.514015366552824,0.895687726573162,0.219,0.37,2,20261012,30,easy,proportional
baseline,1000,0.5583414398074248,0.6662423018513928,0.161,0.287,2,20261012,5,broad,proportional
observed_gain,1000,0.07052608249684025,0.14645157375950846,0.161,0.287,2,20261012,5,broad,proportional
post_score,1000,0.5957555678440218,0.7823595691256634,0.161,0.287,2,20261012,5,broad,proportional
baseline,1000,0.6098800114028256,0.8007354165264143,0.141,0.26,2,20261012,10,broad,proportional
observed_gain,1000,-0.008366065864773113,0.06540562546796774,0.141,0.26,2,20261012,10,broad,proportional
post_score,1000,0.6061855583265686,0.870207726888349,0.141,0.26,2,20261012,10,broad,proportional
baseline,1000,0.6202155574005838,0.8386726285186559,0.125,0.238,2,20261012,15,broad,proportional
observed_gain,1000,-0.03728873966958458,0.040999620249607016,0.125,0.238,2,20261012,15,broad,proportional
post_score,1000,0.6022687753435677,0.8925878075184994,0.125,0.238,2,20261012,15,broad,proportional
baseline,1000,0.6422952919081213,0.8648031317013716,0.045,0.122,2,20261012,30,broad,proportional
observed_gain,1000,-0.03462021962169413,0.06695786904310158,0.045,0.122,2,20261012,30,broad,proportional
post_score,1000,0.6253152185594966,0.9211232969975408,0.045,0.122,2,20261012,30,broad,proportional
baseline,1000,-0.018504241399435763,-0.055696112141106854,0.381,0.641,2,20261012,5,easy,additive
observed_gain,1000,0.19885232939651082,0.23628547645813383,0.381,0.641,2,20261012,5,easy,additive
post_score,1000,0.2579998468821713,0.2536687853107628,0.381,0.641,2,20261012,5,easy,additive
baseline,1000,-0.019646576559914534,-0.04930125234522149,0.353,0.602,2,20261012,10,easy,additive
observed_gain,1000,0.17058387070677225,0.18679312862089953,0.353,0.602,2,20261012,10,easy,additive
post_score,1000,0.2863334151844156,0.2795580236948432,0.353,0.602,2,20261012,10,easy,additive
baseline,1000,-0.031511410965255074,-0.052274122210421665,0.317,0.561,2,20261012,15,easy,additive
observed_gain,1000,0.1781277548277212,0.18761095109118092,0.317,0.561,2,20261012,15,easy,additive
post_score,1000,0.30320512279705975,0.2943192609810605,0.317,0.561,2,20261012,15,easy,additive
baseline,1000,-0.030296026139030645,-0.05506869092347827,0.219,0.401,2,20261012,30,easy,additive
observed_gain,1000,0.19134962417872822,0.19701362197185537,0.219,0.401,2,20261012,30,easy,additive
post_score,1000,0.32847304957163287,0.30079902339465314,0.219,0.401,2,20261012,30,easy,additive
baseline,1000,-0.040279645097499,-0.06137167494646265,0.161,0.285,2,20261012,5,broad,additive
observed_gain,1000,0.2624417704184028,0.28188277160327446,0.161,0.285,2,20261012,5,broad,additive
post_score,1000,0.23688669767125545,0.21777980401942534,0.161,0.285,2,20261012,5,broad,additive
baseline,1000,-0.04349354810790483,-0.06618042660169979,0.141,0.246,2,20261012,10,broad,additive
observed_gain,1000,0.3172865040461472,0.33493098939410004,0.141,0.246,2,20261012,10,broad,additive
post_score,1000,0.3023953926733702,0.2736989563075662,0.141,0.246,2,20261012,10,broad,additive
baseline,1000,-0.036368821233039604,-0.05270121278077506,0.125,0.215,2,20261012,15,broad,additive
observed_gain,1000,0.30953874121167524,0.3109314385012156,0.125,0.215,2,20261012,15,broad,additive
post_score,1000,0.31556609408732067,0.2803026962769572,0.125,0.215,2,20261012,15,broad,additive
baseline,1000,-0.03611399798353781,-0.05404590622641834,0.045,0.083,2,20261012,30,broad,additive
observed_gain,1000,0.33158731154073173,0.33305016640400414,0.045,0.083,2,20261012,30,broad,additive
post_score,1000,0.32334549819423264,0.2846479097396918,0.045,0.083,2,20261012,30,broad,additive
baseline,1000,-0.6371455985351208,-0.7607332337408222,0.381,0.877,2,20261012,5,easy,catch_up
observed_gain,1000,0.6471560812907693,0.751187620430577,0.381,0.877,2,20261012,5,easy,catch_up
post_score,1000,0.13837804058066952,0.10016070324102805,0.381,0.877,2,20261012,5,easy,catch_up
baseline,1000,-0.7117683422831009,-0.8037664196042055,0.353,0.844,2,20261012,10,easy,catch_up
observed_gain,1000,0.7245460913225139,0.7961916966577156,0.353,0.844,2,20261012,10,easy,catch_up
post_score,1000,0.15187116540380288,0.09964394786561871,0.353,0.844,2,20261012,10,easy,catch_up
baseline,1000,-0.7323596571612148,-0.8173401097523572,0.317,0.812,2,20261012,15,easy,catch_up
observed_gain,1000,0.7452020389928493,0.8103801307931452,0.317,0.812,2,20261012,15,easy,catch_up
post_score,1000,0.16451922698623414,0.10192505501415945,0.317,0.812,2,20261012,15,easy,catch_up
baseline,1000,-0.7490992110923336,-0.8444960672616755,0.219,0.653,2,20261012,30,easy,catch_up
observed_gain,1000,0.7661873553331577,0.8434597280586182,0.219,0.653,2,20261012,30,easy,catch_up
post_score,1000,0.22820625313093273,0.13513578259012946,0.219,0.653,2,20261012,30,easy,catch_up
baseline,1000,-0.520040268642595,-0.6796508417785213,0.161,0.485,2,20261012,5,broad,catch_up
observed_gain,1000,0.6048727823142314,0.6894907038165099,0.161,0.485,2,20261012,5,broad,catch_up
post_score,1000,0.26374712508446985,0.12952683338296178,0.161,0.485,2,20261012,5,broad,catch_up
baseline,1000,-0.668524457927017,-0.8047957608431084,0.141,0.445,2,20261012,10,broad,catch_up
observed_gain,1000,0.7331322557128324,0.8170195160109321,0.141,0.445,2,20261012,10,broad,catch_up
post_score,1000,0.2876545049058746,0.16191097783269254,0.141,0.445,2,20261012,10,broad,catch_up
baseline,1000,-0.6983246356070308,-0.8248092462343096,0.125,0.402,2,20261012,15,broad,catch_up
observed_gain,1000,0.7592840801705527,0.8401357994185364,0.125,0.402,2,20261012,15,broad,catch_up
post_score,1000,0.2943317636849671,0.16406285812977187,0.125,0.402,2,20261012,15,broad,catch_up
baseline,1000,-0.7266024566003052,-0.848197243532131,0.045,0.159,2,20261012,30,broad,catch_up
observed_gain,1000,0.8045307460636445,0.8746926556652954,0.045,0.159,2,20261012,30,broad,catch_up
post_score,1000,0.3731449807927764,0.2062142793858753,0.045,0.159,2,20261012,30,broad,catch_up
baseline,1000,0.4608605063252461,0.7474373168957644,0.483,0.614,3,20261013,5,easy,proportional
observed_gain,1000,-0.12905681483410864,-0.15903256631917467,0.483,0.614,3,20261013,5,easy,proportional
post_score,1000,0.4178138564904532,0.7666643914166402,0.483,0.614,3,20261013,5,easy,proportional
baseline,1000,0.5008849146117196,0.7988371808916338,0.383,0.527,3,20261013,10,easy,proportional
observed_gain,1000,-0.1587037448273113,-0.18916715788836047,0.383,0.527,3,20261013,10,easy,proportional
post_score,1000,0.45248300464029745,0.8259116412794829,0.383,0.527,3,20261013,10,easy,proportional
baseline,1000,0.5036792715859766,0.8135750314950642,0.343,0.481,3,20261013,15,easy,proportional
observed_gain,1000,-0.17490386049385778,-0.1943715958358386,0.343,0.481,3,20261013,15,easy,proportional
post_score,1000,0.45626784902272155,0.8484636157954769,0.343,0.481,3,20261013,15,easy,proportional
baseline,1000,0.5487221079478567,0.8521055564236037,0.197,0.314,3,20261013,30,easy,proportional
observed_gain,1000,-0.17976395203553527,-0.14088878046326844,0.197,0.314,3,20261013,30,easy,proportional
post_score,1000,0.49906770018666063,0.8999502915978749,0.197,0.314,3,20261013,30,easy,proportional
baseline,1000,0.5329808475159965,0.7541841443428278,0.274,0.399,3,20261013,5,broad,proportional
observed_gain,1000,-0.07726642458781072,-0.0711824621870412,0.274,0.399,3,20261013,5,broad,proportional
post_score,1000,0.5039803989196647,0.7949901558940096,0.274,0.399,3,20261013,5,broad,proportional
baseline,1000,0.5840018889275846,0.8104188283808068,0.171,0.285,3,20261013,10,broad,proportional
observed_gain,1000,-0.06827208548497012,-0.01761676822341443,0.171,0.285,3,20261013,10,broad,proportional
post_score,1000,0.5585255059362658,0.8762434987461528,0.171,0.285,3,20261013,10,broad,proportional
baseline,1000,0.6001763827459327,0.833723648151031,0.14,0.242,3,20261013,15,broad,proportional
observed_gain,1000,-0.08445026187709169,-0.015483645284489285,0.14,0.242,3,20261013,15,broad,proportional
post_score,1000,0.5664376596883534,0.8974365125675922,0.14,0.242,3,20261013,15,broad,proportional
baseline,1000,0.6510014843240098,0.8574544537912845,0.031,0.081,3,20261013,30,broad,proportional
observed_gain,1000,-0.020367306243204118,0.10642765242817397,0.031,0.081,3,20261013,30,broad,proportional
post_score,1000,0.6288215688606325,0.923359239202449,0.031,0.081,3,20261013,30,broad,proportional
baseline,1000,0.005785165425683576,0.03436425234549089,0.483,0.775,3,20261013,5,easy,additive
observed_gain,1000,0.11119879700567481,0.07864871718977816,0.483,0.775,3,20261013,5,easy,additive
post_score,1000,0.23239795048423972,0.2637399297844005,0.483,0.775,3,20261013,5,easy,additive
baseline,1000,-0.002455680679711653,0.019151998905424666,0.383,0.646,3,20261013,10,easy,additive
observed_gain,1000,0.15662624479831957,0.11162300027428541,0.383,0.646,3,20261013,10,easy,additive
post_score,1000,0.28872581498910965,0.3213413593530764,0.383,0.646,3,20261013,10,easy,additive
baseline,1000,-0.0026794298229439544,0.021931419145282155,0.343,0.583,3,20261013,15,easy,additive
observed_gain,1000,0.15080548271383926,0.10757571785669183,0.343,0.583,3,20261013,15,easy,additive
post_score,1000,0.30296023056674665,0.33124055745817,0.343,0.583,3,20261013,15,easy,additive
baseline,1000,-1.8706315993636253e-4,0.026441935940863373,0.197,0.341,3,20261013,30,easy,additive
observed_gain,1000,0.21252196548417465,0.16114664596948705,0.197,0.341,3,20261013,30,easy,additive
post_score,1000,0.34841727433529557,0.36439362284491444,0.197,0.341,3,20261013,30,easy,additive
baseline,1000,0.0143258612237039,0.048790459326139485,0.274,0.457,3,20261013,5,broad,additive
observed_gain,1000,0.18520099389026573,0.1385172350277475,0.274,0.457,3,20261013,5,broad,additive
post_score,1000,0.27266215445859193,0.26591368906589885,0.274,0.457,3,20261013,5,broad,additive
baseline,1000,0.009497987185694057,0.031159022325181356,0.171,0.301,3,20261013,10,broad,additive
observed_gain,1000,0.28353516770634485,0.24464191850962375,0.171,0.301,3,20261013,10,broad,additive
post_score,1000,0.3373011566066595,0.3413973660351743,0.171,0.301,3,20261013,10,broad,additive
baseline,1000,0.01750810549375296,0.03915186238319667,0.14,0.239,3,20261013,15,broad,additive
observed_gain,1000,0.2900695720641399,0.24204622529091918,0.14,0.239,3,20261013,15,broad,additive
post_score,1000,0.35862892365215004,0.3594554762176876,0.14,0.239,3,20261013,15,broad,additive
baseline,1000,0.018561508115303063,0.0412197788241515,0.031,0.05,3,20261013,30,broad,additive
observed_gain,1000,0.35721129368106463,0.3041149936602094,0.031,0.05,3,20261013,30,broad,additive
post_score,1000,0.3644003392013281,0.36089365495678,0.031,0.05,3,20261013,30,broad,additive
baseline,1000,-0.6216215841300461,-0.7128280830953496,0.483,0.939,3,20261013,5,easy,catch_up
observed_gain,1000,0.6232213033178249,0.7007717630107306,0.483,0.939,3,20261013,5,easy,catch_up
post_score,1000,0.09385651706973498,0.06361497721927298,0.483,0.939,3,20261013,5,easy,catch_up
baseline,1000,-0.6771403239516084,-0.7814955826349097,0.383,0.87,3,20261013,10,easy,catch_up
observed_gain,1000,0.6886647628940885,0.7734595715944091,0.383,0.87,3,20261013,10,easy,catch_up
post_score,1000,0.1467437624746901,0.10356688669313852,0.383,0.87,3,20261013,10,easy,catch_up
baseline,1000,-0.6817153648433598,-0.79292470293507,0.343,0.829,3,20261013,15,easy,catch_up
observed_gain,1000,0.6923370595962165,0.7829659295059104,0.343,0.829,3,20261013,15,easy,catch_up
post_score,1000,0.15756458833448872,0.11678318996005534,0.343,0.829,3,20261013,15,easy,catch_up
baseline,1000,-0.7014322136554093,-0.8264914179178087,0.197,0.559,3,20261013,30,easy,catch_up
observed_gain,1000,0.7277846229121778,0.8325659695970368,0.197,0.559,3,20261013,30,easy,catch_up
post_score,1000,0.24713249888289718,0.1705163241586838,0.197,0.559,3,20261013,30,easy,catch_up
baseline,1000,-0.5932415685963458,-0.7135460953235713,0.274,0.674,3,20261013,5,broad,catch_up
observed_gain,1000,0.6241882742495579,0.7097275201006796,0.274,0.674,3,20261013,5,broad,catch_up
post_score,1000,0.189974800498236,0.11127136657222465,0.274,0.674,3,20261013,5,broad,catch_up
baseline,1000,-0.6359894571283211,-0.7858453360381403,0.171,0.497,3,20261013,10,broad,catch_up
observed_gain,1000,0.6899517657683429,0.8044634035117489,0.171,0.497,3,20261013,10,broad,catch_up
post_score,1000,0.2534910622832345,0.16948322896724097,0.171,0.497,3,20261013,10,broad,catch_up
baseline,1000,-0.6476876514050013,-0.79842766688272,0.14,0.413,3,20261013,15,broad,catch_up
observed_gain,1000,0.7088898040060282,0.8205517556327118,0.14,0.413,3,20261013,15,broad,catch_up
post_score,1000,0.282959011580342,0.19538152656443017,0.14,0.413,3,20261013,15,broad,catch_up
baseline,1000,-0.6560386675871299,-0.8176527997231721,0.031,0.086,3,20261013,30,broad,catch_up
observed_gain,1000,0.7660680782310081,0.8618694767043574,0.031,0.086,3,20261013,30,broad,catch_up
post_score,1000,0.3763605151093808,0.20363822665777023,0.031,0.086,3,20261013,30,broad,catch_up
baseline,1000,0.5302490955243572,0.7251082875959115,0.285,0.447,4,20261014,5,easy,proportional
observed_gain,1000,-0.03214527092407082,0.03264100916405255,0.285,0.447,4,20261014,5,easy,proportional
post_score,1000,0.511226354550147,0.8002254775059615,0.285,0.447,4,20261014,5,easy,proportional
baseline,1000,0.5547413140356372,0.8090738178576445,0.252,0.412,4,20261014,10,easy,proportional
observed_gain,1000,-0.0963978645633462,-0.06015286153162792,0.252,0.412,4,20261014,10,easy,proportional
post_score,1000,0.5172318019371129,0.8495149876561113,0.252,0.412,4,20261014,10,easy,proportional
baseline,1000,0.5755480993962229,0.8457617237625115,0.207,0.357,4,20261014,15,easy,proportional
observed_gain,1000,-0.12474378986965637,-0.056780568877442365,0.207,0.357,4,20261014,15,easy,proportional
post_score,1000,0.5253003224994591,0.8796147626836085,0.207,0.357,4,20261014,15,easy,proportional
baseline,1000,0.6028392331803557,0.8773073764547917,0.149,0.256,4,20261014,30,easy,proportional
observed_gain,1000,-0.18535958788108264,-0.10953033373759698,0.149,0.256,4,20261014,30,easy,proportional
post_score,1000,0.5444699568786654,0.9113991938098546,0.149,0.256,4,20261014,30,easy,proportional
baseline,1000,0.5002972018395442,0.5380457017352864,0.065,0.139,4,20261014,5,broad,proportional
observed_gain,1000,0.12169116030509904,0.14732591725103394,0.065,0.139,4,20261014,5,broad,proportional
post_score,1000,0.5881313038267385,0.650838897180552,0.065,0.139,4,20261014,5,broad,proportional
baseline,1000,0.6107610027441659,0.7426622417423434,0.049,0.123,4,20261014,10,broad,proportional
observed_gain,1000,0.07866609276115494,0.13896892743282563,0.049,0.123,4,20261014,10,broad,proportional
post_score,1000,0.6431222738846123,0.8326097902448323,0.049,0.123,4,20261014,10,broad,proportional
baseline,1000,0.6523691700300835,0.8078867606093222,0.037,0.102,4,20261014,15,broad,proportional
observed_gain,1000,0.07764211609272988,0.1627415351117787,0.037,0.102,4,20261014,15,broad,proportional
post_score,1000,0.6646393717134204,0.8778207613366187,0.037,0.102,4,20261014,15,broad,proportional
baseline,1000,0.7010737803631178,0.8537267197073841,0.014,0.063,4,20261014,30,broad,proportional
observed_gain,1000,0.12067550710750996,0.2529475105363228,0.014,0.063,4,20261014,30,broad,proportional
post_score,1000,0.7011379306682369,0.9115871217330187,0.014,0.063,4,20261014,30,broad,proportional
baseline,1000,-0.018861246768409896,-0.026866196029619368,0.285,0.515,4,20261014,5,easy,additive
observed_gain,1000,0.2413428353336962,0.2410761423547679,0.285,0.515,4,20261014,5,easy,additive
post_score,1000,0.27873920724841694,0.27669120258750396,0.285,0.515,4,20261014,5,easy,additive
baseline,1000,0.002431597870453625,-0.012693375434632446,0.252,0.466,4,20261014,10,easy,additive
observed_gain,1000,0.24094459766165957,0.250685666897152,0.252,0.466,4,20261014,10,easy,additive
post_score,1000,0.32687991580929077,0.3066608072438637,0.252,0.466,4,20261014,10,easy,additive
baseline,1000,0.016018522824607966,0.0011086629324248097,0.207,0.393,4,20261014,15,easy,additive
observed_gain,1000,0.23472751214687002,0.24279372709308325,0.207,0.393,4,20261014,15,easy,additive
post_score,1000,0.3440803497886765,0.32269527804679204,0.207,0.393,4,20261014,15,easy,additive
baseline,1000,0.028974067294528505,0.011499150461532687,0.149,0.26,4,20261014,30,easy,additive
observed_gain,1000,0.24626759701832668,0.23798736429285763,0.149,0.26,4,20261014,30,easy,additive
post_score,1000,0.35550719753332916,0.32208092677168404,0.149,0.26,4,20261014,30,easy,additive
baseline,1000,0.022490903096178946,0.013743747826562347,0.065,0.113,4,20261014,5,broad,additive
observed_gain,1000,0.11770334403304536,0.1090037280485624,0.065,0.113,4,20261014,5,broad,additive
post_score,1000,0.16566274230972292,0.1454200793875337,0.065,0.113,4,20261014,5,broad,additive
baseline,1000,0.028735344274770883,0.01498867922607984,0.049,0.091,4,20261014,10,broad,additive
observed_gain,1000,0.23047158027536507,0.22147813049802745,0.049,0.091,4,20261014,10,broad,additive
post_score,1000,0.28209098770169205,0.2663213494078665,0.049,0.091,4,20261014,10,broad,additive
baseline,1000,0.03597973826013969,0.02463919796819535,0.037,0.064,4,20261014,15,broad,additive
observed_gain,1000,0.26387850174274446,0.2560931009843281,0.037,0.064,4,20261014,15,broad,additive
post_score,1000,0.3075551305333727,0.2899229646070176,0.037,0.064,4,20261014,15,broad,additive
baseline,1000,0.033030312265128696,0.02334719858863282,0.014,0.025,4,20261014,30,broad,additive
observed_gain,1000,0.36362248729679403,0.33829435413855125,0.014,0.025,4,20261014,30,broad,additive
post_score,1000,0.32660017637401456,0.3070711710565249,0.014,0.025,4,20261014,30,broad,additive
baseline,1000,-0.6104845745720568,-0.7403179043874001,0.285,0.772,4,20261014,5,easy,catch_up
observed_gain,1000,0.6361221440691144,0.7305408936409208,0.285,0.772,4,20261014,5,easy,catch_up
post_score,1000,0.17790264761753544,0.11532849359903112,0.285,0.772,4,20261014,5,easy,catch_up
baseline,1000,-0.6795736129936172,-0.8049613389167352,0.252,0.728,4,20261014,10,easy,catch_up
observed_gain,1000,0.7057020686999955,0.8041611599848016,0.252,0.728,4,20261014,10,easy,catch_up
post_score,1000,0.17638437617220556,0.10836838204944502,0.252,0.728,4,20261014,10,easy,catch_up
baseline,1000,-0.7025763077482653,-0.825993094278209,0.207,0.645,4,20261014,15,easy,catch_up
observed_gain,1000,0.7367835643983676,0.8352859627604383,0.207,0.645,4,20261014,15,easy,catch_up
post_score,1000,0.20737266356813336,0.12485436555462975,0.207,0.645,4,20261014,15,easy,catch_up
baseline,1000,-0.7219849808668066,-0.8456241498286966,0.149,0.464,4,20261014,30,easy,catch_up
observed_gain,1000,0.7664716460119446,0.866274690170572,0.149,0.464,4,20261014,30,easy,catch_up
post_score,1000,0.26140944502547286,0.15161144679239819,0.149,0.464,4,20261014,30,easy,catch_up
baseline,1000,-0.429732720420873,-0.5141014838649685,0.065,0.183,4,20261014,5,broad,catch_up
observed_gain,1000,0.5510555822400738,0.5076077286976437,0.065,0.183,4,20261014,5,broad,catch_up
post_score,1000,0.31993205755619997,0.17360604639974428,0.065,0.183,4,20261014,5,broad,catch_up
baseline,1000,-0.5767841995203212,-0.7181476470856074,0.049,0.148,4,20261014,10,broad,catch_up
observed_gain,1000,0.6920389002585353,0.7274860188206788,0.049,0.148,4,20261014,10,broad,catch_up
post_score,1000,0.34218537122006054,0.1848405558433013,0.049,0.148,4,20261014,10,broad,catch_up
baseline,1000,-0.6204901212461577,-0.7700804510926793,0.037,0.104,4,20261014,15,broad,catch_up
observed_gain,1000,0.7472276117030192,0.7925048235047697,0.037,0.104,4,20261014,15,broad,catch_up
post_score,1000,0.3727655050093399,0.19362472704050432,0.037,0.104,4,20261014,15,broad,catch_up
baseline,1000,-0.6507593619475749,-0.813057722465099,0.014,0.045,4,20261014,30,broad,catch_up
observed_gain,1000,0.8196201181566419,0.8616370438740022,0.014,0.045,4,20261014,30,broad,catch_up
post_score,1000,0.4228561743189335,0.2110469181009846,0.014,0.045,4,20261014,30,broad,catch_up
baseline,1000,0.5784850082793819,0.7634608789799481,0.345,0.486,5,20261015,5,easy,proportional
observed_gain,1000,-0.0856473360954736,-0.06135940029075109,0.345,0.486,5,20261015,5,easy,proportional
post_score,1000,0.5351350475505269,0.7937548551201945,0.345,0.486,5,20261015,5,easy,proportional
baseline,1000,0.6044297976959496,0.8224255593121692,0.279,0.425,5,20261015,10,easy,proportional
observed_gain,1000,-0.12991901602229322,-0.08382608601523397,0.279,0.425,5,20261015,10,easy,proportional
post_score,1000,0.5479682607178243,0.8467223804451413,0.279,0.425,5,20261015,10,easy,proportional
baseline,1000,0.6209057608675591,0.8474519436805901,0.243,0.381,5,20261015,15,easy,proportional
observed_gain,1000,-0.15901292108250623,-0.09136433319204594,0.243,0.381,5,20261015,15,easy,proportional
post_score,1000,0.5574624454220147,0.8744610868061211,0.243,0.381,5,20261015,15,easy,proportional
baseline,1000,0.6302722966546023,0.8671000677852393,0.173,0.309,5,20261015,30,easy,proportional
observed_gain,1000,-0.1650630096271091,-0.09967964324185097,0.173,0.309,5,20261015,30,easy,proportional
post_score,1000,0.5722559084975058,0.9026263519190764,0.173,0.309,5,20261015,30,easy,proportional
baseline,1000,0.593113506688546,0.6535680941298405,0.111,0.218,5,20261015,5,broad,proportional
observed_gain,1000,0.09938059251465897,0.1531222655851507,0.111,0.218,5,20261015,5,broad,proportional
post_score,1000,0.6350941943522121,0.7541894979250091,0.111,0.218,5,20261015,5,broad,proportional
baseline,1000,0.6710732519205141,0.7608479308360464,0.073,0.169,5,20261015,10,broad,proportional
observed_gain,1000,0.07299025660715698,0.20338532877323018,0.073,0.169,5,20261015,10,broad,proportional
post_score,1000,0.6771287860008569,0.8636784143783092,0.073,0.169,5,20261015,10,broad,proportional
baseline,1000,0.7023137268379506,0.8053352797826936,0.057,0.14,5,20261015,15,broad,proportional
observed_gain,1000,0.06449996984525087,0.20377831993043197,0.057,0.14,5,20261015,15,broad,proportional
post_score,1000,0.6882510867532962,0.8859535591706855,0.057,0.14,5,20261015,15,broad,proportional
baseline,1000,0.7232015812164865,0.8460598293467977,0.022,0.095,5,20261015,30,broad,proportional
observed_gain,1000,0.10650554149076369,0.2496822168193393,0.022,0.095,5,20261015,30,broad,proportional
post_score,1000,0.7198307101889039,0.9229360567195486,0.022,0.095,5,20261015,30,broad,proportional
baseline,1000,-0.005799825593572926,-0.01932284724016617,0.345,0.607,5,20261015,5,easy,additive
observed_gain,1000,0.1904413262428181,0.1928958527846723,0.345,0.607,5,20261015,5,easy,additive
post_score,1000,0.24939027705902048,0.25415891533355145,0.345,0.607,5,20261015,5,easy,additive
baseline,1000,-0.031558168605546943,-0.026905813021075496,0.279,0.508,5,20261015,10,easy,additive
observed_gain,1000,0.23943266035965985,0.2279453531271017,0.279,0.508,5,20261015,10,easy,additive
post_score,1000,0.2898892183465277,0.2763246322202576,0.279,0.508,5,20261015,10,easy,additive
baseline,1000,-0.028231435626633765,-0.019147547337185593,0.243,0.437,5,20261015,15,easy,additive
observed_gain,1000,0.24614661773769492,0.23758109405327077,0.243,0.437,5,20261015,15,easy,additive
post_score,1000,0.30618787282413557,0.2983345299662946,0.243,0.437,5,20261015,15,easy,additive
baseline,1000,-0.031293217663364854,-0.023108044836921464,0.173,0.319,5,20261015,30,easy,additive
observed_gain,1000,0.2716283330369572,0.2546632493577474,0.173,0.319,5,20261015,30,easy,additive
post_score,1000,0.33504284853151167,0.3057460454510999,0.173,0.319,5,20261015,30,easy,additive
baseline,1000,0.014417369677163755,0.015747129397807754,0.111,0.205,5,20261015,5,broad,additive
observed_gain,1000,0.18696245650785168,0.1604769555867251,0.111,0.205,5,20261015,5,broad,additive
post_score,1000,0.21081847101370146,0.18993257921057216,0.111,0.205,5,20261015,5,broad,additive
baseline,1000,-0.009399129446371507,-0.015578201803459068,0.073,0.142,5,20261015,10,broad,additive
observed_gain,1000,0.30764565765773016,0.27403287728714426,0.073,0.142,5,20261015,10,broad,additive
post_score,1000,0.2782500288624863,0.25468682745981147,0.073,0.142,5,20261015,10,broad,additive
baseline,1000,-0.012314697081772626,-0.012163924218988502,0.057,0.107,5,20261015,15,broad,additive
observed_gain,1000,0.3579950166794435,0.32201346593412866,0.057,0.107,5,20261015,15,broad,additive
post_score,1000,0.2973015711596794,0.27429486200218756,0.057,0.107,5,20261015,15,broad,additive
baseline,1000,-0.019410203347435952,-0.015178008979350958,0.022,0.053,5,20261015,30,broad,additive
observed_gain,1000,0.43471628493853703,0.3890433048200534,0.022,0.053,5,20261015,30,broad,additive
post_score,1000,0.32400512193403214,0.2991338690391555,0.022,0.053,5,20261015,30,broad,additive
baseline,1000,-0.6079319837330713,-0.7528575607061804,0.345,0.828,5,20261015,5,easy,catch_up
observed_gain,1000,0.6321008389788161,0.7469485065766993,0.345,0.828,5,20261015,5,easy,catch_up
post_score,1000,0.15134615364944337,0.08869714401021944,0.345,0.828,5,20261015,5,easy,catch_up
baseline,1000,-0.6954157216910041,-0.8138503835750414,0.279,0.765,5,20261015,10,easy,catch_up
observed_gain,1000,0.7177334173127834,0.8138014372404786,0.279,0.765,5,20261015,10,easy,catch_up
post_score,1000,0.18292024031539947,0.1188494769893182,0.279,0.765,5,20261015,10,easy,catch_up
baseline,1000,-0.7152471791644911,-0.8296582768435052,0.243,0.693,5,20261015,15,easy,catch_up
observed_gain,1000,0.7391527575859937,0.8321987408966289,0.243,0.693,5,20261015,15,easy,catch_up
post_score,1000,0.21004251226172918,0.14608086556170266,0.243,0.693,5,20261015,15,easy,catch_up
baseline,1000,-0.7290412605154402,-0.8497572612984549,0.173,0.559,5,20261015,30,easy,catch_up
observed_gain,1000,0.7598919544159176,0.8598564083065211,0.173,0.559,5,20261015,30,easy,catch_up
post_score,1000,0.25164096053488594,0.17035257094953846,0.173,0.559,5,20261015,30,easy,catch_up
baseline,1000,-0.46899482440509793,-0.6212564331700643,0.111,0.352,5,20261015,5,broad,catch_up
observed_gain,1000,0.5770087273827722,0.6264162920099741,0.111,0.352,5,20261015,5,broad,catch_up
post_score,1000,0.2771319552547884,0.14165062963659408,0.111,0.352,5,20261015,5,broad,catch_up
baseline,1000,-0.5826604988351644,-0.7513765517094005,0.073,0.262,5,20261015,10,broad,catch_up
observed_gain,1000,0.6953387041054425,0.7865674528611252,0.073,0.262,5,20261015,10,broad,catch_up
post_score,1000,0.317226683906986,0.18807010479736988,0.073,0.262,5,20261015,10,broad,catch_up
baseline,1000,-0.6175485067463392,-0.7919844242763768,0.057,0.202,5,20261015,15,broad,catch_up
observed_gain,1000,0.7371533168860368,0.8350826620379028,0.057,0.202,5,20261015,15,broad,catch_up
post_score,1000,0.3568273267405439,0.22032709048436214,0.057,0.202,5,20261015,15,broad,catch_up
baseline,1000,-0.6496065472962352,-0.825503676442235,0.022,0.1,5,20261015,30,broad,catch_up
observed_gain,1000,0.792586068935669,0.8780801666283002,0.022,0.1,5,20261015,30,broad,catch_up
post_score,1000,0.41279890710593503,0.2475950920072688,0.022,0.1,5,20261015,30,broad,catch_up
baseline,1000,0.3819622235681073,0.7257996367749253,0.613,0.715,6,20261016,5,easy,proportional
observed_gain,1000,-0.12734356257189386,-0.20565891070864292,0.613,0.715,6,20261016,5,easy,proportional
post_score,1000,0.3405913731542217,0.7233018347206559,0.613,0.715,6,20261016,5,easy,proportional
baseline,1000,0.4127044398042015,0.7853294763837643,0.509,0.627,6,20261016,10,easy,proportional
observed_gain,1000,-0.16838918660549174,-0.25306955191052144,0.509,0.627,6,20261016,10,easy,proportional
post_score,1000,0.3636470279522194,0.7788193548221044,0.509,0.627,6,20261016,10,easy,proportional
baseline,1000,0.45462001651394324,0.8385346458025291,0.397,0.524,6,20261016,15,easy,proportional
observed_gain,1000,-0.18191595797779492,-0.24878553386856295,0.397,0.524,6,20261016,15,easy,proportional
post_score,1000,0.4069779788382447,0.8399431333661378,0.397,0.524,6,20261016,15,easy,proportional
baseline,1000,0.5054951617018415,0.8746589871395746,0.218,0.342,6,20261016,30,easy,proportional
observed_gain,1000,-0.20997412145354954,-0.24860361817086843,0.218,0.342,6,20261016,30,easy,proportional
post_score,1000,0.4578695488371414,0.9015839089623299,0.218,0.342,6,20261016,30,easy,proportional
baseline,1000,0.4357651513773238,0.7478078743787054,0.468,0.596,6,20261016,5,broad,proportional
observed_gain,1000,-0.10666058659490998,-0.12598225229146576,0.468,0.596,6,20261016,5,broad,proportional
post_score,1000,0.3949395440962429,0.7673606642666753,0.468,0.596,6,20261016,5,broad,proportional
baseline,1000,0.48323680864649626,0.8250225084985506,0.319,0.458,6,20261016,10,broad,proportional
observed_gain,1000,-0.14806735822772416,-0.1701986970163962,0.319,0.458,6,20261016,10,broad,proportional
post_score,1000,0.4349593750553086,0.8430962916564233,0.319,0.458,6,20261016,10,broad,proportional
baseline,1000,0.5260822983584492,0.8454782790708474,0.189,0.33,6,20261016,15,broad,proportional
observed_gain,1000,-0.10811422627725358,-0.08576632921858626,0.189,0.33,6,20261016,15,broad,proportional
post_score,1000,0.4922050561371842,0.8836183074620342,0.189,0.33,6,20261016,15,broad,proportional
baseline,1000,0.5709873337437883,0.8723042608374354,0.031,0.102,6,20261016,30,broad,proportional
observed_gain,1000,-0.03560737599413733,0.029092952373017678,0.031,0.102,6,20261016,30,broad,proportional
post_score,1000,0.5584323841215406,0.9267478724737642,0.031,0.102,6,20261016,30,broad,proportional
baseline,1000,0.046338262712633006,0.020348182573788322,0.613,0.881,6,20261016,5,easy,additive
observed_gain,1000,0.022346608267077153,0.04105606620814646,0.613,0.881,6,20261016,5,easy,additive
post_score,1000,0.20409565604473642,0.23229499118336774,0.613,0.881,6,20261016,5,easy,additive
baseline,1000,0.0355043463095138,0.02079871432822515,0.509,0.78,6,20261016,10,easy,additive
observed_gain,1000,0.04098213358549048,0.04838662941418161,0.509,0.78,6,20261016,10,easy,additive
post_score,1000,0.24815556802054778,0.276248615551467,0.509,0.78,6,20261016,10,easy,additive
baseline,1000,0.043524078389229934,0.024923958591554888,0.397,0.647,6,20261016,15,easy,additive
observed_gain,1000,0.06458532333582369,0.0766872270665739,0.397,0.647,6,20261016,15,easy,additive
post_score,1000,0.2958168729758518,0.2914410374916349,0.397,0.647,6,20261016,15,easy,additive
baseline,1000,0.037472388276966785,0.005729823260955623,0.218,0.375,6,20261016,30,easy,additive
observed_gain,1000,0.11775732635596106,0.12610874344210826,0.218,0.375,6,20261016,30,easy,additive
post_score,1000,0.33786126758822826,0.3032573972976318,0.218,0.375,6,20261016,30,easy,additive
baseline,1000,0.048334012393598705,0.03110940159838562,0.468,0.723,6,20261016,5,broad,additive
observed_gain,1000,0.07745783081540827,0.09281001772960631,0.468,0.723,6,20261016,5,broad,additive
post_score,1000,0.2474676956758563,0.2556206476533251,0.468,0.723,6,20261016,5,broad,additive
baseline,1000,0.0364808949703941,0.030347011064187426,0.319,0.553,6,20261016,10,broad,additive
observed_gain,1000,0.10380743047127353,0.10478111553876784,0.319,0.553,6,20261016,10,broad,additive
post_score,1000,0.28111294976814233,0.2693502260569689,0.319,0.553,6,20261016,10,broad,additive
baseline,1000,0.029204181204235746,0.008631529904177199,0.189,0.347,6,20261016,15,broad,additive
observed_gain,1000,0.16537579485798787,0.17659672336931162,0.189,0.347,6,20261016,15,broad,additive
post_score,1000,0.30751791977730825,0.27757872541665807,0.189,0.347,6,20261016,15,broad,additive
baseline,1000,0.02325658518293365,0.0023595102139209773,0.031,0.068,6,20261016,30,broad,additive
observed_gain,1000,0.23504863898467573,0.23917124906379023,0.031,0.068,6,20261016,30,broad,additive
post_score,1000,0.3350995409205934,0.3059092658598275,0.031,0.068,6,20261016,30,broad,additive
baseline,1000,-0.5857393294053387,-0.6782943377787218,0.613,0.979,6,20261016,5,easy,catch_up
observed_gain,1000,0.5890224865620967,0.6712072598580691,0.613,0.979,6,20261016,5,easy,catch_up
post_score,1000,0.06116244033163118,0.035502540973076334,0.613,0.979,6,20261016,5,easy,catch_up
baseline,1000,-0.6494353790371008,-0.7408671233993833,0.509,0.953,6,20261016,10,easy,catch_up
observed_gain,1000,0.6533877753632847,0.7318628404966144,0.509,0.953,6,20261016,10,easy,catch_up
post_score,1000,0.09384663929347682,0.06765435798240703,0.509,0.953,6,20261016,10,easy,catch_up
baseline,1000,-0.6820391271474981,-0.79595069245664,0.397,0.896,6,20261016,15,easy,catch_up
observed_gain,1000,0.6899687295584545,0.7935642451797966,0.397,0.896,6,20261016,15,easy,catch_up
post_score,1000,0.11629112050773173,0.07926324249498488,0.397,0.896,6,20261016,15,easy,catch_up
baseline,1000,-0.7259102534141775,-0.8446694547461203,0.218,0.648,6,20261016,30,easy,catch_up
observed_gain,1000,0.7443259648545029,0.846291606449709,0.218,0.648,6,20261016,30,easy,catch_up
post_score,1000,0.2101802105631051,0.12498632266151373,0.218,0.648,6,20261016,30,easy,catch_up
baseline,1000,-0.6044535589417566,-0.6898762052387247,0.468,0.926,6,20261016,5,broad,catch_up
observed_gain,1000,0.6133267704777493,0.6848055412971322,0.468,0.926,6,20261016,5,broad,catch_up
post_score,1000,0.11986616173285815,0.08956514381073051,0.468,0.926,6,20261016,5,broad,catch_up
baseline,1000,-0.6846865919081442,-0.7710668502147247,0.319,0.819,6,20261016,10,broad,catch_up
observed_gain,1000,0.7004482098259645,0.7652525044934206,0.319,0.819,6,20261016,10,broad,catch_up
post_score,1000,0.16575858576896768,0.10973154351088826,0.319,0.819,6,20261016,10,broad,catch_up
baseline,1000,-0.6983977312362399,-0.8139590154562729,0.189,0.61,6,20261016,15,broad,catch_up
observed_gain,1000,0.7312287168520174,0.8147612900951722,0.189,0.61,6,20261016,15,broad,catch_up
post_score,1000,0.23257771367991387,0.14492182745932877,0.189,0.61,6,20261016,15,broad,catch_up
baseline,1000,-0.7275259590237003,-0.8441208780786293,0.031,0.136,6,20261016,30,broad,catch_up
observed_gain,1000,0.7917090112268277,0.8585852528799971,0.031,0.136,6,20261016,30,broad,catch_up
post_score,1000,0.37098008504300456,0.21625055853032704,0.031,0.136,6,20261016,30,broad,catch_up
baseline,1000,0.43753804022759446,0.740393299459839,0.408,0.519,7,20261017,5,easy,proportional
observed_gain,1000,-0.046823178841845475,-4.2648930410040756e-4,0.408,0.519,7,20261017,5,easy,proportional
post_score,1000,0.4173878738869115,0.7904149258526371,0.408,0.519,7,20261017,5,easy,proportional
baseline,1000,0.4952498873237538,0.8176556089606674,0.261,0.402,7,20261017,10,easy,proportional
observed_gain,1000,-0.08372686742077246,-0.034589942614203464,0.261,0.402,7,20261017,10,easy,proportional
post_score,1000,0.45452066290017984,0.859598596735506,0.261,0.402,7,20261017,10,easy,proportional
baseline,1000,0.4897129307213124,0.8399540491417289,0.244,0.387,7,20261017,15,easy,proportional
observed_gain,1000,-0.12751716310819283,-0.12555623748351408,0.244,0.387,7,20261017,15,easy,proportional
post_score,1000,0.44582356225574443,0.876347790585916,0.244,0.387,7,20261017,15,easy,proportional
baseline,1000,0.47716771465378877,0.8617067710271854,0.206,0.349,7,20261017,30,easy,proportional
observed_gain,1000,-0.19592003084601586,-0.21897366503318785,0.206,0.349,7,20261017,30,easy,proportional
post_score,1000,0.429462274641972,0.8936454290210318,0.206,0.349,7,20261017,30,easy,proportional
baseline,1000,0.4868247367003491,0.6837966933304555,0.166,0.277,7,20261017,5,broad,proportional
observed_gain,1000,0.025553936786556708,0.11297166460153234,0.166,0.277,7,20261017,5,broad,proportional
post_score,1000,0.5024605691381662,0.8001158653494709,0.166,0.277,7,20261017,5,broad,proportional
baseline,1000,0.5573285341443278,0.7700558277489139,0.08,0.158,7,20261017,10,broad,proportional
observed_gain,1000,0.03986301471295017,0.14882086391187452,0.08,0.158,7,20261017,10,broad,proportional
post_score,1000,0.562187088412389,0.8650339540921123,0.08,0.158,7,20261017,10,broad,proportional
baseline,1000,0.5668004731555575,0.8247068627182654,0.074,0.153,7,20261017,15,broad,proportional
observed_gain,1000,-0.003947795754135541,0.10437140480989113,0.074,0.153,7,20261017,15,broad,proportional
post_score,1000,0.5533303847056642,0.898894485493459,0.074,0.153,7,20261017,15,broad,proportional
baseline,1000,0.5649712580910297,0.8678314302042596,0.052,0.131,7,20261017,30,broad,proportional
observed_gain,1000,-0.061268309621172634,0.05091979054924262,0.052,0.131,7,20261017,30,broad,proportional
post_score,1000,0.5355285630216859,0.9253090764955433,0.052,0.131,7,20261017,30,broad,proportional
baseline,1000,-0.038657165958313366,-0.042623918949176956,0.408,0.665,7,20261017,5,easy,additive
observed_gain,1000,0.18585176418009436,0.18631959149871571,0.408,0.665,7,20261017,5,easy,additive
post_score,1000,0.2328594333287147,0.22625583923839512,0.408,0.665,7,20261017,5,easy,additive
baseline,1000,-0.01972764153949287,-0.03358155486359432,0.261,0.478,7,20261017,10,easy,additive
observed_gain,1000,0.23021096363601468,0.23478687795985367,0.261,0.478,7,20261017,10,easy,additive
post_score,1000,0.3064349830865156,0.30600779290669144,0.261,0.478,7,20261017,10,easy,additive
baseline,1000,-0.015416533489250725,-0.0254879534801279,0.244,0.449,7,20261017,15,easy,additive
observed_gain,1000,0.21269863513280712,0.2053762415848933,0.244,0.449,7,20261017,15,easy,additive
post_score,1000,0.32222426172846264,0.31398165287043767,0.244,0.449,7,20261017,15,easy,additive
baseline,1000,-0.018090435500671943,-0.024971908401348598,0.206,0.388,7,20261017,30,easy,additive
observed_gain,1000,0.1928876696016514,0.17767474610265632,0.206,0.388,7,20261017,30,easy,additive
post_score,1000,0.333145728164794,0.32349566106957434,0.206,0.388,7,20261017,30,easy,additive
baseline,1000,-0.01988906931046615,-0.027197875120827705,0.166,0.312,7,20261017,5,broad,additive
observed_gain,1000,0.23353742078018866,0.2297717189385826,0.166,0.312,7,20261017,5,broad,additive
post_score,1000,0.26674796459777655,0.25108487544116836,0.166,0.312,7,20261017,5,broad,additive
baseline,1000,-0.006648840299079658,-0.014994540098325211,0.08,0.13,7,20261017,10,broad,additive
observed_gain,1000,0.31337662403577865,0.3127679600499446,0.08,0.13,7,20261017,10,broad,additive
post_score,1000,0.32839132302672364,0.3159639797669907,0.08,0.13,7,20261017,10,broad,additive
baseline,1000,-0.007428400072545234,-0.015334273076455766,0.074,0.122,7,20261017,15,broad,additive
observed_gain,1000,0.3413445546699955,0.33780012955518196,0.074,0.122,7,20261017,15,broad,additive
post_score,1000,0.35349528783386813,0.33208838791555717,0.074,0.122,7,20261017,15,broad,additive
baseline,1000,-0.01504991227901086,-0.01984449954788142,0.052,0.1,7,20261017,30,broad,additive
observed_gain,1000,0.34756213005240355,0.33406866381757394,0.052,0.1,7,20261017,30,broad,additive
post_score,1000,0.37408543102744574,0.3518726272313305,0.052,0.1,7,20261017,30,broad,additive
baseline,1000,-0.6528439438460514,-0.734605431612218,0.408,0.886,7,20261017,5,easy,catch_up
observed_gain,1000,0.6687004187893413,0.7300480215114439,0.408,0.886,7,20261017,5,easy,catch_up
post_score,1000,0.14072394463156818,0.09342761158759155,0.408,0.886,7,20261017,5,easy,catch_up
baseline,1000,-0.6961060355313239,-0.804698711701732,0.261,0.757,7,20261017,10,easy,catch_up
observed_gain,1000,0.7247461415685641,0.8102285815480762,0.261,0.757,7,20261017,10,easy,catch_up
post_score,1000,0.22190901227234927,0.17011553986075584,0.261,0.757,7,20261017,10,easy,catch_up
baseline,1000,-0.7183996103861175,-0.819676664629867,0.244,0.732,7,20261017,15,easy,catch_up
observed_gain,1000,0.7403171263348542,0.8215948226113563,0.244,0.732,7,20261017,15,easy,catch_up
post_score,1000,0.2266472551453186,0.16058362340824955,0.244,0.732,7,20261017,15,easy,catch_up
baseline,1000,-0.735697654571698,-0.83654023308089,0.206,0.663,7,20261017,30,easy,catch_up
observed_gain,1000,0.7557288352530405,0.8418962126788705,0.206,0.663,7,20261017,30,easy,catch_up
post_score,1000,0.2361346930652889,0.16083986432366942,0.206,0.663,7,20261017,30,easy,catch_up
baseline,1000,-0.5569000137136206,-0.6738001937104691,0.166,0.495,7,20261017,5,broad,catch_up
observed_gain,1000,0.6057760281797361,0.6623134506751119,0.166,0.495,7,20261017,5,broad,catch_up
post_score,1000,0.25819690142525153,0.15954677431073058,0.166,0.495,7,20261017,5,broad,catch_up
baseline,1000,-0.6051274784605446,-0.7512989530831139,0.08,0.271,7,20261017,10,broad,catch_up
observed_gain,1000,0.7068162868741878,0.7709972709649975,0.08,0.271,7,20261017,10,broad,catch_up
post_score,1000,0.3662790273448599,0.23169188582159828,0.08,0.271,7,20261017,10,broad,catch_up
baseline,1000,-0.6591321757060604,-0.8053512052659537,0.074,0.252,7,20261017,15,broad,catch_up
observed_gain,1000,0.7498815278217624,0.8307390318964007,0.074,0.252,7,20261017,15,broad,catch_up
post_score,1000,0.3694202153334084,0.2345850277945283,0.074,0.252,7,20261017,15,broad,catch_up
baseline,1000,-0.7176958399247513,-0.8419354222529865,0.052,0.199,7,20261017,30,broad,catch_up
observed_gain,1000,0.7935414777164279,0.8690526484484951,0.052,0.199,7,20261017,30,broad,catch_up
post_score,1000,0.38847955429230435,0.24991092044476215,0.052,0.199,7,20261017,30,broad,catch_up
baseline,1000,0.5364824134322093,0.7937779764792746,0.372,0.505,8,20261018,5,easy,proportional
observed_gain,1000,-0.09542053928789947,-0.08662439669861002,0.372,0.505,8,20261018,5,easy,proportional
post_score,1000,0.49066723892409936,0.8148911834088077,0.372,0.505,8,20261018,5,easy,proportional
baseline,1000,0.5691873556580626,0.8466435699893713,0.292,0.427,8,20261018,10,easy,proportional
observed_gain,1000,-0.12257213929046744,-0.1179453227544161,0.292,0.427,8,20261018,10,easy,proportional
post_score,1000,0.5156880428403107,0.8666229668862796,0.292,0.427,8,20261018,10,easy,proportional
baseline,1000,0.5904796629848725,0.8682518063540273,0.232,0.368,8,20261018,15,easy,proportional
observed_gain,1000,-0.14246588482665246,-0.12722383007694482,0.232,0.368,8,20261018,15,easy,proportional
post_score,1000,0.5363041213590325,0.8892494065191788,0.232,0.368,8,20261018,15,easy,proportional
baseline,1000,0.5847841342950618,0.8907909263616883,0.173,0.31,8,20261018,30,easy,proportional
observed_gain,1000,-0.20594272030882585,-0.18509789499438298,0.173,0.31,8,20261018,30,easy,proportional
post_score,1000,0.5355033144377922,0.9106155914736166,0.173,0.31,8,20261018,30,easy,proportional
baseline,1000,0.5661274213926805,0.7175200043216067,0.144,0.255,8,20261018,5,broad,proportional
observed_gain,1000,0.045676265193239834,0.0829235261180241,0.144,0.255,8,20261018,5,broad,proportional
post_score,1000,0.5876113470836499,0.7970794294814258,0.144,0.255,8,20261018,5,broad,proportional
baseline,1000,0.6365181033096304,0.8035340489069493,0.085,0.176,8,20261018,10,broad,proportional
observed_gain,1000,0.04402413608028776,0.13998629915702906,0.085,0.176,8,20261018,10,broad,proportional
post_score,1000,0.6339942739159475,0.8781243372769711,0.085,0.176,8,20261018,10,broad,proportional
baseline,1000,0.6601645828469829,0.8238353502515826,0.048,0.112,8,20261018,15,broad,proportional
observed_gain,1000,0.08741088567905114,0.19721761614593117,0.048,0.112,8,20261018,15,broad,proportional
post_score,1000,0.6683803203072811,0.8994017372308449,0.048,0.112,8,20261018,15,broad,proportional
baseline,1000,0.6678221877875022,0.8765759204621895,0.022,0.076,8,20261018,30,broad,proportional
observed_gain,1000,0.06187300046285255,0.1957108216477992,0.022,0.076,8,20261018,30,broad,proportional
post_score,1000,0.6651517383833105,0.9317128581499738,0.022,0.076,8,20261018,30,broad,proportional
baseline,1000,0.034979577384206366,0.052486950071684156,0.372,0.608,8,20261018,5,easy,additive
observed_gain,1000,0.13622697825691898,0.10904682538203068,0.372,0.608,8,20261018,5,easy,additive
post_score,1000,0.2612741273988596,0.270116694360585,0.372,0.608,8,20261018,5,easy,additive
baseline,1000,0.033947718730441716,0.05162532785399316,0.292,0.483,8,20261018,10,easy,additive
observed_gain,1000,0.16075954653213503,0.11267805926575535,0.292,0.483,8,20261018,10,easy,additive
post_score,1000,0.2933987104734494,0.29367588058858124,0.292,0.483,8,20261018,10,easy,additive
baseline,1000,0.03471746447344845,0.05334072258418908,0.232,0.392,8,20261018,15,easy,additive
observed_gain,1000,0.19943661129016285,0.14827624852433252,0.232,0.392,8,20261018,15,easy,additive
post_score,1000,0.33242067405719933,0.32604419867626605,0.232,0.392,8,20261018,15,easy,additive
baseline,1000,0.01485455139553698,0.045219867144603645,0.173,0.31,8,20261018,30,easy,additive
observed_gain,1000,0.20591883037578362,0.14026923427646532,0.173,0.31,8,20261018,30,easy,additive
post_score,1000,0.34696700157530985,0.33028926906682005,0.173,0.31,8,20261018,30,easy,additive
baseline,1000,0.04008464856310134,0.05208176145205415,0.144,0.239,8,20261018,5,broad,additive
observed_gain,1000,0.17059785412665524,0.1484119906946371,0.144,0.239,8,20261018,5,broad,additive
post_score,1000,0.24418655222196628,0.23465417347318135,0.144,0.239,8,20261018,5,broad,additive
baseline,1000,0.03317731590250127,0.056365804932859094,0.085,0.135,8,20261018,10,broad,additive
observed_gain,1000,0.2531579038944035,0.1997643445861503,0.085,0.135,8,20261018,10,broad,additive
post_score,1000,0.2923079131629006,0.2819237360831032,0.085,0.135,8,20261018,10,broad,additive
baseline,1000,0.027687690225568985,0.046970029887857305,0.048,0.076,8,20261018,15,broad,additive
observed_gain,1000,0.30814844539805836,0.2705827764284077,0.048,0.076,8,20261018,15,broad,additive
post_score,1000,0.3189051813367896,0.31291216970267605,0.048,0.076,8,20261018,15,broad,additive
baseline,1000,0.013572909070285553,0.03689543511156452,0.022,0.047,8,20261018,30,broad,additive
observed_gain,1000,0.3525313834054156,0.3084512461904834,0.022,0.047,8,20261018,30,broad,additive
post_score,1000,0.34868292344606283,0.34218745094701436,0.022,0.047,8,20261018,30,broad,additive
baseline,1000,-0.6457164271179937,-0.7581463841771323,0.372,0.845,8,20261018,5,easy,catch_up
observed_gain,1000,0.6611136244776513,0.7458454517573457,0.372,0.845,8,20261018,5,easy,catch_up
post_score,1000,0.12796140896196231,0.05326569206949635,0.372,0.845,8,20261018,5,easy,catch_up
baseline,1000,-0.6958735319479551,-0.8123739021602377,0.292,0.751,8,20261018,10,easy,catch_up
observed_gain,1000,0.7200085991932125,0.8020021970127491,0.292,0.751,8,20261018,10,easy,catch_up
post_score,1000,0.1758538648725516,0.08019031563292726,0.292,0.751,8,20261018,10,easy,catch_up
baseline,1000,-0.7096934048065527,-0.8284276565641505,0.232,0.638,8,20261018,15,easy,catch_up
observed_gain,1000,0.73985145757705,0.8258177050044321,0.232,0.638,8,20261018,15,easy,catch_up
post_score,1000,0.221131146135906,0.12008546777077685,0.232,0.638,8,20261018,15,easy,catch_up
baseline,1000,-0.7496733486200337,-0.8560298600683605,0.173,0.522,8,20261018,30,easy,catch_up
observed_gain,1000,0.7784028714841033,0.8581063793443519,0.173,0.522,8,20261018,30,easy,catch_up
post_score,1000,0.24828798634549262,0.1391838255199619,0.173,0.522,8,20261018,30,easy,catch_up
baseline,1000,-0.5514166798962825,-0.6888205293702488,0.144,0.396,8,20261018,5,broad,catch_up
observed_gain,1000,0.6202664775415863,0.6710737962633292,0.144,0.396,8,20261018,5,broad,catch_up
post_score,1000,0.2622767669848085,0.12710860279559177,0.144,0.396,8,20261018,5,broad,catch_up
baseline,1000,-0.6226806333037088,-0.7755567377465875,0.085,0.243,8,20261018,10,broad,catch_up
observed_gain,1000,0.7223998812267332,0.7811535662994405,0.085,0.243,8,20261018,10,broad,catch_up
post_score,1000,0.32685807373847514,0.1721963821093675,0.085,0.243,8,20261018,10,broad,catch_up
baseline,1000,-0.6407254095917565,-0.7948382670600157,0.048,0.134,8,20261018,15,broad,catch_up
observed_gain,1000,0.7672997862020693,0.8067534833042536,0.048,0.134,8,20261018,15,broad,catch_up
post_score,1000,0.37458975891629276,0.19212610928409557,0.048,0.134,8,20261018,15,broad,catch_up
baseline,1000,-0.7114552304839868,-0.8524120701388225,0.022,0.075,8,20261018,30,broad,catch_up
observed_gain,1000,0.8244267373138573,0.8735292788558328,0.022,0.075,8,20261018,30,broad,catch_up
post_score,1000,0.39608867416650373,0.1996859635852386,0.022,0.075,8,20261018,30,broad,catch_up
baseline,1000,0.3790114813670157,0.711443248980836,0.674,0.763,9,20261019,5,easy,proportional
observed_gain,1000,-0.1520419904665654,-0.22286708040455983,0.674,0.763,9,20261019,5,easy,proportional
post_score,1000,0.32562845458138107,0.6808562957779334,0.674,0.763,9,20261019,5,easy,proportional
baseline,1000,0.4794877793739985,0.8243020865778897,0.429,0.551,9,20261019,10,easy,proportional
observed_gain,1000,-0.16565358779004158,-0.20961901015453027,0.429,0.551,9,20261019,10,easy,proportional
post_score,1000,0.42699301339785745,0.8262463751102238,0.429,0.551,9,20261019,10,easy,proportional
baseline,1000,0.5108129828530608,0.8498262576217434,0.315,0.454,9,20261019,15,easy,proportional
observed_gain,1000,-0.17374467403004612,-0.22295361358453478,0.315,0.454,9,20261019,15,easy,proportional
post_score,1000,0.45813454941378934,0.8645836480762199,0.315,0.454,9,20261019,15,easy,proportional
baseline,1000,0.5102447784213107,0.869423855625355,0.252,0.382,9,20261019,30,easy,proportional
observed_gain,1000,-0.2606420325665392,-0.3454457111887294,0.252,0.382,9,20261019,30,easy,proportional
post_score,1000,0.456399725700253,0.8919627809212117,0.252,0.382,9,20261019,30,easy,proportional
baseline,1000,0.4379787904262611,0.757676145576569,0.549,0.659,9,20261019,5,broad,proportional
observed_gain,1000,-0.13370736388524077,-0.1645458333036347,0.549,0.659,9,20261019,5,broad,proportional
post_score,1000,0.3931905213282949,0.7650581749178842,0.549,0.659,9,20261019,5,broad,proportional
baseline,1000,0.5492493230676683,0.8159690062879438,0.207,0.355,9,20261019,10,broad,proportional
observed_gain,1000,-0.0658376952858569,-0.025181975548837065,0.207,0.355,9,20261019,10,broad,proportional
post_score,1000,0.5209589309385178,0.8667457084717616,0.207,0.355,9,20261019,10,broad,proportional
baseline,1000,0.5830840165327719,0.84415242607264,0.094,0.194,9,20261019,15,broad,proportional
observed_gain,1000,-0.04868509984098934,0.015646020676591606,0.094,0.194,9,20261019,15,broad,proportional
post_score,1000,0.5567065702459506,0.8905547069874772,0.094,0.194,9,20261019,15,broad,proportional
baseline,1000,0.5891509127614206,0.8742307599356517,0.062,0.149,9,20261019,30,broad,proportional
observed_gain,1000,-0.12104947518354008,-0.06772002285352667,0.062,0.149,9,20261019,30,broad,proportional
post_score,1000,0.5580820672716357,0.9185598738292877,0.062,0.149,9,20261019,30,broad,proportional
baseline,1000,0.017434710870158857,0.009825055621519072,0.674,0.929,9,20261019,5,easy,additive
observed_gain,1000,0.03166076996134471,0.0350927470647598,0.674,0.929,9,20261019,5,easy,additive
post_score,1000,0.18264857832895248,0.21247541541925702,0.674,0.929,9,20261019,5,easy,additive
baseline,1000,0.03501689004397781,0.03631922965515951,0.429,0.676,9,20261019,10,easy,additive
observed_gain,1000,0.10132673838755393,0.08510146183681745,0.429,0.676,9,20261019,10,easy,additive
post_score,1000,0.3141119386628151,0.3329408611240322,0.429,0.676,9,20261019,10,easy,additive
baseline,1000,0.039191471135954704,0.03022123734991013,0.315,0.533,9,20261019,15,easy,additive
observed_gain,1000,0.12547523519717954,0.11229759911793481,0.315,0.533,9,20261019,15,easy,additive
post_score,1000,0.33570210898205005,0.3242987477485029,0.315,0.533,9,20261019,15,easy,additive
baseline,1000,0.03623789531727389,0.024957506832884304,0.252,0.423,9,20261019,30,easy,additive
observed_gain,1000,0.11166908603787719,0.10114750052585245,0.252,0.423,9,20261019,30,easy,additive
post_score,1000,0.3450380725854935,0.3234055604729125,0.252,0.423,9,20261019,30,easy,additive
baseline,1000,0.023613916485770527,0.02744036534358235,0.549,0.802,9,20261019,5,broad,additive
observed_gain,1000,0.0875835239556591,0.07790333632085915,0.549,0.802,9,20261019,5,broad,additive
post_score,1000,0.25917283767774,0.2786819144992283,0.549,0.802,9,20261019,5,broad,additive
baseline,1000,0.02943716741769806,0.017509469842224026,0.207,0.371,9,20261019,10,broad,additive
observed_gain,1000,0.18635900058495353,0.18122699548898752,0.207,0.371,9,20261019,10,broad,additive
post_score,1000,0.2946536080141168,0.2695375095422173,0.207,0.371,9,20261019,10,broad,additive
baseline,1000,0.02669937734817483,0.016754358820857365,0.094,0.166,9,20261019,15,broad,additive
observed_gain,1000,0.22873730712507864,0.2248444895300294,0.094,0.166,9,20261019,15,broad,additive
post_score,1000,0.31117911031069256,0.2800793127085709,0.094,0.166,9,20261019,15,broad,additive
baseline,1000,0.02282033159559659,0.011714675974861729,0.062,0.112,9,20261019,30,broad,additive
observed_gain,1000,0.23999736689163614,0.22101680360765505,0.062,0.112,9,20261019,30,broad,additive
post_score,1000,0.33898330782109837,0.30105839268815726,0.062,0.112,9,20261019,30,broad,additive
baseline,1000,-0.6278445225538051,-0.6819421181293158,0.674,0.988,9,20261019,5,easy,catch_up
observed_gain,1000,0.6292187125828131,0.6798884373681535,0.674,0.988,9,20261019,5,easy,catch_up
post_score,1000,0.04582541417192274,0.038463433153607146,0.674,0.988,9,20261019,5,easy,catch_up
baseline,1000,-0.6880431492168909,-0.7799977966969668,0.429,0.902,9,20261019,10,easy,catch_up
observed_gain,1000,0.6968335743076305,0.7744744068388651,0.429,0.902,9,20261019,10,easy,catch_up
post_score,1000,0.12156576022215536,0.08266240897690434,0.429,0.902,9,20261019,10,easy,catch_up
baseline,1000,-0.7043477697255119,-0.8109476598062623,0.315,0.781,9,20261019,15,easy,catch_up
observed_gain,1000,0.7195168424548047,0.8015751775659137,0.315,0.781,9,20261019,15,easy,catch_up
post_score,1000,0.17183237751555763,0.10230432152357063,0.315,0.781,9,20261019,15,easy,catch_up
baseline,1000,-0.7225104545382743,-0.833658585288115,0.252,0.684,9,20261019,30,easy,catch_up
observed_gain,1000,0.7378668181127828,0.8303842363394136,0.252,0.684,9,20261019,30,easy,catch_up
post_score,1000,0.20538080871998238,0.10256288962133421,0.252,0.684,9,20261019,30,easy,catch_up
baseline,1000,-0.6576833008225982,-0.7159306459384409,0.549,0.95,9,20261019,5,broad,catch_up
observed_gain,1000,0.6627437297893651,0.7072515486993346,0.549,0.95,9,20261019,5,broad,catch_up
post_score,1000,0.07627893419160552,0.03540782806831917,0.549,0.95,9,20261019,5,broad,catch_up
baseline,1000,-0.6722176218029924,-0.7858850432336945,0.207,0.596,9,20261019,10,broad,catch_up
observed_gain,1000,0.7127178609962087,0.7715791913778751,0.207,0.596,9,20261019,10,broad,catch_up
post_score,1000,0.22126299482844908,0.09724135205212175,0.207,0.596,9,20261019,10,broad,catch_up
baseline,1000,-0.6881125492103192,-0.8166235200514436,0.094,0.28,9,20261019,15,broad,catch_up
observed_gain,1000,0.7501148127151743,0.8110037405286644,0.094,0.28,9,20261019,15,broad,catch_up
post_score,1000,0.2732925754027043,0.11617830613713673,0.094,0.28,9,20261019,15,broad,catch_up
baseline,1000,-0.721869897553864,-0.8510790778992555,0.062,0.182,9,20261019,30,broad,catch_up
observed_gain,1000,0.7855480275768646,0.8559759541932384,0.062,0.182,9,20261019,30,broad,catch_up
post_score,1000,0.31484603275007317,0.13655464065193743,0.062,0.182,9,20261019,30,broad,catch_up
baseline,1000,0.5517766011850654,0.767956550962107,0.324,0.45,10,20261020,5,easy,proportional
observed_gain,1000,-0.06786834311658996,-0.026037382103985887,0.324,0.45,10,20261020,5,easy,proportional
post_score,1000,0.5237282429677241,0.831771319760008,0.324,0.45,10,20261020,5,easy,proportional
baseline,1000,0.571625649996015,0.8277797677030276,0.28,0.408,10,20261020,10,easy,proportional
observed_gain,1000,-0.10899213324901581,-0.05570892994737024,0.28,0.408,10,20261020,10,easy,proportional
post_score,1000,0.5305370613548026,0.8711270108627813,0.28,0.408,10,20261020,10,easy,proportional
baseline,1000,0.5954476747566234,0.8504649319916129,0.232,0.353,10,20261020,15,easy,proportional
observed_gain,1000,-0.1290804424983971,-0.06838029585671865,0.232,0.353,10,20261020,15,easy,proportional
post_score,1000,0.5479859259388721,0.896810057673785,0.232,0.353,10,20261020,15,easy,proportional
baseline,1000,0.5856626773337774,0.8841554004152224,0.204,0.321,10,20261020,30,easy,proportional
observed_gain,1000,-0.227683645379284,-0.20083580358401446,0.204,0.321,10,20261020,30,easy,proportional
post_score,1000,0.5281116180099332,0.912501601259982,0.204,0.321,10,20261020,30,easy,proportional
baseline,1000,0.5598388025133021,0.6235061870918446,0.097,0.187,10,20261020,5,broad,proportional
observed_gain,1000,0.09712975160416445,0.15311162431786357,0.097,0.187,10,20261020,5,broad,proportional
post_score,1000,0.6086961787687413,0.7350335806726471,0.097,0.187,10,20261020,5,broad,proportional
baseline,1000,0.6168415255978604,0.7602342205874867,0.064,0.147,10,20261020,10,broad,proportional
observed_gain,1000,0.09612350891216416,0.15902916212803422,0.064,0.147,10,20261020,10,broad,proportional
post_score,1000,0.6460868115076477,0.8334613465954432,0.064,0.147,10,20261020,10,broad,proportional
baseline,1000,0.6687321401783454,0.7968315335318826,0.039,0.116,10,20261020,15,broad,proportional
observed_gain,1000,0.10613158978487236,0.2008261505554653,0.039,0.116,10,20261020,15,broad,proportional
post_score,1000,0.6849824656991,0.8807706478962307,0.039,0.116,10,20261020,15,broad,proportional
baseline,1000,0.6788016331280012,0.8788444396377768,0.024,0.094,10,20261020,30,broad,proportional
observed_gain,1000,0.013851785481497954,0.1330521534671341,0.024,0.094,10,20261020,30,broad,proportional
post_score,1000,0.6634556492095075,0.9287409532249048,0.024,0.094,10,20261020,30,broad,proportional
baseline,1000,0.019232614066097397,0.004991943696042753,0.324,0.538,10,20261020,5,easy,additive
observed_gain,1000,0.208827565538563,0.2061010971865435,0.324,0.538,10,20261020,5,easy,additive
post_score,1000,0.2953136454323811,0.2964728683647474,0.324,0.538,10,20261020,5,easy,additive
baseline,1000,0.023219226121639666,0.009610802989683104,0.28,0.459,10,20261020,10,easy,additive
observed_gain,1000,0.21285798796507593,0.2153740191513122,0.28,0.459,10,20261020,10,easy,additive
post_score,1000,0.3198543359691259,0.3013454172110338,0.28,0.459,10,20261020,10,easy,additive
baseline,1000,0.015888440449730645,0.003539276556794758,0.232,0.38,10,20261020,15,easy,additive
observed_gain,1000,0.2541857679200102,0.25465759737208526,0.232,0.38,10,20261020,15,easy,additive
post_score,1000,0.34970217927670977,0.3175103057364279,0.232,0.38,10,20261020,15,easy,additive
baseline,1000,0.03615888877637301,0.01797750948726956,0.204,0.327,10,20261020,30,easy,additive
observed_gain,1000,0.18506424445016784,0.17221911822978664,0.204,0.327,10,20261020,30,easy,additive
post_score,1000,0.3581190831609351,0.31612013691974733,0.204,0.327,10,20261020,30,easy,additive
baseline,1000,0.024498118539140305,0.020372381845083196,0.097,0.16,10,20261020,5,broad,additive
observed_gain,1000,0.19160835967162762,0.1820679989231717,0.097,0.16,10,20261020,5,broad,additive
post_score,1000,0.23352458482784566,0.21708069861509668,0.097,0.16,10,20261020,5,broad,additive
baseline,1000,0.018589987284273107,0.015560775670445658,0.064,0.108,10,20261020,10,broad,additive
observed_gain,1000,0.24500372886975066,0.23193663671077014,0.064,0.108,10,20261020,10,broad,additive
post_score,1000,0.27419620108772774,0.2619831098958188,0.064,0.108,10,20261020,10,broad,additive
baseline,1000,0.0233647249465758,0.024857935316051266,0.039,0.077,10,20261020,15,broad,additive
observed_gain,1000,0.32463842724210396,0.2842455888798101,0.039,0.077,10,20261020,15,broad,additive
post_score,1000,0.3153391672222502,0.2906528650685185,0.039,0.077,10,20261020,15,broad,additive
baseline,1000,0.04130189872446322,0.033442121708848666,0.024,0.055,10,20261020,30,broad,additive
observed_gain,1000,0.3366365262705666,0.31958294489753303,0.024,0.055,10,20261020,30,broad,additive
post_score,1000,0.3494016494256854,0.3210895265348575,0.024,0.055,10,20261020,30,broad,additive
baseline,1000,-0.6268058857781961,-0.760572125362726,0.324,0.8,10,20261020,5,easy,catch_up
observed_gain,1000,0.6514388453061393,0.7609460905647012,0.324,0.8,10,20261020,5,easy,catch_up
post_score,1000,0.16608643862238867,0.10794877201674354,0.324,0.8,10,20261020,5,easy,catch_up
baseline,1000,-0.6874195060094304,-0.8089476344511854,0.28,0.738,10,20261020,10,easy,catch_up
observed_gain,1000,0.7178756327338435,0.8149109685552748,0.28,0.738,10,20261020,10,easy,catch_up
post_score,1000,0.16444357163215467,0.08119194547254144,0.28,0.738,10,20261020,10,easy,catch_up
baseline,1000,-0.7210614361567229,-0.8403731572861096,0.232,0.658,10,20261020,15,easy,catch_up
observed_gain,1000,0.7589296249375272,0.8506747476102994,0.232,0.658,10,20261020,15,easy,catch_up
post_score,1000,0.1965362439109549,0.10943497927360343,0.232,0.658,10,20261020,15,easy,catch_up
baseline,1000,-0.7426549100807346,-0.8587390296134659,0.204,0.58,10,20261020,30,easy,catch_up
observed_gain,1000,0.7729300923884237,0.8682960824410492,0.204,0.58,10,20261020,30,easy,catch_up
post_score,1000,0.20858578114021495,0.1090097542001856,0.204,0.58,10,20261020,30,easy,catch_up
baseline,1000,-0.47410462614984666,-0.6018697529397127,0.097,0.284,10,20261020,5,broad,catch_up
observed_gain,1000,0.5786068442787615,0.5901369766016373,0.097,0.284,10,20261020,5,broad,catch_up
post_score,1000,0.27633122148208417,0.1335731912662394,0.097,0.284,10,20261020,5,broad,catch_up
baseline,1000,-0.5984829001532249,-0.7320714606475913,0.064,0.192,10,20261020,10,broad,catch_up
observed_gain,1000,0.7043690710676048,0.7250249290405463,0.064,0.192,10,20261020,10,broad,catch_up
post_score,1000,0.3126974302515406,0.1512910179666228,0.064,0.192,10,20261020,10,broad,catch_up
baseline,1000,-0.617313697190219,-0.7671673074162431,0.039,0.119,10,20261020,15,broad,catch_up
observed_gain,1000,0.760761289743217,0.7969992677007721,0.039,0.119,10,20261020,15,broad,catch_up
post_score,1000,0.36337915359407696,0.18290943707914342,0.039,0.119,10,20261020,15,broad,catch_up
baseline,1000,-0.6868337448008948,-0.8410863069070879,0.024,0.086,10,20261020,30,broad,catch_up
observed_gain,1000,0.8080604647255683,0.8829226332301565,0.024,0.086,10,20261020,30,broad,catch_up
post_score,1000,0.37072673481864843,0.18471873034371103,0.024,0.086,10,20261020,30,broad,catch_up
baseline,1000,0.5572221558391989,0.7968864501529189,0.347,0.49,11,20261021,5,easy,proportional
observed_gain,1000,-0.079578715934912,-0.05452519864559705,0.347,0.49,11,20261021,5,easy,proportional
post_score,1000,0.5221434806902683,0.8270838961979229,0.347,0.49,11,20261021,5,easy,proportional
baseline,1000,0.5933571790541328,0.8409648377488712,0.262,0.415,11,20261021,10,easy,proportional
observed_gain,1000,-0.12441244405758614,-0.1051477955963855,0.262,0.415,11,20261021,10,easy,proportional
post_score,1000,0.5549299382136299,0.8708058691841926,0.262,0.415,11,20261021,10,easy,proportional
baseline,1000,0.6029377305423083,0.8510691279328566,0.218,0.372,11,20261021,15,easy,proportional
observed_gain,1000,-0.14239550582268845,-0.09303674458719155,0.218,0.372,11,20261021,15,easy,proportional
post_score,1000,0.5621558804576482,0.8911386560186568,0.218,0.372,11,20261021,15,easy,proportional
baseline,1000,0.602333500363856,0.8739368332779232,0.171,0.311,11,20261021,30,easy,proportional
observed_gain,1000,-0.19079347821883078,-0.1551235518802206,0.171,0.311,11,20261021,30,easy,proportional
post_score,1000,0.5597192334611325,0.9133956471754392,0.171,0.311,11,20261021,30,easy,proportional
baseline,1000,0.5946235475717229,0.7047701007961021,0.121,0.223,11,20261021,5,broad,proportional
observed_gain,1000,0.0516398994370858,0.12889295652689092,0.121,0.223,11,20261021,5,broad,proportional
post_score,1000,0.6128126021739025,0.8113257830162485,0.121,0.223,11,20261021,5,broad,proportional
baseline,1000,0.6637316439521642,0.7851901792687677,0.083,0.175,11,20261021,10,broad,proportional
observed_gain,1000,0.0613826447457608,0.1606243384364837,0.083,0.175,11,20261021,10,broad,proportional
post_score,1000,0.6641400322878952,0.868808371305595,0.083,0.175,11,20261021,10,broad,proportional
baseline,1000,0.6785883245707659,0.8067868085976102,0.057,0.146,11,20261021,15,broad,proportional
observed_gain,1000,0.0726558650193739,0.19915794121959604,0.057,0.146,11,20261021,15,broad,proportional
post_score,1000,0.6768253053662691,0.8930099157414271,0.057,0.146,11,20261021,15,broad,proportional
baseline,1000,0.6908025409177662,0.863943285611861,0.023,0.089,11,20261021,30,broad,proportional
observed_gain,1000,0.05918289697648292,0.19275721354961245,0.023,0.089,11,20261021,30,broad,proportional
post_score,1000,0.6833515920029405,0.9292732907849254,0.023,0.089,11,20261021,30,broad,proportional
baseline,1000,0.019074739528087383,-0.006441522591254701,0.347,0.603,11,20261021,5,easy,additive
observed_gain,1000,0.15699452909502712,0.1870496513214727,0.347,0.603,11,20261021,5,easy,additive
post_score,1000,0.2586012330868854,0.24901814982581574,0.347,0.603,11,20261021,5,easy,additive
baseline,1000,0.016244347374934947,-0.010560463728534041,0.262,0.478,11,20261021,10,easy,additive
observed_gain,1000,0.1864427331862768,0.21409371785948092,0.262,0.478,11,20261021,10,easy,additive
post_score,1000,0.29937921682374063,0.26360762767410695,0.262,0.478,11,20261021,10,easy,additive
baseline,1000,0.005684356896354777,-0.02220180449346082,0.218,0.412,11,20261021,15,easy,additive
observed_gain,1000,0.2177284874975937,0.2306629225615701,0.218,0.412,11,20261021,15,easy,additive
post_score,1000,0.3240364054635617,0.28071406086863065,0.218,0.412,11,20261021,15,easy,additive
baseline,1000,-0.010288760508549662,-0.0345885650192115,0.171,0.329,11,20261021,30,easy,additive
observed_gain,1000,0.22972858489456793,0.232599478266202,0.171,0.329,11,20261021,30,easy,additive
post_score,1000,0.34709715421694703,0.30259486134807606,0.171,0.329,11,20261021,30,easy,additive
baseline,1000,0.012633772823093031,-0.009725345821593732,0.121,0.218,11,20261021,5,broad,additive
observed_gain,1000,0.23106850536618218,0.22776844615428143,0.121,0.218,11,20261021,5,broad,additive
post_score,1000,0.25746618405478505,0.22820835851607513,0.121,0.218,11,20261021,5,broad,additive
baseline,1000,0.017872264111168847,0.006368481364406936,0.083,0.14,11,20261021,10,broad,additive
observed_gain,1000,0.32339738717875727,0.3167666900872905,0.083,0.14,11,20261021,10,broad,additive
post_score,1000,0.303675284500509,0.26906182261585515,0.083,0.14,11,20261021,10,broad,additive
baseline,1000,-0.006373526734168644,-0.015075094141525459,0.057,0.109,11,20261021,15,broad,additive
observed_gain,1000,0.37794114853113586,0.3551396505542861,0.057,0.109,11,20261021,15,broad,additive
post_score,1000,0.30858720894823816,0.2709489344398449,0.057,0.109,11,20261021,15,broad,additive
baseline,1000,-0.015173518532877366,-0.030223766747463417,0.023,0.049,11,20261021,30,broad,additive
observed_gain,1000,0.3901494263265506,0.3723238407592823,0.023,0.049,11,20261021,30,broad,additive
post_score,1000,0.3180110202273706,0.2799914470451552,0.023,0.049,11,20261021,30,broad,additive
baseline,1000,-0.6711943514079814,-0.7684657691767118,0.347,0.852,11,20261021,5,easy,catch_up
observed_gain,1000,0.689081833922426,0.7697642372673488,0.347,0.852,11,20261021,5,easy,catch_up
post_score,1000,0.1602786270194925,0.10750474293994781,0.347,0.852,11,20261021,5,easy,catch_up
baseline,1000,-0.709969562056702,-0.8147846716692776,0.262,0.775,11,20261021,10,easy,catch_up
observed_gain,1000,0.7336957964898341,0.8193433134463308,0.262,0.775,11,20261021,10,easy,catch_up
post_score,1000,0.18734455817141554,0.11659377086201636,0.262,0.775,11,20261021,10,easy,catch_up
baseline,1000,-0.7378775593072011,-0.8330449629808866,0.218,0.714,11,20261021,15,easy,catch_up
observed_gain,1000,0.7640368200956037,0.838872983028502,0.218,0.714,11,20261021,15,easy,catch_up
post_score,1000,0.20955971084096686,0.13470175458971545,0.218,0.714,11,20261021,15,easy,catch_up
baseline,1000,-0.7694260595120002,-0.8541447834937835,0.171,0.584,11,20261021,30,easy,catch_up
observed_gain,1000,0.7949986383063624,0.8617025915265494,0.171,0.584,11,20261021,30,easy,catch_up
post_score,1000,0.24966106824852238,0.16503613871891623,0.171,0.584,11,20261021,30,easy,catch_up
baseline,1000,-0.5481653298012998,-0.685647993534018,0.121,0.394,11,20261021,5,broad,catch_up
observed_gain,1000,0.6342675031618429,0.7010847848140034,0.121,0.394,11,20261021,5,broad,catch_up
post_score,1000,0.2787140949793353,0.1566945544087671,0.121,0.394,11,20261021,5,broad,catch_up
baseline,1000,-0.6001739573827259,-0.7499552043810757,0.083,0.277,11,20261021,10,broad,catch_up
observed_gain,1000,0.731656807246818,0.8235748940843194,0.083,0.277,11,20261021,10,broad,catch_up
post_score,1000,0.3425512068214379,0.21380697487617367,0.083,0.277,11,20261021,10,broad,catch_up
baseline,1000,-0.642869588578946,-0.7899676131435329,0.057,0.212,11,20261021,15,broad,catch_up
observed_gain,1000,0.7796778118297203,0.8650042460183036,0.057,0.212,11,20261021,15,broad,catch_up
post_score,1000,0.3645814633433655,0.22749458127023356,0.057,0.212,11,20261021,15,broad,catch_up
baseline,1000,-0.7175514973903869,-0.8420241313820322,0.023,0.091,11,20261021,30,broad,catch_up
observed_gain,1000,0.8373952096934015,0.8945630610267492,0.023,0.091,11,20261021,30,broad,catch_up
post_score,1000,0.4131866357278815,0.25597585429794506,0.023,0.091,11,20261021,30,broad,catch_up
baseline,1000,0.3837499321790656,0.6943003009382503,0.696,0.783,12,20261022,5,easy,proportional
observed_gain,1000,-0.12801000576698632,-0.18661582216560837,0.696,0.783,12,20261022,5,easy,proportional
post_score,1000,0.33645640966099527,0.670449567912689,0.696,0.783,12,20261022,5,easy,proportional
baseline,1000,0.46925591019290097,0.7904937032759329,0.448,0.595,12,20261022,10,easy,proportional
observed_gain,1000,-0.20253690624727916,-0.24857270138864462,0.448,0.595,12,20261022,10,easy,proportional
post_score,1000,0.41158516881291035,0.7801684370600014,0.448,0.595,12,20261022,10,easy,proportional
baseline,1000,0.5282905282182041,0.8341004043065466,0.332,0.477,12,20261022,15,easy,proportional
observed_gain,1000,-0.21916796896694887,-0.2409229475949717,0.332,0.477,12,20261022,15,easy,proportional
post_score,1000,0.47358789842794163,0.8460437464452027,0.332,0.477,12,20261022,15,easy,proportional
baseline,1000,0.5592399740210778,0.8699865173729218,0.206,0.374,12,20261022,30,easy,proportional
observed_gain,1000,-0.2672253627971569,-0.27267580701022726,0.206,0.374,12,20261022,30,easy,proportional
post_score,1000,0.5043279659067323,0.8951790055963234,0.206,0.374,12,20261022,30,easy,proportional
baseline,1000,0.4457075115280213,0.746271942741557,0.576,0.684,12,20261022,5,broad,proportional
observed_gain,1000,-0.1343535837512927,-0.16969234983329143,0.576,0.684,12,20261022,5,broad,proportional
post_score,1000,0.39937264968584374,0.7360736003898863,0.576,0.684,12,20261022,5,broad,proportional
baseline,1000,0.5261568750339978,0.7916893462157081,0.226,0.347,12,20261022,10,broad,proportional
observed_gain,1000,-0.12459368257726117,-0.13316747403555393,0.226,0.347,12,20261022,10,broad,proportional
post_score,1000,0.49880179347782627,0.8236507537365937,0.226,0.347,12,20261022,10,broad,proportional
baseline,1000,0.593368591442199,0.8288101694929836,0.107,0.219,12,20261022,15,broad,proportional
observed_gain,1000,-0.057509306161931034,-0.03126433051589086,0.107,0.219,12,20261022,15,broad,proportional
post_score,1000,0.5881880700669774,0.8849590343627564,0.107,0.219,12,20261022,15,broad,proportional
baseline,1000,0.6274439770068693,0.8613006035204887,0.036,0.116,12,20261022,30,broad,proportional
observed_gain,1000,-0.03061194860818205,0.025368486034701935,0.036,0.116,12,20261022,30,broad,proportional
post_score,1000,0.6294831260553798,0.9180421936774484,0.036,0.116,12,20261022,30,broad,proportional
baseline,1000,-0.03975232904665089,-0.036396716640591964,0.696,0.957,12,20261022,5,easy,additive
observed_gain,1000,0.07451831815413791,0.07109034506643902,0.696,0.957,12,20261022,5,easy,additive
post_score,1000,0.14436178237201294,0.17327499894336507,0.696,0.957,12,20261022,5,easy,additive
baseline,1000,-0.039768868935560746,-0.036117161678922746,0.448,0.731,12,20261022,10,easy,additive
observed_gain,1000,0.12389522736939647,0.11761179991660166,0.448,0.731,12,20261022,10,easy,additive
post_score,1000,0.2373552732816262,0.25510093372437675,0.448,0.731,12,20261022,10,easy,additive
baseline,1000,-0.040343472367342724,-0.02587307839324109,0.332,0.567,12,20261022,15,easy,additive
observed_gain,1000,0.170927542769013,0.14632541891783551,0.332,0.567,12,20261022,15,easy,additive
post_score,1000,0.285532439868671,0.2974679586289986,0.332,0.567,12,20261022,15,easy,additive
baseline,1000,-0.05009731115225775,-0.02726346730647129,0.206,0.401,12,20261022,30,easy,additive
observed_gain,1000,0.22161438732166824,0.17038867108830005,0.206,0.401,12,20261022,30,easy,additive
post_score,1000,0.3327069892362261,0.3290169486585407,0.206,0.401,12,20261022,30,easy,additive
baseline,1000,-0.020148867562526616,-0.008495498049811234,0.576,0.866,12,20261022,5,broad,additive
observed_gain,1000,0.11659666499588801,0.0998931522283684,0.576,0.866,12,20261022,5,broad,additive
post_score,1000,0.23610140072404498,0.26500396798769277,0.576,0.866,12,20261022,5,broad,additive
baseline,1000,-0.0335136247191353,-0.03380127125654041,0.226,0.392,12,20261022,10,broad,additive
observed_gain,1000,0.17316716798824738,0.15930101226266033,0.226,0.392,12,20261022,10,broad,additive
post_score,1000,0.2665321327538688,0.2598772532711869,0.226,0.392,12,20261022,10,broad,additive
baseline,1000,-0.04648666523682681,-0.03804426312302386,0.107,0.204,12,20261022,15,broad,additive
observed_gain,1000,0.26434026911800734,0.2340954602042689,0.107,0.204,12,20261022,15,broad,additive
post_score,1000,0.29312043803222426,0.27763338301380086,0.107,0.204,12,20261022,15,broad,additive
baseline,1000,-0.05367735062518329,-0.037156250758922676,0.036,0.06,12,20261022,30,broad,additive
observed_gain,1000,0.33100475013023084,0.30069291111305013,0.036,0.06,12,20261022,30,broad,additive
post_score,1000,0.3292435683661801,0.3098099953880395,0.036,0.06,12,20261022,30,broad,additive
baseline,1000,-0.5979232160650502,-0.657015334747278,0.696,0.994,12,20261022,5,easy,catch_up
observed_gain,1000,0.597062477225,0.6516565802936879,0.696,0.994,12,20261022,5,easy,catch_up
post_score,1000,0.031996892330858416,0.023639192541255953,0.696,0.994,12,20261022,5,easy,catch_up
baseline,1000,-0.6555268493723058,-0.7683074654092803,0.448,0.911,12,20261022,10,easy,catch_up
observed_gain,1000,0.6615334267981412,0.7615749416839713,0.448,0.911,12,20261022,10,easy,catch_up
post_score,1000,0.12637339264328357,0.09010445748513995,0.448,0.911,12,20261022,10,easy,catch_up
baseline,1000,-0.6954241704962417,-0.8060404795306835,0.332,0.818,12,20261022,15,easy,catch_up
observed_gain,1000,0.7090490162417199,0.803395963277177,0.332,0.818,12,20261022,15,easy,catch_up
post_score,1000,0.1646936533588129,0.11068082316011389,0.332,0.818,12,20261022,15,easy,catch_up
baseline,1000,-0.7241570504307624,-0.8419320082633109,0.206,0.641,12,20261022,30,easy,catch_up
observed_gain,1000,0.7433501814844489,0.8503638930441818,0.206,0.641,12,20261022,30,easy,catch_up
post_score,1000,0.23192166097222183,0.15183008902489836,0.206,0.641,12,20261022,30,easy,catch_up
baseline,1000,-0.6143218585992827,-0.6932384927571212,0.576,0.972,12,20261022,5,broad,catch_up
observed_gain,1000,0.6190138624691985,0.6925850079326301,0.576,0.972,12,20261022,5,broad,catch_up
post_score,1000,0.0734698595814076,0.05921446371201819,0.576,0.972,12,20261022,5,broad,catch_up
baseline,1000,-0.6568581357283959,-0.7690548479402884,0.226,0.574,12,20261022,10,broad,catch_up
observed_gain,1000,0.691387818473493,0.7579501591969706,0.226,0.574,12,20261022,10,broad,catch_up
post_score,1000,0.25151668440940445,0.1466643763636401,0.226,0.574,12,20261022,10,broad,catch_up
baseline,1000,-0.6785930803912077,-0.813811509107805,0.107,0.361,12,20261022,15,broad,catch_up
observed_gain,1000,0.7394892680745482,0.8098351956528551,0.107,0.361,12,20261022,15,broad,catch_up
post_score,1000,0.3267549520885338,0.19374532659398597,0.107,0.361,12,20261022,15,broad,catch_up
baseline,1000,-0.7071388175774768,-0.8410932259022197,0.036,0.147,12,20261022,30,broad,catch_up
observed_gain,1000,0.792022363364465,0.8593850850097231,0.036,0.147,12,20261022,30,broad,catch_up
post_score,1000,0.4134015128521472,0.24725282149073938,0.036,0.147,12,20261022,30,broad,catch_up
baseline,1000,0.4061625033520271,0.7369989398614029,0.595,0.694,13,20261023,5,easy,proportional
observed_gain,1000,-0.1317661366821531,-0.2015190450938941,0.595,0.694,13,20261023,5,easy,proportional
post_score,1000,0.36288617839096254,0.7193375460661924,0.595,0.694,13,20261023,5,easy,proportional
baseline,1000,0.47794793265572955,0.8115458680608046,0.362,0.481,13,20261023,10,easy,proportional
observed_gain,1000,-0.1521408189077393,-0.20490538715363055,0.362,0.481,13,20261023,10,easy,proportional
post_score,1000,0.44402872869027504,0.8351436336191126,0.362,0.481,13,20261023,10,easy,proportional
baseline,1000,0.5069482270199185,0.8430333653356661,0.291,0.408,13,20261023,15,easy,proportional
observed_gain,1000,-0.17571931059597964,-0.22011473673637438,0.291,0.408,13,20261023,15,easy,proportional
post_score,1000,0.47277006246457975,0.8747712339415693,0.291,0.408,13,20261023,15,easy,proportional
baseline,1000,0.5124742236271804,0.8706791694483891,0.227,0.348,13,20261023,30,easy,proportional
observed_gain,1000,-0.2344010066593331,-0.30128552760335314,0.227,0.348,13,20261023,30,easy,proportional
post_score,1000,0.4695913752749806,0.9032820995959646,0.227,0.348,13,20261023,30,easy,proportional
baseline,1000,0.475912093424492,0.7660906959518431,0.422,0.527,13,20261023,5,broad,proportional
observed_gain,1000,-0.09663737446603661,-0.12814205860832004,0.422,0.527,13,20261023,5,broad,proportional
post_score,1000,0.4499816216181561,0.7808213287628356,0.422,0.527,13,20261023,5,broad,proportional
baseline,1000,0.5335347185403654,0.8069411951937854,0.116,0.201,13,20261023,10,broad,proportional
observed_gain,1000,-0.032064390567374944,-0.04793710587946944,0.116,0.201,13,20261023,10,broad,proportional
post_score,1000,0.5441329352322899,0.8491431246478632,0.116,0.201,13,20261023,10,broad,proportional
baseline,1000,0.5696288736869176,0.8354403770010952,0.066,0.155,13,20261023,15,broad,proportional
observed_gain,1000,-0.01937114824243688,-0.011152199265573481,0.066,0.155,13,20261023,15,broad,proportional
post_score,1000,0.5825428729366665,0.8899375090895647,0.066,0.155,13,20261023,15,broad,proportional
baseline,1000,0.5929167210256091,0.8773396279348613,0.035,0.116,13,20261023,30,broad,proportional
observed_gain,1000,-0.08137206418499195,-0.061332683349214316,0.035,0.116,13,20261023,30,broad,proportional
post_score,1000,0.58159876560159,0.9311951200866159,0.035,0.116,13,20261023,30,broad,proportional
baseline,1000,0.042654934590017214,0.03554000227945722,0.595,0.865,13,20261023,5,easy,additive
observed_gain,1000,0.03427265336678747,0.04036096085105554,0.595,0.865,13,20261023,5,easy,additive
post_score,1000,0.2161189379647724,0.2488757911302349,0.595,0.865,13,20261023,5,easy,additive
baseline,1000,0.033619749195166485,0.025164761922415655,0.362,0.578,13,20261023,10,easy,additive
observed_gain,1000,0.10016768581517066,0.10293978664938032,0.362,0.578,13,20261023,10,easy,additive
post_score,1000,0.29520808974677354,0.29391086337004374,0.362,0.578,13,20261023,10,easy,additive
baseline,1000,0.032854818583924854,0.011934198197601739,0.291,0.477,13,20261023,15,easy,additive
observed_gain,1000,0.12283879763335219,0.13925149322613364,0.291,0.477,13,20261023,15,easy,additive
post_score,1000,0.3285551291259488,0.3249973026062959,0.291,0.477,13,20261023,15,easy,additive
baseline,1000,0.025601348691484598,0.008674833968853463,0.227,0.379,13,20261023,30,easy,additive
observed_gain,1000,0.1220664638369799,0.13271130383527896,0.227,0.379,13,20261023,30,easy,additive
post_score,1000,0.3513451306577153,0.34299393028367187,0.227,0.379,13,20261023,30,easy,additive
baseline,1000,0.06098719676052778,0.03959251329662649,0.422,0.653,13,20261023,5,broad,additive
observed_gain,1000,0.09441945272520574,0.11549418545462492,0.422,0.653,13,20261023,5,broad,additive
post_score,1000,0.28137315309486305,0.29285328207584876,0.422,0.653,13,20261023,5,broad,additive
baseline,1000,0.045519538503810165,0.028966704628044643,0.116,0.193,13,20261023,10,broad,additive
observed_gain,1000,0.1530969303497401,0.16913993293917237,0.116,0.193,13,20261023,10,broad,additive
post_score,1000,0.32161810290444454,0.31244004516756657,0.116,0.193,13,20261023,10,broad,additive
baseline,1000,0.0423419951982412,0.018845408960763633,0.066,0.126,13,20261023,15,broad,additive
observed_gain,1000,0.1910808691827006,0.22561269905845144,0.066,0.126,13,20261023,15,broad,additive
post_score,1000,0.3374416806166628,0.32295053811118607,0.066,0.126,13,20261023,15,broad,additive
baseline,1000,0.03374672664631622,0.01380802188043329,0.035,0.081,13,20261023,30,broad,additive
observed_gain,1000,0.21845494670042848,0.24238119490363091,0.035,0.081,13,20261023,30,broad,additive
post_score,1000,0.3628671983622498,0.3409389341318872,0.035,0.081,13,20261023,30,broad,additive
baseline,1000,-0.6130300265780119,-0.6864990697176651,0.595,0.974,13,20261023,5,easy,catch_up
observed_gain,1000,0.6160711914142847,0.684138994477988,0.595,0.974,13,20261023,5,easy,catch_up
post_score,1000,0.0914868312558782,0.08848817489176716,0.595,0.974,13,20261023,5,easy,catch_up
baseline,1000,-0.6737742230495581,-0.772016635989164,0.362,0.799,13,20261023,10,easy,catch_up
observed_gain,1000,0.690991642036418,0.7671287077662617,0.362,0.799,13,20261023,10,easy,catch_up
post_score,1000,0.1565210127925041,0.07912045430085247,0.362,0.799,13,20261023,10,easy,catch_up
baseline,1000,-0.7042758233938471,-0.8164877673094267,0.291,0.726,13,20261023,15,easy,catch_up
observed_gain,1000,0.7226454724098398,0.8094844191822166,0.291,0.726,13,20261023,15,easy,catch_up
post_score,1000,0.19464005142248364,0.10982475526579612,0.291,0.726,13,20261023,15,easy,catch_up
baseline,1000,-0.7390913436195964,-0.8484417373418022,0.227,0.625,13,20261023,30,easy,catch_up
observed_gain,1000,0.7555188336703967,0.8381570177260216,0.227,0.625,13,20261023,30,easy,catch_up
post_score,1000,0.22788707655612067,0.12211322670967793,0.227,0.625,13,20261023,30,easy,catch_up
baseline,1000,-0.6122763812857701,-0.7128979729827924,0.422,0.854,13,20261023,5,broad,catch_up
observed_gain,1000,0.6201831077996218,0.7013020764070236,0.422,0.854,13,20261023,5,broad,catch_up
post_score,1000,0.1558874676767653,0.12695492515269624,0.422,0.854,13,20261023,5,broad,catch_up
baseline,1000,-0.6599120702793412,-0.763109235298027,0.116,0.319,13,20261023,10,broad,catch_up
observed_gain,1000,0.70923131005498,0.7556302869666387,0.116,0.319,13,20261023,10,broad,catch_up
post_score,1000,0.27107706067264664,0.15134462050130948,0.116,0.319,13,20261023,10,broad,catch_up
baseline,1000,-0.68021958493952,-0.8005799473764896,0.066,0.215,13,20261023,15,broad,catch_up
observed_gain,1000,0.7505259921483197,0.800201103581141,0.066,0.215,13,20261023,15,broad,catch_up
post_score,1000,0.32306526716729667,0.16796792310785774,0.066,0.215,13,20261023,15,broad,catch_up
baseline,1000,-0.7337732058254539,-0.8498285456771989,0.035,0.142,13,20261023,30,broad,catch_up
observed_gain,1000,0.7992403818176546,0.8567053427976378,0.035,0.142,13,20261023,30,broad,catch_up
post_score,1000,0.36603992581938055,0.18734907892303618,0.035,0.142,13,20261023,30,broad,catch_up
baseline,1000,0.4968352338842172,0.7804217556832794,0.412,0.545,14,20261024,5,easy,proportional
observed_gain,1000,-0.12104634449929957,-0.11902458141261586,0.412,0.545,14,20261024,5,easy,proportional
post_score,1000,0.44555103408525454,0.7836651459531152,0.412,0.545,14,20261024,5,easy,proportional
baseline,1000,0.5565058358776526,0.8442805991333557,0.275,0.413,14,20261024,10,easy,proportional
observed_gain,1000,-0.1461784082227281,-0.11452030119210384,0.275,0.413,14,20261024,10,easy,proportional
post_score,1000,0.509770060337452,0.8760498212566374,0.275,0.413,14,20261024,10,easy,proportional
baseline,1000,0.5534326681015956,0.8603435878629196,0.251,0.389,14,20261024,15,easy,proportional
observed_gain,1000,-0.1728161709925011,-0.15825564796539848,0.251,0.389,14,20261024,15,easy,proportional
post_score,1000,0.503844943090545,0.8884981737278445,0.251,0.389,14,20261024,15,easy,proportional
baseline,1000,0.5841906308068836,0.8809000285801544,0.169,0.291,14,20261024,30,easy,proportional
observed_gain,1000,-0.19484728658915765,-0.13434519696807057,0.169,0.291,14,20261024,30,easy,proportional
post_score,1000,0.5349318848883496,0.9216064791376134,0.169,0.291,14,20261024,30,easy,proportional
baseline,1000,0.5384705308110669,0.731561789750468,0.192,0.297,14,20261024,5,broad,proportional
observed_gain,1000,-0.021599061616392867,0.0433328184816296,0.192,0.297,14,20261024,5,broad,proportional
post_score,1000,0.5383742373062308,0.8076409381155724,0.192,0.297,14,20261024,5,broad,proportional
baseline,1000,0.6197405382761323,0.80230790989689,0.071,0.161,14,20261024,10,broad,proportional
observed_gain,1000,0.02246227963123249,0.11080344384235506,0.071,0.161,14,20261024,10,broad,proportional
post_score,1000,0.628160078078115,0.8828111034239221,0.071,0.161,14,20261024,10,broad,proportional
baseline,1000,0.6291761243907382,0.8390153410756519,0.062,0.146,14,20261024,15,broad,proportional
observed_gain,1000,3.512458164427341e-4,0.08761240784570372,0.062,0.146,14,20261024,15,broad,proportional
post_score,1000,0.6255261764777793,0.9050834010536661,0.062,0.146,14,20261024,15,broad,proportional
baseline,1000,0.6733568054897535,0.8670089655509775,0.023,0.081,14,20261024,30,broad,proportional
observed_gain,1000,0.06914707101533821,0.21448704580037675,0.023,0.081,14,20261024,30,broad,proportional
post_score,1000,0.6678657774973056,0.9299475043508159,0.023,0.081,14,20261024,30,broad,proportional
baseline,1000,0.033261342319825866,0.033073157897374264,0.412,0.696,14,20261024,5,easy,additive
observed_gain,1000,0.10628806072525887,0.11068466897103647,0.412,0.696,14,20261024,5,easy,additive
post_score,1000,0.26101233943567226,0.2754062995621948,0.412,0.696,14,20261024,5,easy,additive
baseline,1000,0.03694554121690279,0.05170307552882515,0.275,0.497,14,20261024,10,easy,additive
observed_gain,1000,0.1670027943995939,0.16132990820898335,0.275,0.497,14,20261024,10,easy,additive
post_score,1000,0.3403531678965639,0.35305060219105405,0.275,0.497,14,20261024,10,easy,additive
baseline,1000,0.03239307501907985,0.04600697840078424,0.251,0.453,14,20261024,15,easy,additive
observed_gain,1000,0.15821542176024322,0.13662665802916357,0.251,0.453,14,20261024,15,easy,additive
post_score,1000,0.34432546820899373,0.35301815111311124,0.251,0.453,14,20261024,15,easy,additive
baseline,1000,0.028833918913692042,0.04492202880163938,0.169,0.289,14,20261024,30,easy,additive
observed_gain,1000,0.20505777534249486,0.1576041609341097,0.169,0.289,14,20261024,30,easy,additive
post_score,1000,0.3713217893058659,0.35508635539339095,0.169,0.289,14,20261024,30,easy,additive
baseline,1000,0.015126433024962041,0.010713365180095538,0.192,0.329,14,20261024,5,broad,additive
observed_gain,1000,0.19688139394182214,0.22021632750054865,0.192,0.329,14,20261024,5,broad,additive
post_score,1000,0.2839020963206247,0.28367914442071873,0.192,0.329,14,20261024,5,broad,additive
baseline,1000,0.032919670483905886,0.03934250891546582,0.071,0.135,14,20261024,10,broad,additive
observed_gain,1000,0.2674038965295894,0.2635405524049193,0.071,0.135,14,20261024,10,broad,additive
post_score,1000,0.3374845060569469,0.33701943429203746,0.071,0.135,14,20261024,10,broad,additive
baseline,1000,0.030213042092139368,0.04086683287553348,0.062,0.116,14,20261024,15,broad,additive
observed_gain,1000,0.2809162104305417,0.26436576127301803,0.062,0.116,14,20261024,15,broad,additive
post_score,1000,0.35211061240843267,0.3441645956643857,0.062,0.116,14,20261024,15,broad,additive
baseline,1000,0.037052594798530514,0.04661180751456459,0.023,0.04,14,20261024,30,broad,additive
observed_gain,1000,0.3685873146816854,0.32472384120262365,0.023,0.04,14,20261024,30,broad,additive
post_score,1000,0.37743780880407024,0.3638423992762162,0.023,0.04,14,20261024,30,broad,additive
baseline,1000,-0.6615915236457655,-0.7639384902823357,0.412,0.905,14,20261024,5,easy,catch_up
observed_gain,1000,0.6686165273181266,0.7560321599170913,0.412,0.905,14,20261024,5,easy,catch_up
post_score,1000,0.13315607132501622,0.11397983083090354,0.412,0.905,14,20261024,5,easy,catch_up
baseline,1000,-0.7109415214290931,-0.8165458531241425,0.275,0.785,14,20261024,10,easy,catch_up
observed_gain,1000,0.7310911864165195,0.8187096215890892,0.275,0.785,14,20261024,10,easy,catch_up
post_score,1000,0.19028119297036694,0.1369136808413027,0.275,0.785,14,20261024,10,easy,catch_up
baseline,1000,-0.7226993205529432,-0.8362876258497492,0.251,0.747,14,20261024,15,easy,catch_up
observed_gain,1000,0.7441980659642239,0.8397486719949929,0.251,0.747,14,20261024,15,easy,catch_up
post_score,1000,0.20373708221878178,0.1372882026951478,0.251,0.747,14,20261024,15,easy,catch_up
baseline,1000,-0.7462570197755098,-0.858253529845761,0.169,0.547,14,20261024,30,easy,catch_up
observed_gain,1000,0.7741372500569731,0.8635187294433568,0.169,0.547,14,20261024,30,easy,catch_up
post_score,1000,0.25762120211727907,0.15953109905748292,0.169,0.547,14,20261024,30,easy,catch_up
baseline,1000,-0.6109940711967466,-0.7484526131706365,0.192,0.525,14,20261024,5,broad,catch_up
observed_gain,1000,0.6476150791099274,0.7324866660705089,0.192,0.525,14,20261024,5,broad,catch_up
post_score,1000,0.20808391895630288,0.09530224072709666,0.192,0.525,14,20261024,5,broad,catch_up
baseline,1000,-0.6512402618091473,-0.7928909918445955,0.071,0.255,14,20261024,10,broad,catch_up
observed_gain,1000,0.7379142592099727,0.7983944528288215,0.071,0.255,14,20261024,10,broad,catch_up
post_score,1000,0.3102380765159619,0.1595825130086555,0.071,0.255,14,20261024,10,broad,catch_up
baseline,1000,-0.686115919799429,-0.8264022101412403,0.062,0.224,14,20261024,15,broad,catch_up
observed_gain,1000,0.7667378802359797,0.8328133892711982,0.062,0.224,14,20261024,15,broad,catch_up
post_score,1000,0.33759731577267516,0.18664444147421955,0.062,0.224,14,20261024,15,broad,catch_up
baseline,1000,-0.6966793879970142,-0.8468890781154842,0.023,0.081,14,20261024,30,broad,catch_up
observed_gain,1000,0.8155991166740972,0.879161690791651,0.023,0.081,14,20261024,30,broad,catch_up
post_score,1000,0.3963055403652319,0.21552175241697324,0.023,0.081,14,20261024,30,broad,catch_up
baseline,1000,0.45524183839557036,0.7887977795083945,0.396,0.534,15,20261025,5,easy,proportional
observed_gain,1000,-0.11337482246379449,-0.09407139422278334,0.396,0.534,15,20261025,5,easy,proportional
post_score,1000,0.3990244507793494,0.7825963998367579,0.396,0.534,15,20261025,5,easy,proportional
baseline,1000,0.47446125464429284,0.8297400745961054,0.318,0.444,15,20261025,10,easy,proportional
observed_gain,1000,-0.15015502484509224,-0.15340337930012984,0.318,0.444,15,20261025,10,easy,proportional
post_score,1000,0.42084960513450465,0.8420857795128541,0.318,0.444,15,20261025,10,easy,proportional
baseline,1000,0.47242840912259887,0.8466773930309568,0.283,0.412,15,20261025,15,easy,proportional
observed_gain,1000,-0.18371376969222983,-0.2172704731255562,0.283,0.412,15,20261025,15,easy,proportional
post_score,1000,0.4173584119688855,0.8636750983138868,0.283,0.412,15,20261025,15,easy,proportional
baseline,1000,0.506104762875368,0.8697497591924787,0.191,0.298,15,20261025,30,easy,proportional
observed_gain,1000,-0.20427569896191944,-0.17552524908069658,0.191,0.298,15,20261025,30,easy,proportional
post_score,1000,0.4507625199779802,0.9070588354655007,0.191,0.298,15,20261025,30,easy,proportional
baseline,1000,0.5143376183977854,0.7391852491907891,0.18,0.29,15,20261025,5,broad,proportional
observed_gain,1000,-0.008167118377852571,0.06780992896617737,0.18,0.29,15,20261025,5,broad,proportional
post_score,1000,0.5026911873887693,0.8160025993207507,0.18,0.29,15,20261025,5,broad,proportional
baseline,1000,0.5555657199516497,0.8069205015025452,0.097,0.193,15,20261025,10,broad,proportional
observed_gain,1000,-0.01830043012701779,0.08650194521190843,0.097,0.193,15,20261025,10,broad,proportional
post_score,1000,0.5347658438340331,0.8740291367626791,0.097,0.193,15,20261025,10,broad,proportional
baseline,1000,0.5599449693445618,0.8403787307312763,0.078,0.164,15,20261025,15,broad,proportional
observed_gain,1000,-0.03868420170198501,0.052301411589114034,0.078,0.164,15,20261025,15,broad,proportional
post_score,1000,0.5350582882300456,0.8978141700996131,0.078,0.164,15,20261025,15,broad,proportional
baseline,1000,0.6080220418491041,0.863285539424745,0.024,0.096,15,20261025,30,broad,proportional
observed_gain,1000,0.013717002316022872,0.2068865280193289,0.024,0.096,15,20261025,30,broad,proportional
post_score,1000,0.5812253418991394,0.9227186201888722,0.024,0.096,15,20261025,30,broad,proportional
baseline,1000,0.04161793563427009,0.029395301926276277,0.396,0.661,15,20261025,5,easy,additive
observed_gain,1000,0.11942801189187657,0.1290695655407471,0.396,0.661,15,20261025,5,easy,additive
post_score,1000,0.27109655407071204,0.2770267418540429,0.396,0.661,15,20261025,5,easy,additive
baseline,1000,0.03341657650407529,0.02005987648519576,0.318,0.531,15,20261025,10,easy,additive
observed_gain,1000,0.13790751967392845,0.14063224942237326,0.318,0.531,15,20261025,10,easy,additive
post_score,1000,0.30230267408418254,0.3079482475580729,0.318,0.531,15,20261025,10,easy,additive
baseline,1000,0.03724348542183006,0.022774703725254575,0.283,0.487,15,20261025,15,easy,additive
observed_gain,1000,0.12638445160336892,0.1390422113244851,0.283,0.487,15,20261025,15,easy,additive
post_score,1000,0.31290137131518836,0.32368820922001657,0.283,0.487,15,20261025,15,easy,additive
baseline,1000,0.04375066332013715,0.03054795623733448,0.191,0.313,15,20261025,30,easy,additive
observed_gain,1000,0.1664447521802357,0.16506901360161236,0.191,0.313,15,20261025,30,easy,additive
post_score,1000,0.34590789769044006,0.3442885183856333,0.191,0.313,15,20261025,30,easy,additive
baseline,1000,0.08653895142614618,0.06630725454548421,0.18,0.311,15,20261025,5,broad,additive
observed_gain,1000,0.16842420689552234,0.1843754986997679,0.18,0.311,15,20261025,5,broad,additive
post_score,1000,0.29501787405059404,0.2776176596739694,0.18,0.311,15,20261025,5,broad,additive
baseline,1000,0.0718680424990842,0.04574024401513107,0.097,0.168,15,20261025,10,broad,additive
observed_gain,1000,0.21648875085493538,0.23113606511874032,0.097,0.168,15,20261025,10,broad,additive
post_score,1000,0.3262417008769918,0.3106098895587502,0.097,0.168,15,20261025,10,broad,additive
baseline,1000,0.06692190595396444,0.04676129054868249,0.078,0.136,15,20261025,15,broad,additive
observed_gain,1000,0.23021081878204952,0.24660093204901964,0.078,0.136,15,20261025,15,broad,additive
post_score,1000,0.3451007099202457,0.3336526695674305,0.078,0.136,15,20261025,15,broad,additive
baseline,1000,0.08550692747229437,0.05363357322948945,0.024,0.058,15,20261025,30,broad,additive
observed_gain,1000,0.30951365797828023,0.3256422716871117,0.024,0.058,15,20261025,30,broad,additive
post_score,1000,0.3731301838069249,0.3526507073029917,0.024,0.058,15,20261025,30,broad,additive
baseline,1000,-0.6426780868500899,-0.7591396292114827,0.396,0.877,15,20261025,5,easy,catch_up
observed_gain,1000,0.6549696629145518,0.7477678151023126,0.396,0.877,15,20261025,5,easy,catch_up
post_score,1000,0.12642401058474745,0.08364098869877513,0.396,0.877,15,20261025,5,easy,catch_up
baseline,1000,-0.6892764386626263,-0.8058776788917027,0.318,0.791,15,20261025,10,easy,catch_up
observed_gain,1000,0.7077709899199166,0.8034588858464131,0.318,0.791,15,20261025,10,easy,catch_up
post_score,1000,0.17577031133411086,0.13086760119433724,0.318,0.791,15,20261025,10,easy,catch_up
baseline,1000,-0.6975614593570595,-0.8203195251597474,0.283,0.749,15,20261025,15,easy,catch_up
observed_gain,1000,0.7158769772354063,0.8215061403276651,0.283,0.749,15,20261025,15,easy,catch_up
post_score,1000,0.18313729504689283,0.13472795790770073,0.283,0.749,15,20261025,15,easy,catch_up
baseline,1000,-0.7111767242916863,-0.8388984939575771,0.191,0.54,15,20261025,30,easy,catch_up
observed_gain,1000,0.7411429900759524,0.8487333817201779,0.191,0.54,15,20261025,30,easy,catch_up
post_score,1000,0.2629383451188932,0.19184718494721906,0.191,0.54,15,20261025,30,easy,catch_up
baseline,1000,-0.5221352858388645,-0.684318287176031,0.18,0.502,15,20261025,5,broad,catch_up
observed_gain,1000,0.5899310012847284,0.6848419577982028,0.18,0.502,15,20261025,5,broad,catch_up
post_score,1000,0.24430016161220852,0.12932142157233922,0.18,0.502,15,20261025,5,broad,catch_up
baseline,1000,-0.5990537704077111,-0.7672146198743015,0.097,0.299,15,20261025,10,broad,catch_up
observed_gain,1000,0.6911574857584005,0.7845934459765357,0.097,0.299,15,20261025,10,broad,catch_up
post_score,1000,0.31321225851980866,0.17507759703346717,0.097,0.299,15,20261025,10,broad,catch_up
baseline,1000,-0.6399780869571788,-0.7992821114560913,0.078,0.245,15,20261025,15,broad,catch_up
observed_gain,1000,0.7298106699631994,0.826496186104689,0.078,0.245,15,20261025,15,broad,catch_up
post_score,1000,0.34581009832257953,0.2132350011635007,0.078,0.245,15,20261025,15,broad,catch_up
baseline,1000,-0.6328655717106276,-0.8151732761420108,0.024,0.108,15,20261025,30,broad,catch_up
observed_gain,1000,0.7781577330656961,0.8743516477346316,0.024,0.108,15,20261025,30,broad,catch_up
post_score,1000,0.4062972405066751,0.22758336367753534,0.024,0.108,15,20261025,30,broad,catch_up
baseline,1000,0.46382105702109105,0.7590160559592962,0.435,0.554,16,20261026,5,easy,proportional
observed_gain,1000,-0.09774862937390305,-0.12054922055617666,0.435,0.554,16,20261026,5,easy,proportional
post_score,1000,0.43255657310308776,0.7733285945165838,0.435,0.554,16,20261026,5,easy,proportional
baseline,1000,0.5412497523752113,0.8238427420692753,0.279,0.396,16,20261026,10,easy,proportional
observed_gain,1000,-0.09258882170548652,-0.056007125714790475,0.279,0.396,16,20261026,10,easy,proportional
post_score,1000,0.5093529323901402,0.8684170582886676,0.279,0.396,16,20261026,10,easy,proportional
baseline,1000,0.5429470501598349,0.85012552380781925,0.251,0.373,16,20261026,15,easy,proportional
observed_gain,1000,-0.14308777434412967,-0.1397567544598778,0.251,0.373,16,20261026,15,easy,proportional
post_score,1000,0.5006040052172823,0.8811796015824843,0.251,0.373,16,20261026,15,easy,proportional
baseline,1000,0.5575638860657004,0.88310633114165,0.187,0.313,16,20261026,30,easy,proportional
observed_gain,1000,-0.19991144005681702,-0.18174355148841287,0.187,0.313,16,20261026,30,easy,proportional
post_score,1000,0.5076995177978617,0.9100790924560003,0.187,0.313,16,20261026,30,easy,proportional
baseline,1000,0.5022139859023138,0.710206257499045,0.205,0.313,16,20261026,5,broad,proportional
observed_gain,1000,-0.004052639340471081,-0.006385223872206736,0.205,0.313,16,20261026,5,broad,proportional
post_score,1000,0.5217116001606805,0.7836890631945361,0.205,0.313,16,20261026,5,broad,proportional
baseline,1000,0.6068927310998344,0.7856971274247126,0.066,0.15,16,20261026,10,broad,proportional
observed_gain,1000,0.08178469828345158,0.16413456020079267,0.066,0.15,16,20261026,10,broad,proportional
post_score,1000,0.6289544843930699,0.8692023325333085,0.066,0.15,16,20261026,10,broad,proportional
baseline,1000,0.6247681343375876,0.8362599915608906,0.061,0.136,16,20261026,15,broad,proportional
observed_gain,1000,0.034345087237874175,0.11156903205248585,0.061,0.136,16,20261026,15,broad,proportional
post_score,1000,0.6260608602169649,0.8987498360704687,0.061,0.136,16,20261026,15,broad,proportional
baseline,1000,0.6548483238341529,0.8764474648485014,0.038,0.089,16,20261026,30,broad,proportional
observed_gain,1000,0.01274938235896819,0.14111809116395577,0.038,0.089,16,20261026,30,broad,proportional
post_score,1000,0.6351288990306571,0.9272433505628039,0.038,0.089,16,20261026,30,broad,proportional
baseline,1000,0.030350749386329864,0.03826385795878101,0.435,0.687,16,20261026,5,easy,additive
observed_gain,1000,0.11921315726886672,0.11509156166840837,0.435,0.687,16,20261026,5,easy,additive
post_score,1000,0.2775202792790006,0.3089785919100706,0.435,0.687,16,20261026,5,easy,additive
baseline,1000,0.04263224010852974,0.04215071592047687,0.279,0.474,16,20261026,10,easy,additive
observed_gain,1000,0.189495153659526,0.18343464005543855,0.279,0.474,16,20261026,10,easy,additive
post_score,1000,0.347599316485568,0.34840086791697505,0.279,0.474,16,20261026,10,easy,additive
baseline,1000,0.04362157517746962,0.04460466549932932,0.251,0.438,16,20261026,15,easy,additive
observed_gain,1000,0.1710397366881895,0.1620725477661247,0.251,0.438,16,20261026,15,easy,additive
post_score,1000,0.35586730957348645,0.3550101559803851,0.251,0.438,16,20261026,15,easy,additive
baseline,1000,0.06939336889947154,0.06713361923241083,0.187,0.319,16,20261026,30,easy,additive
observed_gain,1000,0.14648792606541006,0.13486511842864374,0.187,0.319,16,20261026,30,easy,additive
post_score,1000,0.3836379215436076,0.3710844007260643,0.187,0.319,16,20261026,30,easy,additive
baseline,1000,0.04435052720635105,0.042785907891785914,0.205,0.326,16,20261026,5,broad,additive
observed_gain,1000,0.11948355124676445,0.13826655567703888,0.205,0.326,16,20261026,5,broad,additive
post_score,1000,0.23799919912654613,0.23428665460318987,0.205,0.326,16,20261026,5,broad,additive
baseline,1000,0.042014851144487456,0.049657900128832685,0.066,0.118,16,20261026,10,broad,additive
observed_gain,1000,0.2332487073179321,0.20834382623622968,0.066,0.118,16,20261026,10,broad,additive
post_score,1000,0.2905607207737359,0.2857435287990105,0.066,0.118,16,20261026,10,broad,additive
baseline,1000,0.05254656405217684,0.05887437020388418,0.061,0.109,16,20261026,15,broad,additive
observed_gain,1000,0.24480931639299502,0.22318723846821167,0.061,0.109,16,20261026,15,broad,additive
post_score,1000,0.32141159107223005,0.30971478770339406,0.061,0.109,16,20261026,15,broad,additive
baseline,1000,0.06641674213466886,0.06831934643390798,0.038,0.053,16,20261026,30,broad,additive
observed_gain,1000,0.2903642325103868,0.26939743123477555,0.038,0.053,16,20261026,30,broad,additive
post_score,1000,0.3633777662898273,0.34951169116803804,0.038,0.053,16,20261026,30,broad,additive
baseline,1000,-0.6423159944293424,-0.741695846694826,0.435,0.877,16,20261026,5,easy,catch_up
observed_gain,1000,0.651152433262784,0.7220086793528063,0.435,0.877,16,20261026,5,easy,catch_up
post_score,1000,0.11514788281905175,0.054197579860586056,0.435,0.877,16,20261026,5,easy,catch_up
baseline,1000,-0.6931160154412173,-0.8117950669991209,0.279,0.729,16,20261026,10,easy,catch_up
observed_gain,1000,0.7247651534406124,0.8148656594415887,0.279,0.729,16,20261026,10,easy,catch_up
post_score,1000,0.1721751858174205,0.06272838534630401,0.279,0.729,16,20261026,10,easy,catch_up
baseline,1000,-0.7248499307382313,-0.8335694790749931,0.251,0.689,16,20261026,15,easy,catch_up
observed_gain,1000,0.7526767160980137,0.8334261068800816,0.251,0.689,16,20261026,15,easy,catch_up
post_score,1000,0.1873236293872244,0.07943600027381306,0.251,0.689,16,20261026,15,easy,catch_up
baseline,1000,-0.7270960725284245,-0.8479089322115645,0.187,0.553,16,20261026,30,easy,catch_up
observed_gain,1000,0.7578333172334404,0.8539166600016806,0.187,0.553,16,20261026,30,easy,catch_up
post_score,1000,0.23163687457732954,0.11627261316394324,0.187,0.553,16,20261026,30,easy,catch_up
baseline,1000,-0.6071863946529166,-0.6817772935064045,0.205,0.498,16,20261026,5,broad,catch_up
observed_gain,1000,0.6388266971123855,0.639394876900887,0.205,0.498,16,20261026,5,broad,catch_up
post_score,1000,0.23797139950763557,0.10853232192101896,0.205,0.498,16,20261026,5,broad,catch_up
baseline,1000,-0.6384402162504169,-0.7649300530021812,0.066,0.199,16,20261026,10,broad,catch_up
observed_gain,1000,0.7372798080096168,0.7467654302821456,0.066,0.199,16,20261026,10,broad,catch_up
post_score,1000,0.3295457444403897,0.14165725121624326,0.066,0.199,16,20261026,10,broad,catch_up
baseline,1000,-0.6803546722383123,-0.8052649987787872,0.061,0.184,16,20261026,15,broad,catch_up
observed_gain,1000,0.7744843706077671,0.8030572112220103,0.061,0.184,16,20261026,15,broad,catch_up
post_score,1000,0.33488118450016635,0.14781303584594713,0.061,0.184,16,20261026,15,broad,catch_up
baseline,1000,-0.700395216129844,-0.8418610515763085,0.038,0.097,16,20261026,30,broad,catch_up
observed_gain,1000,0.8121612250692607,0.8763926414962906,0.038,0.097,16,20261026,30,broad,catch_up
post_score,1000,0.3721385221112643,0.17213358545776364,0.038,0.097,16,20261026,30,broad,catch_up
baseline,1000,0.547039329736327,0.7674093136513009,0.323,0.465,17,20261027,5,easy,proportional
observed_gain,1000,-0.07823146729474786,-0.052823771777986354,0.323,0.465,17,20261027,5,easy,proportional
post_score,1000,0.5134814545977454,0.8155798104502321,0.323,0.465,17,20261027,5,easy,proportional
baseline,1000,0.5721474149376696,0.8391917431523706,0.263,0.415,17,20261027,10,easy,proportional
observed_gain,1000,-0.13552012336182429,-0.10657846794237229,0.263,0.415,17,20261027,10,easy,proportional
post_score,1000,0.5222512230615578,0.8660699820909871,0.263,0.415,17,20261027,10,easy,proportional
baseline,1000,0.568965704992996,0.8539054793809999,0.229,0.382,17,20261027,15,easy,proportional
observed_gain,1000,-0.15140025919267275,-0.1238256147127517,0.229,0.382,17,20261027,15,easy,proportional
post_score,1000,0.5181286456731267,0.8860941755996844,0.229,0.382,17,20261027,15,easy,proportional
baseline,1000,0.5891930592480807,0.8755684280064868,0.158,0.299,17,20261027,30,easy,proportional
observed_gain,1000,-0.20055064528687436,-0.16628844051021507,0.158,0.299,17,20261027,30,easy,proportional
post_score,1000,0.5331643012330315,0.9096024445800972,0.158,0.299,17,20261027,30,easy,proportional
baseline,1000,0.5502550063462123,0.6212261200060303,0.087,0.167,17,20261027,5,broad,proportional
observed_gain,1000,0.07418072398398756,0.12905400282819052,0.087,0.167,17,20261027,5,broad,proportional
post_score,1000,0.6069785024622464,0.7494242000227953,0.087,0.167,17,20261027,5,broad,proportional
baseline,1000,0.6345580322477936,0.7813704408522169,0.058,0.148,17,20261027,10,broad,proportional
observed_gain,1000,0.05096034202634501,0.14748676325684132,0.058,0.148,17,20261027,10,broad,proportional
post_score,1000,0.6443610285570756,0.8687667890187689,0.058,0.148,17,20261027,10,broad,proportional
baseline,1000,0.6453202138363388,0.8310693173687913,0.036,0.111,17,20261027,15,broad,proportional
observed_gain,1000,0.03669797644310835,0.13562330098007394,0.036,0.111,17,20261027,15,broad,proportional
post_score,1000,0.6408799801344445,0.8996800018434725,0.036,0.111,17,20261027,15,broad,proportional
baseline,1000,0.6850147447127359,0.8672897604181249,0.021,0.064,17,20261027,30,broad,proportional
observed_gain,1000,0.03758573036038043,0.1772201232917924,0.021,0.064,17,20261027,30,broad,proportional
post_score,1000,0.6672537563992421,0.9231971175873106,0.021,0.064,17,20261027,30,broad,proportional
baseline,1000,-0.01525221285532013,-0.022557377173024078,0.323,0.548,17,20261027,5,easy,additive
observed_gain,1000,0.22949367915899502,0.21624961067467227,0.323,0.548,17,20261027,5,easy,additive
post_score,1000,0.28967576194362293,0.29419330046137665,0.323,0.548,17,20261027,5,easy,additive
baseline,1000,0.006877560450436898,-0.010520198954841667,0.263,0.482,17,20261027,10,easy,additive
observed_gain,1000,0.20238156141534355,0.2071693787744038,0.263,0.482,17,20261027,10,easy,additive
post_score,1000,0.31313702024542606,0.30475168558524524,0.263,0.482,17,20261027,10,easy,additive
baseline,1000,0.00878532377500228,-0.014121567920203939,0.229,0.436,17,20261027,15,easy,additive
observed_gain,1000,0.18728072044127544,0.20355998052688615,0.229,0.436,17,20261027,15,easy,additive
post_score,1000,0.3315976506509551,0.3247702549778484,0.229,0.436,17,20261027,15,easy,additive
baseline,1000,0.009074522787893839,-0.019655933555303668,0.158,0.314,17,20261027,30,easy,additive
observed_gain,1000,0.19439605314636124,0.2042784631995599,0.158,0.314,17,20261027,30,easy,additive
post_score,1000,0.32526046564425726,0.30421703157027313,0.158,0.314,17,20261027,30,easy,additive
baseline,1000,-0.019242158322895973,-0.03270499035412591,0.087,0.144,17,20261027,5,broad,additive
observed_gain,1000,0.24671683874276557,0.24293211851388372,0.087,0.144,17,20261027,5,broad,additive
post_score,1000,0.2705773779970197,0.2611015651025205,0.087,0.144,17,20261027,5,broad,additive
baseline,1000,0.009049225615669818,-0.007393740057774615,0.058,0.114,17,20261027,10,broad,additive
observed_gain,1000,0.28914657784268943,0.29820421717153,0.058,0.114,17,20261027,10,broad,additive
post_score,1000,0.31115906888047007,0.29931713884324845,0.058,0.114,17,20261027,10,broad,additive
baseline,1000,0.018765358003997146,-0.007086173339711339,0.036,0.08,17,20261027,15,broad,additive
observed_gain,1000,0.2720438256066666,0.28859857187347976,0.036,0.08,17,20261027,15,broad,additive
post_score,1000,0.3159473231499387,0.2933618401263658,0.036,0.08,17,20261027,15,broad,additive
baseline,1000,0.01800647376538632,-0.009262683151307374,0.021,0.033,17,20261027,30,broad,additive
observed_gain,1000,0.34810442322854096,0.34873969582085557,0.021,0.033,17,20261027,30,broad,additive
post_score,1000,0.3287678057481301,0.29076158680858577,0.021,0.033,17,20261027,30,broad,additive
baseline,1000,-0.6456663768350056,-0.754339422972255,0.323,0.805,17,20261027,5,easy,catch_up
observed_gain,1000,0.663250494286562,0.7533208415013302,0.323,0.805,17,20261027,5,easy,catch_up
post_score,1000,0.17412269205964814,0.12528301679246862,0.323,0.805,17,20261027,5,easy,catch_up
baseline,1000,-0.7045502243498608,-0.8116955441982882,0.263,0.747,17,20261027,10,easy,catch_up
observed_gain,1000,0.7260770729784333,0.8123780750399792,0.263,0.747,17,20261027,10,easy,catch_up
post_score,1000,0.1919904874872769,0.13545141315042677,0.263,0.747,17,20261027,10,easy,catch_up
baseline,1000,-0.7224650854796583,-0.8272588644219273,0.229,0.68,17,20261027,15,easy,catch_up
observed_gain,1000,0.7442128614888714,0.8318938798325362,0.229,0.68,17,20261027,15,easy,catch_up
post_score,1000,0.2145719121542102,0.14218015794605215,0.229,0.68,17,20261027,15,easy,catch_up
baseline,1000,-0.7446488056483918,-0.8517029850837121,0.158,0.536,17,20261027,30,easy,catch_up
observed_gain,1000,0.7697805842429843,0.861913848187856,0.158,0.536,17,20261027,30,easy,catch_up
post_score,1000,0.25548706705041896,0.17274412467225694,0.158,0.536,17,20261027,30,easy,catch_up
baseline,1000,-0.49236154451069297,-0.6218923487007672,0.087,0.265,17,20261027,5,broad,catch_up
observed_gain,1000,0.591052490597533,0.6275986518170247,0.087,0.265,17,20261027,5,broad,catch_up
post_score,1000,0.3100633383373733,0.19698329890290586,0.087,0.265,17,20261027,5,broad,catch_up
baseline,1000,-0.6052508492319665,-0.7539344817913762,0.058,0.214,17,20261027,10,broad,catch_up
observed_gain,1000,0.7101835895519009,0.7893464525280645,0.058,0.214,17,20261027,10,broad,catch_up
post_score,1000,0.3436470399656836,0.22826672246408558,0.058,0.214,17,20261027,10,broad,catch_up
baseline,1000,-0.6545126573758799,-0.8021252356777109,0.036,0.148,17,20261027,15,broad,catch_up
observed_gain,1000,0.7498505296332151,0.8257295954433301,0.036,0.148,17,20261027,15,broad,catch_up
post_score,1000,0.3596757616623506,0.2169302713767719,0.036,0.148,17,20261027,15,broad,catch_up
baseline,1000,-0.6793134132586742,-0.8364452424756543,0.021,0.065,17,20261027,30,broad,catch_up
observed_gain,1000,0.7985422163382044,0.8888983002628106,0.021,0.065,17,20261027,30,broad,catch_up
post_score,1000,0.4112008286865055,0.25834292202416664,0.021,0.065,17,20261027,30,broad,catch_up
baseline,1000,0.5526660858755768,0.7640270769820938,0.351,0.471,18,20261028,5,easy,proportional
observed_gain,1000,-0.061256276140798475,-0.012194774354552958,0.351,0.471,18,20261028,5,easy,proportional
post_score,1000,0.5265690618263638,0.8125208466169443,0.351,0.471,18,20261028,5,easy,proportional
baseline,1000,0.5607218749643864,0.828835644980747,0.323,0.44,18,20261028,10,easy,proportional
observed_gain,1000,-0.13429477686251015,-0.10529271997794436,0.323,0.44,18,20261028,10,easy,proportional
post_score,1000,0.513393609151439,0.8557377962812488,0.323,0.44,18,20261028,10,easy,proportional
baseline,1000,0.5999195541361204,0.8515137258213851,0.247,0.372,18,20261028,15,easy,proportional
observed_gain,1000,-0.1424296397568572,-0.06791159244149204,0.247,0.372,18,20261028,15,easy,proportional
post_score,1000,0.5476343200958854,0.8828035933288595,0.247,0.372,18,20261028,15,easy,proportional
baseline,1000,0.6170017653705148,0.8738797181343204,0.16,0.279,18,20261028,30,easy,proportional
observed_gain,1000,-0.16982231656906918,-0.09689694574409925,0.16,0.279,18,20261028,30,easy,proportional
post_score,1000,0.5671489851654727,0.9160686435683377,0.16,0.279,18,20261028,30,easy,proportional
baseline,1000,0.5734415117607458,0.6469817042004257,0.122,0.224,18,20261028,5,broad,proportional
observed_gain,1000,0.09066388592673243,0.15180052033864985,0.122,0.224,18,20261028,5,broad,proportional
post_score,1000,0.6261866334162961,0.7724537341717466,0.122,0.224,18,20261028,5,broad,proportional
baseline,1000,0.6342926896961374,0.8004310485218631,0.108,0.206,18,20261028,10,broad,proportional
observed_gain,1000,0.013841826988837654,0.07913606509268968,0.108,0.206,18,20261028,10,broad,proportional
post_score,1000,0.634090879661134,0.8761682410651745,0.108,0.206,18,20261028,10,broad,proportional
baseline,1000,0.6864375231498759,0.8165254165720374,0.056,0.143,18,20261028,15,broad,proportional
observed_gain,1000,0.0682680937244641,0.18478016597187433,0.056,0.143,18,20261028,15,broad,proportional
post_score,1000,0.6815037751502037,0.8883433448122662,0.056,0.143,18,20261028,15,broad,proportional
baseline,1000,0.7135274191899714,0.8615329307925197,0.026,0.066,18,20261028,30,broad,proportional
observed_gain,1000,0.10810355600542802,0.22971852801895873,0.026,0.066,18,20261028,30,broad,proportional
post_score,1000,0.7109601113404354,0.9184446886487585,0.026,0.066,18,20261028,30,broad,proportional
baseline,1000,-0.022589786415513718,-0.028771483596340505,0.351,0.591,18,20261028,5,easy,additive
observed_gain,1000,0.21457919280093674,0.2055945361501726,0.351,0.591,18,20261028,5,easy,additive
post_score,1000,0.26600991125320494,0.2530194622136715,0.351,0.591,18,20261028,5,easy,additive
baseline,1000,-0.023539358875785062,-0.03072541833081154,0.323,0.543,18,20261028,10,easy,additive
observed_gain,1000,0.1936871110232372,0.19757589144550816,0.323,0.543,18,20261028,10,easy,additive
post_score,1000,0.2892952358345716,0.2702832735648821,0.323,0.543,18,20261028,10,easy,additive
baseline,1000,-0.02849276837689628,-0.034021940398630796,0.247,0.422,18,20261028,15,easy,additive
observed_gain,1000,0.2596679813013879,0.2540040130988881,0.247,0.422,18,20261028,15,easy,additive
post_score,1000,0.3238746852009127,0.29939068417882925,0.247,0.422,18,20261028,15,easy,additive
baseline,1000,-0.035615391767294634,-0.03868398473145674,0.16,0.284,18,20261028,30,easy,additive
observed_gain,1000,0.28964335317765455,0.26760147375128507,0.16,0.284,18,20261028,30,easy,additive
post_score,1000,0.34153561282782824,0.3071632696550075,0.16,0.284,18,20261028,30,easy,additive
baseline,1000,-0.025397641177006804,-0.018171114590198763,0.122,0.215,18,20261028,5,broad,additive
observed_gain,1000,0.2633448522904688,0.23496149769500485,0.122,0.215,18,20261028,5,broad,additive
post_score,1000,0.2623283658066271,0.25166388644890547,0.122,0.215,18,20261028,5,broad,additive
baseline,1000,-0.01366026921733792,-0.014339432488147428,0.108,0.187,18,20261028,10,broad,additive
observed_gain,1000,0.28058587109148453,0.251750024460074,0.108,0.187,18,20261028,10,broad,additive
post_score,1000,0.29632091671317323,0.28006793620505,0.108,0.187,18,20261028,10,broad,additive
baseline,1000,-0.008636071820254655,-0.004945915325474761,0.056,0.108,18,20261028,15,broad,additive
observed_gain,1000,0.3402175572724914,0.3004297811515866,0.056,0.108,18,20261028,15,broad,additive
post_score,1000,0.2935796703829647,0.27758109651356294,0.056,0.108,18,20261028,15,broad,additive
baseline,1000,-0.015932641519475,-0.014339696160029704,0.026,0.039,18,20261028,30,broad,additive
observed_gain,1000,0.40521554082022904,0.3519976655272058,0.026,0.039,18,20261028,30,broad,additive
post_score,1000,0.3011879748479852,0.28374747629369196,0.026,0.039,18,20261028,30,broad,additive
baseline,1000,-0.6273467599608451,-0.7534624144365714,0.351,0.84,18,20261028,5,easy,catch_up
observed_gain,1000,0.646620958797841,0.751476478895798,0.351,0.84,18,20261028,5,easy,catch_up
post_score,1000,0.14111944819464156,0.08498976425470606,0.351,0.84,18,20261028,5,easy,catch_up
baseline,1000,-0.7004216058541752,-0.8109361548923077,0.323,0.82,18,20261028,10,easy,catch_up
observed_gain,1000,0.7142679018018921,0.8013319297794905,0.323,0.82,18,20261028,10,easy,catch_up
post_score,1000,0.14982191528244498,0.0942106519419745,0.323,0.82,18,20261028,10,easy,catch_up
baseline,1000,-0.7191909960802239,-0.839157540717748,0.247,0.7,18,20261028,15,easy,catch_up
observed_gain,1000,0.745229028753413,0.8413164054469396,0.247,0.7,18,20261028,15,easy,catch_up
post_score,1000,0.20415103574534746,0.1293914733090382,0.247,0.7,18,20261028,15,easy,catch_up
baseline,1000,-0.7420907162730479,-0.8637400815802797,0.16,0.509,18,20261028,30,easy,catch_up
observed_gain,1000,0.7739898476636401,0.8728880109101934,0.16,0.509,18,20261028,30,easy,catch_up
post_score,1000,0.2722400202940713,0.17657647428960788,0.16,0.509,18,20261028,30,easy,catch_up
baseline,1000,-0.49832575616954866,-0.6417415653435657,0.122,0.362,18,20261028,5,broad,catch_up
observed_gain,1000,0.5939841504691429,0.6606303656251713,0.122,0.362,18,20261028,5,broad,catch_up
post_score,1000,0.2846172463158349,0.1611964037763333,0.122,0.362,18,20261028,5,broad,catch_up
baseline,1000,-0.6330945184102996,-0.779347157337589,0.108,0.326,18,20261028,10,broad,catch_up
observed_gain,1000,0.7091016149679499,0.7907343624632688,0.108,0.326,18,20261028,10,broad,catch_up
post_score,1000,0.297850893884776,0.17078791845519709,0.108,0.326,18,20261028,10,broad,catch_up
baseline,1000,-0.621945069860258,-0.7894059272336844,0.056,0.185,18,20261028,15,broad,catch_up
observed_gain,1000,0.7485732309674057,0.8293786337238548,0.056,0.185,18,20261028,15,broad,catch_up
post_score,1000,0.3548266237276311,0.20364540823806482,0.056,0.185,18,20261028,15,broad,catch_up
baseline,1000,-0.6615457895225366,-0.8352473178089304,0.026,0.077,18,20261028,30,broad,catch_up
observed_gain,1000,0.8134019835827273,0.8831359257681531,0.026,0.077,18,20261028,30,broad,catch_up
post_score,1000,0.4211050272356917,0.23040107513603675,0.026,0.077,18,20261028,30,broad,catch_up
baseline,1000,0.5467805259122446,0.7594331303889301,0.344,0.483,19,20261029,5,easy,proportional
observed_gain,1000,-0.10842473012408467,-0.09143289782593216,0.344,0.483,19,20261029,5,easy,proportional
post_score,1000,0.5068003771097774,0.7952578095793315,0.344,0.483,19,20261029,5,easy,proportional
baseline,1000,0.5754965925851986,0.8194535817075007,0.271,0.427,19,20261029,10,easy,proportional
observed_gain,1000,-0.13664069965129724,-0.10117748300859551,0.271,0.427,19,20261029,10,easy,proportional
post_score,1000,0.5258952968235857,0.8526740326027725,0.271,0.427,19,20261029,10,easy,proportional
baseline,1000,0.5755862168048068,0.8405091140619466,0.238,0.403,19,20261029,15,easy,proportional
observed_gain,1000,-0.17893517749184104,-0.1496546347435106,0.238,0.403,19,20261029,15,easy,proportional
post_score,1000,0.5182613409436249,0.8716223712332981,0.238,0.403,19,20261029,15,easy,proportional
baseline,1000,0.5863390573075427,0.8748184890172086,0.174,0.325,19,20261029,30,easy,proportional
observed_gain,1000,-0.22330470075922798,-0.1911585612869515,0.174,0.325,19,20261029,30,easy,proportional
post_score,1000,0.5259205085145985,0.9038819715202318,0.174,0.325,19,20261029,30,easy,proportional
baseline,1000,0.5372633933082037,0.6563979845307767,0.089,0.17,19,20261029,5,broad,proportional
observed_gain,1000,0.04914812010069743,0.06783012172334756,0.089,0.17,19,20261029,5,broad,proportional
post_score,1000,0.5802261747738473,0.7118397286015729,0.089,0.17,19,20261029,5,broad,proportional
baseline,1000,0.6280003856699555,0.7655679174398182,0.052,0.134,19,20261029,10,broad,proportional
observed_gain,1000,0.06720648208623028,0.141390583043323,0.052,0.134,19,20261029,10,broad,proportional
post_score,1000,0.6478346584843147,0.8467593645574327,0.052,0.134,19,20261029,10,broad,proportional
baseline,1000,0.64347943252441,0.8197463958815745,0.043,0.115,19,20261029,15,broad,proportional
observed_gain,1000,0.026828573433072416,0.10475862940990081,0.043,0.115,19,20261029,15,broad,proportional
post_score,1000,0.6472194760607912,0.8904228453649221,0.043,0.115,19,20261029,15,broad,proportional
baseline,1000,0.672718222233281,0.8674039497467583,0.021,0.076,19,20261029,30,broad,proportional
observed_gain,1000,0.026295669566855067,0.1464553646608517,0.021,0.076,19,20261029,30,broad,proportional
post_score,1000,0.6592940906940178,0.9233702809066795,0.021,0.076,19,20261029,30,broad,proportional
baseline,1000,0.03205871675194889,0.057375303372337705,0.344,0.585,19,20261029,5,easy,additive
observed_gain,1000,0.161891262076017,0.11449040488489888,0.344,0.585,19,20261029,5,easy,additive
post_score,1000,0.28365136156282755,0.2844642757809479,0.344,0.585,19,20261029,5,easy,additive
baseline,1000,0.03162180689285808,0.0484046170551007,0.271,0.502,19,20261029,10,easy,additive
observed_gain,1000,0.19645353101428492,0.1689973664524661,0.271,0.502,19,20261029,10,easy,additive
post_score,1000,0.3309202585722505,0.3286855350226617,0.271,0.502,19,20261029,10,easy,additive
baseline,1000,0.020104775575389054,0.03585376676018022,0.238,0.465,19,20261029,15,easy,additive
observed_gain,1000,0.19433597876961922,0.15949301698877877,0.238,0.465,19,20261029,15,easy,additive
post_score,1000,0.3412573724875797,0.3417535843742098,0.238,0.465,19,20261029,15,easy,additive
baseline,1000,0.025827101967620027,0.046739875024543485,0.174,0.354,19,20261029,30,easy,additive
observed_gain,1000,0.18807273906554928,0.14231980318795723,0.174,0.354,19,20261029,30,easy,additive
post_score,1000,0.3593307633090402,0.35312661582259375,0.174,0.354,19,20261029,30,easy,additive
baseline,1000,0.04020315628913329,0.06324033473025613,0.089,0.147,19,20261029,5,broad,additive
observed_gain,1000,0.16543315156198882,0.11333814554163446,0.089,0.147,19,20261029,5,broad,additive
post_score,1000,0.2595674741535432,0.24582396321852718,0.089,0.147,19,20261029,5,broad,additive
baseline,1000,0.03919027012936297,0.04110041731223148,0.052,0.103,19,20261029,10,broad,additive
observed_gain,1000,0.268567566740975,0.24844931696919448,0.052,0.103,19,20261029,10,broad,additive
post_score,1000,0.32268818611771394,0.3173001741349953,0.052,0.103,19,20261029,10,broad,additive
baseline,1000,0.030375331426293284,0.03609299651210997,0.043,0.081,19,20261029,15,broad,additive
observed_gain,1000,0.28770078902539975,0.2596135194258954,0.043,0.081,19,20261029,15,broad,additive
post_score,1000,0.3446851212050697,0.3392836653609398,0.043,0.081,19,20261029,15,broad,additive
baseline,1000,0.03768434563906656,0.04740198303404058,0.021,0.042,19,20261029,30,broad,additive
observed_gain,1000,0.3321048305730728,0.2942915472636086,0.021,0.042,19,20261029,30,broad,additive
post_score,1000,0.37605877629155937,0.36355545922116284,0.021,0.042,19,20261029,30,broad,additive
baseline,1000,-0.612444029322037,-0.7197267134759522,0.344,0.828,19,20261029,5,easy,catch_up
observed_gain,1000,0.6316743876299725,0.7163001676566939,0.344,0.828,19,20261029,5,easy,catch_up
post_score,1000,0.13370855566154558,0.07384960563635881,0.344,0.828,19,20261029,5,easy,catch_up
baseline,1000,-0.6613168964035735,-0.787406691246986,0.271,0.761,19,20261029,10,easy,catch_up
observed_gain,1000,0.6897971268222515,0.7919744745260223,0.271,0.761,19,20261029,10,easy,catch_up
post_score,1000,0.1559838498851472,0.08214351927741068,0.271,0.761,19,20261029,10,easy,catch_up
baseline,1000,-0.7015260910767273,-0.8159859749646581,0.238,0.734,19,20261029,15,easy,catch_up
observed_gain,1000,0.726256381750028,0.8214043938951299,0.238,0.734,19,20261029,15,easy,catch_up
post_score,1000,0.16837722779449413,0.09691887817839216,0.238,0.734,19,20261029,15,easy,catch_up
baseline,1000,-0.7234851553541667,-0.8399383125876748,0.174,0.604,19,20261029,30,easy,catch_up
observed_gain,1000,0.7486718715007575,0.8489291700181467,0.174,0.604,19,20261029,30,easy,catch_up
post_score,1000,0.2122573126576758,0.1310008348458145,0.174,0.604,19,20261029,30,easy,catch_up
baseline,1000,-0.5084294403866124,-0.6065020289082789,0.089,0.245,19,20261029,5,broad,catch_up
observed_gain,1000,0.5835604109517541,0.5659057108015135,0.089,0.245,19,20261029,5,broad,catch_up
post_score,1000,0.27399987856103797,0.12933817897149283,0.089,0.245,19,20261029,5,broad,catch_up
baseline,1000,-0.5792638600273317,-0.7386220354111315,0.052,0.188,19,20261029,10,broad,catch_up
observed_gain,1000,0.6786555447292422,0.7464230604514288,0.052,0.188,19,20261029,10,broad,catch_up
post_score,1000,0.31126813618997623,0.1563044090820483,0.052,0.188,19,20261029,10,broad,catch_up
baseline,1000,-0.6493917727134378,-0.7972395482096191,0.043,0.144,19,20261029,15,broad,catch_up
observed_gain,1000,0.738499225775978,0.8094721301419214,0.043,0.144,19,20261029,15,broad,catch_up
post_score,1000,0.34327235561533803,0.18686479874746606,0.043,0.144,19,20261029,15,broad,catch_up
baseline,1000,-0.6846182325849771,-0.8342999001465772,0.021,0.088,19,20261029,30,broad,catch_up
observed_gain,1000,0.782173366500295,0.8626247992873864,0.021,0.088,19,20261029,30,broad,catch_up
post_score,1000,0.38882796495013755,0.21782497225823516,0.021,0.088,19,20261029,30,broad,catch_up
baseline,1000,0.5276362004381271,0.7701294376146195,0.37,0.494,20,20261030,5,easy,proportional
observed_gain,1000,-0.09139533437238041,-0.06375112629282088,0.37,0.494,20,20261030,5,easy,proportional
post_score,1000,0.48807470155642185,0.7888592348945883,0.37,0.494,20,20261030,5,easy,proportional
baseline,1000,0.5480255948347665,0.8223915561307306,0.3,0.432,20,20261030,10,easy,proportional
observed_gain,1000,-0.1580961610926561,-0.1511266344833552,0.3,0.432,20,20261030,10,easy,proportional
post_score,1000,0.5008096048825992,0.8437658472567087,0.3,0.432,20,20261030,10,easy,proportional
baseline,1000,0.5784133867846055,0.8450053735668848,0.224,0.345,20,20261030,15,easy,proportional
observed_gain,1000,-0.17091372983351935,-0.15062129854535425,0.224,0.345,20,20261030,15,easy,proportional
post_score,1000,0.5307366733116347,0.8749868235243091,0.224,0.345,20,20261030,15,easy,proportional
baseline,1000,0.5745006354310522,0.867413982596578,0.173,0.283,20,20261030,30,easy,proportional
observed_gain,1000,-0.2332777255599277,-0.2321711330278195,0.173,0.283,20,20261030,30,easy,proportional
post_score,1000,0.5199871707909557,0.902263651568493,0.173,0.283,20,20261030,30,easy,proportional
baseline,1000,0.5462629937098117,0.6938046811747781,0.13,0.222,20,20261030,5,broad,proportional
observed_gain,1000,0.03197001015300596,0.10121952691361415,0.13,0.222,20,20261030,5,broad,proportional
post_score,1000,0.5741205146547845,0.7895064090628864,0.13,0.222,20,20261030,5,broad,proportional
baseline,1000,0.6138088519751768,0.7968504388773686,0.081,0.173,20,20261030,10,broad,proportional
observed_gain,1000,-0.01679801529817336,0.03282164014975624,0.081,0.173,20,20261030,10,broad,proportional
post_score,1000,0.6096122121319746,0.8644912978159105,0.081,0.173,20,20261030,10,broad,proportional
baseline,1000,0.63809222895879,0.804017276362446,0.039,0.104,20,20261030,15,broad,proportional
observed_gain,1000,0.030698421829575672,0.1072325161243562,0.039,0.104,20,20261030,15,broad,proportional
post_score,1000,0.6498785428293344,0.877549791143359,0.039,0.104,20,20261030,15,broad,proportional
baseline,1000,0.6503316758006498,0.8533453236973351,0.019,0.062,20,20261030,30,broad,proportional
observed_gain,1000,-0.004321675758897415,0.1040779429140919,0.019,0.062,20,20261030,30,broad,proportional
post_score,1000,0.6446598669484629,0.916744315448828,0.019,0.062,20,20261030,30,broad,proportional
baseline,1000,-0.0036118167853055566,-0.017393279860681638,0.37,0.618,20,20261030,5,easy,additive
observed_gain,1000,0.17651814964769613,0.18341444042402166,0.37,0.618,20,20261030,5,easy,additive
post_score,1000,0.2654198254325486,0.2556139379396427,0.37,0.618,20,20261030,5,easy,additive
baseline,1000,-0.012129402536160032,-0.023775772744400438,0.3,0.526,20,20261030,10,easy,additive
observed_gain,1000,0.18406077692877326,0.182102037614516,0.3,0.526,20,20261030,10,easy,additive
post_score,1000,0.29150339614548537,0.2888972340293395,0.3,0.526,20,20261030,10,easy,additive
baseline,1000,-0.027055333084414972,-0.025385124504558338,0.224,0.4,20,20261030,15,easy,additive
observed_gain,1000,0.23986388441500633,0.22805766817325282,0.224,0.4,20,20261030,15,easy,additive
post_score,1000,0.3189753126740574,0.31164329575005445,0.224,0.4,20,20261030,15,easy,additive
baseline,1000,-0.02950580960239768,-0.02603668115946737,0.173,0.301,20,20261030,30,easy,additive
observed_gain,1000,0.22964890352402684,0.20393186249900921,0.173,0.301,20,20261030,30,easy,additive
post_score,1000,0.34367620673303007,0.3311916128007608,0.173,0.301,20,20261030,30,easy,additive
baseline,1000,-0.01300442142547441,-0.02477701320444658,0.13,0.22,20,20261030,5,broad,additive
observed_gain,1000,0.2109147274522909,0.218253662167039,0.13,0.22,20,20261030,5,broad,additive
post_score,1000,0.24963186745555013,0.23544337769636267,0.13,0.22,20,20261030,5,broad,additive
baseline,1000,-0.009827089040149797,-0.019921838128156195,0.081,0.154,20,20261030,10,broad,additive
observed_gain,1000,0.25560481446425015,0.24993763076996064,0.081,0.154,20,20261030,10,broad,additive
post_score,1000,0.2938635798376675,0.28211509623801206,0.081,0.154,20,20261030,10,broad,additive
baseline,1000,-0.03606999604373903,-0.036335674757151284,0.039,0.078,20,20261030,15,broad,additive
observed_gain,1000,0.30265289634201653,0.2883695626905275,0.039,0.078,20,20261030,15,broad,additive
post_score,1000,0.27602144844174764,0.2688741738883121,0.039,0.078,20,20261030,15,broad,additive
baseline,1000,-0.045036735497314045,-0.03698073417803024,0.019,0.034,20,20261030,30,broad,additive
observed_gain,1000,0.3477316704640175,0.3353454301016899,0.019,0.034,20,20261030,30,broad,additive
post_score,1000,0.3149152647224722,0.31006442155190406,0.019,0.034,20,20261030,30,broad,additive
baseline,1000,-0.6235482212740134,-0.7441819406195254,0.37,0.849,20,20261030,5,easy,catch_up
observed_gain,1000,0.6406432119302884,0.7417350869318984,0.37,0.849,20,20261030,5,easy,catch_up
post_score,1000,0.15390177373893527,0.11814467849141522,0.37,0.849,20,20261030,5,easy,catch_up
baseline,1000,-0.679481477535882,-0.7942689146015142,0.3,0.791,20,20261030,10,easy,catch_up
observed_gain,1000,0.6965595574231352,0.7953783538977477,0.3,0.791,20,20261030,10,easy,catch_up
post_score,1000,0.16789128187992997,0.12246648858131813,0.3,0.791,20,20261030,10,easy,catch_up
baseline,1000,-0.7046089121169218,-0.8215288385306821,0.224,0.669,20,20261030,15,easy,catch_up
observed_gain,1000,0.7298931640173302,0.8245507737662799,0.224,0.669,20,20261030,15,easy,catch_up
post_score,1000,0.22111349830064728,0.15279612313921273,0.224,0.669,20,20261030,15,easy,catch_up
baseline,1000,-0.7349993342287057,-0.8417586835511094,0.173,0.541,20,20261030,30,easy,catch_up
observed_gain,1000,0.7596229792282715,0.8481575923481209,0.173,0.541,20,20261030,30,easy,catch_up
post_score,1000,0.2631611331390659,0.19237546698280072,0.173,0.541,20,20261030,30,easy,catch_up
baseline,1000,-0.5400812617156943,-0.6800398983819892,0.13,0.366,20,20261030,5,broad,catch_up
observed_gain,1000,0.5966739355402723,0.673178700156288,0.13,0.366,20,20261030,5,broad,catch_up
post_score,1000,0.2506901672390266,0.14106060739618692,0.13,0.366,20,20261030,5,broad,catch_up
baseline,1000,-0.6288947797621504,-0.7705468053061729,0.081,0.269,20,20261030,10,broad,catch_up
observed_gain,1000,0.6940378414058584,0.7728958019900967,0.081,0.269,20,20261030,10,broad,catch_up
post_score,1000,0.30059613626908926,0.17311078384479114,0.081,0.269,20,20261030,10,broad,catch_up
baseline,1000,-0.6443048630965386,-0.794133015006806,0.039,0.133,20,20261030,15,broad,catch_up
observed_gain,1000,0.7382758893545525,0.8000437138291568,0.039,0.133,20,20261030,15,broad,catch_up
post_score,1000,0.3608341691155239,0.1923051278424927,0.039,0.133,20,20261030,15,broad,catch_up
baseline,1000,-0.7115822726864646,-0.8412965460070245,0.019,0.072,20,20261030,30,broad,catch_up
observed_gain,1000,0.8046135350882574,0.8662908022001687,0.019,0.072,20,20261030,30,broad,catch_up
post_score,1000,0.4152389466085015,0.2416648485698822,0.019,0.072,20,20261030,30,broad,catch_up
baseline,1000,0.5331263233653145,0.7908955701084003,0.408,0.525,21,20261031,5,easy,proportional
observed_gain,1000,-0.09474454384003397,-0.09134313659264234,0.408,0.525,21,20261031,5,easy,proportional
post_score,1000,0.4915130626882783,0.8114368853611825,0.408,0.525,21,20261031,5,easy,proportional
baseline,1000,0.571537909525462,0.8418939603930818,0.286,0.426,21,20261031,10,easy,proportional
observed_gain,1000,-0.14235167337991897,-0.1493314527508618,0.286,0.426,21,20261031,10,easy,proportional
post_score,1000,0.5198910669049541,0.8593825873036461,0.286,0.426,21,20261031,10,easy,proportional
baseline,1000,0.5952969527266904,0.8636415369727724,0.22,0.353,21,20261031,15,easy,proportional
observed_gain,1000,-0.1522470620465115,-0.12106180598365027,0.22,0.353,21,20261031,15,easy,proportional
post_score,1000,0.5434061638081443,0.8858367278105987,0.22,0.353,21,20261031,15,easy,proportional
baseline,1000,0.5840541547481044,0.885917102887297,0.182,0.308,21,20261031,30,easy,proportional
observed_gain,1000,-0.2501930834290032,-0.2630974635703653,0.182,0.308,21,20261031,30,easy,proportional
post_score,1000,0.5272400431644487,0.9079733238143881,0.182,0.308,21,20261031,30,easy,proportional
baseline,1000,0.5702273545263062,0.6996332456373743,0.173,0.294,21,20261031,5,broad,proportional
observed_gain,1000,0.04204043215772672,0.13578393684869508,0.173,0.294,21,20261031,5,broad,proportional
post_score,1000,0.5860225226951865,0.8062977636587558,0.173,0.294,21,20261031,5,broad,proportional
baseline,1000,0.6376660570288571,0.7953934000269509,0.075,0.152,21,20261031,10,broad,proportional
observed_gain,1000,0.0343476509858992,0.14758585477156536,0.075,0.152,21,20261031,10,broad,proportional
post_score,1000,0.6324807124745008,0.8705206594597167,0.075,0.152,21,20261031,10,broad,proportional
baseline,1000,0.6709142532837076,0.8221874063004357,0.036,0.095,21,20261031,15,broad,proportional
observed_gain,1000,0.05818203073807442,0.18605350326275893,0.036,0.095,21,20261031,15,broad,proportional
post_score,1000,0.6689146420786877,0.8892934287418051,0.036,0.095,21,20261031,15,broad,proportional
baseline,1000,0.6772798582241767,0.8818089079028641,0.028,0.082,21,20261031,30,broad,proportional
observed_gain,1000,-0.031844581391703916,0.06955208978221543,0.028,0.082,21,20261031,30,broad,proportional
post_score,1000,0.6544296739247188,0.9265502734568646,0.028,0.082,21,20261031,30,broad,proportional
baseline,1000,0.052452649823732725,0.0566854512265439,0.408,0.644,21,20261031,5,easy,additive
observed_gain,1000,0.12154953846128819,0.12722686092920554,0.408,0.644,21,20261031,5,easy,additive
post_score,1000,0.26407661299123486,0.2586139986671335,0.408,0.644,21,20261031,5,easy,additive
baseline,1000,0.048901612466214675,0.05382839077098605,0.286,0.488,21,20261031,10,easy,additive
observed_gain,1000,0.15163010032200536,0.14103776244912383,0.286,0.488,21,20261031,10,easy,additive
post_score,1000,0.3029599634876245,0.2882949654125994,0.286,0.488,21,20261031,10,easy,additive
baseline,1000,0.051091445284196006,0.058248123531561946,0.22,0.38,21,20261031,15,easy,additive
observed_gain,1000,0.17497326383735842,0.15490607101368886,0.22,0.38,21,20261031,15,easy,additive
post_score,1000,0.32911250477020254,0.30332194226871,0.22,0.38,21,20261031,15,easy,additive
baseline,1000,0.04833251809937714,0.049066768148555845,0.182,0.316,21,20261031,30,easy,additive
observed_gain,1000,0.14155318612876505,0.11183548615348941,0.182,0.316,21,20261031,30,easy,additive
post_score,1000,0.3408693404578786,0.3175785670972945,0.182,0.316,21,20261031,30,easy,additive
baseline,1000,0.025200560900083494,0.011918679574818696,0.173,0.288,21,20261031,5,broad,additive
observed_gain,1000,0.19873954522294504,0.22271057808393108,0.173,0.288,21,20261031,5,broad,additive
post_score,1000,0.24631496989124804,0.22966544055717936,0.173,0.288,21,20261031,5,broad,additive
baseline,1000,0.04676495809264068,0.03486198735760555,0.075,0.124,21,20261031,10,broad,additive
observed_gain,1000,0.23932361892104434,0.2453389697013878,0.075,0.124,21,20261031,10,broad,additive
post_score,1000,0.2989179733037268,0.2754840323172594,0.075,0.124,21,20261031,10,broad,additive
baseline,1000,0.050304474662364505,0.041831863450032515,0.036,0.067,21,20261031,15,broad,additive
observed_gain,1000,0.25899778918075317,0.2569095890274776,0.036,0.067,21,20261031,15,broad,additive
post_score,1000,0.2968026244956724,0.2756935018819246,0.036,0.067,21,20261031,15,broad,additive
baseline,1000,0.052132529086953885,0.04140207312691156,0.028,0.051,21,20261031,30,broad,additive
observed_gain,1000,0.27946602519574687,0.26299146334676443,0.028,0.051,21,20261031,30,broad,additive
post_score,1000,0.33910998519893815,0.3103141562775325,0.028,0.051,21,20261031,30,broad,additive
baseline,1000,-0.6496747690237599,-0.7445054355355376,0.408,0.877,21,20261031,5,easy,catch_up
observed_gain,1000,0.6584226361440265,0.7357522451686479,0.408,0.877,21,20261031,5,easy,catch_up
post_score,1000,0.11089880162844015,0.06172040594588425,0.408,0.877,21,20261031,5,easy,catch_up
baseline,1000,-0.694780554151173,-0.802601732594202,0.286,0.752,21,20261031,10,easy,catch_up
observed_gain,1000,0.7124913338301919,0.7986666089989265,0.286,0.752,21,20261031,10,easy,catch_up
post_score,1000,0.16489910367605512,0.10490664991025962,0.286,0.752,21,20261031,10,easy,catch_up
baseline,1000,-0.7112400613247493,-0.8193889870486452,0.22,0.624,21,20261031,15,easy,catch_up
observed_gain,1000,0.7385619364082481,0.8191476449165661,0.22,0.624,21,20261031,15,easy,catch_up
post_score,1000,0.21166091277074292,0.1252662714489785,0.22,0.624,21,20261031,15,easy,catch_up
baseline,1000,-0.7457478986738023,-0.8474509138610592,0.182,0.538,21,20261031,30,easy,catch_up
observed_gain,1000,0.7666630301940848,0.8453088898446514,0.182,0.538,21,20261031,30,easy,catch_up
post_score,1000,0.2288384992950916,0.13716889905452603,0.182,0.538,21,20261031,30,easy,catch_up
baseline,1000,-0.5565513840984065,-0.6872510992464368,0.173,0.435,21,20261031,5,broad,catch_up
observed_gain,1000,0.6117750535242455,0.6676031484315221,0.173,0.435,21,20261031,5,broad,catch_up
post_score,1000,0.21069500103268823,0.0722707747114068,0.173,0.435,21,20261031,5,broad,catch_up
baseline,1000,-0.6222897735065546,-0.7669680822103573,0.075,0.209,21,20261031,10,broad,catch_up
observed_gain,1000,0.7146480767140305,0.7699120578571425,0.075,0.209,21,20261031,10,broad,catch_up
post_score,1000,0.29877516009026134,0.1420834033414524,0.075,0.209,21,20261031,10,broad,catch_up
baseline,1000,-0.6330420996807763,-0.7880277997367016,0.036,0.105,21,20261031,15,broad,catch_up
observed_gain,1000,0.7549667367068389,0.7982355973353054,0.036,0.105,21,20261031,15,broad,catch_up
post_score,1000,0.34257330471516145,0.14783032036186988,0.036,0.105,21,20261031,15,broad,catch_up
baseline,1000,-0.7030794075357607,-0.8488923513931733,0.028,0.074,21,20261031,30,broad,catch_up
observed_gain,1000,0.7985239671093759,0.8690630588166606,0.028,0.074,21,20261031,30,broad,catch_up
post_score,1000,0.36031643399948604,0.1673736571345958,0.028,0.074,21,20261031,30,broad,catch_up
baseline,1000,0.5257816382507116,0.7783738332789589,0.424,0.554,22,20261032,5,easy,proportional
observed_gain,1000,-0.09971144865226965,-0.10007702141639599,0.424,0.554,22,20261032,5,easy,proportional
post_score,1000,0.49090657449450975,0.8114156423883022,0.424,0.554,22,20261032,5,easy,proportional
baseline,1000,0.5720555231729574,0.8289963459661391,0.297,0.423,22,20261032,10,easy,proportional
observed_gain,1000,-0.12213719516677325,-0.09947129566043468,0.297,0.423,22,20261032,10,easy,proportional
post_score,1000,0.5329321373273309,0.864021464950657,0.297,0.423,22,20261032,10,easy,proportional
baseline,1000,0.571542075598565,0.8485951604367732,0.266,0.395,22,20261032,15,easy,proportional
observed_gain,1000,-0.15894304076064067,-0.13783292289968363,0.266,0.395,22,20261032,15,easy,proportional
post_score,1000,0.5291487242993622,0.8826181519217079,0.266,0.395,22,20261032,15,easy,proportional
baseline,1000,0.596867604456094,0.8741338400028468,0.187,0.313,22,20261032,30,easy,proportional
observed_gain,1000,-0.20517943660231944,-0.19169877599749852,0.187,0.313,22,20261032,30,easy,proportional
post_score,1000,0.545437460905137,0.9089070569044104,0.187,0.313,22,20261032,30,easy,proportional
baseline,1000,0.5836753680856949,0.7273771381224624,0.233,0.36,22,20261032,5,broad,proportional
observed_gain,1000,0.010663644727537086,0.0747730179018547,0.233,0.36,22,20261032,5,broad,proportional
post_score,1000,0.5837713011697934,0.8214024741440649,0.233,0.36,22,20261032,5,broad,proportional
baseline,1000,0.6351957024438841,0.7927199659969854,0.077,0.162,22,20261032,10,broad,proportional
observed_gain,1000,0.038694181150234194,0.12082170380701635,0.077,0.162,22,20261032,10,broad,proportional
post_score,1000,0.639459567779612,0.8732018376772075,0.077,0.162,22,20261032,10,broad,proportional
baseline,1000,0.6462658546771192,0.8307319045408944,0.065,0.148,22,20261032,15,broad,proportional
observed_gain,1000,0.005131790293821022,0.10084299496956801,0.065,0.148,22,20261032,15,broad,proportional
post_score,1000,0.6395048852916642,0.9018529203279311,0.065,0.148,22,20261032,15,broad,proportional
baseline,1000,0.6782993228343401,0.8610856461407242,0.025,0.077,22,20261032,30,broad,proportional
observed_gain,1000,0.0476875206330866,0.17147538614745136,0.025,0.077,22,20261032,30,broad,proportional
post_score,1000,0.6780385684732744,0.9295199249986844,0.025,0.077,22,20261032,30,broad,proportional
baseline,1000,0.023416350492423195,0.03482698751125952,0.424,0.689,22,20261032,5,easy,additive
observed_gain,1000,0.14932167057166396,0.12168376291126237,0.424,0.689,22,20261032,5,easy,additive
post_score,1000,0.27702497087367917,0.29997253124599804,0.424,0.689,22,20261032,5,easy,additive
baseline,1000,0.025553878578729167,0.03382470530908836,0.297,0.498,22,20261032,10,easy,additive
observed_gain,1000,0.18493834929885525,0.151204400348884,0.297,0.498,22,20261032,10,easy,additive
post_score,1000,0.3235696834630758,0.33144818795598063,0.297,0.498,22,20261032,10,easy,additive
baseline,1000,0.029435838547262057,0.03513703000965595,0.266,0.454,22,20261032,15,easy,additive
observed_gain,1000,0.15896127468091298,0.12886867349874798,0.266,0.454,22,20261032,15,easy,additive
post_score,1000,0.3348668773136124,0.34268369793003395,0.266,0.454,22,20261032,15,easy,additive
baseline,1000,0.027454757640647406,0.03839059785341652,0.187,0.315,22,20261032,30,easy,additive
observed_gain,1000,0.18786874541935775,0.15318001923047408,0.187,0.315,22,20261032,30,easy,additive
post_score,1000,0.35542479664359317,0.3435516999082009,0.187,0.315,22,20261032,30,easy,additive
baseline,1000,0.016570802089227853,0.021308630576603604,0.233,0.388,22,20261032,5,broad,additive
observed_gain,1000,0.24846815163588798,0.20239942003034803,0.233,0.388,22,20261032,5,broad,additive
post_score,1000,0.280844444721267,0.2678202965102852,0.233,0.388,22,20261032,5,broad,additive
baseline,1000,0.00880317115544421,0.03261349321976778,0.077,0.14,22,20261032,10,broad,additive
observed_gain,1000,0.31166257452816987,0.26460501589071883,0.077,0.14,22,20261032,10,broad,additive
post_score,1000,0.30934609273925107,0.293485050244904,0.077,0.14,22,20261032,10,broad,additive
baseline,1000,0.011157182919934557,0.03604456735992038,0.065,0.116,22,20261032,15,broad,additive
observed_gain,1000,0.32447068358596215,0.2704424153424714,0.065,0.116,22,20261032,15,broad,additive
post_score,1000,0.33152865673297294,0.313009017129319,0.065,0.116,22,20261032,15,broad,additive
baseline,1000,0.012496168275450194,0.03844529455161078,0.025,0.047,22,20261032,30,broad,additive
observed_gain,1000,0.4010245314537863,0.3324728459367875,0.025,0.047,22,20261032,30,broad,additive
post_score,1000,0.3622145597452008,0.34454135623105536,0.025,0.047,22,20261032,30,broad,additive
baseline,1000,-0.624475402989408,-0.7575237888753408,0.424,0.912,22,20261032,5,easy,catch_up
observed_gain,1000,0.6389400184179029,0.7544519257618069,0.424,0.912,22,20261032,5,easy,catch_up
post_score,1000,0.09579272607658199,0.03652757127678229,0.424,0.912,22,20261032,5,easy,catch_up
baseline,1000,-0.6772370836637228,-0.8125496395882362,0.297,0.753,22,20261032,10,easy,catch_up
observed_gain,1000,0.7002505490275173,0.8074462251670375,0.297,0.753,22,20261032,10,easy,catch_up
post_score,1000,0.17249276394642873,0.09427277111897187,0.297,0.753,22,20261032,10,easy,catch_up
baseline,1000,-0.6954821599208153,-0.8299176579061273,0.266,0.713,22,20261032,15,easy,catch_up
observed_gain,1000,0.7161192684941119,0.8243121639222389,0.266,0.713,22,20261032,15,easy,catch_up
post_score,1000,0.19348971880990348,0.11336923041410502,0.266,0.713,22,20261032,15,easy,catch_up
baseline,1000,-0.7186056558081524,-0.8511186111715567,0.187,0.56,22,20261032,30,easy,catch_up
observed_gain,1000,0.7451070102807115,0.8594043718307308,0.187,0.56,22,20261032,30,easy,catch_up
post_score,1000,0.2437553182683638,0.16244152374318635,0.187,0.56,22,20261032,30,easy,catch_up
baseline,1000,-0.5509150834309834,-0.7163092291561656,0.233,0.63,22,20261032,5,broad,catch_up
observed_gain,1000,0.6126996685293308,0.7313153441562897,0.233,0.63,22,20261032,5,broad,catch_up
post_score,1000,0.20658826481617287,0.11355521698525187,0.233,0.63,22,20261032,5,broad,catch_up
baseline,1000,-0.6207587732476708,-0.7806494720713606,0.077,0.244,22,20261032,10,broad,catch_up
observed_gain,1000,0.712709546476232,0.800189158113391,0.077,0.244,22,20261032,10,broad,catch_up
post_score,1000,0.2960750815277643,0.1556145710702354,0.077,0.244,22,20261032,10,broad,catch_up
baseline,1000,-0.6628588521247493,-0.815918460730541,0.065,0.212,22,20261032,15,broad,catch_up
observed_gain,1000,0.7489329665578502,0.8402255232905328,0.065,0.212,22,20261032,15,broad,catch_up
post_score,1000,0.31278046532075154,0.1632656949469365,0.065,0.212,22,20261032,15,broad,catch_up
baseline,1000,-0.682395437441131,-0.8436481874434326,0.025,0.069,22,20261032,30,broad,catch_up
observed_gain,1000,0.7946277975339141,0.8904713869493768,0.025,0.069,22,20261032,30,broad,catch_up
post_score,1000,0.38642497800548514,0.22578074789487587,0.025,0.069,22,20261032,30,broad,catch_up
baseline,1000,0.5531867964138335,0.8002975577111596,0.332,0.465,23,20261033,5,easy,proportional
observed_gain,1000,-0.08894149476937568,-0.07838067595022516,0.332,0.465,23,20261033,5,easy,proportional
post_score,1000,0.5216348754986971,0.8305868137144315,0.332,0.465,23,20261033,5,easy,proportional
baseline,1000,0.5802152040233769,0.849810123374367,0.258,0.403,23,20261033,10,easy,proportional
observed_gain,1000,-0.1120403650757858,-0.11777194147110448,0.258,0.403,23,20261033,10,easy,proportional
post_score,1000,0.5378895878250269,0.8767485407549525,0.258,0.403,23,20261033,10,easy,proportional
baseline,1000,0.5627656047501468,0.8675579402424294,0.25,0.396,23,20261033,15,easy,proportional
observed_gain,1000,-0.1544151889177415,-0.1639116814462125,0.25,0.396,23,20261033,15,easy,proportional
post_score,1000,0.5196561836331981,0.8909466150981713,0.25,0.396,23,20261033,15,easy,proportional
baseline,1000,0.5931641763786757,0.8934798344804029,0.183,0.317,23,20261033,30,easy,proportional
observed_gain,1000,-0.20022789688023682,-0.16953101068316642,0.183,0.317,23,20261033,30,easy,proportional
post_score,1000,0.5380245101656632,0.9146356210554789,0.183,0.317,23,20261033,30,easy,proportional
baseline,1000,0.5615526019169746,0.6864412978692247,0.099,0.198,23,20261033,5,broad,proportional
observed_gain,1000,0.09725852094593793,0.12707524588878055,0.099,0.198,23,20261033,5,broad,proportional
post_score,1000,0.6241606995814661,0.7731508615621936,0.099,0.198,23,20261033,5,broad,proportional
baseline,1000,0.6274580454611002,0.7963505616340002,0.053,0.133,23,20261033,10,broad,proportional
observed_gain,1000,0.08968360490449252,0.11491692118943668,0.053,0.133,23,20261033,10,broad,proportional
post_score,1000,0.6624178135558291,0.8627625728780383,0.053,0.133,23,20261033,10,broad,proportional
baseline,1000,0.6286538955689027,0.8483211596593432,0.05,0.133,23,20261033,15,broad,proportional
observed_gain,1000,0.02562970002028549,0.07378979885923082,0.05,0.133,23,20261033,15,broad,proportional
post_score,1000,0.6407239732365666,0.9036030808481168,0.05,0.133,23,20261033,15,broad,proportional
baseline,1000,0.6865616992224947,0.8862835274175306,0.027,0.085,23,20261033,30,broad,proportional
observed_gain,1000,0.04023229641247572,0.16998383372368353,0.027,0.085,23,20261033,30,broad,proportional
post_score,1000,0.6725993629006487,0.9340309692481357,0.027,0.085,23,20261033,30,broad,proportional
baseline,1000,0.020666413381075315,0.024934405181371595,0.332,0.569,23,20261033,5,easy,additive
observed_gain,1000,0.17175775619754563,0.1465754549156241,0.332,0.569,23,20261033,5,easy,additive
post_score,1000,0.26155240834395105,0.249592726745114,0.332,0.569,23,20261033,5,easy,additive
baseline,1000,0.023764870363444716,0.01578337636429017,0.258,0.467,23,20261033,10,easy,additive
observed_gain,1000,0.18940600536821084,0.1806073088503217,0.258,0.467,23,20261033,10,easy,additive
post_score,1000,0.30647682935442894,0.28799577451084174,0.258,0.467,23,20261033,10,easy,additive
baseline,1000,0.0189976547145661,0.012982856790445174,0.25,0.457,23,20261033,15,easy,additive
observed_gain,1000,0.1659210983175903,0.16378358965596312,0.25,0.457,23,20261033,15,easy,additive
post_score,1000,0.31696175962997925,0.29376118111764804,0.25,0.457,23,20261033,15,easy,additive
baseline,1000,0.016329847579190176,0.009162461062825027,0.183,0.33,23,20261033,30,easy,additive
observed_gain,1000,0.2096658923157751,0.18293897816899468,0.183,0.33,23,20261033,30,easy,additive
post_score,1000,0.34588534650743546,0.29634404826753324,0.183,0.33,23,20261033,30,easy,additive
baseline,1000,0.002698946529719481,-9.321806214328198e-4,0.099,0.174,23,20261033,5,broad,additive
observed_gain,1000,0.19951120303258557,0.18542753747748209,0.099,0.174,23,20261033,5,broad,additive
post_score,1000,0.22037570812743174,0.19869097908917727,0.099,0.174,23,20261033,5,broad,additive
baseline,1000,0.007704148322663086,-0.004452721235627289,0.053,0.097,23,20261033,10,broad,additive
observed_gain,1000,0.23890430108747143,0.22865991573247801,0.053,0.097,23,20261033,10,broad,additive
post_score,1000,0.2577033449391017,0.2355051630665305,0.053,0.097,23,20261033,10,broad,additive
baseline,1000,0.008103314069428094,4.955263448056697e-5,0.05,0.096,23,20261033,15,broad,additive
observed_gain,1000,0.25121558021452034,0.24428101361265958,0.05,0.096,23,20261033,15,broad,additive
post_score,1000,0.2959643095052805,0.26953357742246165,0.05,0.096,23,20261033,15,broad,additive
baseline,1000,0.015220746385811862,0.008544633953173925,0.027,0.051,23,20261033,30,broad,additive
observed_gain,1000,0.3534805992656135,0.3452340456356285,0.027,0.051,23,20261033,30,broad,additive
post_score,1000,0.32130092748686356,0.2905604836064302,0.027,0.051,23,20261033,30,broad,additive
baseline,1000,-0.6573609414526959,-0.7520261915859657,0.332,0.818,23,20261033,5,easy,catch_up
observed_gain,1000,0.6830544835926521,0.7448835894892588,0.332,0.818,23,20261033,5,easy,catch_up
post_score,1000,0.15595897420930613,0.07620054239048756,0.332,0.818,23,20261033,5,easy,catch_up
baseline,1000,-0.7106738156627175,-0.8145443477731685,0.258,0.734,23,20261033,10,easy,catch_up
observed_gain,1000,0.7399317720834432,0.8120346818699623,0.258,0.734,23,20261033,10,easy,catch_up
post_score,1000,0.19743265651043224,0.09828971483039353,0.258,0.734,23,20261033,10,easy,catch_up
baseline,1000,-0.7388172906902964,-0.8317919701973596,0.25,0.725,23,20261033,15,easy,catch_up
observed_gain,1000,0.7610827764444291,0.8279074736970533,0.25,0.725,23,20261033,15,easy,catch_up
post_score,1000,0.19879855410246486,0.09917541655350941,0.25,0.725,23,20261033,15,easy,catch_up
baseline,1000,-0.7653509218701976,-0.8613985218439665,0.183,0.577,23,20261033,30,easy,catch_up
observed_gain,1000,0.7922615678282745,0.8655191225831439,0.183,0.577,23,20261033,30,easy,catch_up
post_score,1000,0.224878810075548,0.11260833695785562,0.183,0.577,23,20261033,30,easy,catch_up
baseline,1000,-0.5418076773397019,-0.6540785607212114,0.099,0.311,23,20261033,5,broad,catch_up
observed_gain,1000,0.6267921235861337,0.6374928607306708,0.099,0.311,23,20261033,5,broad,catch_up
post_score,1000,0.2831662862750396,0.13671516811280807,0.099,0.311,23,20261033,5,broad,catch_up
baseline,1000,-0.6383806028380786,-0.7766980146953995,0.053,0.178,23,20261033,10,broad,catch_up
observed_gain,1000,0.7368411262115806,0.7658130915670741,0.053,0.178,23,20261033,10,broad,catch_up
post_score,1000,0.32983103734612385,0.151187742192126,0.053,0.178,23,20261033,10,broad,catch_up
baseline,1000,-0.702653693507564,-0.8229741865272482,0.05,0.175,23,20261033,15,broad,catch_up
observed_gain,1000,0.7783376949899024,0.8190972622873504,0.05,0.175,23,20261033,15,broad,catch_up
post_score,1000,0.3331924713099654,0.15433461706482332,0.05,0.175,23,20261033,15,broad,catch_up
baseline,1000,-0.7167870853661477,-0.8537704211310047,0.027,0.08,23,20261033,30,broad,catch_up
observed_gain,1000,0.8290594742063108,0.8865805385019538,0.027,0.08,23,20261033,30,broad,catch_up
post_score,1000,0.3720252131512939,0.15971550491025185,0.027,0.08,23,20261033,30,broad,catch_up
baseline,1000,0.47375109716477487,0.76531934459985,0.441,0.584,24,20261034,5,easy,proportional
observed_gain,1000,-0.11838970814896974,-0.15197429454418626,0.441,0.584,24,20261034,5,easy,proportional
post_score,1000,0.4321949759616791,0.7771988263145905,0.441,0.584,24,20261034,5,easy,proportional
baseline,1000,0.5110409274337173,0.8148781947926599,0.339,0.485,24,20261034,10,easy,proportional
observed_gain,1000,-0.15669163274333742,-0.17224604971237575,0.339,0.485,24,20261034,10,easy,proportional
post_score,1000,0.46607485211409005,0.8399133129558661,0.339,0.485,24,20261034,10,easy,proportional
baseline,1000,0.5295363002876394,0.8411861673810701,0.279,0.433,24,20261034,15,easy,proportional
observed_gain,1000,-0.1987651597752726,-0.2499671897898468,0.279,0.433,24,20261034,15,easy,proportional
post_score,1000,0.47530794455990394,0.859125013668318,0.279,0.433,24,20261034,15,easy,proportional
baseline,1000,0.5434991115450071,0.8689830573109081,0.194,0.346,24,20261034,30,easy,proportional
observed_gain,1000,-0.22770209374476447,-0.2266190856852565,0.194,0.346,24,20261034,30,easy,proportional
post_score,1000,0.48948353002953227,0.8986536532972342,0.194,0.346,24,20261034,30,easy,proportional
baseline,1000,0.5239610550176607,0.7116284540359394,0.218,0.361,24,20261034,5,broad,proportional
observed_gain,1000,0.012454710823347486,0.07172629130302229,0.218,0.361,24,20261034,5,broad,proportional
post_score,1000,0.5381845568144855,0.8114760544885979,0.218,0.361,24,20261034,5,broad,proportional
baseline,1000,0.5670235764302459,0.78607526226758,0.131,0.252,24,20261034,10,broad,proportional
observed_gain,1000,0.0057437583376018985,0.05576299988986048,0.131,0.252,24,20261034,10,broad,proportional
post_score,1000,0.5778265871990071,0.8689985838246201,0.131,0.252,24,20261034,10,broad,proportional
baseline,1000,0.5925412509117297,0.8298868376411497,0.088,0.181,24,20261034,15,broad,proportional
observed_gain,1000,0.005803708943463844,0.07263631759092772,0.088,0.181,24,20261034,15,broad,proportional
post_score,1000,0.5925286387463964,0.8968737516910005,0.088,0.181,24,20261034,15,broad,proportional
baseline,1000,0.619105989914143,0.868154276826086,0.031,0.096,24,20261034,30,broad,proportional
observed_gain,1000,0.023125463695247442,0.13093007138339618,0.031,0.096,24,20261034,30,broad,proportional
post_score,1000,0.6126540370328059,0.9249520456684601,0.031,0.096,24,20261034,30,broad,proportional
baseline,1000,0.012534728917365377,-0.0020261153618045965,0.441,0.745,24,20261034,5,easy,additive
observed_gain,1000,0.12640159611036883,0.12536254577676417,0.441,0.745,24,20261034,5,easy,additive
post_score,1000,0.2544659774734666,0.2480595292849446,0.441,0.745,24,20261034,5,easy,additive
baseline,1000,0.018016482439466755,-0.0024278293666162264,0.339,0.595,24,20261034,10,easy,additive
observed_gain,1000,0.14749350604676936,0.15130125486323598,0.339,0.595,24,20261034,10,easy,additive
post_score,1000,0.3055475087149066,0.2918730820480315,0.339,0.595,24,20261034,10,easy,additive
baseline,1000,0.02154198997858228,-5.689578515100915e-4,0.279,0.51,24,20261034,15,easy,additive
observed_gain,1000,0.15390124103842046,0.14497724167354403,0.279,0.51,24,20261034,15,easy,additive
post_score,1000,0.31430843776971307,0.28713014136550913,0.279,0.51,24,20261034,15,easy,additive
baseline,1000,0.0306852589166591,0.006318862572352111,0.194,0.377,24,20261034,30,easy,additive
observed_gain,1000,0.1632273375641238,0.16429358101272568,0.194,0.377,24,20261034,30,easy,additive
post_score,1000,0.3469884937944235,0.3257976086108377,0.194,0.377,24,20261034,30,easy,additive
baseline,1000,0.002039248593850705,-0.023906932359526883,0.218,0.401,24,20261034,5,broad,additive
observed_gain,1000,0.24388809593742589,0.23821901940655973,0.218,0.401,24,20261034,5,broad,additive
post_score,1000,0.2986348719501454,0.27110682789481966,0.218,0.401,24,20261034,5,broad,additive
baseline,1000,3.148785460320814e-4,-0.024903246522869557,0.131,0.246,24,20261034,10,broad,additive
observed_gain,1000,0.27881900792438313,0.28073785928777295,0.131,0.246,24,20261034,10,broad,additive
post_score,1000,0.3155469317280928,0.27571291546923343,0.131,0.246,24,20261034,10,broad,additive
baseline,1000,0.0017636344048447491,-0.019647923721839215,0.088,0.159,24,20261034,15,broad,additive
observed_gain,1000,0.3099199031692196,0.3177774277975936,0.088,0.159,24,20261034,15,broad,additive
post_score,1000,0.3333401633790301,0.2921286929805389,0.088,0.159,24,20261034,15,broad,additive
baseline,1000,0.021747437693219875,0.006353168336441352,0.031,0.058,24,20261034,30,broad,additive
observed_gain,1000,0.3349653252418657,0.3356448337674601,0.031,0.058,24,20261034,30,broad,additive
post_score,1000,0.3633633625345626,0.3244376229961787,0.031,0.058,24,20261034,30,broad,additive
baseline,1000,-0.6537084027910056,-0.751347592067003,0.441,0.929,24,20261034,5,easy,catch_up
observed_gain,1000,0.6589015307115396,0.7470811695868398,0.441,0.929,24,20261034,5,easy,catch_up
post_score,1000,0.11220819623335206,0.09455590552003228,0.441,0.929,24,20261034,5,easy,catch_up
baseline,1000,-0.6960763405575918,-0.7969199552236013,0.339,0.846,24,20261034,10,easy,catch_up
observed_gain,1000,0.707375852519471,0.7928244169026016,0.339,0.846,24,20261034,10,easy,catch_up
post_score,1000,0.1561565605138643,0.11613776065535256,0.339,0.846,24,20261034,10,easy,catch_up
baseline,1000,-0.7230024197890073,-0.817974633638995,0.279,0.773,24,20261034,15,easy,catch_up
observed_gain,1000,0.7373492470924532,0.8164033051573387,0.279,0.773,24,20261034,15,easy,catch_up
post_score,1000,0.16735116570522937,0.1116613069800263,0.279,0.773,24,20261034,15,easy,catch_up
baseline,1000,-0.7294400707047363,-0.8364334410827747,0.194,0.622,24,20261034,30,easy,catch_up
observed_gain,1000,0.7497852180075322,0.8434452470280719,0.194,0.622,24,20261034,30,easy,catch_up
post_score,1000,0.2217486724983144,0.1555832948100887,0.194,0.622,24,20261034,30,easy,catch_up
baseline,1000,-0.5861822265497162,-0.719453632613512,0.218,0.645,24,20261034,5,broad,catch_up
observed_gain,1000,0.6376842305545379,0.7290091734995423,0.218,0.645,24,20261034,5,broad,catch_up
post_score,1000,0.2199474590736539,0.14449609322988646,0.218,0.645,24,20261034,5,broad,catch_up
baseline,1000,-0.6518002061047784,-0.7857633972455328,0.131,0.437,24,20261034,10,broad,catch_up
observed_gain,1000,0.7177340600596639,0.7966454176357531,0.131,0.437,24,20261034,10,broad,catch_up
post_score,1000,0.2806929908821139,0.17332140699988768,0.131,0.437,24,20261034,10,broad,catch_up
baseline,1000,-0.6902387771095867,-0.8221593418501293,0.088,0.294,24,20261034,15,broad,catch_up
observed_gain,1000,0.7701162863315634,0.8453335048269374,0.088,0.294,24,20261034,15,broad,catch_up
post_score,1000,0.3227220588320018,0.1983037530009827,0.088,0.294,24,20261034,15,broad,catch_up
baseline,1000,-0.7012868581811772,-0.8370832525942465,0.031,0.13,24,20261034,30,broad,catch_up
observed_gain,1000,0.799185863199468,0.8810271451307656,0.031,0.13,24,20261034,30,broad,catch_up
post_score,1000,0.3754139950879514,0.23492382297307698,0.031,0.13,24,20261034,30,broad,catch_up
baseline,1000,0.447681106202447,0.7795383538444303,0.457,0.567,25,20261035,5,easy,proportional
observed_gain,1000,-0.08341553582857066,-0.11305827069256592,0.457,0.567,25,20261035,5,easy,proportional
post_score,1000,0.41643521455924876,0.7974279753631295,0.457,0.567,25,20261035,5,easy,proportional
baseline,1000,0.4908804500733479,0.8327898178740932,0.331,0.452,25,20261035,10,easy,proportional
observed_gain,1000,-0.11104758733099143,-0.1493265056669061,0.331,0.452,25,20261035,10,easy,proportional
post_score,1000,0.4525277986146666,0.8626006963495448,0.331,0.452,25,20261035,10,easy,proportional
baseline,1000,0.5177337114143945,0.8549475402205372,0.254,0.378,25,20261035,15,easy,proportional
observed_gain,1000,-0.11766369069561301,-0.09625595532575418,0.254,0.378,25,20261035,15,easy,proportional
post_score,1000,0.47542799495659405,0.8888746053111513,0.254,0.378,25,20261035,15,easy,proportional
baseline,1000,0.527226447010408,0.8760781088410314,0.174,0.301,25,20261035,30,easy,proportional
observed_gain,1000,-0.16932952832656856,-0.16067353421806935,0.174,0.301,25,20261035,30,easy,proportional
post_score,1000,0.4841389338230254,0.911621281955239,0.174,0.301,25,20261035,30,easy,proportional
baseline,1000,0.5124657852084913,0.7475225342314576,0.232,0.369,25,20261035,5,broad,proportional
observed_gain,1000,-0.025418085809181805,0.025110999290504015,0.232,0.369,25,20261035,5,broad,proportional
post_score,1000,0.49162956762169185,0.8041339574469588,0.232,0.369,25,20261035,5,broad,proportional
baseline,1000,0.564559186706165,0.8058229029640687,0.109,0.219,25,20261035,10,broad,proportional
observed_gain,1000,0.007939187022725664,0.08351762646265073,0.109,0.219,25,20261035,10,broad,proportional
post_score,1000,0.5499489578103754,0.8697703048731252,0.109,0.219,25,20261035,10,broad,proportional
baseline,1000,0.5917648061873104,0.8224372712116876,0.043,0.133,25,20261035,15,broad,proportional
observed_gain,1000,0.04749884012214107,0.16434862680515538,0.043,0.133,25,20261035,15,broad,proportional
post_score,1000,0.5834687500267114,0.8877471057165198,0.043,0.133,25,20261035,15,broad,proportional
baseline,1000,0.6154722780714298,0.8676459782302831,0.021,0.066,25,20261035,30,broad,proportional
observed_gain,1000,0.039534716995552104,0.17026817656195797,0.021,0.066,25,20261035,30,broad,proportional
post_score,1000,0.6050505410250319,0.9213402307350371,0.021,0.066,25,20261035,30,broad,proportional
baseline,1000,0.02417239717624479,0.016595691803845153,0.457,0.712,25,20261035,5,easy,additive
observed_gain,1000,0.11755300868824407,0.13200179960309172,0.457,0.712,25,20261035,5,easy,additive
post_score,1000,0.2597233024655336,0.2708030621600933,0.457,0.712,25,20261035,5,easy,additive
baseline,1000,0.02434520805555514,0.02035579622913076,0.331,0.544,25,20261035,10,easy,additive
observed_gain,1000,0.15675750316376622,0.1551981489926905,0.331,0.544,25,20261035,10,easy,additive
post_score,1000,0.3038246553707458,0.3064912215633652,0.331,0.544,25,20261035,10,easy,additive
baseline,1000,0.02743340532363866,0.026162966965718844,0.254,0.42,25,20261035,15,easy,additive
observed_gain,1000,0.18414926522033928,0.1670079802339429,0.254,0.42,25,20261035,15,easy,additive
post_score,1000,0.3217271167307018,0.3188947306462751,0.254,0.42,25,20261035,15,easy,additive
baseline,1000,0.018704904758079344,0.019372302476825504,0.174,0.309,25,20261035,30,easy,additive
observed_gain,1000,0.19626426529514013,0.1672187164011213,0.174,0.309,25,20261035,30,easy,additive
post_score,1000,0.33948151024532236,0.32063309012672614,0.174,0.309,25,20261035,30,easy,additive
baseline,1000,0.04100187807387821,0.030572473814145594,0.232,0.41,25,20261035,5,broad,additive
observed_gain,1000,0.2070479950811574,0.2347841118501005,0.232,0.41,25,20261035,5,broad,additive
post_score,1000,0.29621220375966256,0.30411694569477943,0.232,0.41,25,20261035,5,broad,additive
baseline,1000,0.03307773114045399,0.02457177656322289,0.109,0.205,25,20261035,10,broad,additive
observed_gain,1000,0.27494067724855725,0.28708959109643595,0.109,0.205,25,20261035,10,broad,additive
post_score,1000,0.32536106266712966,0.3203527602178615,0.109,0.205,25,20261035,10,broad,additive
baseline,1000,0.03325626366231688,0.02183469460123727,0.043,0.096,25,20261035,15,broad,additive
observed_gain,1000,0.28724706265989486,0.2945591478542562,0.043,0.096,25,20261035,15,broad,additive
post_score,1000,0.3132931213968843,0.3008655589546949,0.043,0.096,25,20261035,15,broad,additive
baseline,1000,0.027899375343950764,0.017559603506636372,0.021,0.03,25,20261035,30,broad,additive
observed_gain,1000,0.3334654305642473,0.3447292677639566,0.021,0.03,25,20261035,30,broad,additive
post_score,1000,0.33904604658838733,0.3210967782877644,0.021,0.03,25,20261035,30,broad,additive
baseline,1000,-0.6607884078053164,-0.7472620305183721,0.457,0.917,25,20261035,5,easy,catch_up
observed_gain,1000,0.671316463093635,0.741334780998708,0.457,0.917,25,20261035,5,easy,catch_up
post_score,1000,0.12132529430994834,0.09247209386200872,0.457,0.917,25,20261035,5,easy,catch_up
baseline,1000,-0.7040404516205516,-0.7993196964455401,0.331,0.807,25,20261035,10,easy,catch_up
observed_gain,1000,0.7204211219632821,0.7892109800041067,0.331,0.807,25,20261035,10,easy,catch_up
post_score,1000,0.16705526795618608,0.10293450005988924,0.331,0.807,25,20261035,10,easy,catch_up
baseline,1000,-0.7119570066865923,-0.8178210836748079,0.254,0.678,25,20261035,15,easy,catch_up
observed_gain,1000,0.7410458468666351,0.8220968239719877,0.254,0.678,25,20261035,15,easy,catch_up
post_score,1000,0.2174723487764747,0.13400714590426124,0.254,0.678,25,20261035,15,easy,catch_up
baseline,1000,-0.7442966531707617,-0.8467292900967979,0.174,0.531,25,20261035,30,easy,catch_up
observed_gain,1000,0.7762900505403012,0.8552836736976042,0.174,0.531,25,20261035,30,easy,catch_up
post_score,1000,0.25755536286687586,0.15170529364479898,0.174,0.531,25,20261035,30,easy,catch_up
baseline,1000,-0.572149341293648,-0.7131515091136843,0.232,0.639,25,20261035,5,broad,catch_up
observed_gain,1000,0.6259173416672891,0.7256317933967639,0.232,0.639,25,20261035,5,broad,catch_up
post_score,1000,0.21636932994454622,0.1358528460122753,0.232,0.639,25,20261035,5,broad,catch_up
baseline,1000,-0.6321632638940984,-0.7716376653912194,0.109,0.363,25,20261035,10,broad,catch_up
observed_gain,1000,0.719187807157201,0.7929613333940487,0.109,0.363,25,20261035,10,broad,catch_up
post_score,1000,0.2948486463974535,0.1658522087302817,0.109,0.363,25,20261035,10,broad,catch_up
baseline,1000,-0.645042242836288,-0.7911964386882445,0.043,0.164,25,20261035,15,broad,catch_up
observed_gain,1000,0.7529287069995719,0.8085870451795201,0.043,0.164,25,20261035,15,broad,catch_up
post_score,1000,0.3317757614952055,0.1647273861441525,0.043,0.164,25,20261035,15,broad,catch_up
baseline,1000,-0.6930738465722677,-0.8388546515967024,0.021,0.053,25,20261035,30,broad,catch_up
observed_gain,1000,0.8181280805613296,0.878476957582302,0.021,0.053,25,20261035,30,broad,catch_up
post_score,1000,0.3977015553001383,0.20098645659873715,0.021,0.053,25,20261035,30,broad,catch_up
baseline,1000,0.5578093690046115,0.7806965527895047,0.361,0.491,26,20261036,5,easy,proportional
observed_gain,1000,-0.12416811424820429,-0.11187542920200669,0.361,0.491,26,20261036,5,easy,proportional
post_score,1000,0.5180223061463699,0.812953081189469,0.361,0.491,26,20261036,5,easy,proportional
baseline,1000,0.5888323726565262,0.830783386831665,0.294,0.437,26,20261036,10,easy,proportional
observed_gain,1000,-0.1576463409742188,-0.12208698101163361,0.294,0.437,26,20261036,10,easy,proportional
post_score,1000,0.53555696762984,0.8611638586311934,0.294,0.437,26,20261036,10,easy,proportional
baseline,1000,0.6055116735240057,0.8496040346769123,0.239,0.385,26,20261036,15,easy,proportional
observed_gain,1000,-0.16090978141257822,-0.10726514686096224,0.239,0.385,26,20261036,15,easy,proportional
post_score,1000,0.5506443011928216,0.8786984010812718,0.239,0.385,26,20261036,15,easy,proportional
baseline,1000,0.606827887885286,0.8706514824674013,0.185,0.331,26,20261036,30,easy,proportional
observed_gain,1000,-0.23084138294815781,-0.18651457110616995,0.185,0.331,26,20261036,30,easy,proportional
post_score,1000,0.5537557596494764,0.9058084422429372,0.185,0.331,26,20261036,30,easy,proportional
baseline,1000,0.5681210046996167,0.6860164488584238,0.135,0.242,26,20261036,5,broad,proportional
observed_gain,1000,0.052250219486716744,0.08537649543949542,0.135,0.242,26,20261036,5,broad,proportional
post_score,1000,0.6179616041045162,0.7956059666820711,0.135,0.242,26,20261036,5,broad,proportional
baseline,1000,0.64329017004267,0.776322181053416,0.09,0.192,26,20261036,10,broad,proportional
observed_gain,1000,0.03751510359431916,0.13777333468754682,0.09,0.192,26,20261036,10,broad,proportional
post_score,1000,0.6520894140718991,0.8711306053738302,0.09,0.192,26,20261036,10,broad,proportional
baseline,1000,0.6763118616579098,0.8104609026249338,0.061,0.138,26,20261036,15,broad,proportional
observed_gain,1000,0.06656476583842133,0.1876947755896706,0.061,0.138,26,20261036,15,broad,proportional
post_score,1000,0.6816813440483352,0.8964617662505974,0.061,0.138,26,20261036,15,broad,proportional
baseline,1000,0.6913729616475025,0.8527344636146801,0.037,0.1,26,20261036,30,broad,proportional
observed_gain,1000,0.033089386909683265,0.1751298068036213,0.037,0.1,26,20261036,30,broad,proportional
post_score,1000,0.6869422748795574,0.9252328214342608,0.037,0.1,26,20261036,30,broad,proportional
baseline,1000,-0.010473626101107083,-0.0032755534011448552,0.361,0.611,26,20261036,5,easy,additive
observed_gain,1000,0.1959744445414463,0.1788794835600664,0.361,0.611,26,20261036,5,easy,additive
post_score,1000,0.2809537814065476,0.27740634656379126,0.361,0.611,26,20261036,5,easy,additive
baseline,1000,-0.002541915003084161,-0.005226695835252375,0.294,0.514,26,20261036,10,easy,additive
observed_gain,1000,0.20432801015843038,0.19194661398215976,0.294,0.514,26,20261036,10,easy,additive
post_score,1000,0.30728344062874197,0.28678613051783036,0.294,0.514,26,20261036,10,easy,additive
baseline,1000,-0.0043933085416320685,-0.00586046260282155,0.239,0.443,26,20261036,15,easy,additive
observed_gain,1000,0.23241657786219033,0.2043372794209261,0.239,0.443,26,20261036,15,easy,additive
post_score,1000,0.33371671547622994,0.30761104278748047,0.239,0.443,26,20261036,15,easy,additive
baseline,1000,-0.006357875697900251,-0.010601025736746329,0.185,0.352,26,20261036,30,easy,additive
observed_gain,1000,0.2259524197535655,0.19620987237670803,0.185,0.352,26,20261036,30,easy,additive
post_score,1000,0.3518188764699718,0.3142718144118271,0.185,0.352,26,20261036,30,easy,additive
baseline,1000,-0.06173030374477152,-0.05033216520149909,0.135,0.244,26,20261036,5,broad,additive
observed_gain,1000,0.3197171626132311,0.2890529162837056,0.135,0.244,26,20261036,5,broad,additive
post_score,1000,0.28563789519049343,0.2614255147945283,0.135,0.244,26,20261036,5,broad,additive
baseline,1000,-0.03197816108505243,-0.02916058043010656,0.09,0.169,26,20261036,10,broad,additive
observed_gain,1000,0.37378593625272627,0.33664488037106555,0.09,0.169,26,20261036,10,broad,additive
post_score,1000,0.3234008007165419,0.29594906882824956,0.09,0.169,26,20261036,10,broad,additive
baseline,1000,-0.02223226513392617,-0.020709665980756353,0.061,0.099,26,20261036,15,broad,additive
observed_gain,1000,0.41063949067224714,0.3710811027796112,0.061,0.099,26,20261036,15,broad,additive
post_score,1000,0.3413547287174001,0.3159229905287203,0.061,0.099,26,20261036,15,broad,additive
baseline,1000,-0.01795016459216014,-0.02081432049402305,0.037,0.056,26,20261036,30,broad,additive
observed_gain,1000,0.42132709146070824,0.38926173147764803,0.037,0.056,26,20261036,30,broad,additive
post_score,1000,0.35184449769676335,0.32027203419690337,0.037,0.056,26,20261036,30,broad,additive
baseline,1000,-0.6573318347008261,-0.7565342673215888,0.361,0.841,26,20261036,5,easy,catch_up
observed_gain,1000,0.6772883263763827,0.7506193615254629,0.361,0.841,26,20261036,5,easy,catch_up
post_score,1000,0.1416560170342528,0.07124417339941802,0.361,0.841,26,20261036,5,easy,catch_up
baseline,1000,-0.7012324926214525,-0.809958288233974,0.294,0.765,26,20261036,10,easy,catch_up
observed_gain,1000,0.7206605965734433,0.8060073726953266,0.294,0.765,26,20261036,10,easy,catch_up
post_score,1000,0.17165751954222447,0.08698322982583537,0.294,0.765,26,20261036,10,easy,catch_up
baseline,1000,-0.7198179050538511,-0.8230584510125778,0.239,0.691,26,20261036,15,easy,catch_up
observed_gain,1000,0.7461873697219324,0.82404668748742,0.239,0.691,26,20261036,15,easy,catch_up
post_score,1000,0.19959991714410918,0.09492445245652924,0.239,0.691,26,20261036,15,easy,catch_up
baseline,1000,-0.7439912586460358,-0.8442191635961177,0.185,0.571,26,20261036,30,easy,catch_up
observed_gain,1000,0.7704199844867979,0.8503671270219358,0.185,0.571,26,20261036,30,easy,catch_up
post_score,1000,0.23125399533535063,0.12094103975415826,0.185,0.571,26,20261036,30,easy,catch_up
baseline,1000,-0.588860027667014,-0.7125414220758213,0.135,0.386,26,20261036,5,broad,catch_up
observed_gain,1000,0.6791057900445647,0.712942877870715,0.135,0.386,26,20261036,5,broad,catch_up
post_score,1000,0.2814786639029862,0.13883497458081492,0.135,0.386,26,20261036,5,broad,catch_up
baseline,1000,-0.6296555150714523,-0.7863417514988471,0.09,0.282,26,20261036,10,broad,catch_up
observed_gain,1000,0.739945419924378,0.8176030864844297,0.09,0.282,26,20261036,10,broad,catch_up
post_score,1000,0.32131680730208956,0.160360537604827,0.09,0.282,26,20261036,10,broad,catch_up
baseline,1000,-0.648412663181756,-0.8051765625941755,0.061,0.183,26,20261036,15,broad,catch_up
observed_gain,1000,0.7780240407297386,0.8532139882107348,0.061,0.183,26,20261036,15,broad,catch_up
post_score,1000,0.3659055264154771,0.19333524312576966,0.061,0.183,26,20261036,15,broad,catch_up
baseline,1000,-0.6906047597858088,-0.8411533999587351,0.037,0.107,26,20261036,30,broad,catch_up
observed_gain,1000,0.8125111285101226,0.8896261684704239,0.037,0.107,26,20261036,30,broad,catch_up
post_score,1000,0.3974995958828942,0.21634816193933412,0.037,0.107,26,20261036,30,broad,catch_up
baseline,1000,0.4804968073498315,0.7559959970574716,0.452,0.568,27,20261037,5,easy,proportional
observed_gain,1000,-0.09707129246562884,-0.09439777125707671,0.452,0.568,27,20261037,5,easy,proportional
post_score,1000,0.45032292225574855,0.789295826977674,0.452,0.568,27,20261037,5,easy,proportional
baseline,1000,0.49848379075339266,0.8126438962530842,0.398,0.541,27,20261037,10,easy,proportional
observed_gain,1000,-0.15761227037807232,-0.1533051648402182,0.398,0.541,27,20261037,10,easy,proportional
post_score,1000,0.446526183187192,0.8299785923412814,0.398,0.541,27,20261037,10,easy,proportional
baseline,1000,0.5341137400548812,0.8516650311413007,0.334,0.488,27,20261037,15,easy,proportional
observed_gain,1000,-0.21267564956909688,-0.2457993148320463,0.334,0.488,27,20261037,15,easy,proportional
post_score,1000,0.46855326139175335,0.8580332032999226,0.334,0.488,27,20261037,15,easy,proportional
baseline,1000,0.5546458201716581,0.8787442516471767,0.206,0.351,27,20261037,30,easy,proportional
observed_gain,1000,-0.24827844287880851,-0.2578787700939247,0.206,0.351,27,20261037,30,easy,proportional
post_score,1000,0.4973552786453385,0.9039857571190096,0.206,0.351,27,20261037,30,easy,proportional
baseline,1000,0.5289314061746208,0.721823254946121,0.228,0.368,27,20261037,5,broad,proportional
observed_gain,1000,0.003040136731666647,0.057758110226157906,0.228,0.368,27,20261037,5,broad,proportional
post_score,1000,0.5373472316414877,0.8083289726178701,0.228,0.368,27,20261037,5,broad,proportional
baseline,1000,0.5692554388780624,0.8156143158686031,0.185,0.325,27,20261037,10,broad,proportional
observed_gain,1000,-0.057830077278143724,0.012300861833820344,0.185,0.325,27,20261037,10,broad,proportional
post_score,1000,0.5471625092548887,0.877208093083197,0.185,0.325,27,20261037,10,broad,proportional
baseline,1000,0.611863553838378,0.8460457556895026,0.145,0.274,27,20261037,15,broad,proportional
observed_gain,1000,-0.07676903643002604,0.013091931004005745,0.145,0.274,27,20261037,15,broad,proportional
post_score,1000,0.5773864198740346,0.8995736510071132,0.145,0.274,27,20261037,15,broad,proportional
baseline,1000,0.6357812078072947,0.876407427244245,0.036,0.101,27,20261037,30,broad,proportional
observed_gain,1000,-0.0700931994861821,0.03159585452642221,0.036,0.101,27,20261037,30,broad,proportional
post_score,1000,0.6098724137321556,0.9298087024202627,0.036,0.101,27,20261037,30,broad,proportional
baseline,1000,-0.015248623560778657,0.016167249395828864,0.452,0.723,27,20261037,5,easy,additive
observed_gain,1000,0.174117234282077,0.14894069488217043,0.452,0.723,27,20261037,5,easy,additive
post_score,1000,0.2854815465168911,0.3166368813186193,0.452,0.723,27,20261037,5,easy,additive
baseline,1000,-0.003453929302505819,0.021928474391098754,0.398,0.676,27,20261037,10,easy,additive
observed_gain,1000,0.1487155558669021,0.12609265733565814,0.398,0.676,27,20261037,10,easy,additive
post_score,1000,0.3093284124503669,0.3403091786062317,0.398,0.676,27,20261037,10,easy,additive
baseline,1000,0.004014945706618724,0.03632955501673089,0.334,0.616,27,20261037,15,easy,additive
observed_gain,1000,0.15015757935956414,0.09992200913262808,0.334,0.616,27,20261037,15,easy,additive
post_score,1000,0.31861965306913526,0.34769006053433565,0.334,0.616,27,20261037,15,easy,additive
baseline,1000,0.001049976497138047,0.02483196012401888,0.206,0.39,27,20261037,30,easy,additive
observed_gain,1000,0.1771198310025659,0.1375899330842399,0.206,0.39,27,20261037,30,easy,additive
post_score,1000,0.35007811345225376,0.3573747302933057,0.206,0.39,27,20261037,30,easy,additive
baseline,1000,-0.03080916416286846,0.0023547089920946005,0.228,0.404,27,20261037,5,broad,additive
observed_gain,1000,0.24066594320292922,0.2200516888281206,0.228,0.404,27,20261037,5,broad,additive
post_score,1000,0.26695448360887297,0.27152482778650694,0.228,0.404,27,20261037,5,broad,additive
baseline,1000,-0.011735329319096328,0.005589644637508413,0.185,0.342,27,20261037,10,broad,additive
observed_gain,1000,0.25313422357479004,0.24174002490999977,0.185,0.342,27,20261037,10,broad,additive
post_score,1000,0.31605377160774856,0.32133932591878356,0.185,0.342,27,20261037,10,broad,additive
baseline,1000,-0.00932411582030371,0.012125017491298356,0.145,0.258,27,20261037,15,broad,additive
observed_gain,1000,0.30373316848320797,0.28077638184173626,0.145,0.258,27,20261037,15,broad,additive
post_score,1000,0.33822852417823723,0.33124339211555065,0.145,0.258,27,20261037,15,broad,additive
baseline,1000,1.9322701192164176e-4,0.016937151372281144,0.036,0.068,27,20261037,30,broad,additive
observed_gain,1000,0.3029696293490584,0.27443077506561325,0.036,0.068,27,20261037,30,broad,additive
post_score,1000,0.34223164708522963,0.33357551858090895,0.036,0.068,27,20261037,30,broad,additive
baseline,1000,-0.6298806425299098,-0.7260655562606404,0.452,0.915,27,20261037,5,easy,catch_up
observed_gain,1000,0.6390193122905986,0.7192982132303182,0.452,0.915,27,20261037,5,easy,catch_up
post_score,1000,0.11525168062791309,0.0766473618964263,0.452,0.915,27,20261037,5,easy,catch_up
baseline,1000,-0.6678488248126233,-0.775652942407829,0.398,0.904,27,20261037,10,easy,catch_up
observed_gain,1000,0.6777040729102569,0.7687142868373699,0.398,0.904,27,20261037,10,easy,catch_up
post_score,1000,0.11713790909473225,0.0709739850795808,0.398,0.904,27,20261037,10,easy,catch_up
baseline,1000,-0.6877711684396806,-0.8043519234043972,0.334,0.871,27,20261037,15,easy,catch_up
observed_gain,1000,0.6998130710850442,0.8041570186300695,0.334,0.871,27,20261037,15,easy,catch_up
post_score,1000,0.13429814042014437,0.08237184963838508,0.334,0.871,27,20261037,15,easy,catch_up
baseline,1000,-0.7025455743487874,-0.8403179111102358,0.206,0.667,27,20261037,30,easy,catch_up
observed_gain,1000,0.7226075301717454,0.8458871814381742,0.206,0.667,27,20261037,30,easy,catch_up
post_score,1000,0.20840630485941414,0.13035800711054932,0.206,0.667,27,20261037,30,easy,catch_up
baseline,1000,-0.5798223751978536,-0.713964706985513,0.228,0.615,27,20261037,5,broad,catch_up
observed_gain,1000,0.6246391149065283,0.7075564011397535,0.228,0.615,27,20261037,5,broad,catch_up
post_score,1000,0.22260688753542224,0.1087653638630709,0.228,0.615,27,20261037,5,broad,catch_up
baseline,1000,-0.6426568657436403,-0.7976486102700259,0.185,0.573,27,20261037,10,broad,catch_up
observed_gain,1000,0.6858825937012173,0.8029447227166707,0.185,0.573,27,20261037,10,broad,catch_up
post_score,1000,0.23902462712895053,0.132338162714397,0.185,0.573,27,20261037,10,broad,catch_up
baseline,1000,-0.6541253569701114,-0.8250305406712485,0.145,0.477,27,20261037,15,broad,catch_up
observed_gain,1000,0.7104583531629339,0.8508117509122902,0.145,0.477,27,20261037,15,broad,catch_up
post_score,1000,0.25859901841264377,0.14417823755473094,0.145,0.477,27,20261037,15,broad,catch_up
baseline,1000,-0.6800646506370969,-0.8457825218547825,0.036,0.13,27,20261037,30,broad,catch_up
observed_gain,1000,0.7579172946524974,0.870286440718772,0.036,0.13,27,20261037,30,broad,catch_up
post_score,1000,0.36399374753606883,0.19827755463470945,0.036,0.13,27,20261037,30,broad,catch_up
baseline,1000,0.5249626621681163,0.7550853135100101,0.316,0.483,28,20261038,5,easy,proportional
observed_gain,1000,-0.05754010851488957,0.0010275020429214182,0.316,0.483,28,20261038,5,easy,proportional
post_score,1000,0.48025343355956013,0.7975489507316614,0.316,0.483,28,20261038,5,easy,proportional
baseline,1000,0.5202825845572485,0.817197261004548,0.298,0.46,28,20261038,10,easy,proportional
observed_gain,1000,-0.11261949917753433,-0.12110207476154902,0.298,0.46,28,20261038,10,easy,proportional
post_score,1000,0.4687449614752614,0.8375843601137369,0.298,0.46,28,20261038,10,easy,proportional
baseline,1000,0.5506476285885707,0.8435546377308756,0.225,0.384,28,20261038,15,easy,proportional
observed_gain,1000,-0.13152257427906336,-0.07730700997669254,0.225,0.384,28,20261038,15,easy,proportional
post_score,1000,0.49740414749098605,0.8777940799140963,0.225,0.384,28,20261038,15,easy,proportional
baseline,1000,0.5531812429502723,0.8690778359168453,0.178,0.33,28,20261038,30,easy,proportional
observed_gain,1000,-0.19910493145529967,-0.2080661877162713,0.178,0.33,28,20261038,30,easy,proportional
post_score,1000,0.4975588515197722,0.9041173589397158,0.178,0.33,28,20261038,30,easy,proportional
baseline,1000,0.5352665232558316,0.5882241444129347,0.081,0.159,28,20261038,5,broad,proportional
observed_gain,1000,0.09177650474113987,0.18057216134831414,0.081,0.159,28,20261038,5,broad,proportional
post_score,1000,0.5858592627849502,0.7308454974674498,0.081,0.159,28,20261038,5,broad,proportional
baseline,1000,0.5793208773159204,0.7791599433045142,0.071,0.149,28,20261038,10,broad,proportional
observed_gain,1000,0.016406397142362857,0.08705440343119389,0.071,0.149,28,20261038,10,broad,proportional
post_score,1000,0.5824174196960493,0.8601192904790604,0.071,0.149,28,20261038,10,broad,proportional
baseline,1000,0.6237296383902214,0.8079352098066749,0.038,0.101,28,20261038,15,broad,proportional
observed_gain,1000,0.046312353605622865,0.16426933227940296,0.038,0.101,28,20261038,15,broad,proportional
post_score,1000,0.6234893648421362,0.8912663662356349,0.038,0.101,28,20261038,15,broad,proportional
baseline,1000,0.6450432961251985,0.8637684898631736,0.021,0.081,28,20261038,30,broad,proportional
observed_gain,1000,0.004102185265040434,0.116153863604982,0.021,0.081,28,20261038,30,broad,proportional
post_score,1000,0.630729753156935,0.9217376769430259,0.021,0.081,28,20261038,30,broad,proportional
baseline,1000,-0.011241574311138751,0.0017474951271046909,0.316,0.571,28,20261038,5,easy,additive
observed_gain,1000,0.22644300089760713,0.20917723737759752,0.316,0.571,28,20261038,5,easy,additive
post_score,1000,0.27041458868781343,0.2576977732688468,0.316,0.571,28,20261038,5,easy,additive
baseline,1000,0.0028727020535374522,0.0073015572979408866,0.298,0.549,28,20261038,10,easy,additive
observed_gain,1000,0.19545508370259718,0.16577376128804766,0.298,0.549,28,20261038,10,easy,additive
post_score,1000,0.304748548596739,0.2870651107146059,0.298,0.549,28,20261038,10,easy,additive
baseline,1000,-0.0217097857481573,-0.00342846929467869,0.225,0.436,28,20261038,15,easy,additive
observed_gain,1000,0.26581575504825034,0.22316752473564144,0.225,0.436,28,20261038,15,easy,additive
post_score,1000,0.33344947072118436,0.3058320449635496,0.225,0.436,28,20261038,15,easy,additive
baseline,1000,-0.009331268699947402,0.0069246042173525466,0.178,0.357,28,20261038,30,easy,additive
observed_gain,1000,0.2491830179297024,0.19718075467384866,0.178,0.357,28,20261038,30,easy,additive
post_score,1000,0.35194872519637643,0.3318008494487771,0.178,0.357,28,20261038,30,easy,additive
baseline,1000,0.00339011622694848,0.009976519133060323,0.081,0.143,28,20261038,5,broad,additive
observed_gain,1000,0.18224945373857368,0.16405219311662586,0.081,0.143,28,20261038,5,broad,additive
post_score,1000,0.2050800212267363,0.1940688643049475,0.081,0.143,28,20261038,5,broad,additive
baseline,1000,-0.004560268362633202,0.011600477190367768,0.071,0.132,28,20261038,10,broad,additive
observed_gain,1000,0.2574804455105321,0.21994377077968422,0.071,0.132,28,20261038,10,broad,additive
post_score,1000,0.2903859843320059,0.2843454544456235,0.071,0.132,28,20261038,10,broad,additive
baseline,1000,-0.024839127997887907,-0.0010015799910329498,0.038,0.078,28,20261038,15,broad,additive
observed_gain,1000,0.36034121799690183,0.3033440245742994,0.038,0.078,28,20261038,15,broad,additive
post_score,1000,0.31715229070076534,0.3000340653729211,0.038,0.078,28,20261038,15,broad,additive
baseline,1000,-0.00996010359650983,0.012443261855575753,0.021,0.047,28,20261038,30,broad,additive
observed_gain,1000,0.3972136844143665,0.32163052441817797,0.021,0.047,28,20261038,30,broad,additive
post_score,1000,0.3423373733201,0.3180511458336629,0.021,0.047,28,20261038,30,broad,additive
baseline,1000,-0.5662659920953068,-0.7415706244019504,0.316,0.821,28,20261038,5,easy,catch_up
observed_gain,1000,0.591989022685778,0.7412254123080482,0.316,0.821,28,20261038,5,easy,catch_up
post_score,1000,0.14191410754606817,0.08083761998146301,0.316,0.821,28,20261038,5,easy,catch_up
baseline,1000,-0.6348112254086298,-0.7920806420873959,0.298,0.802,28,20261038,10,easy,catch_up
observed_gain,1000,0.6599610674035783,0.7938421608244421,0.298,0.802,28,20261038,10,easy,catch_up
post_score,1000,0.15461702723696977,0.08971563232015115,0.298,0.802,28,20261038,10,easy,catch_up
baseline,1000,-0.6779852647448663,-0.8286053294170015,0.225,0.696,28,20261038,15,easy,catch_up
observed_gain,1000,0.7068464657790181,0.8356589735846245,0.225,0.696,28,20261038,15,easy,catch_up
post_score,1000,0.1886378710594919,0.1089851839342565,0.225,0.696,28,20261038,15,easy,catch_up
baseline,1000,-0.6876092190864572,-0.8430726106432785,0.178,0.576,28,20261038,30,easy,catch_up
observed_gain,1000,0.7172868076524691,0.8525094638859829,0.178,0.576,28,20261038,30,easy,catch_up
post_score,1000,0.23449544369480618,0.14425421748410272,0.178,0.576,28,20261038,30,easy,catch_up
baseline,1000,-0.4050352499267719,-0.5718434986135059,0.081,0.226,28,20261038,5,broad,catch_up
observed_gain,1000,0.5449447696999559,0.5819579689951011,0.081,0.226,28,20261038,5,broad,catch_up
post_score,1000,0.30784240278153774,0.14765625254956896,0.081,0.226,28,20261038,5,broad,catch_up
baseline,1000,-0.5928786863043771,-0.7585721312042885,0.071,0.21,28,20261038,10,broad,catch_up
observed_gain,1000,0.6907887550634791,0.7614273789119207,0.071,0.21,28,20261038,10,broad,catch_up
post_score,1000,0.33051721719985605,0.17507140166221552,0.071,0.21,28,20261038,10,broad,catch_up
baseline,1000,-0.620902480761561,-0.7965319590868369,0.038,0.12,28,20261038,15,broad,catch_up
observed_gain,1000,0.7443415082904589,0.80807679367417,0.038,0.12,28,20261038,15,broad,catch_up
post_score,1000,0.36509193980808524,0.18482351963791638,0.038,0.12,28,20261038,15,broad,catch_up
baseline,1000,-0.6511727008508915,-0.8365366207284354,0.021,0.077,28,20261038,30,broad,catch_up
observed_gain,1000,0.7810880486745395,0.8792899861462535,0.021,0.077,28,20261038,30,broad,catch_up
post_score,1000,0.3977767734354243,0.19873984272235304,0.021,0.077,28,20261038,30,broad,catch_up
baseline,1000,0.475850909365925,0.7603457703046036,0.512,0.633,29,20261039,5,easy,proportional
observed_gain,1000,-0.11339883761103392,-0.1328829930415691,0.512,0.633,29,20261039,5,easy,proportional
post_score,1000,0.4378714192496213,0.7716325844240008,0.512,0.633,29,20261039,5,easy,proportional
baseline,1000,0.508244181197922,0.8001970867028487,0.392,0.523,29,20261039,10,easy,proportional
observed_gain,1000,-0.13685029724992698,-0.1515747348962702,0.392,0.523,29,20261039,10,easy,proportional
post_score,1000,0.46471623798111755,0.8306792367610228,0.392,0.523,29,20261039,10,easy,proportional
baseline,1000,0.5573695568732518,0.8409416403655228,0.276,0.409,29,20261039,15,easy,proportional
observed_gain,1000,-0.15698890600668192,-0.1510959156256398,0.276,0.409,29,20261039,15,easy,proportional
post_score,1000,0.5042691086054941,0.8668739174780267,0.276,0.409,29,20261039,15,easy,proportional
baseline,1000,0.5703699799623677,0.8689594465884205,0.208,0.33,29,20261039,30,easy,proportional
observed_gain,1000,-0.2402857145236534,-0.26716488032974117,0.208,0.33,29,20261039,30,easy,proportional
post_score,1000,0.5092763656878055,0.8957875618897615,0.208,0.33,29,20261039,30,easy,proportional
baseline,1000,0.5532784366127311,0.7703741269932194,0.342,0.46,29,20261039,5,broad,proportional
observed_gain,1000,-0.07221262017889465,-0.039132803044239446,0.342,0.46,29,20261039,5,broad,proportional
post_score,1000,0.5319104759218037,0.8170361933390129,0.342,0.46,29,20261039,5,broad,proportional
baseline,1000,0.589514209119362,0.8134481462186807,0.165,0.284,29,20261039,10,broad,proportional
observed_gain,1000,-0.06742070075690575,-0.028020337846740472,0.165,0.284,29,20261039,10,broad,proportional
post_score,1000,0.5662258972902021,0.8575411752380198,0.165,0.284,29,20261039,10,broad,proportional
baseline,1000,0.634295504436295,0.8310651770904844,0.073,0.16,29,20261039,15,broad,proportional
observed_gain,1000,-0.004711788541476967,0.07130410320604229,0.073,0.16,29,20261039,15,broad,proportional
post_score,1000,0.6292861122906136,0.8942941615422348,0.073,0.16,29,20261039,15,broad,proportional
baseline,1000,0.666515458376347,0.87033272589594,0.048,0.114,29,20261039,30,broad,proportional
observed_gain,1000,-0.06079699746928355,0.033323092520226125,0.048,0.114,29,20261039,30,broad,proportional
post_score,1000,0.641342631815057,0.9257785498843158,0.048,0.114,29,20261039,30,broad,proportional
baseline,1000,-0.0011555774310189992,-0.005407168350865079,0.512,0.789,29,20261039,5,easy,additive
observed_gain,1000,0.10620311993800119,0.09025647001643347,0.512,0.789,29,20261039,5,easy,additive
post_score,1000,0.22928910360304197,0.24014249902769502,0.512,0.789,29,20261039,5,easy,additive
baseline,1000,-0.01545357216385643,-0.014535157931449263,0.392,0.64,29,20261039,10,easy,additive
observed_gain,1000,0.14445023534128718,0.1406092449063552,0.392,0.64,29,20261039,10,easy,additive
post_score,1000,0.2865252512903306,0.278307357773399,0.392,0.64,29,20261039,10,easy,additive
baseline,1000,-0.003358306925145766,-0.006278415682716383,0.276,0.483,29,20261039,15,easy,additive
observed_gain,1000,0.176400001404446,0.17256441369918682,0.276,0.483,29,20261039,15,easy,additive
post_score,1000,0.319391844087001,0.31046255539826484,0.276,0.483,29,20261039,15,easy,additive
baseline,1000,0.0038436226134918403,0.008743557159479665,0.208,0.367,29,20261039,30,easy,additive
observed_gain,1000,0.1700365128708822,0.13813358444291773,0.208,0.367,29,20261039,30,easy,additive
post_score,1000,0.34166315010381565,0.33031462107280357,0.208,0.367,29,20261039,30,easy,additive
baseline,1000,-0.004626011808723617,0.0022585324899040307,0.342,0.56,29,20261039,5,broad,additive
observed_gain,1000,0.22200100014160504,0.201294179008672,0.342,0.56,29,20261039,5,broad,additive
post_score,1000,0.2834307464099805,0.2722556124448261,0.342,0.56,29,20261039,5,broad,additive
baseline,1000,-0.008213141874602821,-0.002643467964342887,0.165,0.297,29,20261039,10,broad,additive
observed_gain,1000,0.24285941213332177,0.23514365806047166,0.165,0.297,29,20261039,10,broad,additive
post_score,1000,0.3090876721774496,0.28484256131118757,0.165,0.297,29,20261039,10,broad,additive
baseline,1000,-0.019199115720536033,-0.005959735671385613,0.073,0.138,29,20261039,15,broad,additive
observed_gain,1000,0.3350030944363347,0.3096428936530037,0.073,0.138,29,20261039,15,broad,additive
post_score,1000,0.35502937929465944,0.3368442554380948,0.073,0.138,29,20261039,15,broad,additive
baseline,1000,-0.009972389641198889,0.0016717077848973404,0.048,0.082,29,20261039,30,broad,additive
observed_gain,1000,0.3669035940204988,0.3154148700723957,0.048,0.082,29,20261039,30,broad,additive
post_score,1000,0.3721565265844262,0.3513457503846805,0.048,0.082,29,20261039,30,broad,additive
baseline,1000,-0.6703696600013248,-0.7414366692610469,0.512,0.949,29,20261039,5,easy,catch_up
observed_gain,1000,0.6772114175092446,0.7302857674103238,0.512,0.949,29,20261039,5,easy,catch_up
post_score,1000,0.09109726129611159,0.048246943958153425,0.512,0.949,29,20261039,5,easy,catch_up
baseline,1000,-0.7225376645372216,-0.789775647908039,0.392,0.873,29,20261039,10,easy,catch_up
observed_gain,1000,0.7320555847350232,0.7805979766490563,0.392,0.873,29,20261039,10,easy,catch_up
post_score,1000,0.1454682434278057,0.08501347499021034,0.392,0.873,29,20261039,10,easy,catch_up
baseline,1000,-0.7362257909850755,-0.8235224408180141,0.276,0.747,29,20261039,15,easy,catch_up
observed_gain,1000,0.7538089380785201,0.8149616044974051,0.276,0.747,29,20261039,15,easy,catch_up
post_score,1000,0.21052841087088958,0.1387115548974612,0.276,0.747,29,20261039,15,easy,catch_up
baseline,1000,-0.7548703492559049,-0.8397463915482536,0.208,0.627,29,20261039,30,easy,catch_up
observed_gain,1000,0.7726652184962436,0.8381054133895091,0.208,0.627,29,20261039,30,easy,catch_up
post_score,1000,0.25282870346355196,0.16476505555298196,0.208,0.627,29,20261039,30,easy,catch_up
baseline,1000,-0.6462531813347335,-0.7549470461501407,0.342,0.814,29,20261039,5,broad,catch_up
observed_gain,1000,0.6706515594332109,0.7512970022334535,0.342,0.814,29,20261039,5,broad,catch_up
post_score,1000,0.15004266088019347,0.06559142001115903,0.342,0.814,29,20261039,5,broad,catch_up
baseline,1000,-0.6995086346000792,-0.8002584955305364,0.165,0.477,29,20261039,10,broad,catch_up
observed_gain,1000,0.7364840511620698,0.7934933878018441,0.165,0.477,29,20261039,10,broad,catch_up
post_score,1000,0.24151776757929905,0.12460906337118122,0.165,0.477,29,20261039,10,broad,catch_up
baseline,1000,-0.7043884775932665,-0.8223315641341662,0.073,0.242,29,20261039,15,broad,catch_up
observed_gain,1000,0.7775941265755566,0.8291988086492896,0.073,0.242,29,20261039,15,broad,catch_up
post_score,1000,0.33949362390389415,0.18947747039602514,0.073,0.242,29,20261039,15,broad,catch_up
baseline,1000,-0.7326783554178511,-0.8536221754814001,0.048,0.156,29,20261039,30,broad,catch_up
observed_gain,1000,0.8161063444159784,0.8833529678672994,0.048,0.156,29,20261039,30,broad,catch_up
post_score,1000,0.38726561864751574,0.2274534432672653,0.048,0.156,29,20261039,30,broad,catch_up
baseline,1000,0.47798407786639263,0.771316256699958,0.43,0.545,30,20261040,5,easy,proportional
observed_gain,1000,-0.09058279709969501,-0.0772778657057294,0.43,0.545,30,20261040,5,easy,proportional
post_score,1000,0.450995693194095,0.8194580059923848,0.43,0.545,30,20261040,5,easy,proportional
baseline,1000,0.49038881886343677,0.821978963497034,0.38,0.495,30,20261040,10,easy,proportional
observed_gain,1000,-0.12748605407758115,-0.12056368004428986,0.38,0.495,30,20261040,10,easy,proportional
post_score,1000,0.4433067371779704,0.8408249487855775,0.38,0.495,30,20261040,10,easy,proportional
baseline,1000,0.5119605557547358,0.8490055207873614,0.31,0.452,30,20261040,15,easy,proportional
observed_gain,1000,-0.16715614747700888,-0.17565050219972275,0.31,0.452,30,20261040,15,easy,proportional
post_score,1000,0.4565171477115517,0.8628540026231741,0.31,0.452,30,20261040,15,easy,proportional
baseline,1000,0.5118356512494092,0.8654086018063101,0.235,0.361,30,20261040,30,easy,proportional
observed_gain,1000,-0.21241213154629002,-0.2591208209030501,0.235,0.361,30,20261040,30,easy,proportional
post_score,1000,0.4543370772045284,0.8909411518216965,0.235,0.361,30,20261040,30,easy,proportional
baseline,1000,0.540975463407251,0.7091855466964512,0.224,0.353,30,20261040,5,broad,proportional
observed_gain,1000,-1.8048156668362626e-4,0.08978376091124055,0.224,0.353,30,20261040,5,broad,proportional
post_score,1000,0.5462588486698756,0.8357894542057401,0.224,0.353,30,20261040,5,broad,proportional
baseline,1000,0.5692925791789817,0.8045683181778349,0.166,0.295,30,20261040,10,broad,proportional
observed_gain,1000,-0.032113295683943055,0.06823574437124343,0.166,0.295,30,20261040,10,broad,proportional
post_score,1000,0.5444708803000637,0.8710239257473898,0.166,0.295,30,20261040,10,broad,proportional
baseline,1000,0.6060862141215401,0.8469938612419253,0.119,0.228,30,20261040,15,broad,proportional
observed_gain,1000,-0.052406921641722705,0.06511574559442296,0.119,0.228,30,20261040,15,broad,proportional
post_score,1000,0.5676136256748114,0.8963213295640463,0.119,0.228,30,20261040,15,broad,proportional
baseline,1000,0.6065594961293098,0.8721719324011455,0.053,0.137,30,20261040,30,broad,proportional
observed_gain,1000,-0.05686494445034385,0.03801855412427819,0.053,0.137,30,20261040,30,broad,proportional
post_score,1000,0.5752607002800877,0.9234573735069084,0.053,0.137,30,20261040,30,broad,proportional
baseline,1000,-0.004246123638315266,0.001349691165732259,0.43,0.671,30,20261040,5,easy,additive
observed_gain,1000,0.18532642046512965,0.1624088288699018,0.43,0.671,30,20261040,5,easy,additive
post_score,1000,0.2951449039912645,0.29162735534143697,0.43,0.671,30,20261040,5,easy,additive
baseline,1000,0.017772716080356885,0.015668630632760257,0.38,0.604,30,20261040,10,easy,additive
observed_gain,1000,0.14755239280240942,0.13010466685545669,0.38,0.604,30,20261040,10,easy,additive
post_score,1000,0.30569256773982006,0.28488198630588624,0.38,0.604,30,20261040,10,easy,additive
baseline,1000,0.032501472200323824,0.018614804069349362,0.31,0.531,30,20261040,15,easy,additive
observed_gain,1000,0.1430915870685113,0.12822440032058846,0.31,0.531,30,20261040,15,easy,additive
post_score,1000,0.31752883583398567,0.28929990931176586,0.31,0.531,30,20261040,15,easy,additive
baseline,1000,0.035176734927058015,0.010871200411280405,0.235,0.398,30,20261040,30,easy,additive
observed_gain,1000,0.1318363978600311,0.1341964344782521,0.235,0.398,30,20261040,30,easy,additive
post_score,1000,0.32591298831557486,0.28029968873944283,0.235,0.398,30,20261040,30,easy,additive
baseline,1000,-0.015073750302383476,-0.020377138701962307,0.224,0.37,30,20261040,5,broad,additive
observed_gain,1000,0.29082003468972345,0.2645469863932613,0.224,0.37,30,20261040,5,broad,additive
post_score,1000,0.3084805218247479,0.2887218363288021,0.224,0.37,30,20261040,5,broad,additive
baseline,1000,0.0024736643663210737,-0.009120700621220662,0.166,0.286,30,20261040,10,broad,additive
observed_gain,1000,0.26608470542662027,0.25265008645287934,0.166,0.286,30,20261040,10,broad,additive
post_score,1000,0.30920579954647925,0.27516811590599355,0.166,0.286,30,20261040,10,broad,additive
baseline,1000,0.03159274948034751,0.015561969995130197,0.119,0.204,30,20261040,15,broad,additive
observed_gain,1000,0.28653792262422995,0.2866797163395848,0.119,0.204,30,20261040,15,broad,additive
post_score,1000,0.33193347176200105,0.29833781021206857,0.119,0.204,30,20261040,15,broad,additive
baseline,1000,0.037242747853219606,0.016457009221727183,0.053,0.1,30,20261040,30,broad,additive
observed_gain,1000,0.2851204118968635,0.28830767839861704,0.053,0.1,30,20261040,30,broad,additive
post_score,1000,0.35185460471701757,0.31723585597407283,0.053,0.1,30,20261040,30,broad,additive
baseline,1000,-0.6902430733410261,-0.7748941841714627,0.43,0.889,30,20261040,5,easy,catch_up
observed_gain,1000,0.6969362588462762,0.7555944747262262,0.43,0.889,30,20261040,5,easy,catch_up
post_score,1000,0.10459147594258199,0.03648074004044591,0.43,0.889,30,20261040,5,easy,catch_up
baseline,1000,-0.7180425202366396,-0.803819380327565,0.38,0.848,30,20261040,10,easy,catch_up
observed_gain,1000,0.7287248298723713,0.7881168845303109,0.38,0.848,30,20261040,10,easy,catch_up
post_score,1000,0.11332691087947096,0.039098334900915716,0.38,0.848,30,20261040,10,easy,catch_up
baseline,1000,-0.7290984154296134,-0.8269562771989628,0.31,0.784,30,20261040,15,easy,catch_up
observed_gain,1000,0.74459649037208675,0.8188285622949862,0.31,0.784,30,20261040,15,easy,catch_up
post_score,1000,0.13018435387227265,0.034467481104035344,0.31,0.784,30,20261040,15,easy,catch_up
baseline,1000,-0.7336231022411988,-0.8492403731147267,0.235,0.65,30,20261040,30,easy,catch_up
observed_gain,1000,0.7517124692376342,0.8467416926098196,0.235,0.65,30,20261040,30,easy,catch_up
post_score,1000,0.18582107183965157,0.07006531916848914,0.235,0.65,30,20261040,30,easy,catch_up
baseline,1000,-0.6006030012422902,-0.7370959725182845,0.224,0.571,30,20261040,5,broad,catch_up
observed_gain,1000,0.6595286156507869,0.730530347936844,0.224,0.571,30,20261040,5,broad,catch_up
post_score,1000,0.2058036555423646,0.07365740207039674,0.224,0.571,30,20261040,5,broad,catch_up
baseline,1000,-0.6905487400277884,-0.8136625740332434,0.166,0.445,30,20261040,10,broad,catch_up
observed_gain,1000,0.7485522531356348,0.8046027255475714,0.166,0.445,30,20261040,10,broad,catch_up
post_score,1000,0.22458135484268266,0.05922267303518381,0.166,0.445,30,20261040,10,broad,catch_up
baseline,1000,-0.6960764285579949,-0.8309047391312524,0.119,0.318,30,20261040,15,broad,catch_up
observed_gain,1000,0.7732870043877832,0.8410087401896641,0.119,0.318,30,20261040,15,broad,catch_up
post_score,1000,0.26383541415535194,0.08921699895415058,0.119,0.318,30,20261040,15,broad,catch_up
baseline,1000,-0.7118246611597734,-0.8525565918492032,0.053,0.147,30,20261040,30,broad,catch_up
observed_gain,1000,0.7927748520795704,0.8744074013392127,0.053,0.147,30,20261040,30,broad,catch_up
post_score,1000,0.3144299393980543,0.11964535258426837,0.053,0.147,30,20261040,30,broad,catch_up
baseline,1000,0.48150510641244204,0.7796395019878591,0.452,0.562,31,20261041,5,easy,proportional
observed_gain,1000,-0.1158490781760981,-0.1466289910525417,0.452,0.562,31,20261041,5,easy,proportional
post_score,1000,0.43065997173592824,0.7664327987421017,0.452,0.562,31,20261041,5,easy,proportional
baseline,1000,0.5315996929007125,0.8302698331113774,0.3,0.431,31,20261041,10,easy,proportional
observed_gain,1000,-0.14775278847859635,-0.14008809188087037,0.3,0.431,31,20261041,10,easy,proportional
post_score,1000,0.4794238830678076,0.8382815372552431,0.3,0.431,31,20261041,10,easy,proportional
baseline,1000,0.5218076274640813,0.8483341036437497,0.283,0.411,31,20261041,15,easy,proportional
observed_gain,1000,-0.1915328943206059,-0.200205098801258,0.283,0.411,31,20261041,15,easy,proportional
post_score,1000,0.46488871407811905,0.8582571710378003,0.283,0.411,31,20261041,15,easy,proportional
baseline,1000,0.5623050274275193,0.8796148387924053,0.156,0.285,31,20261041,30,easy,proportional
observed_gain,1000,-0.21048581600313715,-0.2081338795808961,0.156,0.285,31,20261041,30,easy,proportional
post_score,1000,0.5114216392015479,0.9059953721918783,0.156,0.285,31,20261041,30,easy,proportional
baseline,1000,0.5312633689834908,0.7384145063902421,0.223,0.328,31,20261041,5,broad,proportional
observed_gain,1000,-0.02448446726921133,0.01121401356232801,0.223,0.328,31,20261041,5,broad,proportional
post_score,1000,0.5158208768225271,0.7936536532886892,0.223,0.328,31,20261041,5,broad,proportional
baseline,1000,0.6027063284684369,0.7976280267081495,0.083,0.175,31,20261041,10,broad,proportional
observed_gain,1000,0.008245211861745315,0.09147344464134462,0.083,0.175,31,20261041,10,broad,proportional
post_score,1000,0.5954945605723326,0.8666508054918748,0.083,0.175,31,20261041,10,broad,proportional
baseline,1000,0.5964339215408873,0.8329430450137593,0.077,0.168,31,20261041,15,broad,proportional
observed_gain,1000,-0.03225413758493368,0.060009257185443164,0.077,0.168,31,20261041,15,broad,proportional
post_score,1000,0.5820375003034404,0.8938732569457656,0.077,0.168,31,20261041,15,broad,proportional
baseline,1000,0.6487397668729453,0.8624388908735549,0.018,0.068,31,20261041,30,broad,proportional
observed_gain,1000,0.038144164751572694,0.13921147517527926,0.018,0.068,31,20261041,30,broad,proportional
post_score,1000,0.6480118915115434,0.9241262821095932,0.018,0.068,31,20261041,30,broad,proportional
baseline,1000,-0.0036808200729967744,0.013269001589901396,0.452,0.693,31,20261041,5,easy,additive
observed_gain,1000,0.13551807925963855,0.1163190721765432,0.452,0.693,31,20261041,5,easy,additive
post_score,1000,0.24416658716166195,0.2370780910773135,0.452,0.693,31,20261041,5,easy,additive
baseline,1000,0.001791135855446614,0.01486246744666765,0.3,0.503,31,20261041,10,easy,additive
observed_gain,1000,0.17211964266533733,0.1494284783066984,0.3,0.503,31,20261041,10,easy,additive
post_score,1000,0.2865705894461879,0.26050906122330864,0.3,0.503,31,20261041,10,easy,additive
baseline,1000,-0.0012430074825819535,0.01840009406603762,0.283,0.477,31,20261041,15,easy,additive
observed_gain,1000,0.15871875087609263,0.12737895903741359,0.283,0.477,31,20261041,15,easy,additive
post_score,1000,0.2961229864208448,0.2782343809114913,0.283,0.477,31,20261041,15,easy,additive
baseline,1000,0.0035789321120329094,0.02107887651427604,0.156,0.28,31,20261041,30,easy,additive
observed_gain,1000,0.21070523199513538,0.16717879489299886,0.156,0.28,31,20261041,30,easy,additive
post_score,1000,0.34257481582493615,0.32741407274105927,0.156,0.28,31,20261041,30,easy,additive
baseline,1000,0.0024345153040546403,0.0061787140597218465,0.223,0.363,31,20261041,5,broad,additive
observed_gain,1000,0.19950154108310422,0.19214244539127526,0.223,0.363,31,20261041,5,broad,additive
post_score,1000,0.26961234561325853,0.24332924175050652,0.223,0.363,31,20261041,5,broad,additive
baseline,1000,0.00663770085836821,0.005430226362850323,0.083,0.149,31,20261041,10,broad,additive
observed_gain,1000,0.27051803845882055,0.2514065824757965,0.083,0.149,31,20261041,10,broad,additive
post_score,1000,0.3134705928905739,0.2843678471436515,0.083,0.149,31,20261041,10,broad,additive
baseline,1000,-0.00188122130924681,0.004780949641761777,0.077,0.142,31,20261041,15,broad,additive
observed_gain,1000,0.2731354987306512,0.2441600172492812,0.077,0.142,31,20261041,15,broad,additive
post_score,1000,0.328083696440411,0.3016556905216082,0.077,0.142,31,20261041,15,broad,additive
baseline,1000,0.009377690259638007,0.007953247364935348,0.018,0.037,31,20261041,30,broad,additive
observed_gain,1000,0.3407217401511838,0.30725213111389904,0.018,0.037,31,20261041,30,broad,additive
post_score,1000,0.35076580236088095,0.3277795135224579,0.018,0.037,31,20261041,30,broad,additive
baseline,1000,-0.6601302330657691,-0.7400284456956355,0.452,0.882,31,20261041,5,easy,catch_up
observed_gain,1000,0.6739430730471468,0.7364749290264406,0.452,0.882,31,20261041,5,easy,catch_up
post_score,1000,0.1301160772328838,0.08801256586405351,0.452,0.882,31,20261041,5,easy,catch_up
baseline,1000,-0.6833324415783247,-0.7943056495015215,0.3,0.761,31,20261041,10,easy,catch_up
observed_gain,1000,0.7075450490004891,0.7959823905851512,0.3,0.761,31,20261041,10,easy,catch_up
post_score,1000,0.165546603274047,0.10996992805882598,0.3,0.761,31,20261041,10,easy,catch_up
baseline,1000,-0.6981526444669004,-0.8060788444949306,0.283,0.743,31,20261041,15,easy,catch_up
observed_gain,1000,0.7195425034684315,0.8112139541069804,0.283,0.743,31,20261041,15,easy,catch_up
post_score,1000,0.17524050267867225,0.11454267782382958,0.283,0.743,31,20261041,15,easy,catch_up
baseline,1000,-0.7087304936345225,-0.8368748579707164,0.156,0.512,31,20261041,30,easy,catch_up
observed_gain,1000,0.7389485218921404,0.8467400192302914,0.156,0.512,31,20261041,30,easy,catch_up
post_score,1000,0.2551956244713125,0.17673610048730168,0.156,0.512,31,20261041,30,easy,catch_up
baseline,1000,-0.6050087027098036,-0.7173286880869267,0.223,0.549,31,20261041,5,broad,catch_up
observed_gain,1000,0.6365506129189803,0.7006869138812678,0.223,0.549,31,20261041,5,broad,catch_up
post_score,1000,0.2098920653567112,0.09234021892367461,0.223,0.549,31,20261041,5,broad,catch_up
baseline,1000,-0.6321093101959536,-0.7741317962977069,0.083,0.265,31,20261041,10,broad,catch_up
observed_gain,1000,0.7115692736096877,0.7705877551472421,0.083,0.265,31,20261041,10,broad,catch_up
post_score,1000,0.31547346722580616,0.1696064576164675,0.083,0.265,31,20261041,10,broad,catch_up
baseline,1000,-0.6732006979375557,-0.8071417152719265,0.077,0.251,31,20261041,15,broad,catch_up
observed_gain,1000,0.744357390360534,0.8092688344283827,0.077,0.251,31,20261041,15,broad,catch_up
post_score,1000,0.3281722183800616,0.18103442858947544,0.077,0.251,31,20261041,15,broad,catch_up
baseline,1000,-0.6744590904085204,-0.8355138969362015,0.018,0.067,31,20261041,30,broad,catch_up
observed_gain,1000,0.7946338522708157,0.8593942049239093,0.018,0.067,31,20261041,30,broad,catch_up
post_score,1000,0.4398128391098259,0.24196437684323527,0.018,0.067,31,20261041,30,broad,catch_up
baseline,1000,0.49415614575281963,0.742420060786741,0.461,0.609,32,20261042,5,easy,proportional
observed_gain,1000,-0.12269777949004414,-0.13859524457334715,0.461,0.609,32,20261042,5,easy,proportional
post_score,1000,0.44804233811978494,0.7544965117957262,0.461,0.609,32,20261042,5,easy,proportional
baseline,1000,0.5624596387356153,0.811528578311873,0.298,0.465,32,20261042,10,easy,proportional
observed_gain,1000,-0.14836312690557033,-0.13086606483631621,0.298,0.465,32,20261042,10,easy,proportional
post_score,1000,0.5091473817832172,0.8399229349822892,0.298,0.465,32,20261042,10,easy,proportional
baseline,1000,0.5962188609027772,0.8388394892743412,0.234,0.392,32,20261042,15,easy,proportional
observed_gain,1000,-0.1629212409473116,-0.134487660009269,0.234,0.392,32,20261042,15,easy,proportional
post_score,1000,0.5423120416734726,0.873911629067469,0.234,0.392,32,20261042,15,easy,proportional
baseline,1000,0.5929265105831509,0.8641166857579252,0.183,0.328,32,20261042,30,easy,proportional
observed_gain,1000,-0.21991587890166936,-0.17908438380603905,0.183,0.328,32,20261042,30,easy,proportional
post_score,1000,0.534525348902315,0.8941562836684629,0.183,0.328,32,20261042,30,easy,proportional
baseline,1000,0.5422638693581806,0.7232920934239461,0.249,0.384,32,20261042,5,broad,proportional
observed_gain,1000,-0.007769539466645801,0.022561327451030375,0.249,0.384,32,20261042,5,broad,proportional
post_score,1000,0.5355898449721956,0.7712318167238009,0.249,0.384,32,20261042,5,broad,proportional
baseline,1000,0.6060700826109051,0.7704739760789558,0.076,0.181,32,20261042,10,broad,proportional
observed_gain,1000,0.06126119945050623,0.12039059742944105,0.076,0.181,32,20261042,10,broad,proportional
post_score,1000,0.6207847477717434,0.845599275271863,0.076,0.181,32,20261042,10,broad,proportional
baseline,1000,0.653049283181353,0.7961156099396911,0.044,0.128,32,20261042,15,broad,proportional
observed_gain,1000,0.11478989459553102,0.1945521506209857,0.044,0.128,32,20261042,15,broad,proportional
post_score,1000,0.6756121994502353,0.8818985425728713,0.044,0.128,32,20261042,15,broad,proportional
baseline,1000,0.6715973153817096,0.8570452378328425,0.015,0.082,32,20261042,30,broad,proportional
observed_gain,1000,0.04900048328429384,0.15880123287948517,0.015,0.082,32,20261042,30,broad,proportional
post_score,1000,0.6696931440662804,0.9207750436329101,0.015,0.082,32,20261042,30,broad,proportional
baseline,1000,0.039383250110742465,0.01881338565846883,0.461,0.757,32,20261042,5,easy,additive
observed_gain,1000,0.09111448910723222,0.0834105484688817,0.461,0.757,32,20261042,5,easy,additive
post_score,1000,0.2491862411856083,0.2451545839625389,0.461,0.757,32,20261042,5,easy,additive
baseline,1000,0.027300404482314484,0.001876180103604165,0.298,0.546,32,20261042,10,easy,additive
observed_gain,1000,0.1547905999276273,0.16745022101524987,0.298,0.546,32,20261042,10,easy,additive
post_score,1000,0.2983603353247883,0.2749070631983762,0.298,0.546,32,20261042,10,easy,additive
baseline,1000,0.024593310153966652,0.005005063611200399,0.234,0.437,32,20261042,15,easy,additive
observed_gain,1000,0.1863109838907689,0.17880760323934233,0.234,0.437,32,20261042,15,easy,additive
post_score,1000,0.3134892914696785,0.283386140270845,0.234,0.437,32,20261042,15,easy,additive
baseline,1000,0.02613603119728704,0.004189994956406411,0.183,0.349,32,20261042,30,easy,additive
observed_gain,1000,0.16330568092723513,0.16618255165699486,0.183,0.349,32,20261042,30,easy,additive
post_score,1000,0.3342806949784925,0.2932377265831587,0.183,0.349,32,20261042,30,easy,additive
baseline,1000,0.024976737405750026,0.013032901562895834,0.249,0.425,32,20261042,5,broad,additive
observed_gain,1000,0.14656264351170586,0.13993002091170853,0.249,0.425,32,20261042,5,broad,additive
post_score,1000,0.22475981558558403,0.18263650640652954,0.249,0.425,32,20261042,5,broad,additive
baseline,1000,0.011451866534577596,-0.004375524615333619,0.076,0.147,32,20261042,10,broad,additive
observed_gain,1000,0.22403564256820466,0.21298202388001936,0.076,0.147,32,20261042,10,broad,additive
post_score,1000,0.26610178470704654,0.2291734092834,0.076,0.147,32,20261042,10,broad,additive
baseline,1000,0.006821435094587519,-0.007264449435267473,0.044,0.085,32,20261042,15,broad,additive
observed_gain,1000,0.2973348161612961,0.2751783690248478,0.044,0.085,32,20261042,15,broad,additive
post_score,1000,0.29063757680610586,0.25939432490057357,0.044,0.085,32,20261042,15,broad,additive
baseline,1000,0.020064684934249028,-0.003604843203337139,0.015,0.049,32,20261042,30,broad,additive
observed_gain,1000,0.3124956731295006,0.3157778199717733,0.015,0.049,32,20261042,30,broad,additive
post_score,1000,0.3338694045485447,0.2941662424950192,0.015,0.049,32,20261042,30,broad,additive
baseline,1000,-0.6308636241364645,-0.7031326329072998,0.461,0.928,32,20261042,5,easy,catch_up
observed_gain,1000,0.6427421223942128,0.6962880830756412,0.461,0.928,32,20261042,5,easy,catch_up
post_score,1000,0.09742775010783615,0.05524973704162717,0.461,0.928,32,20261042,5,easy,catch_up
baseline,1000,-0.6911433246263896,-0.7862626740317097,0.298,0.814,32,20261042,10,easy,catch_up
observed_gain,1000,0.7147475261204591,0.7870909281198529,0.298,0.814,32,20261042,10,easy,catch_up
post_score,1000,0.1515053700957492,0.0831035927721831,0.298,0.814,32,20261042,10,easy,catch_up
baseline,1000,-0.7134456296526952,-0.8103635349693118,0.234,0.711,32,20261042,15,easy,catch_up
observed_gain,1000,0.7470545973161529,0.8239295339958965,0.234,0.711,32,20261042,15,easy,catch_up
post_score,1000,0.18393540418938925,0.10098306778502715,0.234,0.711,32,20261042,15,easy,catch_up
baseline,1000,-0.7403870573937072,-0.8373460701584028,0.183,0.586,32,20261042,30,easy,catch_up
observed_gain,1000,0.770316864336996,0.8502863490606856,0.183,0.586,32,20261042,30,easy,catch_up
post_score,1000,0.2224784571264698,0.13477212907890787,0.183,0.586,32,20261042,30,easy,catch_up
baseline,1000,-0.5892002710634476,-0.6826118793215405,0.249,0.633,32,20261042,5,broad,catch_up
observed_gain,1000,0.6364157875415889,0.6757819265820167,0.249,0.633,32,20261042,5,broad,catch_up
post_score,1000,0.22871040597473638,0.1214176025853713,0.249,0.633,32,20261042,5,broad,catch_up
baseline,1000,-0.6362498115036315,-0.7458382756839101,0.076,0.276,32,20261042,10,broad,catch_up
observed_gain,1000,0.7119446041366541,0.7481555288781339,0.076,0.276,32,20261042,10,broad,catch_up
post_score,1000,0.3097274026187429,0.17458249847387108,0.076,0.276,32,20261042,10,broad,catch_up
baseline,1000,-0.6465123140719224,-0.7758718106554844,0.044,0.157,32,20261042,15,broad,catch_up
observed_gain,1000,0.762670977841185,0.80192343362293,0.044,0.157,32,20261042,15,broad,catch_up
post_score,1000,0.36058248275852095,0.21079766308654893,0.044,0.157,32,20261042,15,broad,catch_up
baseline,1000,-0.7101601637280196,-0.8331694724517665,0.015,0.076,32,20261042,30,broad,catch_up
observed_gain,1000,0.808249782173631,0.8661401025735744,0.015,0.076,32,20261042,30,broad,catch_up
post_score,1000,0.3826938148050285,0.22298114582461032,0.015,0.076,32,20261042,30,broad,catch_up
baseline,1000,0.491912896208484,0.7604581154354098,0.437,0.543,33,20261043,5,easy,proportional
observed_gain,1000,-0.08736690531258288,-0.07261675671093487,0.437,0.543,33,20261043,5,easy,proportional
post_score,1000,0.4657939762360936,0.8000805049977047,0.437,0.543,33,20261043,5,easy,proportional
baseline,1000,0.5522787145208731,0.8200605113247339,0.271,0.409,33,20261043,10,easy,proportional
observed_gain,1000,-0.09069900185881047,-0.052136479499808486,0.271,0.409,33,20261043,10,easy,proportional
post_score,1000,0.5169116017907653,0.8637140316857713,0.271,0.409,33,20261043,10,easy,proportional
baseline,1000,0.5464894590892219,0.8472417221227057,0.254,0.395,33,20261043,15,easy,proportional
observed_gain,1000,-0.13517000962460796,-0.09233268668703992,0.254,0.395,33,20261043,15,easy,proportional
post_score,1000,0.4967816488311936,0.8770124543449498,0.254,0.395,33,20261043,15,easy,proportional
baseline,1000,0.5630058099248473,0.8714013137674129,0.186,0.321,33,20261043,30,easy,proportional
observed_gain,1000,-0.199276253150765,-0.16134659810112978,0.186,0.321,33,20261043,30,easy,proportional
post_score,1000,0.5123017801662345,0.9049060297641132,0.186,0.321,33,20261043,30,easy,proportional
baseline,1000,0.5426849532037541,0.7049648934806347,0.237,0.337,33,20261043,5,broad,proportional
observed_gain,1000,0.006982439399948065,0.0663225268385566,0.237,0.337,33,20261043,5,broad,proportional
post_score,1000,0.5573250990772277,0.8040589463612707,0.237,0.337,33,20261043,5,broad,proportional
baseline,1000,0.6067206072005408,0.7719332201232795,0.068,0.141,33,20261043,10,broad,proportional
observed_gain,1000,0.05295642176916114,0.12398189910373728,0.068,0.141,33,20261043,10,broad,proportional
post_score,1000,0.624663120363774,0.854605007341622,0.068,0.141,33,20261043,10,broad,proportional
baseline,1000,0.614984314070885,0.830125058121863,0.064,0.135,33,20261043,15,broad,proportional
observed_gain,1000,-0.008536881089790326,0.06372710756196069,0.064,0.135,33,20261043,15,broad,proportional
post_score,1000,0.6042533889985326,0.8869195170423317,0.064,0.135,33,20261043,15,broad,proportional
baseline,1000,0.6426946349650049,0.8644237618219216,0.035,0.094,33,20261043,30,broad,proportional
observed_gain,1000,-0.0043396122731750265,0.08777413267550635,0.035,0.094,33,20261043,30,broad,proportional
post_score,1000,0.6377084530543051,0.9244564588153654,0.035,0.094,33,20261043,30,broad,proportional
baseline,1000,-0.021167083735355325,0.012081098245855904,0.437,0.685,33,20261043,5,easy,additive
observed_gain,1000,0.18487886797394568,0.13570305793239784,0.437,0.685,33,20261043,5,easy,additive
post_score,1000,0.2683075929639985,0.2713735961023277,0.437,0.685,33,20261043,5,easy,additive
baseline,1000,-0.0050681415649976,0.019801876275711193,0.271,0.486,33,20261043,10,easy,additive
observed_gain,1000,0.24209275288432947,0.19986372418618384,0.271,0.486,33,20261043,10,easy,additive
post_score,1000,0.34868354424123693,0.33935287706963785,0.271,0.486,33,20261043,10,easy,additive
baseline,1000,0.006919892998301091,0.024228342602056727,0.254,0.46,33,20261043,15,easy,additive
observed_gain,1000,0.19738522793367838,0.1640437911121051,0.254,0.46,33,20261043,15,easy,additive
post_score,1000,0.3583262078492118,0.3489192143414626,0.254,0.46,33,20261043,15,easy,additive
baseline,1000,0.017238715488480556,0.025068346590611044,0.186,0.344,33,20261043,30,easy,additive
observed_gain,1000,0.19677632643137086,0.15767533264780995,0.186,0.344,33,20261043,30,easy,additive
post_score,1000,0.37882306917853514,0.36441871915411356,0.186,0.344,33,20261043,30,easy,additive
baseline,1000,-0.04331096428878697,-0.027577045618385133,0.237,0.371,33,20261043,5,broad,additive
observed_gain,1000,0.2950188481330824,0.2688012597963096,0.237,0.371,33,20261043,5,broad,additive
post_score,1000,0.2921458712534603,0.2843381994958183,0.237,0.371,33,20261043,5,broad,additive
baseline,1000,-0.024113237958494474,-0.008852256520069561,0.068,0.12,33,20261043,10,broad,additive
observed_gain,1000,0.3307713318508859,0.29973209071521695,0.068,0.12,33,20261043,10,broad,additive
post_score,1000,0.3341404244019345,0.31582849196058843,0.068,0.12,33,20261043,10,broad,additive
baseline,1000,-0.008997016613107759,0.0017486538305089812,0.064,0.11,33,20261043,15,broad,additive
observed_gain,1000,0.3095284767305809,0.29303964112203384,0.064,0.11,33,20261043,15,broad,additive
post_score,1000,0.3541951628954022,0.3296413356597053,0.064,0.11,33,20261043,15,broad,additive
baseline,1000,0.006510303343498018,0.012642865366540806,0.035,0.063,33,20261043,30,broad,additive
observed_gain,1000,0.3376125355246052,0.3102676117724169,0.035,0.063,33,20261043,30,broad,additive
post_score,1000,0.3750248638994657,0.3492390516650944,0.035,0.063,33,20261043,30,broad,additive
baseline,1000,-0.6653539135525045,-0.7422279094639043,0.437,0.913,33,20261043,5,easy,catch_up
observed_gain,1000,0.6709232066067373,0.732054649917827,0.437,0.913,33,20261043,5,easy,catch_up
post_score,1000,0.12033437402520959,0.08507275102470603,0.437,0.913,33,20261043,5,easy,catch_up
baseline,1000,-0.6967469954918649,-0.7919945811073267,0.271,0.758,33,20261043,10,easy,catch_up
observed_gain,1000,0.7189460615923813,0.7943268203803203,0.271,0.758,33,20261043,10,easy,catch_up
post_score,1000,0.20574444614928789,0.15842464845955231,0.271,0.758,33,20261043,10,easy,catch_up
baseline,1000,-0.7113545254212825,-0.8132993371717245,0.254,0.738,33,20261043,15,easy,catch_up
observed_gain,1000,0.731370452092312,0.8120870628155211,0.254,0.738,33,20261043,15,easy,catch_up
post_score,1000,0.214224020885252,0.1686811968372137,0.254,0.738,33,20261043,15,easy,catch_up
baseline,1000,-0.7192153191748912,-0.8365995291120443,0.186,0.609,33,20261043,30,easy,catch_up
observed_gain,1000,0.7418482138043392,0.837486987595839,0.186,0.609,33,20261043,30,easy,catch_up
post_score,1000,0.25316685124638,0.18501755979460577,0.186,0.609,33,20261043,30,easy,catch_up
baseline,1000,-0.6038087272275512,-0.7289278363898097,0.237,0.602,33,20261043,5,broad,catch_up
observed_gain,1000,0.6593411281200361,0.7359768745292428,0.237,0.602,33,20261043,5,broad,catch_up
post_score,1000,0.23658209692280519,0.1424255611433189,0.237,0.602,33,20261043,5,broad,catch_up
baseline,1000,-0.6421845660928772,-0.7714226194668334,0.068,0.196,33,20261043,10,broad,catch_up
observed_gain,1000,0.7294728474020585,0.7845314593942145,0.068,0.196,33,20261043,10,broad,catch_up
post_score,1000,0.3238338275094413,0.17505833645669072,0.068,0.196,33,20261043,10,broad,catch_up
baseline,1000,-0.6965297701266251,-0.8175224522856946,0.064,0.183,33,20261043,15,broad,catch_up
observed_gain,1000,0.769242568325489,0.828626110005874,0.064,0.183,33,20261043,15,broad,catch_up
post_score,1000,0.3272112854156716,0.18119473053849905,0.064,0.183,33,20261043,15,broad,catch_up
baseline,1000,-0.7056283628408632,-0.8419066474912156,0.035,0.095,33,20261043,30,broad,catch_up
observed_gain,1000,0.7983924316625229,0.8697501120837361,0.035,0.095,33,20261043,30,broad,catch_up
post_score,1000,0.38137417312450717,0.20646596552709323,0.035,0.095,33,20261043,30,broad,catch_up
baseline,1000,0.4280296303443038,0.7343374039030601,0.573,0.67,34,20261044,5,easy,proportional
observed_gain,1000,-0.10489652518622634,-0.17583731092779317,0.573,0.67,34,20261044,5,easy,proportional
post_score,1000,0.3916993666268661,0.7377518245835056,0.573,0.67,34,20261044,5,easy,proportional
baseline,1000,0.5158420757470522,0.8121733644520679,0.342,0.48,34,20261044,10,easy,proportional
observed_gain,1000,-0.11850484331434362,-0.11631388618866959,0.342,0.48,34,20261044,10,easy,proportional
post_score,1000,0.47878959199817245,0.8407629747031441,0.342,0.48,34,20261044,10,easy,proportional
baseline,1000,0.5248462841097413,0.8329119075185081,0.302,0.439,34,20261044,15,easy,proportional
observed_gain,1000,-0.13837194847469453,-0.1326846580545861,0.302,0.439,34,20261044,15,easy,proportional
post_score,1000,0.48379765552358867,0.8703928577861355,0.302,0.439,34,20261044,15,easy,proportional
baseline,1000,0.5423520132769646,0.857344621293863,0.217,0.348,34,20261044,30,easy,proportional
observed_gain,1000,-0.19112155409213158,-0.19761980397914689,0.217,0.348,34,20261044,30,easy,proportional
post_score,1000,0.5028230440086855,0.8941581875381239,0.217,0.348,34,20261044,30,easy,proportional
baseline,1000,0.4969384469351977,0.750093732065923,0.377,0.507,34,20261044,5,broad,proportional
observed_gain,1000,-0.06571470423402788,-0.08821435320719462,0.377,0.507,34,20261044,5,broad,proportional
post_score,1000,0.46885620808917267,0.7813966147075135,0.377,0.507,34,20261044,5,broad,proportional
baseline,1000,0.5898476723026966,0.7961411475714901,0.11,0.235,34,20261044,10,broad,proportional
observed_gain,1000,0.008893870353236773,0.08968598603122063,0.11,0.235,34,20261044,10,broad,proportional
post_score,1000,0.5802662146718403,0.8605184475021088,0.11,0.235,34,20261044,10,broad,proportional
baseline,1000,0.6092245996509233,0.8268069418794286,0.094,0.202,34,20261044,15,broad,proportional
observed_gain,1000,0.0035712383245993986,0.10726674728121835,0.094,0.202,34,20261044,15,broad,proportional
post_score,1000,0.5920168609438919,0.8879608554016343,0.094,0.202,34,20261044,15,broad,proportional
baseline,1000,0.6379521766173433,0.8612059869281407,0.042,0.112,34,20261044,30,broad,proportional
observed_gain,1000,-0.0013000594672708885,0.11981405944007524,0.042,0.112,34,20261044,30,broad,proportional
post_score,1000,0.6265367464825122,0.9219326258492893,0.042,0.112,34,20261044,30,broad,proportional
baseline,1000,-0.006712216513086369,-0.02255998963382185,0.573,0.838,34,20261044,5,easy,additive
observed_gain,1000,0.10835668990360764,0.11285867272666232,0.573,0.838,34,20261044,5,easy,additive
post_score,1000,0.2176729500477321,0.2138352668382728,0.573,0.838,34,20261044,5,easy,additive
baseline,1000,-0.009375049822770796,-0.022449400474600496,0.342,0.585,34,20261044,10,easy,additive
observed_gain,1000,0.18791695352402887,0.1801675295176841,0.342,0.585,34,20261044,10,easy,additive
post_score,1000,0.3039396999607264,0.3015376693761375,0.342,0.585,34,20261044,10,easy,additive
baseline,1000,-0.007136784953604906,-0.0164417446534111,0.302,0.527,34,20261044,15,easy,additive
observed_gain,1000,0.1862011397770964,0.18165105488429675,0.302,0.527,34,20261044,15,easy,additive
post_score,1000,0.3196948014400771,0.32291269858411104,0.302,0.527,34,20261044,15,easy,additive
baseline,1000,0.0030753424799174734,-0.016229829882847394,0.217,0.388,34,20261044,30,easy,additive
observed_gain,1000,0.19485724380679428,0.19933726574825178,0.217,0.388,34,20261044,30,easy,additive
post_score,1000,0.3463473268274005,0.3359329423365359,0.217,0.388,34,20261044,30,easy,additive
baseline,1000,0.027970912429677412,0.013745975577341672,0.377,0.6,34,20261044,5,broad,additive
observed_gain,1000,0.12201752902738966,0.10111569147023182,0.377,0.6,34,20261044,5,broad,additive
post_score,1000,0.23198562702145828,0.20830194763441764,0.377,0.6,34,20261044,5,broad,additive
baseline,1000,0.00853044024580849,-0.011632413990194617,0.11,0.219,34,20261044,10,broad,additive
observed_gain,1000,0.2550778366422821,0.2503299915192842,0.11,0.219,34,20261044,10,broad,additive
post_score,1000,0.2872314779993441,0.2540953112434377,0.11,0.219,34,20261044,10,broad,additive
baseline,1000,0.012308667542642787,-0.0023357868993955835,0.094,0.177,34,20261044,15,broad,additive
observed_gain,1000,0.27757433790227376,0.2681397802210607,0.094,0.177,34,20261044,15,broad,additive
post_score,1000,0.3105016989700432,0.2797132775263003,0.094,0.177,34,20261044,15,broad,additive
baseline,1000,0.02255858657448164,0.0024777557370070672,0.042,0.077,34,20261044,30,broad,additive
observed_gain,1000,0.3099338153132606,0.31749834571357755,0.042,0.077,34,20261044,30,broad,additive
post_score,1000,0.34493594946285505,0.3131149169932675,0.042,0.077,34,20261044,30,broad,additive
baseline,1000,-0.6469548526524949,-0.7085511143265959,0.573,0.961,34,20261044,5,easy,catch_up
observed_gain,1000,0.6540225315277911,0.705467145340576,0.573,0.961,34,20261044,5,easy,catch_up
post_score,1000,0.07678339093134086,0.05598149098210166,0.573,0.961,34,20261044,5,easy,catch_up
baseline,1000,-0.709393026113476,-0.8009660338985478,0.342,0.826,34,20261044,10,easy,catch_up
observed_gain,1000,0.7226564978628975,0.7933111463531589,0.342,0.826,34,20261044,10,easy,catch_up
post_score,1000,0.15660355547631769,0.1027010998807405,0.342,0.826,34,20261044,10,easy,catch_up
baseline,1000,-0.7190752272403054,-0.8157431460320228,0.302,0.786,34,20261044,15,easy,catch_up
observed_gain,1000,0.7341760697545919,0.8135707493908179,0.302,0.786,34,20261044,15,easy,catch_up
post_score,1000,0.17249863319659178,0.12355933640270317,0.302,0.786,34,20261044,15,easy,catch_up
baseline,1000,-0.7230247547104101,-0.8388107129650803,0.217,0.62,34,20261044,30,easy,catch_up
observed_gain,1000,0.7460326665042873,0.8471215135837807,0.217,0.62,34,20261044,30,easy,catch_up
post_score,1000,0.23485113404550378,0.16849070892894236,0.217,0.62,34,20261044,30,easy,catch_up
baseline,1000,-0.6034025430176876,-0.6978041529608514,0.377,0.833,34,20261044,5,broad,catch_up
observed_gain,1000,0.6334003259703374,0.6909453685077518,0.377,0.833,34,20261044,5,broad,catch_up
post_score,1000,0.17233355311765955,0.11325690193358201,0.377,0.833,34,20261044,5,broad,catch_up
baseline,1000,-0.6403668785170513,-0.7782466402244287,0.11,0.374,34,20261044,10,broad,catch_up
observed_gain,1000,0.7239557657471203,0.7898013460286121,0.11,0.374,34,20261044,10,broad,catch_up
post_score,1000,0.2986335142439049,0.16202688343646365,0.11,0.374,34,20261044,10,broad,catch_up
baseline,1000,-0.6617104956832248,-0.8001711316817026,0.094,0.313,34,20261044,15,broad,catch_up
observed_gain,1000,0.7496408605542406,0.825552763176676,0.094,0.313,34,20261044,15,broad,catch_up
post_score,1000,0.33012154784915587,0.19148434135001668,0.094,0.313,34,20261044,15,broad,catch_up
baseline,1000,-0.6788240906527019,-0.82662276762722,0.042,0.159,34,20261044,30,broad,catch_up
observed_gain,1000,0.7866050171715904,0.8678137427048692,0.042,0.159,34,20261044,30,broad,catch_up
post_score,1000,0.4127087625088206,0.26210649757700594,0.042,0.159,34,20261044,30,broad,catch_up
baseline,1000,0.48972338864386705,0.7970230771066332,0.469,0.613,35,20261045,5,easy,proportional
observed_gain,1000,-0.17579632820020077,-0.20911684060671037,0.469,0.613,35,20261045,5,easy,proportional
post_score,1000,0.42261142470812774,0.7712180615804471,0.469,0.613,35,20261045,5,easy,proportional
baseline,1000,0.5195110559401095,0.8370466880670324,0.363,0.49,35,20261045,10,easy,proportional
observed_gain,1000,-0.18604018195612823,-0.19405951607451993,0.363,0.49,35,20261045,10,easy,proportional
post_score,1000,0.45856170239152655,0.8439372864104702,0.363,0.49,35,20261045,10,easy,proportional
baseline,1000,0.5092380572656622,0.8516422994507643,0.352,0.479,35,20261045,15,easy,proportional
observed_gain,1000,-0.21840557112836023,-0.26545563077338014,0.352,0.479,35,20261045,15,easy,proportional
post_score,1000,0.4477741130280538,0.8570260223845108,0.352,0.479,35,20261045,15,easy,proportional
baseline,1000,0.5551964618006043,0.8804446005559294,0.202,0.3,35,20261045,30,easy,proportional
observed_gain,1000,-0.22756743896405693,-0.2165476555432331,0.202,0.3,35,20261045,30,easy,proportional
post_score,1000,0.5040897072962216,0.9115228769340227,0.202,0.3,35,20261045,30,easy,proportional
baseline,1000,0.5568625371077076,0.7836040693273632,0.282,0.43,35,20261045,5,broad,proportional
observed_gain,1000,-0.0845646442226333,-0.07287050327522912,0.282,0.43,35,20261045,5,broad,proportional
post_score,1000,0.5157378333911079,0.812088300065169,0.282,0.43,35,20261045,5,broad,proportional
baseline,1000,0.5927620813736364,0.8305376460105274,0.159,0.281,35,20261045,10,broad,proportional
observed_gain,1000,-0.056766115840843526,0.016650550390843625,0.159,0.281,35,20261045,10,broad,proportional
post_score,1000,0.5662822201050186,0.8773463529432723,0.159,0.281,35,20261045,10,broad,proportional
baseline,1000,0.5938028022938006,0.8594014448522738,0.152,0.268,35,20261045,15,broad,proportional
observed_gain,1000,-0.11519041818249424,-0.0742505877028148,0.152,0.268,35,20261045,15,broad,proportional
post_score,1000,0.5561601359844827,0.8975645498428768,0.152,0.268,35,20261045,15,broad,proportional
baseline,1000,0.6467143705131606,0.8815880265738006,0.031,0.105,35,20261045,30,broad,proportional
observed_gain,1000,-0.028616183109172792,0.06173706670149434,0.031,0.105,35,20261045,30,broad,proportional
post_score,1000,0.6300607311951003,0.9263873405414591,0.031,0.105,35,20261045,30,broad,proportional
baseline,1000,0.021283456095483586,0.01350710886660466,0.469,0.765,35,20261045,5,easy,additive
observed_gain,1000,0.09025818483479559,0.0999266645485691,0.469,0.765,35,20261045,5,easy,additive
post_score,1000,0.23452410037556243,0.25420452056823195,0.469,0.765,35,20261045,5,easy,additive
baseline,1000,0.025609580344642648,0.006038184928053052,0.363,0.62,35,20261045,10,easy,additive
observed_gain,1000,0.11602825131632485,0.13235278129952904,0.363,0.62,35,20261045,10,easy,additive
post_score,1000,0.2844388990461562,0.2856333221705633,0.363,0.62,35,20261045,10,easy,additive
baseline,1000,0.01652897224706075,5.926757887257096e-5,0.352,0.598,35,20261045,15,easy,additive
observed_gain,1000,0.10126078462319643,0.11071039818850416,0.352,0.598,35,20261045,15,easy,additive
post_score,1000,0.2794928705706156,0.26926263958642416,0.352,0.598,35,20261045,15,easy,additive
baseline,1000,0.010846261463232598,-0.0023926479145655417,0.202,0.315,35,20261045,30,easy,additive
observed_gain,1000,0.17421926152698897,0.16476165708878596,0.202,0.315,35,20261045,30,easy,additive
post_score,1000,0.3376534578657009,0.3124382182433556,0.202,0.315,35,20261045,30,easy,additive
baseline,1000,0.021819373420993195,0.008036286312074524,0.282,0.509,35,20261045,5,broad,additive
observed_gain,1000,0.18528512666541627,0.17414396422813738,0.282,0.509,35,20261045,5,broad,additive
post_score,1000,0.2651542098504474,0.2614743999337339,0.282,0.509,35,20261045,5,broad,additive
baseline,1000,0.03512381893404206,0.015172884199905392,0.159,0.291,35,20261045,10,broad,additive
observed_gain,1000,0.21022714002669332,0.21523885434084666,0.159,0.291,35,20261045,10,broad,additive
post_score,1000,0.3089835640002905,0.29467108112721746,0.159,0.291,35,20261045,10,broad,additive
baseline,1000,0.031104333762581152,0.01144608268199978,0.152,0.271,35,20261045,15,broad,additive
observed_gain,1000,0.19291163346296192,0.19603239080337984,0.152,0.271,35,20261045,15,broad,additive
post_score,1000,0.313064293179763,0.2920479691284098,0.152,0.271,35,20261045,15,broad,additive
baseline,1000,0.03192926147153506,0.011285097945721934,0.031,0.067,35,20261045,30,broad,additive
observed_gain,1000,0.2897010094659932,0.27135144709556236,0.031,0.067,35,20261045,30,broad,additive
post_score,1000,0.33047842649608994,0.2910889821226808,0.031,0.067,35,20261045,30,broad,additive
baseline,1000,-0.6727746021949776,-0.7561604728752769,0.469,0.944,35,20261045,5,easy,catch_up
observed_gain,1000,0.6771262703795444,0.7543322550899486,0.469,0.944,35,20261045,5,easy,catch_up
post_score,1000,0.10032555404964591,0.08234303154292072,0.469,0.944,35,20261045,5,easy,catch_up
baseline,1000,-0.7027199607496106,-0.8015207247746678,0.363,0.866,35,20261045,10,easy,catch_up
observed_gain,1000,0.7123522892269627,0.7974087735741999,0.363,0.866,35,20261045,10,easy,catch_up
post_score,1000,0.13710342752418003,0.09235536533995359,0.363,0.866,35,20261045,10,easy,catch_up
baseline,1000,-0.729593914721458,-0.8192219809525021,0.352,0.86,35,20261045,15,easy,catch_up
observed_gain,1000,0.735690464704876,0.8081597701465616,0.352,0.86,35,20261045,15,easy,catch_up
post_score,1000,0.12956824956629204,0.0831797966555542,0.352,0.86,35,20261045,15,easy,catch_up
baseline,1000,-0.7517358355802317,-0.8532163560714102,0.202,0.57,35,20261045,30,easy,catch_up
observed_gain,1000,0.7715208422147425,0.855706400845351,0.202,0.57,35,20261045,30,easy,catch_up
post_score,1000,0.24784763027190312,0.16864423306998147,0.202,0.57,35,20261045,30,easy,catch_up
baseline,1000,-0.6285623401680243,-0.755692154737242,0.282,0.746,35,20261045,5,broad,catch_up
observed_gain,1000,0.6554469709098285,0.7574223302084369,0.282,0.746,35,20261045,5,broad,catch_up
post_score,1000,0.16709413485221628,0.09888494583294619,0.282,0.746,35,20261045,5,broad,catch_up
baseline,1000,-0.6652367209606252,-0.7888113490730374,0.159,0.49,35,20261045,10,broad,catch_up
observed_gain,1000,0.719288748637162,0.7981783882911371,0.159,0.49,35,20261045,10,broad,catch_up
post_score,1000,0.24019751522887736,0.13028523810197576,0.159,0.49,35,20261045,10,broad,catch_up
baseline,1000,-0.7046490902172285,-0.8196178414805744,0.152,0.468,35,20261045,15,broad,catch_up
observed_gain,1000,0.7505703472175109,0.827673313348988,0.152,0.468,35,20261045,15,broad,catch_up
post_score,1000,0.25173210436310645,0.1374193459145701,0.152,0.468,35,20261045,15,broad,catch_up
baseline,1000,-0.703820302112997,-0.84072588036443,0.031,0.107,35,20261045,30,broad,catch_up
observed_gain,1000,0.8073013913467713,0.8755249789561953,0.031,0.107,35,20261045,30,broad,catch_up
post_score,1000,0.3829422688715911,0.19378235288226986,0.031,0.107,35,20261045,30,broad,catch_up
baseline,1000,0.4612270335215175,0.7402157471215584,0.509,0.627,36,20261046,5,easy,proportional
observed_gain,1000,-0.12543284554418524,-0.16185817816907105,0.509,0.627,36,20261046,5,easy,proportional
post_score,1000,0.4193681640058836,0.7432975609378121,0.509,0.627,36,20261046,5,easy,proportional
baseline,1000,0.5386836299145134,0.8237127698131885,0.333,0.49,36,20261046,10,easy,proportional
observed_gain,1000,-0.1760721343560002,-0.20436303477566883,0.333,0.49,36,20261046,10,easy,proportional
post_score,1000,0.4819150620224493,0.8216171527872906,0.333,0.49,36,20261046,10,easy,proportional
baseline,1000,0.5369574080654903,0.84373071690566,0.308,0.464,36,20261046,15,easy,proportional
observed_gain,1000,-0.22600654659052333,-0.25947630156970813,0.308,0.464,36,20261046,15,easy,proportional
post_score,1000,0.4807428882291992,0.8419642230410359,0.308,0.464,36,20261046,15,easy,proportional
baseline,1000,0.5800713237171178,0.8714356062876,0.201,0.317,36,20261046,30,easy,proportional
observed_gain,1000,-0.24045023273987268,-0.23546809282834183,0.201,0.317,36,20261046,30,easy,proportional
post_score,1000,0.5223243708805109,0.9025012367878974,0.201,0.317,36,20261046,30,easy,proportional
baseline,1000,0.5072626874222776,0.7231160533770168,0.299,0.418,36,20261046,5,broad,proportional
observed_gain,1000,-0.04415817850424963,-0.061451927684624305,0.299,0.418,36,20261046,5,broad,proportional
post_score,1000,0.5071357887152286,0.7702239668989478,0.299,0.418,36,20261046,5,broad,proportional
baseline,1000,0.6104909792884504,0.8067336233984146,0.121,0.234,36,20261046,10,broad,proportional
observed_gain,1000,-0.024606080759050564,0.010746007021284178,0.121,0.234,36,20261046,10,broad,proportional
post_score,1000,0.6009193351658134,0.8641276118830863,0.121,0.234,36,20261046,10,broad,proportional
baseline,1000,0.6244566540418892,0.8476962111431329,0.108,0.217,36,20261046,15,broad,proportional
observed_gain,1000,-0.09400054715294434,-0.05679858112006214,0.108,0.217,36,20261046,15,broad,proportional
post_score,1000,0.5994745424654744,0.8939196255481453,0.108,0.217,36,20261046,15,broad,proportional
baseline,1000,0.6798742935433567,0.8735686884521507,0.036,0.093,36,20261046,30,broad,proportional
observed_gain,1000,-0.028993954638425037,0.0853120753722921,0.036,0.093,36,20261046,30,broad,proportional
post_score,1000,0.6589819640296798,0.926979090350616,0.036,0.093,36,20261046,30,broad,proportional
baseline,1000,0.009659345722984748,0.022657659837966828,0.509,0.764,36,20261046,5,easy,additive
observed_gain,1000,0.08491943328469627,0.06677896245520085,0.509,0.764,36,20261046,5,easy,additive
post_score,1000,0.2125269853691441,0.22044936750910518,0.509,0.764,36,20261046,5,easy,additive
baseline,1000,-0.012508577626574854,0.015266475249845386,0.333,0.589,36,20261046,10,easy,additive
observed_gain,1000,0.1611422456611818,0.10233568470508023,0.333,0.589,36,20261046,10,easy,additive
post_score,1000,0.26470144810887697,0.2528884259448837,0.333,0.589,36,20261046,10,easy,additive
baseline,1000,-0.018187609505043077,0.013189973040683214,0.308,0.55,36,20261046,15,easy,additive
observed_gain,1000,0.1559197909472312,0.09827522807594574,0.308,0.55,36,20261046,15,easy,additive
post_score,1000,0.2813632662887619,0.28087948873029583,0.308,0.55,36,20261046,15,easy,additive
baseline,1000,-0.01221564472972162,0.01265259824901176,0.201,0.336,36,20261046,30,easy,additive
observed_gain,1000,0.20430372612083333,0.1457487954282945,0.201,0.336,36,20261046,30,easy,additive
post_score,1000,0.324834036265641,0.317400526596682,0.201,0.336,36,20261046,30,easy,additive
baseline,1000,-5.655642387835869e-4,0.030444929538270677,0.299,0.468,36,20261046,5,broad,additive
observed_gain,1000,0.15074784990602086,0.10716434227503109,0.299,0.468,36,20261046,5,broad,additive
post_score,1000,0.22446677586270058,0.20954952885674016,0.299,0.468,36,20261046,5,broad,additive
baseline,1000,-0.019151113537368085,0.009277538777013676,0.121,0.227,36,20261046,10,broad,additive
observed_gain,1000,0.28139247754748264,0.22596615362938377,0.121,0.227,36,20261046,10,broad,additive
post_score,1000,0.2999489305530745,0.2784279350668602,0.121,0.227,36,20261046,10,broad,additive
baseline,1000,-0.01833301335332545,0.009117825064731475,0.108,0.206,36,20261046,15,broad,additive
observed_gain,1000,0.294216885606912,0.24286369857054632,0.108,0.206,36,20261046,15,broad,additive
post_score,1000,0.3325397085575699,0.3137324789053567,0.108,0.206,36,20261046,15,broad,additive
baseline,1000,-0.009394896645958457,0.01492488140788567,0.036,0.059,36,20261046,30,broad,additive
observed_gain,1000,0.3682476014214936,0.3193607039385861,0.036,0.059,36,20261046,30,broad,additive
post_score,1000,0.34589952812710695,0.3373873552939313,0.036,0.059,36,20261046,30,broad,additive
baseline,1000,-0.5552090575245856,-0.6916794675632115,0.509,0.943,36,20261046,5,easy,catch_up
observed_gain,1000,0.5586100619702002,0.6806713791990595,0.509,0.943,36,20261046,5,easy,catch_up
post_score,1000,0.08601220485089248,0.050977919895531534,0.509,0.943,36,20261046,5,easy,catch_up
baseline,1000,-0.6395440833412848,-0.7914312340822541,0.333,0.84,36,20261046,10,easy,catch_up
observed_gain,1000,0.6536216419570384,0.7841336242645207,0.333,0.84,36,20261046,10,easy,catch_up
post_score,1000,0.1282860739152782,0.06856931121161837,0.333,0.84,36,20261046,10,easy,catch_up
baseline,1000,-0.6614135149026878,-0.8125495508879683,0.308,0.815,36,20261046,15,easy,catch_up
observed_gain,1000,0.6722869073648045,0.8060651735214047,0.308,0.815,36,20261046,15,easy,catch_up
post_score,1000,0.14198129195473502,0.08593951044230273,0.308,0.815,36,20261046,15,easy,catch_up
baseline,1000,-0.6771987264616613,-0.8409887170058724,0.201,0.59,36,20261046,30,easy,catch_up
observed_gain,1000,0.6976227705404361,0.8453965288568454,0.201,0.59,36,20261046,30,easy,catch_up
post_score,1000,0.22259263925874267,0.1541034832477276,0.201,0.59,36,20261046,30,easy,catch_up
baseline,1000,-0.5515157319647641,-0.6731731093461187,0.299,0.673,36,20261046,5,broad,catch_up
observed_gain,1000,0.5741063170475442,0.6472710548937217,0.299,0.673,36,20261046,5,broad,catch_up
post_score,1000,0.17203064032174387,0.08428982850026948,0.299,0.673,36,20261046,5,broad,catch_up
baseline,1000,-0.611016015642031,-0.7813561046827238,0.121,0.387,36,20261046,10,broad,catch_up
observed_gain,1000,0.6694444257484594,0.7838677653436866,0.121,0.387,36,20261046,10,broad,catch_up
post_score,1000,0.2683300507942137,0.16135128650356215,0.121,0.387,36,20261046,10,broad,catch_up
baseline,1000,-0.6477207718885775,-0.8223500054603349,0.108,0.354,36,20261046,15,broad,catch_up
observed_gain,1000,0.6985324229788678,0.8284136567122594,0.108,0.354,36,20261046,15,broad,catch_up
post_score,1000,0.2852272727450341,0.1834532534842644,0.108,0.354,36,20261046,15,broad,catch_up
baseline,1000,-0.6475693838017285,-0.8435667540909727,0.036,0.096,36,20261046,30,broad,catch_up
observed_gain,1000,0.7387078165936531,0.8759579362106662,0.036,0.096,36,20261046,30,broad,catch_up
post_score,1000,0.3639821140528998,0.22485815812012006,0.036,0.096,36,20261046,30,broad,catch_up
baseline,1000,0.5390233472611126,0.7553393296235947,0.374,0.504,37,20261047,5,easy,proportional
observed_gain,1000,-0.04841270040278122,-0.00822665019287904,0.374,0.504,37,20261047,5,easy,proportional
post_score,1000,0.5174993077503712,0.8137125082147126,0.374,0.504,37,20261047,5,easy,proportional
baseline,1000,0.5630375526082007,0.8180107786882302,0.325,0.455,37,20261047,10,easy,proportional
observed_gain,1000,-0.11489276886867048,-0.09169443238829283,0.325,0.455,37,20261047,10,easy,proportional
post_score,1000,0.5227652162403776,0.8555059644976005,0.325,0.455,37,20261047,10,easy,proportional
baseline,1000,0.5632581295207688,0.8379595390656567,0.295,0.439,37,20261047,15,easy,proportional
observed_gain,1000,-0.15095500907033368,-0.12984293580570536,0.295,0.439,37,20261047,15,easy,proportional
post_score,1000,0.5163800685428912,0.8696767697552412,0.295,0.439,37,20261047,15,easy,proportional
baseline,1000,0.5554159485531169,0.8609146255872937,0.245,0.387,37,20261047,30,easy,proportional
observed_gain,1000,-0.23687019639770338,-0.23287559755772475,0.245,0.387,37,20261047,30,easy,proportional
post_score,1000,0.5006812834106492,0.8942817891474887,0.245,0.387,37,20261047,30,easy,proportional
baseline,1000,0.5739813939880494,0.6835185439398072,0.167,0.267,37,20261047,5,broad,proportional
observed_gain,1000,0.08886458113680433,0.14903136924678936,0.167,0.267,37,20261047,5,broad,proportional
post_score,1000,0.620604935673627,0.8085556047058513,0.167,0.267,37,20261047,5,broad,proportional
baseline,1000,0.6243680684994367,0.7967761984249657,0.134,0.239,37,20261047,10,broad,proportional
observed_gain,1000,0.027032958383001442,0.10327571839616576,0.134,0.239,37,20261047,10,broad,proportional
post_score,1000,0.6302068976470647,0.8749550762757408,0.134,0.239,37,20261047,10,broad,proportional
baseline,1000,0.6400483677206904,0.8353111366499362,0.122,0.22,37,20261047,15,broad,proportional
observed_gain,1000,-0.0077532251717913284,0.06933586991985197,0.122,0.22,37,20261047,15,broad,proportional
post_score,1000,0.628505261355681,0.895963179889481,0.122,0.22,37,20261047,15,broad,proportional
baseline,1000,0.6381832002187596,0.8713732326704883,0.088,0.17,37,20261047,30,broad,proportional
observed_gain,1000,-0.09008265070603422,-0.013155302386282038,0.088,0.17,37,20261047,30,broad,proportional
post_score,1000,0.6116309249030581,0.9217879771341609,0.088,0.17,37,20261047,30,broad,proportional
baseline,1000,-0.02973575822335692,-0.03168811422655146,0.374,0.651,37,20261047,5,easy,additive
observed_gain,1000,0.22903473408080835,0.21522408737450965,0.374,0.651,37,20261047,5,easy,additive
post_score,1000,0.29495236839679667,0.29737503900289314,0.374,0.651,37,20261047,5,easy,additive
baseline,1000,-0.0374418659101339,-0.03823204307068664,0.325,0.585,37,20261047,10,easy,additive
observed_gain,1000,0.21914515400832482,0.19727390709819134,0.325,0.585,37,20261047,10,easy,additive
post_score,1000,0.31674399692917365,0.3136677662784029,0.325,0.585,37,20261047,10,easy,additive
baseline,1000,-0.03938140580565128,-0.0410614888970283,0.295,0.556,37,20261047,15,easy,additive
observed_gain,1000,0.2177220650129389,0.20218069964090396,0.295,0.556,37,20261047,15,easy,additive
post_score,1000,0.33144275817945307,0.328923802654122,0.295,0.556,37,20261047,15,easy,additive
baseline,1000,-0.0482597863715762,-0.04108437502827102,0.245,0.458,37,20261047,30,easy,additive
observed_gain,1000,0.20568075151738782,0.17707935517639647,0.245,0.458,37,20261047,30,easy,additive
post_score,1000,0.35135407354078374,0.34616277890074404,0.245,0.458,37,20261047,30,easy,additive
baseline,1000,-0.034741431577873606,-0.02772697563402978,0.167,0.299,37,20261047,5,broad,additive
observed_gain,1000,0.29821613347459863,0.2583044020876,0.167,0.299,37,20261047,5,broad,additive
post_score,1000,0.2849327609963743,0.26772977658285807,0.167,0.299,37,20261047,5,broad,additive
baseline,1000,-0.04100522164679397,-0.03424482013841913,0.134,0.248,37,20261047,10,broad,additive
observed_gain,1000,0.33621423408004997,0.306576099529508,0.134,0.248,37,20261047,10,broad,additive
post_score,1000,0.3201428326298668,0.2942467662646729,0.134,0.248,37,20261047,10,broad,additive
baseline,1000,-0.03924969663177333,-0.0370779533439924,0.122,0.222,37,20261047,15,broad,additive
observed_gain,1000,0.3543094986391775,0.3257956201785732,0.122,0.222,37,20261047,15,broad,additive
post_score,1000,0.3459961631272264,0.31737670790148426,0.122,0.222,37,20261047,15,broad,additive
baseline,1000,-0.042117148028902644,-0.036725031695944724,0.088,0.156,37,20261047,30,broad,additive
observed_gain,1000,0.33208912942654983,0.3002827908226401,0.088,0.156,37,20261047,30,broad,additive
post_score,1000,0.3621672830355516,0.32729021345161136,0.088,0.156,37,20261047,30,broad,additive
baseline,1000,-0.593752202827832,-0.7404939880407855,0.374,0.886,37,20261047,5,easy,catch_up
observed_gain,1000,0.606119467944588,0.7373729818564048,0.374,0.886,37,20261047,5,easy,catch_up
post_score,1000,0.13765286925037631,0.10815413248946075,0.374,0.886,37,20261047,5,easy,catch_up
baseline,1000,-0.6652816615740059,-0.797946458120149,0.325,0.849,37,20261047,10,easy,catch_up
observed_gain,1000,0.6797152089989421,0.7927297629958698,0.325,0.849,37,20261047,10,easy,catch_up
post_score,1000,0.148885446269527,0.11297025774775779,0.325,0.849,37,20261047,10,easy,catch_up
baseline,1000,-0.6843620499051666,-0.8159075605240065,0.295,0.82,37,20261047,15,easy,catch_up
observed_gain,1000,0.697344095615367,0.8075265694277076,0.295,0.82,37,20261047,15,easy,catch_up
post_score,1000,0.1571868509533097,0.10980876661336493,0.295,0.82,37,20261047,15,easy,catch_up
baseline,1000,-0.7058109969809859,-0.8337882971097684,0.245,0.752,37,20261047,30,easy,catch_up
observed_gain,1000,0.7179409574389088,0.8284083045534956,0.245,0.752,37,20261047,30,easy,catch_up
post_score,1000,0.18382005135240437,0.1405467094573708,0.245,0.752,37,20261047,30,easy,catch_up
baseline,1000,-0.5088059236152545,-0.6721840308464067,0.167,0.537,37,20261047,5,broad,catch_up
observed_gain,1000,0.593555248251752,0.7088957845957451,0.167,0.537,37,20261047,5,broad,catch_up
post_score,1000,0.2877378949862611,0.22644862415650682,0.167,0.537,37,20261047,5,broad,catch_up
baseline,1000,-0.6215886825764841,-0.7794308724581019,0.134,0.467,37,20261047,10,broad,catch_up
observed_gain,1000,0.6920748673816544,0.804588439713486,0.134,0.467,37,20261047,10,broad,catch_up
post_score,1000,0.2988713754901176,0.23032265072898878,0.134,0.467,37,20261047,10,broad,catch_up
baseline,1000,-0.6527921735827459,-0.8111077981488936,0.122,0.424,37,20261047,15,broad,catch_up
observed_gain,1000,0.7184425718877337,0.8379435955860853,0.122,0.424,37,20261047,15,broad,catch_up
post_score,1000,0.3081575242344665,0.24199379801393633,0.122,0.424,37,20261047,15,broad,catch_up
baseline,1000,-0.6929132626729739,-0.8390385742975336,0.088,0.307,37,20261047,30,broad,catch_up
observed_gain,1000,0.752447926709171,0.8678204034368706,0.088,0.307,37,20261047,30,broad,catch_up
post_score,1000,0.35350513085567364,0.2689400119008229,0.088,0.307,37,20261047,30,broad,catch_up
baseline,1000,0.4947967505772215,0.7740720379557232,0.461,0.581,38,20261048,5,easy,proportional
observed_gain,1000,-0.13423053392489995,-0.1858594218229866,0.461,0.581,38,20261048,5,easy,proportional
post_score,1000,0.4427737411126462,0.7711656649122953,0.461,0.581,38,20261048,5,easy,proportional
baseline,1000,0.5529404711919226,0.8345865673347367,0.323,0.452,38,20261048,10,easy,proportional
observed_gain,1000,-0.1683347347491034,-0.17288593204172034,0.323,0.452,38,20261048,10,easy,proportional
post_score,1000,0.5033589302743973,0.8600704175990086,0.323,0.452,38,20261048,10,easy,proportional
baseline,1000,0.5623847083937508,0.8516465365983432,0.285,0.415,38,20261048,15,easy,proportional
observed_gain,1000,-0.17814174229167398,-0.18826170439378118,0.285,0.415,38,20261048,15,easy,proportional
post_score,1000,0.5082553696630018,0.8813220406672028,0.285,0.415,38,20261048,15,easy,proportional
baseline,1000,0.5772789896418455,0.8737075788187874,0.197,0.331,38,20261048,30,easy,proportional
observed_gain,1000,-0.24218416112964378,-0.24286295025369706,0.197,0.331,38,20261048,30,easy,proportional
post_score,1000,0.5251571444484806,0.9088411585977028,0.197,0.331,38,20261048,30,easy,proportional
baseline,1000,0.5396359116393831,0.7576397322978418,0.227,0.327,38,20261048,5,broad,proportional
observed_gain,1000,-0.04252191290463506,-0.06129261216953241,0.227,0.327,38,20261048,5,broad,proportional
post_score,1000,0.5326376776360822,0.7874343979305436,0.227,0.327,38,20261048,5,broad,proportional
baseline,1000,0.6166838100738539,0.8212434072694058,0.087,0.175,38,20261048,10,broad,proportional
observed_gain,1000,-0.04588224417984517,-0.009285190882042677,0.087,0.175,38,20261048,10,broad,proportional
post_score,1000,0.6032484010252133,0.8684664505098934,0.087,0.175,38,20261048,10,broad,proportional
baseline,1000,0.6305701310550751,0.8437905999004026,0.059,0.147,38,20261048,15,broad,proportional
observed_gain,1000,-0.026296646300937514,0.038035747091810616,0.059,0.147,38,20261048,15,broad,proportional
post_score,1000,0.616980972119448,0.8932153734972997,0.059,0.147,38,20261048,15,broad,proportional
baseline,1000,0.6534238068397127,0.8703239167625365,0.026,0.095,38,20261048,30,broad,proportional
observed_gain,1000,-0.012914951090005936,0.059444752148727506,0.026,0.095,38,20261048,30,broad,proportional
post_score,1000,0.6477322954394872,0.9235667409658277,0.026,0.095,38,20261048,30,broad,proportional
baseline,1000,-0.01604903039655001,3.146980743242055e-5,0.461,0.73,38,20261048,5,easy,additive
observed_gain,1000,0.14714307216973824,0.12357037728256319,0.461,0.73,38,20261048,5,easy,additive
post_score,1000,0.2633624566495485,0.2694973122513568,0.461,0.73,38,20261048,5,easy,additive
baseline,1000,-0.021231759189301095,-0.0073536124427531786,0.323,0.549,38,20261048,10,easy,additive
observed_gain,1000,0.18675085322621862,0.15254505903564577,0.323,0.549,38,20261048,10,easy,additive
post_score,1000,0.3147840351090044,0.30377169474414356,0.323,0.549,38,20261048,10,easy,additive
baseline,1000,-0.019110411681471477,-0.005156411443122539,0.285,0.495,38,20261048,15,easy,additive
observed_gain,1000,0.1962537851784231,0.16170017973098205,0.285,0.495,38,20261048,15,easy,additive
post_score,1000,0.3284643628526897,0.3191305105382784,0.285,0.495,38,20261048,15,easy,additive
baseline,1000,-0.0237230242452234,-0.013206458437170445,0.197,0.354,38,20261048,30,easy,additive
observed_gain,1000,0.22027438041250202,0.17684655259399137,0.197,0.354,38,20261048,30,easy,additive
post_score,1000,0.344916584826164,0.31724728168896094,0.197,0.354,38,20261048,30,easy,additive
baseline,1000,-0.001261470024252517,0.026712365396431226,0.227,0.372,38,20261048,5,broad,additive
observed_gain,1000,0.17318414930147574,0.13557369563825827,0.227,0.372,38,20261048,5,broad,additive
post_score,1000,0.2718205377972131,0.25920782951147564,0.227,0.372,38,20261048,5,broad,additive
baseline,1000,-0.006213558175507033,0.013094631089810623,0.087,0.151,38,20261048,10,broad,additive
observed_gain,1000,0.24930677366340506,0.20530405348034955,0.087,0.151,38,20261048,10,broad,additive
post_score,1000,0.3094189128058071,0.2826025138447249,0.087,0.151,38,20261048,10,broad,additive
baseline,1000,-0.008434952228869216,0.005892400742148517,0.059,0.117,38,20261048,15,broad,additive
observed_gain,1000,0.26389261625914456,0.22457592526072592,0.059,0.117,38,20261048,15,broad,additive
post_score,1000,0.3099826385311655,0.28464242194309475,0.059,0.117,38,20261048,15,broad,additive
baseline,1000,-0.022933963166157527,-0.012417879616233958,0.026,0.064,38,20261048,30,broad,additive
observed_gain,1000,0.33119130860103374,0.29442971597380474,0.026,0.064,38,20261048,30,broad,additive
post_score,1000,0.32432472800062595,0.30153127812426017,0.026,0.064,38,20261048,30,broad,additive
baseline,1000,-0.6620605775725421,-0.7331291487800677,0.461,0.911,38,20261048,5,easy,catch_up
observed_gain,1000,0.6655492695746578,0.71775117731636,0.461,0.911,38,20261048,5,easy,catch_up
post_score,1000,0.12820146275488856,0.07998008074637292,0.461,0.911,38,20261048,5,easy,catch_up
baseline,1000,-0.7136835902845017,-0.8070439338157469,0.323,0.803,38,20261048,10,easy,catch_up
observed_gain,1000,0.7269587380789729,0.7965910081548452,0.323,0.803,38,20261048,10,easy,catch_up
post_score,1000,0.1825827233932251,0.11552991381602948,0.323,0.803,38,20261048,10,easy,catch_up
baseline,1000,-0.7204060061177319,-0.8214354317391713,0.285,0.751,38,20261048,15,easy,catch_up
observed_gain,1000,0.7369619045010903,0.8161391738109511,0.285,0.751,38,20261048,15,easy,catch_up
post_score,1000,0.20351760240886838,0.1260953595431796,0.285,0.751,38,20261048,15,easy,catch_up
baseline,1000,-0.7391242324410975,-0.8502669287217615,0.197,0.611,38,20261048,30,easy,catch_up
observed_gain,1000,0.7606075870422443,0.8527715288629059,0.197,0.611,38,20261048,30,easy,catch_up
post_score,1000,0.25980350009225694,0.18742285879840656,0.197,0.611,38,20261048,30,easy,catch_up
baseline,1000,-0.6298855587216412,-0.703573693477557,0.227,0.533,38,20261048,5,broad,catch_up
observed_gain,1000,0.6631548810092218,0.6803762899377505,0.227,0.533,38,20261048,5,broad,catch_up
post_score,1000,0.2217448031590766,0.10339438053809068,0.227,0.533,38,20261048,5,broad,catch_up
baseline,1000,-0.6655498446291446,-0.784944917289299,0.087,0.267,38,20261048,10,broad,catch_up
observed_gain,1000,0.7326382343035923,0.7841503211285747,0.087,0.267,38,20261048,10,broad,catch_up
post_score,1000,0.3083147219729821,0.15205901357559395,0.087,0.267,38,20261048,10,broad,catch_up
baseline,1000,-0.6829108106761442,-0.8095901170257339,0.059,0.208,38,20261048,15,broad,catch_up
observed_gain,1000,0.7593492575942051,0.8099334423339075,0.059,0.208,38,20261048,15,broad,catch_up
post_score,1000,0.32385428012235207,0.1582204496960891,0.059,0.208,38,20261048,15,broad,catch_up
baseline,1000,-0.712543970673409,-0.8477547409165258,0.026,0.115,38,20261048,30,broad,catch_up
observed_gain,1000,0.8059906987065026,0.8642424509260559,0.026,0.115,38,20261048,30,broad,catch_up
post_score,1000,0.3934970753219785,0.20922088294656177,0.026,0.115,38,20261048,30,broad,catch_up
baseline,1000,0.44508148068951603,0.6950182961386839,0.504,0.627,39,20261049,5,easy,proportional
observed_gain,1000,-0.13110002947788915,-0.16330585984138182,0.504,0.627,39,20261049,5,easy,proportional
post_score,1000,0.4091491291859737,0.6999927847843864,0.504,0.627,39,20261049,5,easy,proportional
baseline,1000,0.46834420258348847,0.7685525917872821,0.403,0.541,39,20261049,10,easy,proportional
observed_gain,1000,-0.19118951472698817,-0.23247883472307307,0.403,0.541,39,20261049,10,easy,proportional
post_score,1000,0.4231897676927746,0.7777392772651607,0.403,0.541,39,20261049,10,easy,proportional
baseline,1000,0.5071248551228685,0.8191118531657106,0.332,0.479,39,20261049,15,easy,proportional
observed_gain,1000,-0.20089497334840303,-0.24055174902261284,0.332,0.479,39,20261049,15,easy,proportional
post_score,1000,0.45831755039934097,0.8339068019929965,0.332,0.479,39,20261049,15,easy,proportional
baseline,1000,0.5579112685447721,0.8591410158553554,0.209,0.367,39,20261049,30,easy,proportional
observed_gain,1000,-0.22698612806359514,-0.2326412176661848,0.209,0.367,39,20261049,30,easy,proportional
post_score,1000,0.4998154199907886,0.8846013967668023,0.209,0.367,39,20261049,30,easy,proportional
baseline,1000,0.46443770331109946,0.6706115639548073,0.284,0.36,39,20261049,5,broad,proportional
observed_gain,1000,-0.05122426455830742,-0.09916797143627508,0.284,0.36,39,20261049,5,broad,proportional
post_score,1000,0.4747860733924665,0.6895617390218672,0.284,0.36,39,20261049,5,broad,proportional
baseline,1000,0.5100123505214872,0.758158870563287,0.175,0.257,39,20261049,10,broad,proportional
observed_gain,1000,-0.10393026835784394,-0.1522012996133815,0.175,0.257,39,20261049,10,broad,proportional
post_score,1000,0.5061033434920054,0.7922973852236802,0.175,0.257,39,20261049,10,broad,proportional
baseline,1000,0.5719153114464437,0.8178708009376312,0.119,0.192,39,20261049,15,broad,proportional
observed_gain,1000,-0.08605407623728172,-0.07874626869251732,0.119,0.192,39,20261049,15,broad,proportional
post_score,1000,0.5602125202927978,0.8736535360405521,0.119,0.192,39,20261049,15,broad,proportional
baseline,1000,0.6403563667156595,0.854986262931281,0.046,0.107,39,20261049,30,broad,proportional
observed_gain,1000,-0.034078626115443406,0.03805320789441321,0.046,0.107,39,20261049,30,broad,proportional
post_score,1000,0.6257449863728617,0.9194597394461884,0.046,0.107,39,20261049,30,broad,proportional
baseline,1000,-0.08924879910163439,-0.05494961911087203,0.504,0.762,39,20261049,5,easy,additive
observed_gain,1000,0.18782256853095955,0.15440554728822478,0.504,0.762,39,20261049,5,easy,additive
post_score,1000,0.21548472177065747,0.21837999355797647,0.504,0.762,39,20261049,5,easy,additive
baseline,1000,-0.07126306039922192,-0.04988673251075743,0.403,0.671,39,20261049,10,easy,additive
observed_gain,1000,0.17041383200454424,0.15911516278161275,0.403,0.671,39,20261049,10,easy,additive
post_score,1000,0.2559553605654239,0.2614376327313444,0.403,0.671,39,20261049,10,easy,additive
baseline,1000,-0.06893348354519153,-0.047951555477772634,0.332,0.587,39,20261049,15,easy,additive
observed_gain,1000,0.19948569824091777,0.17049665228629535,0.332,0.587,39,20261049,15,easy,additive
post_score,1000,0.2918493539287142,0.282147889766478,0.332,0.587,39,20261049,15,easy,additive
baseline,1000,-0.07796835079312157,-0.054814696125127634,0.209,0.417,39,20261049,30,easy,additive
observed_gain,1000,0.2566874805335908,0.1983246402401878,0.209,0.417,39,20261049,30,easy,additive
post_score,1000,0.3336216019697844,0.3057782780891189,0.209,0.417,39,20261049,30,easy,additive
baseline,1000,-0.07393326860115232,-0.02778484939381547,0.284,0.394,39,20261049,5,broad,additive
observed_gain,1000,0.15617286064006672,0.12254610767021931,0.284,0.394,39,20261049,5,broad,additive
post_score,1000,0.16061203066591684,0.15830512934999363,0.284,0.394,39,20261049,5,broad,additive
baseline,1000,-0.07089323443146986,-0.03917789979530641,0.175,0.264,39,20261049,10,broad,additive
observed_gain,1000,0.17502347178135275,0.1443137694276002,0.175,0.264,39,20261049,10,broad,additive
post_score,1000,0.22045430765212307,0.21632235469907973,0.175,0.264,39,20261049,10,broad,additive
baseline,1000,-0.07023027033372155,-0.03805303175006769,0.119,0.175,39,20261049,15,broad,additive
observed_gain,1000,0.23675044427095282,0.21019518774412957,0.119,0.175,39,20261049,15,broad,additive
post_score,1000,0.2689001407312104,0.26240796659476634,0.119,0.175,39,20261049,15,broad,additive
baseline,1000,-0.08715023399307906,-0.06153503473025121,0.046,0.08,39,20261049,30,broad,additive
observed_gain,1000,0.368091229133035,0.3162635211784967,0.046,0.08,39,20261049,30,broad,additive
post_score,1000,0.3162388732800918,0.2952148714219036,0.046,0.08,39,20261049,30,broad,additive
baseline,1000,-0.6476231004728042,-0.6806562062541717,0.504,0.916,39,20261049,5,easy,catch_up
observed_gain,1000,0.6491993088593911,0.6655382694490362,0.504,0.916,39,20261049,5,easy,catch_up
post_score,1000,0.11954025995871806,0.08167350781951904,0.504,0.916,39,20261049,5,easy,catch_up
baseline,1000,-0.6606496872755985,-0.7458265072244119,0.403,0.862,39,20261049,10,easy,catch_up
observed_gain,1000,0.6712612653089449,0.7280346594051296,0.403,0.862,39,20261049,10,easy,catch_up
post_score,1000,0.14151861199058166,0.07770433240301473,0.403,0.862,39,20261049,10,easy,catch_up
baseline,1000,-0.6845815122569652,-0.798444066530069,0.332,0.813,39,20261049,15,easy,catch_up
observed_gain,1000,0.6964145214644152,0.7844354463682593,0.332,0.813,39,20261049,15,easy,catch_up
post_score,1000,0.15084787527139018,0.07839185543283933,0.332,0.813,39,20261049,15,easy,catch_up
baseline,1000,-0.7245610315723481,-0.8469337588125507,0.209,0.647,39,20261049,30,easy,catch_up
observed_gain,1000,0.74606101252898,0.8462417031215682,0.209,0.647,39,20261049,30,easy,catch_up
post_score,1000,0.21121271790085325,0.11625601907402772,0.209,0.647,39,20261049,30,easy,catch_up
baseline,1000,-0.6200608481324653,-0.6348908847818452,0.284,0.517,39,20261049,5,broad,catch_up
observed_gain,1000,0.6582983129516505,0.6107361553616272,0.284,0.517,39,20261049,5,broad,catch_up
post_score,1000,0.23935854051540542,0.1157143877525919,0.284,0.517,39,20261049,5,broad,catch_up
baseline,1000,-0.6631749410920323,-0.7303308829501658,0.175,0.402,39,20261049,10,broad,catch_up
observed_gain,1000,0.7052612085895793,0.7053392790327762,0.175,0.402,39,20261049,10,broad,catch_up
post_score,1000,0.2910642606255699,0.16305395287598734,0.175,0.402,39,20261049,10,broad,catch_up
baseline,1000,-0.6787664620895967,-0.7919826663235415,0.119,0.313,39,20261049,15,broad,catch_up
observed_gain,1000,0.7314427693028852,0.7754264398258844,0.119,0.313,39,20261049,15,broad,catch_up
post_score,1000,0.31097194865305006,0.16656208681479873,0.119,0.313,39,20261049,15,broad,catch_up
baseline,1000,-0.7081879815561827,-0.8520068407794024,0.046,0.161,39,20261049,30,broad,catch_up
observed_gain,1000,0.7868759361160405,0.8598851440289231,0.046,0.161,39,20261049,30,broad,catch_up
post_score,1000,0.37115049403501066,0.19377694011050056,0.046,0.161,39,20261049,30,broad,catch_up
baseline,1000,0.5373280210824544,0.7819548719038046,0.329,0.457,40,20261050,5,easy,proportional
observed_gain,1000,-0.06102774372938804,-0.04384146300730761,0.329,0.457,40,20261050,5,easy,proportional
post_score,1000,0.5115292340580032,0.8239951802664375,0.329,0.457,40,20261050,5,easy,proportional
baseline,1000,0.5571274058350216,0.839365981164648,0.279,0.403,40,20261050,10,easy,proportional
observed_gain,1000,-0.13205517923984755,-0.1334532579318176,0.279,0.403,40,20261050,10,easy,proportional
post_score,1000,0.5174578155226033,0.8690877095278361,0.279,0.403,40,20261050,10,easy,proportional
baseline,1000,0.5571627718047055,0.8593326236412675,0.247,0.389,40,20261050,15,easy,proportional
observed_gain,1000,-0.15774481260849382,-0.16327854575939427,0.247,0.389,40,20261050,15,easy,proportional
post_score,1000,0.5116097641018021,0.8844398607084143,0.247,0.389,40,20261050,15,easy,proportional
baseline,1000,0.5633975625103803,0.8786375108187549,0.2,0.311,40,20261050,30,easy,proportional
observed_gain,1000,-0.2329934812360543,-0.2608485866105201,0.2,0.311,40,20261050,30,easy,proportional
post_score,1000,0.5095979667856003,0.9082787591080996,0.2,0.311,40,20261050,30,easy,proportional
baseline,1000,0.5465710565299479,0.6713288532037829,0.098,0.192,40,20261050,5,broad,proportional
observed_gain,1000,0.09379304978723133,0.15050175360908657,0.098,0.192,40,20261050,5,broad,proportional
post_score,1000,0.5928920540212876,0.7803289570832093,0.098,0.192,40,20261050,5,broad,proportional
baseline,1000,0.6077049922581981,0.7972258504144558,0.068,0.154,40,20261050,10,broad,proportional
observed_gain,1000,0.042306052071744545,0.11989719453145055,0.068,0.154,40,20261050,10,broad,proportional
post_score,1000,0.6282290958790487,0.8763137595604827,0.068,0.154,40,20261050,10,broad,proportional
baseline,1000,0.6239543087601711,0.8339112282632717,0.057,0.14,40,20261050,15,broad,proportional
observed_gain,1000,0.013715879315694013,0.09018143449643355,0.057,0.14,40,20261050,15,broad,proportional
post_score,1000,0.624984039731685,0.902401401089401,0.057,0.14,40,20261050,15,broad,proportional
baseline,1000,0.6470019811913358,0.8713835308409669,0.044,0.102,40,20261050,30,broad,proportional
observed_gain,1000,-0.03436901876243876,0.07295194566097692,0.044,0.102,40,20261050,30,broad,proportional
post_score,1000,0.6356064946184988,0.9308334031882459,0.044,0.102,40,20261050,30,broad,proportional
baseline,1000,-0.06489997064235822,-0.06545352578407508,0.329,0.561,40,20261050,5,easy,additive
observed_gain,1000,0.24472647268327685,0.23522521324882076,0.329,0.561,40,20261050,5,easy,additive
post_score,1000,0.23873166812355764,0.2214905636972826,0.329,0.561,40,20261050,5,easy,additive
baseline,1000,-0.0741985906704868,-0.07021359206288956,0.279,0.479,40,20261050,10,easy,additive
observed_gain,1000,0.25661378708698634,0.2295919378652739,0.279,0.479,40,20261050,10,easy,additive
post_score,1000,0.26599441964278486,0.2392239846513681,0.279,0.479,40,20261050,10,easy,additive
baseline,1000,-0.08340202491111284,-0.07622853454493675,0.247,0.456,40,20261050,15,easy,additive
observed_gain,1000,0.26853964611920716,0.23931230963457242,0.247,0.456,40,20261050,15,easy,additive
post_score,1000,0.28280842207137447,0.2578768947540501,0.247,0.456,40,20261050,15,easy,additive
baseline,1000,-0.0888516165248904,-0.08997954491656164,0.2,0.347,40,20261050,30,easy,additive
observed_gain,1000,0.26938035607924976,0.24701478701128438,0.2,0.347,40,20261050,30,easy,additive
post_score,1000,0.30120075924837153,0.27168482852539344,0.2,0.347,40,20261050,30,easy,additive
baseline,1000,-0.051815938513181226,-0.033327417795263214,0.098,0.184,40,20261050,5,broad,additive
observed_gain,1000,0.2493092998322366,0.19976806613213643,0.098,0.184,40,20261050,5,broad,additive
post_score,1000,0.205967951386914,0.17789293500789885,0.098,0.184,40,20261050,5,broad,additive
baseline,1000,-0.06442363861046095,-0.05348554804763079,0.068,0.131,40,20261050,10,broad,additive
observed_gain,1000,0.33050874701899857,0.27565049058102487,0.068,0.131,40,20261050,10,broad,additive
post_score,1000,0.25396249092003315,0.22511578864938045,0.068,0.131,40,20261050,10,broad,additive
baseline,1000,-0.08229022135757028,-0.07468808797708223,0.057,0.113,40,20261050,15,broad,additive
observed_gain,1000,0.39349094133107587,0.3411905445987671,0.057,0.113,40,20261050,15,broad,additive
post_score,1000,0.28736733728166564,0.25719866871759295,0.057,0.113,40,20261050,15,broad,additive
baseline,1000,-0.08600404820663547,-0.08813213972861339,0.044,0.066,40,20261050,30,broad,additive
observed_gain,1000,0.42166503741969374,0.3980193495408205,0.044,0.066,40,20261050,30,broad,additive
post_score,1000,0.3144622250747508,0.28226740942674766,0.044,0.066,40,20261050,30,broad,additive
baseline,1000,-0.6377118364255724,-0.7581573527625498,0.329,0.813,40,20261050,5,easy,catch_up
observed_gain,1000,0.6673887439327085,0.7602017834093472,0.329,0.813,40,20261050,5,easy,catch_up
post_score,1000,0.1872276807455535,0.13841223096009697,0.329,0.813,40,20261050,5,easy,catch_up
baseline,1000,-0.6980616350009315,-0.8071681856479488,0.279,0.754,40,20261050,10,easy,catch_up
observed_gain,1000,0.7243896577280595,0.8032766291338982,0.279,0.754,40,20261050,10,easy,catch_up
post_score,1000,0.2054880795537966,0.1367959354446055,0.279,0.754,40,20261050,10,easy,catch_up
baseline,1000,-0.7265296749445026,-0.8309678233166852,0.247,0.73,40,20261050,15,easy,catch_up
observed_gain,1000,0.750956835646348,0.8289403385460301,0.247,0.73,40,20261050,15,easy,catch_up
post_score,1000,0.21083130200005404,0.13936522154575706,0.247,0.73,40,20261050,15,easy,catch_up
baseline,1000,-0.7493171867733216,-0.8557097735713706,0.2,0.606,40,20261050,30,easy,catch_up
observed_gain,1000,0.7731214718308106,0.8593523486139861,0.2,0.606,40,20261050,30,easy,catch_up
post_score,1000,0.25369092106898533,0.18097169531291374,0.2,0.606,40,20261050,30,easy,catch_up
baseline,1000,-0.5009874085435319,-0.6418743508512889,0.098,0.329,40,20261050,5,broad,catch_up
observed_gain,1000,0.6178072005635029,0.6556592475348108,0.098,0.329,40,20261050,5,broad,catch_up
post_score,1000,0.3232915769191743,0.17188912852104216,0.098,0.329,40,20261050,5,broad,catch_up
baseline,1000,-0.6194108233828656,-0.7643759561705462,0.068,0.253,40,20261050,10,broad,catch_up
observed_gain,1000,0.7273728463768143,0.7780052721400602,0.068,0.253,40,20261050,10,broad,catch_up
post_score,1000,0.3549517684004003,0.1913944279016074,0.068,0.253,40,20261050,10,broad,catch_up
baseline,1000,-0.6692283989549875,-0.817842311847474,0.057,0.226,40,20261050,15,broad,catch_up
observed_gain,1000,0.7711894095609951,0.8362639610105819,0.057,0.226,40,20261050,15,broad,catch_up
post_score,1000,0.3617728221772418,0.20566545371915043,0.057,0.226,40,20261050,15,broad,catch_up
baseline,1000,-0.7070240184975425,-0.8531521767007368,0.044,0.135,40,20261050,30,broad,catch_up
observed_gain,1000,0.8061902456154357,0.885681576405381,0.044,0.135,40,20261050,30,broad,catch_up
post_score,1000,0.4136178003224633,0.2514251972136554,0.044,0.135,40,20261050,30,broad,catch_up
baseline,1000,0.4979117265056638,0.7614207139058873,0.369,0.494,41,20261051,5,easy,proportional
observed_gain,1000,-0.061176833740480496,-0.050190605477733886,0.369,0.494,41,20261051,5,easy,proportional
post_score,1000,0.4733827168444582,0.7967221066690059,0.369,0.494,41,20261051,5,easy,proportional
baseline,1000,0.5251601397722341,0.8276026792517381,0.303,0.438,41,20261051,10,easy,proportional
observed_gain,1000,-0.10961291567904609,-0.10745524711937174,0.303,0.438,41,20261051,10,easy,proportional
post_score,1000,0.48109490474914357,0.8530194937236965,0.303,0.438,41,20261051,10,easy,proportional
baseline,1000,0.5226043977604694,0.8514645114175279,0.277,0.412,41,20261051,15,easy,proportional
observed_gain,1000,-0.15636575469899303,-0.1591893096555894,0.277,0.412,41,20261051,15,easy,proportional
post_score,1000,0.47018276429459444,0.864261611451857,0.277,0.412,41,20261051,15,easy,proportional
baseline,1000,0.5256320901741967,0.872438299150766,0.216,0.348,41,20261051,30,easy,proportional
observed_gain,1000,-0.20558593770223424,-0.23594376785963886,0.216,0.348,41,20261051,30,easy,proportional
post_score,1000,0.4714495693335054,0.8964472798537166,0.216,0.348,41,20261051,30,easy,proportional
baseline,1000,0.5220487147906778,0.6265857482767109,0.133,0.229,41,20261051,5,broad,proportional
observed_gain,1000,0.05618331014095013,0.11457511209557317,0.133,0.229,41,20261051,5,broad,proportional
post_score,1000,0.5558550195129982,0.7320590007416372,0.133,0.229,41,20261051,5,broad,proportional
baseline,1000,0.5996347089803215,0.781821106110428,0.091,0.167,41,20261051,10,broad,proportional
observed_gain,1000,0.03098987457284803,0.10436248066917643,0.091,0.167,41,20261051,10,broad,proportional
post_score,1000,0.593919665437126,0.8516683693319871,0.091,0.167,41,20261051,10,broad,proportional
baseline,1000,0.608265066621796,0.8376539303045306,0.084,0.145,41,20261051,15,broad,proportional
observed_gain,1000,-0.016939087701910844,0.04435330097022579,0.084,0.145,41,20261051,15,broad,proportional
post_score,1000,0.5887419798581564,0.882408436217589,0.084,0.145,41,20261051,15,broad,proportional
baseline,1000,0.6106438031069737,0.8655673596326501,0.04,0.098,41,20261051,30,broad,proportional
observed_gain,1000,-0.023452565450464827,0.061561321103745306,0.04,0.098,41,20261051,30,broad,proportional
post_score,1000,0.5927352061867924,0.9247030373199306,0.04,0.098,41,20261051,30,broad,proportional
baseline,1000,0.04768213354983224,0.042876637106637146,0.369,0.619,41,20261051,5,easy,additive
observed_gain,1000,0.13136843819019028,0.12512130063352372,0.369,0.619,41,20261051,5,easy,additive
post_score,1000,0.2623800311002233,0.26117578906222216,0.369,0.619,41,20261051,5,easy,additive
baseline,1000,0.05184842990586734,0.04001835454005618,0.303,0.525,41,20261051,10,easy,additive
observed_gain,1000,0.13817287515078605,0.14783325369803596,0.303,0.525,41,20261051,10,easy,additive
post_score,1000,0.3081820363184423,0.30151505491864855,0.303,0.525,41,20261051,10,easy,additive
baseline,1000,0.051689523734926565,0.04127036427895586,0.277,0.484,41,20261051,15,easy,additive
observed_gain,1000,0.11846187483279094,0.13187725891271865,0.277,0.484,41,20261051,15,easy,additive
post_score,1000,0.3153959115743983,0.30457805157069573,0.277,0.484,41,20261051,15,easy,additive
baseline,1000,0.04854622777586478,0.0355153513152377,0.216,0.382,41,20261051,30,easy,additive
observed_gain,1000,0.12267455135541122,0.12287003291443188,0.216,0.382,41,20261051,30,easy,additive
post_score,1000,0.33831923206449405,0.32633899279877343,0.216,0.382,41,20261051,30,easy,additive
baseline,1000,0.03622876107168107,0.030885715607046463,0.133,0.219,41,20261051,5,broad,additive
observed_gain,1000,0.13623404461112432,0.1170506765679425,0.133,0.219,41,20261051,5,broad,additive
post_score,1000,0.20083108206057163,0.170532802506992,0.133,0.219,41,20261051,5,broad,additive
baseline,1000,0.047229649766304664,0.028747987550898437,0.091,0.145,41,20261051,10,broad,additive
observed_gain,1000,0.19037666885759066,0.19581125543826652,0.091,0.145,41,20261051,10,broad,additive
post_score,1000,0.26364865133860726,0.24337466394369728,0.091,0.145,41,20261051,10,broad,additive
baseline,1000,0.0474711978239212,0.03526598570793585,0.084,0.115,41,20261051,15,broad,additive
observed_gain,1000,0.198002343379516,0.21237721783852284,0.084,0.115,41,20261051,15,broad,additive
post_score,1000,0.2937690272320207,0.2729779846762374,0.084,0.115,41,20261051,15,broad,additive
baseline,1000,0.04154960312564981,0.029951711719968892,0.04,0.065,41,20261051,30,broad,additive
observed_gain,1000,0.24379953479566044,0.24649482270157363,0.04,0.065,41,20261051,30,broad,additive
post_score,1000,0.33429765041149956,0.30988646124258307,0.04,0.065,41,20261051,30,broad,additive
baseline,1000,-0.5966667887734277,-0.7081768687908286,0.369,0.865,41,20261051,5,easy,catch_up
observed_gain,1000,0.6118819725526011,0.6995277476327018,0.369,0.865,41,20261051,5,easy,catch_up
post_score,1000,0.13689465301365353,0.09056988364698383,0.369,0.865,41,20261051,5,easy,catch_up
baseline,1000,-0.6681980537602202,-0.7775307512492993,0.303,0.796,41,20261051,10,easy,catch_up
observed_gain,1000,0.6892598774443275,0.7709129673009517,0.303,0.796,41,20261051,10,easy,catch_up
post_score,1000,0.15996996462722474,0.09669351206561715,0.303,0.796,41,20261051,10,easy,catch_up
baseline,1000,-0.6904596049153602,-0.7969441825768907,0.277,0.765,41,20261051,15,easy,catch_up
observed_gain,1000,0.7112102341322389,0.7949868677380911,0.277,0.765,41,20261051,15,easy,catch_up
post_score,1000,0.17415067233128223,0.11065706620081013,0.277,0.765,41,20261051,15,easy,catch_up
baseline,1000,-0.7112869040088495,-0.8246418450707571,0.216,0.638,41,20261051,30,easy,catch_up
observed_gain,1000,0.7335456180027894,0.8277616876458648,0.216,0.638,41,20261051,30,easy,catch_up
post_score,1000,0.21517117053085505,0.13983876503801615,0.216,0.638,41,20261051,30,easy,catch_up
baseline,1000,-0.4720843230706196,-0.5824237070846799,0.133,0.388,41,20261051,5,broad,catch_up
observed_gain,1000,0.5666978609231492,0.5858665416975278,0.133,0.388,41,20261051,5,broad,catch_up
post_score,1000,0.2847968814264657,0.15287076926493268,0.133,0.388,41,20261051,5,broad,catch_up
baseline,1000,-0.6062574928100957,-0.7481446911468344,0.091,0.274,41,20261051,10,broad,catch_up
observed_gain,1000,0.7006439709105986,0.7608394872443548,0.091,0.274,41,20261051,10,broad,catch_up
post_score,1000,0.3280179375419803,0.1995241013533665,0.091,0.274,41,20261051,10,broad,catch_up
baseline,1000,-0.6615793642323744,-0.7978771230087967,0.084,0.219,41,20261051,15,broad,catch_up
observed_gain,1000,0.7456447160621836,0.8092760613943553,0.084,0.219,41,20261051,15,broad,catch_up
post_score,1000,0.34239967788661824,0.2009175941513802,0.084,0.219,41,20261051,15,broad,catch_up
baseline,1000,-0.6940332970665699,-0.8303142374399156,0.04,0.118,41,20261051,30,broad,catch_up
observed_gain,1000,0.7808817008050186,0.8601370589529818,0.04,0.118,41,20261051,30,broad,catch_up
post_score,1000,0.37486429391288956,0.21548255906057237,0.04,0.118,41,20261051,30,broad,catch_up
baseline,1000,0.5025495436100065,0.752256747635975,0.435,0.571,42,20261052,5,easy,proportional
observed_gain,1000,-0.14103306491226075,-0.16616799023566287,0.435,0.571,42,20261052,5,easy,proportional
post_score,1000,0.4704511253164658,0.7691626950873559,0.435,0.571,42,20261052,5,easy,proportional
baseline,1000,0.5325552309538883,0.8101377301457989,0.346,0.486,42,20261052,10,easy,proportional
observed_gain,1000,-0.18696278627120894,-0.24929804153802443,0.346,0.486,42,20261052,10,easy,proportional
post_score,1000,0.4949243280504865,0.8337582059366527,0.346,0.486,42,20261052,10,easy,proportional
baseline,1000,0.5428678292863809,0.8290659671195983,0.304,0.453,42,20261052,15,easy,proportional
observed_gain,1000,-0.2126402414885189,-0.23745539548163475,0.304,0.453,42,20261052,15,easy,proportional
post_score,1000,0.49431327762667765,0.8480075089045157,0.304,0.453,42,20261052,15,easy,proportional
baseline,1000,0.573584901488577,0.8630738684137073,0.179,0.331,42,20261052,30,easy,proportional
observed_gain,1000,-0.24599203035592415,-0.2820888142894463,0.179,0.331,42,20261052,30,easy,proportional
post_score,1000,0.52359958735334855,0.8880554941420613,0.179,0.331,42,20261052,30,easy,proportional
baseline,1000,0.5617020457993424,0.726171962712164,0.188,0.333,42,20261052,5,broad,proportional
observed_gain,1000,-0.01831342117647035,0.014591883224894305,0.188,0.333,42,20261052,5,broad,proportional
post_score,1000,0.5694845336312774,0.789917750116847,0.188,0.333,42,20261052,5,broad,proportional
baseline,1000,0.6065938613804946,0.8026558870307547,0.117,0.238,42,20261052,10,broad,proportional
observed_gain,1000,-0.055214710239253215,-0.00942491750905476,0.117,0.238,42,20261052,10,broad,proportional
post_score,1000,0.6005255421388158,0.8584835934687989,0.117,0.238,42,20261052,10,broad,proportional
baseline,1000,0.6233005452180699,0.8315221011367842,0.091,0.201,42,20261052,15,broad,proportional
observed_gain,1000,-0.06460263951197108,0.004726652788472514,0.091,0.201,42,20261052,15,broad,proportional
post_score,1000,0.6032695246781149,0.8781617821836393,0.091,0.201,42,20261052,15,broad,proportional
baseline,1000,0.6558115632538397,0.8551658555109108,0.027,0.092,42,20261052,30,broad,proportional
observed_gain,1000,-0.014601512491360609,0.059943940518650915,0.027,0.092,42,20261052,30,broad,proportional
post_score,1000,0.6476407420972744,0.9118612563864886,0.027,0.092,42,20261052,30,broad,proportional
baseline,1000,0.012173897588519791,-0.009908785738255196,0.435,0.71,42,20261052,5,easy,additive
observed_gain,1000,0.11495972007937402,0.1228975938458453,0.435,0.71,42,20261052,5,easy,additive
post_score,1000,0.24004667462092344,0.23768269110370988,0.435,0.71,42,20261052,5,easy,additive
baseline,1000,0.01775773046074908,7.965453803269613e-4,0.346,0.592,42,20261052,10,easy,additive
observed_gain,1000,0.12410349144860139,0.1298208788823905,0.346,0.592,42,20261052,10,easy,additive
post_score,1000,0.2838152658788588,0.27935505795389054,0.346,0.592,42,20261052,10,easy,additive
baseline,1000,0.017912335488003653,-0.006925500669721796,0.304,0.53,42,20261052,15,easy,additive
observed_gain,1000,0.12115089581298225,0.12651292334384678,0.304,0.53,42,20261052,15,easy,additive
post_score,1000,0.2857971858872244,0.26435770625645105,0.304,0.53,42,20261052,15,easy,additive
baseline,1000,0.009538854944613439,-0.024013957967197415,0.179,0.347,42,20261052,30,easy,additive
observed_gain,1000,0.15971109970435912,0.17573094457896637,0.179,0.347,42,20261052,30,easy,additive
post_score,1000,0.31579369415194347,0.2770577212901779,0.179,0.347,42,20261052,30,easy,additive
baseline,1000,0.013113494272647363,0.007533403464234196,0.188,0.36,42,20261052,5,broad,additive
observed_gain,1000,0.18371537965324722,0.16859004076714287,0.188,0.36,42,20261052,5,broad,additive
post_score,1000,0.23110966893454524,0.20708397152626928,0.188,0.36,42,20261052,5,broad,additive
baseline,1000,0.00838960878149055,-3.5624100419384355e-4,0.117,0.23,42,20261052,10,broad,additive
observed_gain,1000,0.2208916083602688,0.2175111895689669,0.117,0.23,42,20261052,10,broad,additive
post_score,1000,0.268129650311145,0.2355721539406276,0.117,0.23,42,20261052,10,broad,additive
baseline,1000,0.005204872423897483,-0.01745442886080701,0.091,0.181,42,20261052,15,broad,additive
observed_gain,1000,0.24396668194713894,0.25655063031906733,0.091,0.181,42,20261052,15,broad,additive
post_score,1000,0.28271088858654614,0.24393691042408713,0.091,0.181,42,20261052,15,broad,additive
baseline,1000,-0.004381444566549517,-0.028852937016867426,0.027,0.061,42,20261052,30,broad,additive
observed_gain,1000,0.3133802691069043,0.3240539102609017,0.027,0.061,42,20261052,30,broad,additive
post_score,1000,0.3172655094287101,0.2764230501029231,0.027,0.061,42,20261052,30,broad,additive
baseline,1000,-0.6201240488821786,-0.7256063187859019,0.435,0.906,42,20261052,5,easy,catch_up
observed_gain,1000,0.6295513233083546,0.7172379236813363,0.435,0.906,42,20261052,5,easy,catch_up
post_score,1000,0.11551268206701437,0.08322541328235093,0.435,0.906,42,20261052,5,easy,catch_up
baseline,1000,-0.6779834449321684,-0.7715853829813222,0.346,0.837,42,20261052,10,easy,catch_up
observed_gain,1000,0.6885172114048762,0.7637895576809572,0.346,0.837,42,20261052,10,easy,catch_up
post_score,1000,0.1478528420460368,0.10545724016132337,0.346,0.837,42,20261052,10,easy,catch_up
baseline,1000,-0.6979524876811153,-0.7956884362331469,0.304,0.794,42,20261052,15,easy,catch_up
observed_gain,1000,0.7088801173729011,0.7896369142719925,0.304,0.794,42,20261052,15,easy,catch_up
post_score,1000,0.14808184742711006,0.08952765069152586,0.304,0.794,42,20261052,15,easy,catch_up
baseline,1000,-0.7211953141000096,-0.8442841058637727,0.179,0.59,42,20261052,30,easy,catch_up
observed_gain,1000,0.7376364271275657,0.8447237843153598,0.179,0.59,42,20261052,30,easy,catch_up
post_score,1000,0.2138402326145527,0.12960405033769246,0.179,0.59,42,20261052,30,easy,catch_up
baseline,1000,-0.5562520742111137,-0.6904377745698228,0.188,0.585,42,20261052,5,broad,catch_up
observed_gain,1000,0.6053027775570241,0.6961663390862772,0.188,0.585,42,20261052,5,broad,catch_up
post_score,1000,0.22986860201831344,0.15602707598574816,0.188,0.585,42,20261052,5,broad,catch_up
baseline,1000,-0.6391790218321532,-0.7686352576659858,0.117,0.411,42,20261052,10,broad,catch_up
observed_gain,1000,0.6984148359318025,0.7785261970458717,0.117,0.411,42,20261052,10,broad,catch_up
post_score,1000,0.27354220936819074,0.16626713231402931,0.117,0.411,42,20261052,10,broad,catch_up
baseline,1000,-0.674509413511563,-0.809116442447477,0.091,0.334,42,20261052,15,broad,catch_up
observed_gain,1000,0.7324117614453295,0.820477145592492,0.091,0.334,42,20261052,15,broad,catch_up
post_score,1000,0.29532511745707635,0.19050409941610796,0.091,0.334,42,20261052,15,broad,catch_up
baseline,1000,-0.6927864652240342,-0.8409267821108976,0.027,0.11,42,20261052,30,broad,catch_up
observed_gain,1000,0.7748970280222868,0.868858864238649,0.027,0.11,42,20261052,30,broad,catch_up
post_score,1000,0.37753886837593603,0.24896901934505897,0.027,0.11,42,20261052,30,broad,catch_up
baseline,1000,0.5242421687932317,0.7638008676335687,0.375,0.513,43,20261053,5,easy,proportional
observed_gain,1000,-0.0938662960584627,-0.10510745143655716,0.375,0.513,43,20261053,5,easy,proportional
post_score,1000,0.48930058260202114,0.7917591745070518,0.375,0.513,43,20261053,5,easy,proportional
baseline,1000,0.5862877809659047,0.8343924132690692,0.25,0.39,43,20261053,10,easy,proportional
observed_gain,1000,-0.12058980207963342,-0.07769387294596673,0.25,0.39,43,20261053,10,easy,proportional
post_score,1000,0.5428684434049592,0.8581260166813415,0.25,0.39,43,20261053,10,easy,proportional
baseline,1000,0.5860441616059685,0.8541343007890381,0.235,0.369,43,20261053,15,easy,proportional
observed_gain,1000,-0.15905529452430742,-0.11438728343674359,0.235,0.369,43,20261053,15,easy,proportional
post_score,1000,0.5325818097564381,0.8750548802874597,0.235,0.369,43,20261053,15,easy,proportional
baseline,1000,0.5898536200244722,0.8766054140216059,0.18,0.308,43,20261053,30,easy,proportional
observed_gain,1000,-0.20175756537255865,-0.17970177180004399,0.18,0.308,43,20261053,30,easy,proportional
post_score,1000,0.5345379272500784,0.904303065858032,0.18,0.308,43,20261053,30,easy,proportional
baseline,1000,0.5264920485220096,0.6860953485346506,0.14,0.263,43,20261053,5,broad,proportional
observed_gain,1000,0.06553354891866554,0.08493423678417433,0.14,0.263,43,20261053,5,broad,proportional
post_score,1000,0.57286876898057415,0.7719814460711598,0.14,0.263,43,20261053,5,broad,proportional
baseline,1000,0.6096795403807759,0.7691245474376615,0.058,0.131,43,20261053,10,broad,proportional
observed_gain,1000,0.13539716155367443,0.18016010991025044,0.058,0.131,43,20261053,10,broad,proportional
post_score,1000,0.669492152039699,0.8666974911650739,0.058,0.131,43,20261053,10,broad,proportional
baseline,1000,0.6368436913739901,0.8245000209796949,0.052,0.125,43,20261053,15,broad,proportional
observed_gain,1000,0.08309657357915967,0.1685066277945439,0.052,0.125,43,20261053,15,broad,proportional
post_score,1000,0.65937821212508,0.9008203420668351,0.052,0.125,43,20261053,15,broad,proportional
baseline,1000,0.6712228508156268,0.8682019115892853,0.039,0.09,43,20261053,30,broad,proportional
observed_gain,1000,0.04685768586629749,0.16534381794566386,0.039,0.09,43,20261053,30,broad,proportional
post_score,1000,0.6644321486945476,0.9292325751750409,0.039,0.09,43,20261053,30,broad,proportional
baseline,1000,0.01592431305757275,0.0260647833957029,0.375,0.639,43,20261053,5,easy,additive
observed_gain,1000,0.15572726047216823,0.13982293647856844,0.375,0.639,43,20261053,5,easy,additive
post_score,1000,0.273386881628766,0.28391699955300764,0.375,0.639,43,20261053,5,easy,additive
baseline,1000,0.001116328810312528,0.01542340689342589,0.25,0.447,43,20261053,10,easy,additive
observed_gain,1000,0.22504818510905022,0.1991870637320323,0.25,0.447,43,20261053,10,easy,additive
post_score,1000,0.30853399848374086,0.3105923294479572,0.25,0.447,43,20261053,10,easy,additive
baseline,1000,-0.001252695856011585,0.019236443563011702,0.235,0.418,43,20261053,15,easy,additive
observed_gain,1000,0.21191783747790505,0.18085309702970595,0.235,0.418,43,20261053,15,easy,additive
post_score,1000,0.32304594911768447,0.3297693128654583,0.235,0.418,43,20261053,15,easy,additive
baseline,1000,7.185883025127675e-4,0.01634150219828422,0.18,0.33,43,20261053,30,easy,additive
observed_gain,1000,0.21110708034336217,0.17548800334296275,0.18,0.33,43,20261053,30,easy,additive
post_score,1000,0.34052824177944663,0.33526492182070433,0.18,0.33,43,20261053,30,easy,additive
baseline,1000,0.014300057035139497,0.03399141398087132,0.14,0.261,43,20261053,5,broad,additive
observed_gain,1000,0.1963090124643693,0.15558648923105853,0.14,0.261,43,20261053,5,broad,additive
post_score,1000,0.26497138185616737,0.24481556503576307,0.14,0.261,43,20261053,5,broad,additive
baseline,1000,-0.013764752586150997,0.0020718306166269897,0.058,0.101,43,20261053,10,broad,additive
observed_gain,1000,0.3117292218252439,0.27946152404848124,0.058,0.101,43,20261053,10,broad,additive
post_score,1000,0.2980398566667501,0.2871150980128852,0.058,0.101,43,20261053,10,broad,additive
baseline,1000,-0.010678117490877157,0.009852553627813343,0.052,0.093,43,20261053,15,broad,additive
observed_gain,1000,0.32961116815411595,0.29670890226385094,0.052,0.093,43,20261053,15,broad,additive
post_score,1000,0.32154770286538303,0.3123266467838732,0.052,0.093,43,20261053,15,broad,additive
baseline,1000,0.0025086346747114794,0.01850722351552437,0.039,0.06,43,20261053,30,broad,additive
observed_gain,1000,0.37639470782070233,0.328282864569745,0.039,0.06,43,20261053,30,broad,additive
post_score,1000,0.3525773658130503,0.33645544314837855,0.039,0.06,43,20261053,30,broad,additive
baseline,1000,-0.582866794464794,-0.7242668987485609,0.375,0.857,43,20261053,5,easy,catch_up
observed_gain,1000,0.6026806821711913,0.7206587067427229,0.375,0.857,43,20261053,5,easy,catch_up
post_score,1000,0.14440922043455795,0.09672695220729643,0.375,0.857,43,20261053,5,easy,catch_up
baseline,1000,-0.6500984201253207,-0.802857847468963,0.25,0.703,43,20261053,10,easy,catch_up
observed_gain,1000,0.6828789673423836,0.8073481144316158,0.25,0.703,43,20261053,10,easy,catch_up
post_score,1000,0.19524418738893873,0.13417164106325982,0.25,0.703,43,20261053,10,easy,catch_up
baseline,1000,-0.6762554546966534,-0.820875660402288,0.235,0.674,43,20261053,15,easy,catch_up
observed_gain,1000,0.7047554138535349,0.8256059399165918,0.235,0.674,43,20261053,15,easy,catch_up
post_score,1000,0.2057313455682647,0.1386780116106983,0.235,0.674,43,20261053,15,easy,catch_up
baseline,1000,-0.6891213022344915,-0.8437702609211714,0.18,0.582,43,20261053,30,easy,catch_up
observed_gain,1000,0.7161942356887634,0.8526675295931432,0.18,0.582,43,20261053,30,easy,catch_up
post_score,1000,0.22115749044530908,0.1446318911360307,0.18,0.582,43,20261053,30,easy,catch_up
baseline,1000,-0.5059673602392868,-0.6389340749556667,0.14,0.416,43,20261053,5,broad,catch_up
observed_gain,1000,0.5792370742631677,0.6297904580274599,0.14,0.416,43,20261053,5,broad,catch_up
post_score,1000,0.2603150277057259,0.13975762299271285,0.14,0.416,43,20261053,5,broad,catch_up
baseline,1000,-0.5753964839018677,-0.7468219467822077,0.058,0.182,43,20261053,10,broad,catch_up
observed_gain,1000,0.6852049844581771,0.7479331165143904,0.058,0.182,43,20261053,10,broad,catch_up
post_score,1000,0.3250309639692201,0.16802234825734716,0.058,0.182,43,20261053,10,broad,catch_up
baseline,1000,-0.6237889823431372,-0.7993856770931423,0.052,0.166,43,20261053,15,broad,catch_up
observed_gain,1000,0.7241821567879524,0.8140286640992176,0.052,0.166,43,20261053,15,broad,catch_up
post_score,1000,0.33086436503404226,0.17262509017407127,0.052,0.166,43,20261053,15,broad,catch_up
baseline,1000,-0.6488030959768866,-0.8330370074455298,0.039,0.108,43,20261053,30,broad,catch_up
observed_gain,1000,0.7635277760971152,0.8801755854937575,0.039,0.108,43,20261053,30,broad,catch_up
post_score,1000,0.36695658812887005,0.19408532758798863,0.039,0.108,43,20261053,30,broad,catch_up
baseline,1000,0.47552051697904096,0.765414884611435,0.442,0.551,44,20261054,5,easy,proportional
observed_gain,1000,-0.10264581778536067,-0.0998745688926622,0.442,0.551,44,20261054,5,easy,proportional
post_score,1000,0.4411941161008477,0.8096228812714938,0.442,0.551,44,20261054,5,easy,proportional
baseline,1000,0.5156872263800986,0.8257794291893678,0.322,0.462,44,20261054,10,easy,proportional
observed_gain,1000,-0.12071684760695336,-0.09145367602940496,0.322,0.462,44,20261054,10,easy,proportional
post_score,1000,0.4661636377339647,0.8546387257742328,0.322,0.462,44,20261054,10,easy,proportional
baseline,1000,0.5424685997418056,0.8510655231080427,0.237,0.398,44,20261054,15,easy,proportional
observed_gain,1000,-0.12725703813618336,-0.08853770664931038,0.237,0.398,44,20261054,15,easy,proportional
post_score,1000,0.4881748704324659,0.8825300631267102,0.237,0.398,44,20261054,15,easy,proportional
baseline,1000,0.5663985126442715,0.8757120794229604,0.17,0.309,44,20261054,30,easy,proportional
observed_gain,1000,-0.16899499095344936,-0.10684190090215032,0.17,0.309,44,20261054,30,easy,proportional
post_score,1000,0.5112344824619667,0.914684711326261,0.17,0.309,44,20261054,30,easy,proportional
baseline,1000,0.5198314263697845,0.735966292697822,0.241,0.361,44,20261054,5,broad,proportional
observed_gain,1000,-0.014453168299778042,0.039610885852065146,0.241,0.361,44,20261054,5,broad,proportional
post_score,1000,0.5244198089177899,0.8196158814386922,0.241,0.361,44,20261054,5,broad,proportional
baseline,1000,0.5851753624252339,0.8007997451336284,0.127,0.233,44,20261054,10,broad,proportional
observed_gain,1000,-0.004328826855995061,0.07181874707951595,0.127,0.233,44,20261054,10,broad,proportional
post_score,1000,0.5742409906859911,0.8707019720518424,0.127,0.233,44,20261054,10,broad,proportional
baseline,1000,0.619012215624278,0.825730569584123,0.06,0.148,44,20261054,15,broad,proportional
observed_gain,1000,0.025418688951349706,0.1236386376979989,0.06,0.148,44,20261054,15,broad,proportional
post_score,1000,0.6084213128066756,0.8945192885308954,0.06,0.148,44,20261054,15,broad,proportional
baseline,1000,0.6568917717371192,0.8574500350012481,0.024,0.079,44,20261054,30,broad,proportional
observed_gain,1000,0.05062551294853851,0.20708235095035557,0.024,0.079,44,20261054,30,broad,proportional
post_score,1000,0.6469842228485819,0.9275325111287304,0.024,0.079,44,20261054,30,broad,proportional
baseline,1000,-0.001355588454346685,0.016316253183210852,0.442,0.706,44,20261054,5,easy,additive
observed_gain,1000,0.1490734962851689,0.13291507650878867,0.442,0.706,44,20261054,5,easy,additive
post_score,1000,0.26773685452232726,0.27711818905808216,0.442,0.706,44,20261054,5,easy,additive
baseline,1000,-0.003988364454339624,0.008991182026230263,0.322,0.568,44,20261054,10,easy,additive
observed_gain,1000,0.17032585827748714,0.14702185988480326,0.322,0.568,44,20261054,10,easy,additive
post_score,1000,0.2944471616866711,0.29549323783111414,0.322,0.568,44,20261054,10,easy,additive
baseline,1000,-0.005601179994598358,0.005460070179793674,0.237,0.467,44,20261054,15,easy,additive
observed_gain,1000,0.20595250489767908,0.18015939618171264,0.237,0.467,44,20261054,15,easy,additive
post_score,1000,0.3204032088793684,0.31936271872748684,0.237,0.467,44,20261054,15,easy,additive
baseline,1000,-0.012826808588810374,-0.002009764595192399,0.17,0.328,44,20261054,30,easy,additive
observed_gain,1000,0.2494439892107812,0.21606661126446872,0.17,0.328,44,20261054,30,easy,additive
post_score,1000,0.34395827790016364,0.33192154539695795,0.17,0.328,44,20261054,30,easy,additive
baseline,1000,-0.026547223667929873,-0.01373815984671915,0.241,0.41,44,20261054,5,broad,additive
observed_gain,1000,0.26033839484665716,0.23062208641173504,0.241,0.41,44,20261054,5,broad,additive
post_score,1000,0.2924402292362188,0.26928195140608613,0.241,0.41,44,20261054,5,broad,additive
baseline,1000,-0.006270962701490454,0.004488627351660568,0.127,0.23,44,20261054,10,broad,additive
observed_gain,1000,0.27442047579874396,0.22781784915764586,0.127,0.23,44,20261054,10,broad,additive
post_score,1000,0.2964263897544195,0.26808808957740465,0.127,0.23,44,20261054,10,broad,additive
baseline,1000,-9.138459953146176e-4,0.0032204135246744095,0.06,0.128,44,20261054,15,broad,additive
observed_gain,1000,0.32408474438947615,0.2726243606892961,0.06,0.128,44,20261054,15,broad,additive
post_score,1000,0.32334981433480803,0.2902362612957189,0.06,0.128,44,20261054,15,broad,additive
baseline,1000,-0.00419162519843305,-0.004232955987835144,0.024,0.054,44,20261054,30,broad,additive
observed_gain,1000,0.4089732939975791,0.3555573143713496,0.024,0.054,44,20261054,30,broad,additive
post_score,1000,0.34914612363493885,0.31574944625075824,0.024,0.054,44,20261054,30,broad,additive
baseline,1000,-0.6174227310777156,-0.7233046546192158,0.442,0.901,44,20261054,5,easy,catch_up
observed_gain,1000,0.6313277238685389,0.7154703143149886,0.442,0.901,44,20261054,5,easy,catch_up
post_score,1000,0.11556016784673222,0.0589931053395048,0.442,0.901,44,20261054,5,easy,catch_up
baseline,1000,-0.6581287845486428,-0.7858433726720608,0.322,0.822,44,20261054,10,easy,catch_up
observed_gain,1000,0.6771144217373295,0.7843254977344117,0.322,0.822,44,20261054,10,easy,catch_up
post_score,1000,0.14710318524037347,0.07470996482227062,0.322,0.822,44,20261054,10,easy,catch_up
baseline,1000,-0.6755394022181251,-0.8164044938234558,0.237,0.725,44,20261054,15,easy,catch_up
observed_gain,1000,0.7012874613861618,0.8202627970959873,0.237,0.725,44,20261054,15,easy,catch_up
post_score,1000,0.1817005613126954,0.08622053122930383,0.237,0.725,44,20261054,15,easy,catch_up
baseline,1000,-0.7017867022944512,-0.8486330524513575,0.17,0.547,44,20261054,30,easy,catch_up
observed_gain,1000,0.7323079276899298,0.8594959509005137,0.17,0.547,44,20261054,30,easy,catch_up
post_score,1000,0.2374809037395209,0.13779251994256114,0.17,0.547,44,20261054,30,easy,catch_up
baseline,1000,-0.5955212486695823,-0.7304503894770624,0.241,0.643,44,20261054,5,broad,catch_up
observed_gain,1000,0.6393599634630347,0.7278032061490299,0.241,0.643,44,20261054,5,broad,catch_up
post_score,1000,0.2189075919114215,0.13867553838683105,0.241,0.643,44,20261054,5,broad,catch_up
baseline,1000,-0.6221421317008082,-0.7682594465234499,0.127,0.414,44,20261054,10,broad,catch_up
observed_gain,1000,0.6959645289023549,0.7846070663481574,0.127,0.414,44,20261054,10,broad,catch_up
post_score,1000,0.27910485017773873,0.1655614505545347,0.127,0.414,44,20261054,10,broad,catch_up
baseline,1000,-0.6302253425275138,-0.7985312160314405,0.06,0.218,44,20261054,15,broad,catch_up
observed_gain,1000,0.7347778127450512,0.8276326488749638,0.06,0.218,44,20261054,15,broad,catch_up
post_score,1000,0.34213342692769383,0.19624608703271926,0.06,0.218,44,20261054,15,broad,catch_up
baseline,1000,-0.6561953821478287,-0.8369236463593628,0.024,0.093,44,20261054,30,broad,catch_up
observed_gain,1000,0.785952323498266,0.8819759712326193,0.024,0.093,44,20261054,30,broad,catch_up
post_score,1000,0.4073291670974006,0.23165844678120104,0.024,0.093,44,20261054,30,broad,catch_up
baseline,1000,0.5550636007767153,0.7674862516593476,0.35,0.466,45,20261055,5,easy,proportional
observed_gain,1000,-0.06151128342470977,-0.038904335021202475,0.35,0.466,45,20261055,5,easy,proportional
post_score,1000,0.5446155577619527,0.8234136622486874,0.35,0.466,45,20261055,5,easy,proportional
baseline,1000,0.5808812459344813,0.8286288679209549,0.294,0.428,45,20261055,10,easy,proportional
observed_gain,1000,-0.1364294131853926,-0.11691139729619449,0.294,0.428,45,20261055,10,easy,proportional
post_score,1000,0.5465559732167183,0.8702030914784139,0.294,0.428,45,20261055,10,easy,proportional
baseline,1000,0.5812149639608688,0.8462854382080852,0.27,0.401,45,20261055,15,easy,proportional
observed_gain,1000,-0.17556989338468973,-0.16613704523066272,0.27,0.401,45,20261055,15,easy,proportional
post_score,1000,0.5412593584505764,0.8857443754934465,0.27,0.401,45,20261055,15,easy,proportional
baseline,1000,0.587457725378818,0.8694108247189701,0.225,0.353,45,20261055,30,easy,proportional
observed_gain,1000,-0.25981995810370373,-0.2590760507431963,0.225,0.353,45,20261055,30,easy,proportional
post_score,1000,0.5366879525839783,0.9012790740342697,0.225,0.353,45,20261055,30,easy,proportional
baseline,1000,0.5354331133964849,0.6459319835771308,0.101,0.196,45,20261055,5,broad,proportional
observed_gain,1000,0.13264699626280665,0.153741305932696,0.101,0.196,45,20261055,5,broad,proportional
post_score,1000,0.6351212811341796,0.7760013812322603,0.101,0.196,45,20261055,5,broad,proportional
baseline,1000,0.6314589213601599,0.7819418859069751,0.071,0.175,45,20261055,10,broad,proportional
observed_gain,1000,0.0787781362935204,0.14946046985667252,0.071,0.175,45,20261055,10,broad,proportional
post_score,1000,0.6618755715750734,0.8690321791501634,0.071,0.175,45,20261055,10,broad,proportional
baseline,1000,0.650801958560293,0.8232511239191121,0.058,0.152,45,20261055,15,broad,proportional
observed_gain,1000,0.040290698391318956,0.12275179271919757,0.058,0.152,45,20261055,15,broad,proportional
post_score,1000,0.6633023602264494,0.90077392498673,0.058,0.152,45,20261055,15,broad,proportional
baseline,1000,0.6751118114680251,0.867304757615541,0.041,0.118,45,20261055,30,broad,proportional
observed_gain,1000,-0.01672313974520572,0.08909448982858328,0.041,0.118,45,20261055,30,broad,proportional
post_score,1000,0.6638853197094201,0.9224965994632058,0.041,0.118,45,20261055,30,broad,proportional
baseline,1000,-0.009925791625796432,-0.006812956792295785,0.35,0.577,45,20261055,5,easy,additive
observed_gain,1000,0.20109329899562137,0.19124107571143334,0.35,0.577,45,20261055,5,easy,additive
post_score,1000,0.27789342886706947,0.28800577084063744,0.35,0.577,45,20261055,5,easy,additive
baseline,1000,-0.013905343668766211,-0.009592959369141809,0.294,0.507,45,20261055,10,easy,additive
observed_gain,1000,0.21022958516819787,0.20795066751240543,0.294,0.507,45,20261055,10,easy,additive
post_score,1000,0.31318671906011486,0.31102565769516316,0.294,0.507,45,20261055,10,easy,additive
baseline,1000,-0.01260503231941284,-0.007055744244585041,0.27,0.458,45,20261055,15,easy,additive
observed_gain,1000,0.19951429498998216,0.1899002187919164,0.27,0.458,45,20261055,15,easy,additive
post_score,1000,0.31924350986475847,0.3116837766249418,0.27,0.458,45,20261055,15,easy,additive
baseline,1000,-0.0031930578777039902,-0.004453707046422814,0.225,0.375,45,20261055,30,easy,additive
observed_gain,1000,0.17939668423864066,0.17352049383209356,0.225,0.375,45,20261055,30,easy,additive
post_score,1000,0.33169512128941014,0.31950952798668036,0.225,0.375,45,20261055,30,easy,additive
baseline,1000,-0.027180604235372295,-0.02880139093510121,0.101,0.165,45,20261055,5,broad,additive
observed_gain,1000,0.23706059131625026,0.21936902152347765,0.101,0.165,45,20261055,5,broad,additive
post_score,1000,0.25076382240719064,0.23308776578402274,0.101,0.165,45,20261055,5,broad,additive
baseline,1000,-0.018157305201400773,-0.013793087454967197,0.071,0.132,45,20261055,10,broad,additive
observed_gain,1000,0.3369295500902503,0.3200836090394938,0.071,0.132,45,20261055,10,broad,additive
post_score,1000,0.31618460333083875,0.3033615463346226,0.071,0.132,45,20261055,10,broad,additive
baseline,1000,-0.016870737353355578,-0.0089967303417681,0.058,0.114,45,20261055,15,broad,additive
observed_gain,1000,0.3520707921178551,0.312481981188809,0.058,0.114,45,20261055,15,broad,additive
post_score,1000,0.33002540262348595,0.3100164256288737,0.058,0.114,45,20261055,15,broad,additive
baseline,1000,-0.005585146910093761,-0.006544886261113155,0.041,0.075,45,20261055,30,broad,additive
observed_gain,1000,0.3643670578609251,0.32997390938478766,0.041,0.075,45,20261055,30,broad,additive
post_score,1000,0.3455850400944328,0.3240597261359669,0.041,0.075,45,20261055,30,broad,additive
baseline,1000,-0.6154273788073782,-0.7559286276020989,0.35,0.813,45,20261055,5,easy,catch_up
observed_gain,1000,0.6389206566005848,0.7504596994544245,0.35,0.813,45,20261055,5,easy,catch_up
post_score,1000,0.1693151859993221,0.11547561210771337,0.35,0.813,45,20261055,5,easy,catch_up
baseline,1000,-0.6813496048112102,-0.8189340745496179,0.294,0.76,45,20261055,10,easy,catch_up
observed_gain,1000,0.7048628793212456,0.8202541052782722,0.294,0.76,45,20261055,10,easy,catch_up
post_score,1000,0.17631396575388017,0.10738262691746622,0.294,0.76,45,20261055,10,easy,catch_up
baseline,1000,-0.7037454707690437,-0.8330346385988988,0.27,0.717,45,20261055,15,easy,catch_up
observed_gain,1000,0.7258490812854409,0.8312840765933656,0.27,0.717,45,20261055,15,easy,catch_up
post_score,1000,0.17989590889216991,0.10558515965343948,0.27,0.717,45,20261055,15,easy,catch_up
baseline,1000,-0.7198414171928434,-0.8487010902757426,0.225,0.607,45,20261055,30,easy,catch_up
observed_gain,1000,0.7422739226150482,0.8496552330394962,0.225,0.607,45,20261055,30,easy,catch_up
post_score,1000,0.21609913568865258,0.11680661059103674,0.225,0.607,45,20261055,30,easy,catch_up
baseline,1000,-0.5056091611842821,-0.6517183344852097,0.101,0.28,45,20261055,5,broad,catch_up
observed_gain,1000,0.5991352502279241,0.6200150053430192,0.101,0.28,45,20261055,5,broad,catch_up
post_score,1000,0.3094890532937145,0.1529778630142803,0.101,0.28,45,20261055,5,broad,catch_up
baseline,1000,-0.601637483628991,-0.7779666201560175,0.071,0.241,45,20261055,10,broad,catch_up
observed_gain,1000,0.7036835114845817,0.8036819658599035,0.071,0.241,45,20261055,10,broad,catch_up
post_score,1000,0.3281159728561401,0.17051841263709897,0.071,0.241,45,20261055,10,broad,catch_up
baseline,1000,-0.6467764443525718,-0.8137128478537451,0.058,0.199,45,20261055,15,broad,catch_up
observed_gain,1000,0.7407823730945722,0.8344724030608408,0.058,0.199,45,20261055,15,broad,catch_up
post_score,1000,0.33228412955080233,0.1660542772908125,0.058,0.199,45,20261055,15,broad,catch_up
baseline,1000,-0.6808367034364333,-0.8482999847358542,0.041,0.129,45,20261055,30,broad,catch_up
observed_gain,1000,0.7752104352927685,0.878067527925355,0.041,0.129,45,20261055,30,broad,catch_up
post_score,1000,0.359309001355931,0.17976791632677858,0.041,0.129,45,20261055,30,broad,catch_up
baseline,1000,0.46252948297862484,0.7426414858425024,0.44,0.559,46,20261056,5,easy,proportional
observed_gain,1000,-0.08836121813925926,-0.12609456733006041,0.44,0.559,46,20261056,5,easy,proportional
post_score,1000,0.44493311116548034,0.7774859850980267,0.44,0.559,46,20261056,5,easy,proportional
baseline,1000,0.5276962611955041,0.8058735298816425,0.276,0.428,46,20261056,10,easy,proportional
observed_gain,1000,-0.09949351915831073,-0.11475057736997363,0.276,0.428,46,20261056,10,easy,proportional
post_score,1000,0.49698827171760457,0.8540643437143222,0.276,0.428,46,20261056,10,easy,proportional
baseline,1000,0.535003427476811,0.833811879348341,0.253,0.403,46,20261056,15,easy,proportional
observed_gain,1000,-0.14028740330435277,-0.15480151632063774,0.253,0.403,46,20261056,15,easy,proportional
post_score,1000,0.49475442178249707,0.8777856665639734,0.253,0.403,46,20261056,15,easy,proportional
baseline,1000,0.5213106165220499,0.8560299286281262,0.219,0.362,46,20261056,30,easy,proportional
observed_gain,1000,-0.2343741290180831,-0.27347147408152955,0.219,0.362,46,20261056,30,easy,proportional
post_score,1000,0.47159130784799297,0.8956303052229666,0.219,0.362,46,20261056,30,easy,proportional
baseline,1000,0.5003776684559482,0.6926884386819506,0.18,0.278,46,20261056,5,broad,proportional
observed_gain,1000,0.012962756900943888,0.025564004702103214,0.18,0.278,46,20261056,5,broad,proportional
post_score,1000,0.536648842046463,0.7837499042643621,0.18,0.278,46,20261056,5,broad,proportional
baseline,1000,0.5857346112256694,0.7646742586990839,0.06,0.15,46,20261056,10,broad,proportional
observed_gain,1000,0.06758283737648572,0.1262906513192742,0.06,0.15,46,20261056,10,broad,proportional
post_score,1000,0.6237443182382645,0.85675152708382,0.06,0.15,46,20261056,10,broad,proportional
baseline,1000,0.6130842668681324,0.8146562604508685,0.055,0.142,46,20261056,15,broad,proportional
observed_gain,1000,0.026587804748827146,0.11038069896940622,0.055,0.142,46,20261056,15,broad,proportional
post_score,1000,0.6241278517101165,0.8989930847456881,0.055,0.142,46,20261056,15,broad,proportional
baseline,1000,0.6094702340047713,0.8577455386042906,0.045,0.131,46,20261056,30,broad,proportional
observed_gain,1000,-0.08000874980660043,-0.009502533877375752,0.045,0.131,46,20261056,30,broad,proportional
post_score,1000,0.5935557676151244,0.9241694082251634,0.045,0.131,46,20261056,30,broad,proportional
baseline,1000,-0.0056077339234248,0.009541707546283093,0.44,0.684,46,20261056,5,easy,additive
observed_gain,1000,0.15337973787643083,0.14282106897161181,0.44,0.684,46,20261056,5,easy,additive
post_score,1000,0.2653906345439363,0.2839561937180082,0.44,0.684,46,20261056,5,easy,additive
baseline,1000,-0.0015856292868716851,0.003857056389828209,0.276,0.496,46,20261056,10,easy,additive
observed_gain,1000,0.21249977153315325,0.17926651814251462,0.276,0.496,46,20261056,10,easy,additive
post_score,1000,0.3150448297905731,0.32920193639720385,0.276,0.496,46,20261056,10,easy,additive
baseline,1000,6.294523707741147e-4,0.004811532328271669,0.253,0.455,46,20261056,15,easy,additive
observed_gain,1000,0.2032197006170994,0.18542002095100887,0.253,0.455,46,20261056,15,easy,additive
post_score,1000,0.33056471654248754,0.34943893444321195,0.253,0.455,46,20261056,15,easy,additive
baseline,1000,0.0031269699192532376,0.0030419957547625923,0.219,0.398,46,20261056,30,easy,additive
observed_gain,1000,0.15568237474310145,0.1509419006739068,0.219,0.398,46,20261056,30,easy,additive
post_score,1000,0.33812917451737406,0.3560341189816977,0.219,0.398,46,20261056,30,easy,additive
baseline,1000,-0.025501594943279724,-0.020945015774999586,0.18,0.281,46,20261056,5,broad,additive
observed_gain,1000,0.20206310932779414,0.19601700023593835,0.18,0.281,46,20261056,5,broad,additive
post_score,1000,0.24704489364987522,0.24780667201619877,0.18,0.281,46,20261056,5,broad,additive
baseline,1000,-9.094015565716543e-4,-0.002232253140185237,0.06,0.111,46,20261056,10,broad,additive
observed_gain,1000,0.26129206883644873,0.25122192376844127,0.06,0.111,46,20261056,10,broad,additive
post_score,1000,0.2924588737494346,0.276878018821262,0.06,0.111,46,20261056,10,broad,additive
baseline,1000,-0.007329038989744664,-0.006511920723320391,0.055,0.102,46,20261056,15,broad,additive
observed_gain,1000,0.32321057662070446,0.3005917166390392,0.055,0.102,46,20261056,15,broad,additive
post_score,1000,0.32881246748487297,0.3165874013368171,0.055,0.102,46,20261056,15,broad,additive
baseline,1000,-0.004524503348764954,-0.0029695587646017293,0.045,0.086,46,20261056,30,broad,additive
observed_gain,1000,0.31105736153489155,0.29073829592933415,0.045,0.086,46,20261056,30,broad,additive
post_score,1000,0.3585863683001139,0.34821260709638857,0.045,0.086,46,20261056,30,broad,additive
baseline,1000,-0.66646552442567,-0.721749674829966,0.44,0.874,46,20261056,5,easy,catch_up
observed_gain,1000,0.6733388675991856,0.7092046880490609,0.44,0.874,46,20261056,5,easy,catch_up
post_score,1000,0.13852022164294958,0.09785945529312691,0.44,0.874,46,20261056,5,easy,catch_up
baseline,1000,-0.7062942023120095,-0.7908972816477492,0.276,0.745,46,20261056,10,easy,catch_up
observed_gain,1000,0.7275031267525246,0.7868896570543458,0.276,0.745,46,20261056,10,easy,catch_up
post_score,1000,0.20856444535343505,0.15407425881240563,0.276,0.745,46,20261056,10,easy,catch_up
baseline,1000,-0.7308605767117176,-0.8195926401804323,0.253,0.714,46,20261056,15,easy,catch_up
observed_gain,1000,0.7510400475726708,0.8215280094924057,0.253,0.714,46,20261056,15,easy,catch_up
post_score,1000,0.22185802865387322,0.1720392567846069,0.253,0.714,46,20261056,15,easy,catch_up
baseline,1000,-0.7460936996296258,-0.8410744142045654,0.219,0.655,46,20261056,30,easy,catch_up
observed_gain,1000,0.7616114719700323,0.8460060604987844,0.219,0.655,46,20261056,30,easy,catch_up
post_score,1000,0.24046865191478592,0.18398873247814665,0.219,0.655,46,20261056,30,easy,catch_up
baseline,1000,-0.6121824904218293,-0.7071441275074287,0.18,0.436,46,20261056,5,broad,catch_up
observed_gain,1000,0.6512173174717539,0.6997835562208062,0.18,0.436,46,20261056,5,broad,catch_up
post_score,1000,0.26128465583578603,0.17104302790418388,0.18,0.436,46,20261056,5,broad,catch_up
baseline,1000,-0.6395239367108904,-0.7548310297867673,0.06,0.193,46,20261056,10,broad,catch_up
observed_gain,1000,0.7217218880306978,0.7409296978957288,0.06,0.193,46,20261056,10,broad,catch_up
post_score,1000,0.3294917967748924,0.16903235558598848,0.06,0.193,46,20261056,10,broad,catch_up
baseline,1000,-0.6836726857559935,-0.8135755289827957,0.055,0.172,46,20261056,15,broad,catch_up
observed_gain,1000,0.7686254528665334,0.825724803037993,0.055,0.172,46,20261056,15,broad,catch_up
post_score,1000,0.33544885978266165,0.1709477074249251,0.055,0.172,46,20261056,15,broad,catch_up
baseline,1000,-0.728494985098583,-0.850651005380005,0.045,0.139,46,20261056,30,broad,catch_up
observed_gain,1000,0.7966413676604561,0.8739596819577996,0.045,0.139,46,20261056,30,broad,catch_up
post_score,1000,0.35625646673459005,0.1975517419270574,0.045,0.139,46,20261056,30,broad,catch_up
baseline,1000,0.44618352200773287,0.7818622203112428,0.412,0.543,47,20261057,5,easy,proportional
observed_gain,1000,-0.11037324660137554,-0.1211080965204237,0.412,0.543,47,20261057,5,easy,proportional
post_score,1000,0.4020722062344209,0.7980472181174758,0.412,0.543,47,20261057,5,easy,proportional
baseline,1000,0.4705773566577324,0.8278153187314136,0.319,0.469,47,20261057,10,easy,proportional
observed_gain,1000,-0.13673449315048597,-0.14908919017748506,0.319,0.469,47,20261057,10,easy,proportional
post_score,1000,0.4196153295606109,0.8418679730993517,0.319,0.469,47,20261057,10,easy,proportional
baseline,1000,0.4847241223800905,0.8427303225738376,0.244,0.394,47,20261057,15,easy,proportional
observed_gain,1000,-0.1283317260443052,-0.11372430859678703,0.244,0.394,47,20261057,15,easy,proportional
post_score,1000,0.437128626443686,0.8714084341672812,0.244,0.394,47,20261057,15,easy,proportional
baseline,1000,0.4833281464407825,0.8672115716782068,0.186,0.311,47,20261057,30,easy,proportional
observed_gain,1000,-0.16552506003698086,-0.18597272768616832,0.186,0.311,47,20261057,30,easy,proportional
post_score,1000,0.43526540628900867,0.8961947697364323,0.186,0.311,47,20261057,30,easy,proportional
baseline,1000,0.5024221100550867,0.736521627010942,0.198,0.314,47,20261057,5,broad,proportional
observed_gain,1000,-0.01228516509011479,0.04633430091210684,0.198,0.314,47,20261057,5,broad,proportional
post_score,1000,0.4979021610191388,0.8256148784620888,0.198,0.314,47,20261057,5,broad,proportional
baseline,1000,0.5444396715570164,0.7956523653681145,0.124,0.235,47,20261057,10,broad,proportional
observed_gain,1000,-0.010054751911144254,0.0803909746289636,0.124,0.235,47,20261057,10,broad,proportional
post_score,1000,0.5294622085024212,0.8729412730310623,0.124,0.235,47,20261057,10,broad,proportional
baseline,1000,0.5635156392886735,0.814232647783588,0.059,0.137,47,20261057,15,broad,proportional
observed_gain,1000,0.024333274655298793,0.12116021660880137,0.059,0.137,47,20261057,15,broad,proportional
post_score,1000,0.5544618006227848,0.8842976679070267,0.059,0.137,47,20261057,15,broad,proportional
baseline,1000,0.5698579682322363,0.8603145737506489,0.032,0.09,47,20261057,30,broad,proportional
observed_gain,1000,0.006231182026585677,0.10022388078615586,0.032,0.09,47,20261057,30,broad,proportional
post_score,1000,0.558207222885809,0.9180884629455857,0.032,0.09,47,20261057,30,broad,proportional
baseline,1000,-0.015873898229522898,-0.008515414870689714,0.412,0.682,47,20261057,5,easy,additive
observed_gain,1000,0.18106674458323577,0.1785263885239669,0.412,0.682,47,20261057,5,easy,additive
post_score,1000,0.2587592733644278,0.2670519305162092,0.412,0.682,47,20261057,5,easy,additive
baseline,1000,-0.02019131275972612,-0.008822312417882975,0.319,0.571,47,20261057,10,easy,additive
observed_gain,1000,0.2067287908485858,0.19106001989292995,0.319,0.571,47,20261057,10,easy,additive
post_score,1000,0.28735129080316923,0.29744510751413894,0.319,0.571,47,20261057,10,easy,additive
baseline,1000,-0.017258594714946698,-0.012048640522294707,0.244,0.453,47,20261057,15,easy,additive
observed_gain,1000,0.22503377026416502,0.2182444004587507,0.244,0.453,47,20261057,15,easy,additive
post_score,1000,0.30716910055769314,0.3029814737167516,0.244,0.453,47,20261057,15,easy,additive
baseline,1000,-0.023463893295874085,-0.00930236438441769,0.186,0.337,47,20261057,30,easy,additive
observed_gain,1000,0.2244092094980496,0.19855091890388304,0.186,0.337,47,20261057,30,easy,additive
post_score,1000,0.3250005467380203,0.31574129392973094,0.186,0.337,47,20261057,30,easy,additive
baseline,1000,-0.011824252583571511,-0.0011995202559235648,0.198,0.33,47,20261057,5,broad,additive
observed_gain,1000,0.25201132186615177,0.2253097903979945,0.198,0.33,47,20261057,5,broad,additive
post_score,1000,0.2663019558674174,0.2537158599156851,0.198,0.33,47,20261057,5,broad,additive
baseline,1000,-0.011288742934876469,-0.0026220804494264944,0.124,0.204,47,20261057,10,broad,additive
observed_gain,1000,0.28509871962229133,0.2665195497935019,0.124,0.204,47,20261057,10,broad,additive
post_score,1000,0.2755379699890295,0.2668968456631592,0.124,0.204,47,20261057,10,broad,additive
baseline,1000,-0.007801098868438628,-0.011410390413426888,0.059,0.104,47,20261057,15,broad,additive
observed_gain,1000,0.2825289243952032,0.25676179350301864,0.059,0.104,47,20261057,15,broad,additive
post_score,1000,0.2707555257473277,0.24829534714634635,0.059,0.104,47,20261057,15,broad,additive
baseline,1000,-0.013786872551734318,-0.00399575868771339,0.032,0.058,47,20261057,30,broad,additive
observed_gain,1000,0.3222216798442306,0.29074255621612166,0.032,0.058,47,20261057,30,broad,additive
post_score,1000,0.3195403848253298,0.29999975672989054,0.032,0.058,47,20261057,30,broad,additive
baseline,1000,-0.630039224427816,-0.7732759104867467,0.412,0.906,47,20261057,5,easy,catch_up
observed_gain,1000,0.6398447783194687,0.772202999960497,0.412,0.906,47,20261057,5,easy,catch_up
post_score,1000,0.1221808951199603,0.11065237555956137,0.412,0.906,47,20261057,5,easy,catch_up
baseline,1000,-0.6713562115244041,-0.8198823908295523,0.319,0.833,47,20261057,10,easy,catch_up
observed_gain,1000,0.6863362119516412,0.8199520291891682,0.319,0.833,47,20261057,10,easy,catch_up
post_score,1000,0.16298181303731718,0.13222299977912494,0.319,0.833,47,20261057,10,easy,catch_up
baseline,1000,-0.6738736541509991,-0.8352220503353803,0.244,0.711,47,20261057,15,easy,catch_up
observed_gain,1000,0.6968807414309843,0.8345161514433052,0.244,0.711,47,20261057,15,easy,catch_up
post_score,1000,0.19179141131213448,0.1279275924175799,0.244,0.711,47,20261057,15,easy,catch_up
baseline,1000,-0.6978318425759834,-0.8575538813867256,0.186,0.577,47,20261057,30,easy,catch_up
observed_gain,1000,0.7215764089058317,0.8619304005433308,0.186,0.577,47,20261057,30,easy,catch_up
post_score,1000,0.232225700027896,0.16102171338270277,0.186,0.577,47,20261057,30,easy,catch_up
baseline,1000,-0.5553561209952426,-0.732210370311417,0.198,0.545,47,20261057,5,broad,catch_up
observed_gain,1000,0.6198014908892588,0.7375820168847564,0.198,0.545,47,20261057,5,broad,catch_up
post_score,1000,0.23119941635406796,0.11570731644422831,0.198,0.545,47,20261057,5,broad,catch_up
baseline,1000,-0.6057427559708852,-0.788434947531569,0.124,0.368,47,20261057,10,broad,catch_up
observed_gain,1000,0.6913155686848538,0.8137558779502534,0.124,0.368,47,20261057,10,broad,catch_up
post_score,1000,0.29219049375176,0.15930996463706168,0.124,0.368,47,20261057,10,broad,catch_up
baseline,1000,-0.6194385302765607,-0.8076553608460699,0.059,0.174,47,20261057,15,broad,catch_up
observed_gain,1000,0.7225652603852123,0.8166832408383694,0.059,0.174,47,20261057,15,broad,catch_up
post_score,1000,0.34486120370818435,0.1744244084619951,0.059,0.174,47,20261057,15,broad,catch_up
baseline,1000,-0.6658977866320982,-0.8485322445822981,0.032,0.096,47,20261057,30,broad,catch_up
observed_gain,1000,0.7665617373321726,0.873219150177856,0.032,0.096,47,20261057,30,broad,catch_up
post_score,1000,0.3938653500916785,0.20754681205945488,0.032,0.096,47,20261057,30,broad,catch_up
baseline,1000,0.46401721133278434,0.7335169741212293,0.413,0.535,48,20261058,5,easy,proportional
observed_gain,1000,-0.05311570672722872,-0.033394099672701266,0.413,0.535,48,20261058,5,easy,proportional
post_score,1000,0.4514080332437156,0.7996229870833609,0.413,0.535,48,20261058,5,easy,proportional
baseline,1000,0.5110677584193806,0.8193481230019926,0.318,0.453,48,20261058,10,easy,proportional
observed_gain,1000,-0.11519126710827869,-0.10680346436493653,0.318,0.453,48,20261058,10,easy,proportional
post_score,1000,0.4726304797664959,0.8525516458762179,0.318,0.453,48,20261058,10,easy,proportional
baseline,1000,0.5074144797489124,0.8406412892929629,0.293,0.435,48,20261058,15,easy,proportional
observed_gain,1000,-0.1570866705873141,-0.1649976983921889,0.293,0.435,48,20261058,15,easy,proportional
post_score,1000,0.46115238248016904,0.8636376814687216,0.293,0.435,48,20261058,15,easy,proportional
baseline,1000,0.5377508684297079,0.8674792313395764,0.183,0.317,48,20261058,30,easy,proportional
observed_gain,1000,-0.1916678693435578,-0.1770698267424646,0.183,0.317,48,20261058,30,easy,proportional
post_score,1000,0.4867579829591926,0.894178239359843,0.183,0.317,48,20261058,30,easy,proportional
baseline,1000,0.5019698646046656,0.6540978754949214,0.152,0.277,48,20261058,5,broad,proportional
observed_gain,1000,0.0668067775576732,0.14552620267530164,0.152,0.277,48,20261058,5,broad,proportional
post_score,1000,0.5445262505531646,0.7863113855562085,0.152,0.277,48,20261058,5,broad,proportional
baseline,1000,0.5788575436572461,0.7825189685348928,0.087,0.193,48,20261058,10,broad,proportional
observed_gain,1000,0.052353492269175794,0.1453464120027555,0.087,0.193,48,20261058,10,broad,proportional
post_score,1000,0.5867802925522755,0.8673778578005565,0.087,0.193,48,20261058,10,broad,proportional
baseline,1000,0.5905481369607317,0.8289601213596497,0.075,0.185,48,20261058,15,broad,proportional
observed_gain,1000,0.015750633262734792,0.1266389093398048,0.075,0.185,48,20261058,15,broad,proportional
post_score,1000,0.5789712157414071,0.8944792166184191,0.075,0.185,48,20261058,15,broad,proportional
baseline,1000,0.6336047885801847,0.862008644740591,0.024,0.079,48,20261058,30,broad,proportional
observed_gain,1000,0.04870145161615638,0.19930444376797607,0.024,0.079,48,20261058,30,broad,proportional
post_score,1000,0.6244533262694698,0.9276590640187293,0.024,0.079,48,20261058,30,broad,proportional
baseline,1000,-0.013876941515388706,0.0016280552634494053,0.413,0.654,48,20261058,5,easy,additive
observed_gain,1000,0.19495209615646605,0.16328252730542586,0.413,0.654,48,20261058,5,easy,additive
post_score,1000,0.27683746584351354,0.3113033109714372,0.413,0.654,48,20261058,5,easy,additive
baseline,1000,-0.0017908817724378216,0.016583069772670413,0.318,0.514,48,20261058,10,easy,additive
observed_gain,1000,0.19610524959374714,0.16319542224666195,0.318,0.514,48,20261058,10,easy,additive
post_score,1000,0.30001836461785164,0.3106199234604999,0.318,0.514,48,20261058,10,easy,additive
baseline,1000,3.374977188041408e-4,0.0182875748123346,0.293,0.489,48,20261058,15,easy,additive
observed_gain,1000,0.1718886265910818,0.1405082688871196,0.293,0.489,48,20261058,15,easy,additive
post_score,1000,0.2979326530946792,0.30388481578427745,0.293,0.489,48,20261058,15,easy,additive
baseline,1000,-0.0017149273825158632,0.023598738298152448,0.183,0.313,48,20261058,30,easy,additive
observed_gain,1000,0.21289948070410153,0.16479254554413705,0.183,0.313,48,20261058,30,easy,additive
post_score,1000,0.3315330901619127,0.3258150806090568,0.183,0.313,48,20261058,30,easy,additive
baseline,1000,-0.014477574184573983,-0.009708476759127095,0.152,0.268,48,20261058,5,broad,additive
observed_gain,1000,0.2291357006486704,0.19406604864650087,0.152,0.268,48,20261058,5,broad,additive
post_score,1000,0.25841145397621024,0.23326451691874067,0.152,0.268,48,20261058,5,broad,additive
baseline,1000,-0.00721219233682274,0.0054833422071215,0.087,0.161,48,20261058,10,broad,additive
observed_gain,1000,0.2975333041507852,0.24706377060235388,0.087,0.161,48,20261058,10,broad,additive
post_score,1000,0.30442093554172145,0.27682172419261425,0.087,0.161,48,20261058,10,broad,additive
baseline,1000,-0.002404601606173228,0.012700623762339956,0.075,0.143,48,20261058,15,broad,additive
observed_gain,1000,0.3067366202526574,0.27171411453088856,0.075,0.143,48,20261058,15,broad,additive
post_score,1000,0.3191252417150524,0.3017269830582292,0.075,0.143,48,20261058,15,broad,additive
baseline,1000,0.008395040401645721,0.022080917681623204,0.024,0.043,48,20261058,30,broad,additive
observed_gain,1000,0.3678892071748292,0.3270564565006802,0.024,0.043,48,20261058,30,broad,additive
post_score,1000,0.3438626753375435,0.3254731836545159,0.024,0.043,48,20261058,30,broad,additive
baseline,1000,-0.6048083876076591,-0.7299286952897658,0.413,0.85,48,20261058,5,easy,catch_up
observed_gain,1000,0.6132105253533502,0.7122808736827356,0.413,0.85,48,20261058,5,easy,catch_up
post_score,1000,0.12517607350528612,0.07183431001031498,0.413,0.85,48,20261058,5,easy,catch_up
baseline,1000,-0.6672692482483696,-0.8027569545387658,0.318,0.757,48,20261058,10,easy,catch_up
observed_gain,1000,0.6805498123002843,0.7867910357416725,0.318,0.757,48,20261058,10,easy,catch_up
post_score,1000,0.1489893807274605,0.06126187985634513,0.318,0.757,48,20261058,10,easy,catch_up
baseline,1000,-0.6853815835513611,-0.8206341833315398,0.293,0.73,48,20261058,15,easy,catch_up
observed_gain,1000,0.6997365799501952,0.8056754854179528,0.293,0.73,48,20261058,15,easy,catch_up
post_score,1000,0.15749452752605395,0.06237184330426941,0.293,0.73,48,20261058,15,easy,catch_up
baseline,1000,-0.7074802499991449,-0.8456919124948095,0.183,0.518,48,20261058,30,easy,catch_up
observed_gain,1000,0.7332495833515756,0.848239879200458,0.183,0.518,48,20261058,30,easy,catch_up
post_score,1000,0.2288214679283669,0.11821190123677489,0.183,0.518,48,20261058,30,easy,catch_up
baseline,1000,-0.5263620482696875,-0.6513694917280094,0.152,0.415,48,20261058,5,broad,catch_up
observed_gain,1000,0.5933794812624461,0.6125464255012837,0.152,0.415,48,20261058,5,broad,catch_up
post_score,1000,0.2522888694472877,0.10232432353640292,0.152,0.415,48,20261058,5,broad,catch_up
baseline,1000,-0.6167683268037799,-0.774447429319458,0.087,0.258,48,20261058,10,broad,catch_up
observed_gain,1000,0.7040919930415109,0.7410483275247505,0.087,0.258,48,20261058,10,broad,catch_up
post_score,1000,0.2940147759608171,0.10158603327764547,0.087,0.258,48,20261058,10,broad,catch_up
baseline,1000,-0.6559470436865937,-0.8130609399631099,0.075,0.244,48,20261058,15,broad,catch_up
observed_gain,1000,0.7371833826551842,0.803494086150483,0.075,0.244,48,20261058,15,broad,catch_up
post_score,1000,0.30508939997612206,0.11685769494270332,0.075,0.244,48,20261058,15,broad,catch_up
baseline,1000,-0.6669293355087751,-0.8393391833153692,0.024,0.076,48,20261058,30,broad,catch_up
observed_gain,1000,0.78931410906655,0.8598021815533987,0.024,0.076,48,20261058,30,broad,catch_up
post_score,1000,0.3904306573698417,0.15572334795540418,0.024,0.076,48,20261058,30,broad,catch_up
baseline,1000,0.48736731255595567,0.7582380386553969,0.478,0.596,49,20261059,5,easy,proportional
observed_gain,1000,-0.12730763221698102,-0.13816638810801732,0.478,0.596,49,20261059,5,easy,proportional
post_score,1000,0.4383830980071826,0.7761212893719799,0.478,0.596,49,20261059,5,easy,proportional
baseline,1000,0.5387909973448227,0.8229525622349491,0.326,0.476,49,20261059,10,easy,proportional
observed_gain,1000,-0.14176276156178907,-0.11452427365874128,0.326,0.476,49,20261059,10,easy,proportional
post_score,1000,0.49241755528706294,0.8496803027338279,0.326,0.476,49,20261059,10,easy,proportional
baseline,1000,0.5661504979678764,0.8474091280161915,0.246,0.396,49,20261059,15,easy,proportional
observed_gain,1000,-0.15212629402476585,-0.13450492124657287,0.246,0.396,49,20261059,15,easy,proportional
post_score,1000,0.52181280528302,0.8801689138519055,0.246,0.396,49,20261059,15,easy,proportional
baseline,1000,0.5807755878043568,0.8708488980834191,0.184,0.309,49,20261059,30,easy,proportional
observed_gain,1000,-0.211873332772788,-0.18700733461610167,0.184,0.309,49,20261059,30,easy,proportional
post_score,1000,0.5328343140019752,0.914382499907746,0.184,0.309,49,20261059,30,easy,proportional
baseline,1000,0.5493440652961717,0.7356088693498845,0.272,0.409,49,20261059,5,broad,proportional
observed_gain,1000,-0.03561950304543571,0.005554374710790269,0.272,0.409,49,20261059,5,broad,proportional
post_score,1000,0.5328919794326011,0.7962192802463343,0.272,0.409,49,20261059,5,broad,proportional
baseline,1000,0.6108750537774809,0.8007784340353873,0.12,0.246,49,20261059,10,broad,proportional
observed_gain,1000,0.011759854027007402,0.10741135494700597,0.12,0.246,49,20261059,10,broad,proportional
post_score,1000,0.6041197720985386,0.8677145830743342,0.12,0.246,49,20261059,10,broad,proportional
baseline,1000,0.6380030363202778,0.8214310335434949,0.067,0.157,49,20261059,15,broad,proportional
observed_gain,1000,0.04872220293259638,0.1517033480180803,0.067,0.157,49,20261059,15,broad,proportional
post_score,1000,0.639180832151748,0.8928373013986474,0.067,0.157,49,20261059,15,broad,proportional
baseline,1000,0.6698284784034769,0.8687867931984818,0.035,0.1,49,20261059,30,broad,proportional
observed_gain,1000,0.02503910049705782,0.16938488787835418,0.035,0.1,49,20261059,30,broad,proportional
post_score,1000,0.6550014985934459,0.9272728136824261,0.035,0.1,49,20261059,30,broad,proportional
baseline,1000,-0.012241371530323517,-0.0237809603480764,0.478,0.762,49,20261059,5,easy,additive
observed_gain,1000,0.13661291780188717,0.13972054706238726,0.478,0.762,49,20261059,5,easy,additive
post_score,1000,0.24032455237701106,0.26178656257146965,0.478,0.762,49,20261059,5,easy,additive
baseline,1000,-0.02239284248324189,-0.025587397032108126,0.326,0.577,49,20261059,10,easy,additive
observed_gain,1000,0.2021883072818508,0.1783137964638691,0.326,0.577,49,20261059,10,easy,additive
post_score,1000,0.29976085039191913,0.29665932537832584,0.326,0.577,49,20261059,10,easy,additive
baseline,1000,-0.015519223295242605,-0.029265433317934558,0.246,0.457,49,20261059,15,easy,additive
observed_gain,1000,0.22278212639110032,0.209801366039944,0.246,0.457,49,20261059,15,easy,additive
post_score,1000,0.3275087376637047,0.3068372960163971,0.246,0.457,49,20261059,15,easy,additive
baseline,1000,-0.008886573847450311,-0.024919370727058923,0.184,0.329,49,20261059,30,easy,additive
observed_gain,1000,0.22383519734136104,0.21001253827363045,0.184,0.329,49,20261059,30,easy,additive
post_score,1000,0.35122481184372467,0.3321339752991018,0.184,0.329,49,20261059,30,easy,additive
baseline,1000,-0.011886283087769687,-0.024184374998405457,0.272,0.473,49,20261059,5,broad,additive
observed_gain,1000,0.1947547131494739,0.19034919912415504,0.272,0.473,49,20261059,5,broad,additive
post_score,1000,0.23465011335228278,0.22036273797511827,0.272,0.473,49,20261059,5,broad,additive
baseline,1000,-0.023392796020084487,-0.030654952706749644,0.12,0.235,49,20261059,10,broad,additive
observed_gain,1000,0.3046085129799134,0.28845418467138295,0.12,0.235,49,20261059,10,broad,additive
post_score,1000,0.2944369867917246,0.2774573165638158,0.12,0.235,49,20261059,10,broad,additive
baseline,1000,-0.014604933229212254,-0.02674697437485939,0.067,0.12,49,20261059,15,broad,additive
observed_gain,1000,0.3366475746218416,0.32912342817931683,0.067,0.12,49,20261059,15,broad,additive
post_score,1000,0.3061087475320988,0.2825841675360041,0.067,0.12,49,20261059,15,broad,additive
baseline,1000,0.0021404929617927205,-0.0075108953573583,0.035,0.066,49,20261059,30,broad,additive
observed_gain,1000,0.379570423830463,0.35465060869094694,0.035,0.066,49,20261059,30,broad,additive
post_score,1000,0.33789066873898993,0.3089132952534715,0.035,0.066,49,20261059,30,broad,additive
baseline,1000,-0.6701107657695147,-0.7447498646776739,0.478,0.94,49,20261059,5,easy,catch_up
observed_gain,1000,0.6770648369464007,0.742937457498817,0.478,0.94,49,20261059,5,easy,catch_up
post_score,1000,0.0918574970248818,0.06778349544082779,0.478,0.94,49,20261059,5,easy,catch_up
baseline,1000,-0.7172137707004859,-0.8159317177615966,0.326,0.844,49,20261059,10,easy,catch_up
observed_gain,1000,0.7321598586324457,0.8132458119248408,0.326,0.844,49,20261059,10,easy,catch_up
post_score,1000,0.14784962607847957,0.09082702960174457,0.326,0.844,49,20261059,10,easy,catch_up
baseline,1000,-0.7296285252257162,-0.8426847758405358,0.246,0.744,49,20261059,15,easy,catch_up
observed_gain,1000,0.7498437350551983,0.8440814378159627,0.246,0.744,49,20261059,15,easy,catch_up
post_score,1000,0.17825961297291612,0.10308408313667522,0.246,0.744,49,20261059,15,easy,catch_up
baseline,1000,-0.7432697179818867,-0.8616556064453689,0.184,0.584,49,20261059,30,easy,catch_up
observed_gain,1000,0.7660956021251185,0.8670094791671782,0.184,0.584,49,20261059,30,easy,catch_up
post_score,1000,0.24821686594807552,0.16524204012618735,0.184,0.584,49,20261059,30,easy,catch_up
baseline,1000,-0.6109065182611687,-0.7235539879275215,0.272,0.725,49,20261059,5,broad,catch_up
observed_gain,1000,0.6376812554627729,0.7168413352693848,0.272,0.725,49,20261059,5,broad,catch_up
post_score,1000,0.15248978418295536,0.06293343792870554,0.272,0.725,49,20261059,5,broad,catch_up
baseline,1000,-0.6636338973406066,-0.7963241839077136,0.12,0.397,49,20261059,10,broad,catch_up
observed_gain,1000,0.7432556549189128,0.8149392527640351,0.12,0.397,49,20261059,10,broad,catch_up
post_score,1000,0.2762830315752268,0.1423222928669747,0.12,0.397,49,20261059,10,broad,catch_up
baseline,1000,-0.6658345600730652,-0.8146851492357213,0.067,0.216,49,20261059,15,broad,catch_up
observed_gain,1000,0.7677466811664724,0.840849006385903,0.067,0.216,49,20261059,15,broad,catch_up
post_score,1000,0.32793785862256986,0.15884930769709585,0.067,0.216,49,20261059,15,broad,catch_up
baseline,1000,-0.6906403163745872,-0.8425136877602196,0.035,0.115,49,20261059,30,broad,catch_up
observed_gain,1000,0.8068831230347077,0.8870175594635763,0.035,0.115,49,20261059,30,broad,catch_up
post_score,1000,0.3837566205325038,0.19065626179642503,0.035,0.115,49,20261059,30,broad,catch_up
baseline,1000,0.4673828466642394,0.7641184655440572,0.481,0.597,50,20261060,5,easy,proportional
observed_gain,1000,-0.11834599195337311,-0.14339827742926994,0.481,0.597,50,20261060,5,easy,proportional
post_score,1000,0.4202416716052799,0.7664086135804145,0.481,0.597,50,20261060,5,easy,proportional
baseline,1000,0.48717509166926465,0.8047599235086511,0.382,0.496,50,20261060,10,easy,proportional
observed_gain,1000,-0.15263844248323513,-0.18333191815590333,0.382,0.496,50,20261060,10,easy,proportional
post_score,1000,0.43636190525276897,0.8126147744701562,0.382,0.496,50,20261060,10,easy,proportional
baseline,1000,0.5161803477088798,0.8337683984748494,0.293,0.421,50,20261060,15,easy,proportional
observed_gain,1000,-0.1597093322049848,-0.1522735058320171,0.293,0.421,50,20261060,15,easy,proportional
post_score,1000,0.468363467048908,0.8589705936042589,0.293,0.421,50,20261060,15,easy,proportional
baseline,1000,0.5446497531005638,0.8621086583241219,0.191,0.307,50,20261060,30,easy,proportional
observed_gain,1000,-0.2051235909788639,-0.18987319605828404,0.191,0.307,50,20261060,30,easy,proportional
post_score,1000,0.49158201550788627,0.8928628451835933,0.191,0.307,50,20261060,30,easy,proportional
baseline,1000,0.5554768722439849,0.7680258246959771,0.274,0.399,50,20261060,5,broad,proportional
observed_gain,1000,-0.0666340948976465,0.006678216668670456,0.274,0.399,50,20261060,5,broad,proportional
post_score,1000,0.5143404010048446,0.8200627982375598,0.274,0.399,50,20261060,5,broad,proportional
baseline,1000,0.5706536962123021,0.8125827518356846,0.147,0.233,50,20261060,10,broad,proportional
observed_gain,1000,-0.0740414317463748,-0.015910502502050627,0.147,0.233,50,20261060,10,broad,proportional
post_score,1000,0.5353390377423544,0.8511093307141979,0.147,0.233,50,20261060,10,broad,proportional
baseline,1000,0.604730782718493,0.832584353033417,0.079,0.156,50,20261060,15,broad,proportional
observed_gain,1000,-0.04223710449931417,0.058586700089065455,0.079,0.156,50,20261060,15,broad,proportional
post_score,1000,0.5744094963327986,0.8776248175702926,0.079,0.156,50,20261060,15,broad,proportional
baseline,1000,0.6381477609068101,0.8573097889389663,0.031,0.081,50,20261060,30,broad,proportional
observed_gain,1000,-0.03710395168875114,0.10096419568985696,0.031,0.081,50,20261060,30,broad,proportional
post_score,1000,0.6134820452214667,0.9168929715216465,0.031,0.081,50,20261060,30,broad,proportional
baseline,1000,-0.06168741865193272,-0.05110423134900691,0.481,0.751,50,20261060,5,easy,additive
observed_gain,1000,0.2014274983859251,0.16053403227903604,0.481,0.751,50,20261060,5,easy,additive
post_score,1000,0.24391397861650896,0.24762289223834857,0.481,0.751,50,20261060,5,easy,additive
baseline,1000,-0.06562645363975764,-0.04705558531872827,0.382,0.616,50,20261060,10,easy,additive
observed_gain,1000,0.21491438994141132,0.18183547050842516,0.382,0.616,50,20261060,10,easy,additive
post_score,1000,0.27806721842436355,0.2730822688872761,0.382,0.616,50,20261060,10,easy,additive
baseline,1000,-0.06045262690720766,-0.035139911509392344,0.293,0.5,50,20261060,15,easy,additive
observed_gain,1000,0.2520425633540721,0.2032261523355484,0.293,0.5,50,20261060,15,easy,additive
post_score,1000,0.31593500218738446,0.2968439487663987,0.293,0.5,50,20261060,15,easy,additive
baseline,1000,-0.06084673658640634,-0.0445938149570555,0.191,0.344,50,20261060,30,easy,additive
observed_gain,1000,0.2733398088858454,0.2252436881590503,0.191,0.344,50,20261060,30,easy,additive
post_score,1000,0.334821935335134,0.30555048612095387,0.191,0.344,50,20261060,30,easy,additive
baseline,1000,-0.03793618443179309,-0.013200720141312114,0.274,0.466,50,20261060,5,broad,additive
observed_gain,1000,0.2817034796922938,0.2416505301187473,0.274,0.466,50,20261060,5,broad,additive
post_score,1000,0.2795140809642246,0.27382421959167047,0.274,0.466,50,20261060,5,broad,additive
baseline,1000,-0.040994445822490615,-0.020968701332890295,0.147,0.236,50,20261060,10,broad,additive
observed_gain,1000,0.2729416034758051,0.233552855226703,0.147,0.236,50,20261060,10,broad,additive
post_score,1000,0.2856288362323512,0.27713015756054743,0.147,0.236,50,20261060,10,broad,additive
baseline,1000,-0.039317577702204204,-0.027854646700920513,0.079,0.131,50,20261060,15,broad,additive
observed_gain,1000,0.30979951684894214,0.27875647014935884,0.079,0.131,50,20261060,15,broad,additive
post_score,1000,0.29416342763481707,0.27561638060184146,0.079,0.131,50,20261060,15,broad,additive
baseline,1000,-0.05462438959542204,-0.04216000821201495,0.031,0.046,50,20261060,30,broad,additive
observed_gain,1000,0.3945635636636077,0.3567962086549476,0.031,0.046,50,20261060,30,broad,additive
post_score,1000,0.3115590061323168,0.2789904947582486,0.031,0.046,50,20261060,30,broad,additive
baseline,1000,-0.6420366456175817,-0.7627483964985463,0.481,0.931,50,20261060,5,easy,catch_up
observed_gain,1000,0.6513313321423488,0.7512716572078675,0.481,0.931,50,20261060,5,easy,catch_up
post_score,1000,0.10340715628012812,0.0640712176688018,0.481,0.931,50,20261060,5,easy,catch_up
baseline,1000,-0.6677992594817849,-0.7915320174775088,0.382,0.843,50,20261060,10,easy,catch_up
observed_gain,1000,0.6822094740846608,0.7830400606419782,0.382,0.843,50,20261060,10,easy,catch_up
post_score,1000,0.15990876528474618,0.09740103237364744,0.382,0.843,50,20261060,10,easy,catch_up
baseline,1000,-0.6823581732773316,-0.8103124541508029,0.293,0.759,50,20261060,15,easy,catch_up
observed_gain,1000,0.702520726591478,0.805636412007149,0.293,0.759,50,20261060,15,easy,catch_up
post_score,1000,0.18991184870303265,0.12246160034634178,0.293,0.759,50,20261060,15,easy,catch_up
baseline,1000,-0.7047960538655178,-0.8485794212343036,0.191,0.582,50,20261060,30,easy,catch_up
observed_gain,1000,0.7290656010051945,0.8471455731225536,0.191,0.582,50,20261060,30,easy,catch_up
post_score,1000,0.2526870291085553,0.17935617051995334,0.191,0.582,50,20261060,30,easy,catch_up
baseline,1000,-0.5792060980709646,-0.7404944622382647,0.274,0.712,50,20261060,5,broad,catch_up
observed_gain,1000,0.6303249038339568,0.7542445382944053,0.274,0.712,50,20261060,5,broad,catch_up
post_score,1000,0.19831553100800614,0.13073836260556457,0.274,0.712,50,20261060,5,broad,catch_up
baseline,1000,-0.6294818535707287,-0.7785263338357608,0.147,0.419,50,20261060,10,broad,catch_up
observed_gain,1000,0.6932530038827803,0.7899337158677256,0.147,0.419,50,20261060,10,broad,catch_up
post_score,1000,0.28753561838281533,0.19996806409477852,0.147,0.419,50,20261060,10,broad,catch_up
baseline,1000,-0.6397965839714104,-0.804221637900471,0.079,0.245,50,20261060,15,broad,catch_up
observed_gain,1000,0.7247695563406799,0.8211470990576132,0.079,0.245,50,20261060,15,broad,catch_up
post_score,1000,0.34416080456742754,0.21567142989792676,0.079,0.245,50,20261060,15,broad,catch_up
baseline,1000,-0.660906176414907,-0.8438242575720555,0.031,0.109,50,20261060,30,broad,catch_up
observed_gain,1000,0.7658724014724895,0.8715960639781212,0.031,0.109,50,20261060,30,broad,catch_up
post_score,1000,0.40411635627074477,0.2409038364619372,0.031,0.109,50,20261060,30,broad,catch_up
baseline,1000,0.5584446542814672,0.7767945376582726,0.417,0.571,51,20261061,5,easy,proportional
observed_gain,1000,-0.15380725504044224,-0.15763402804388763,0.417,0.571,51,20261061,5,easy,proportional
post_score,1000,0.5024332670326418,0.788596802154792,0.417,0.571,51,20261061,5,easy,proportional
baseline,1000,0.6287477081405819,0.8304574699360001,0.276,0.411,51,20261061,10,easy,proportional
observed_gain,1000,-0.15425402093461132,-0.11477868042735746,0.276,0.411,51,20261061,10,easy,proportional
post_score,1000,0.5679075775681383,0.8613327478974202,0.276,0.411,51,20261061,10,easy,proportional
baseline,1000,0.6267502727549533,0.8548088040288584,0.26,0.393,51,20261061,15,easy,proportional
observed_gain,1000,-0.20586019193026742,-0.16992039046630847,0.26,0.393,51,20261061,15,easy,proportional
post_score,1000,0.5577591865890877,0.8789686458891238,0.26,0.393,51,20261061,15,easy,proportional
baseline,1000,0.5975870530312222,0.8691430730146972,0.237,0.364,51,20261061,30,easy,proportional
observed_gain,1000,-0.28076597345879867,-0.27420954067800424,0.237,0.364,51,20261061,30,easy,proportional
post_score,1000,0.5326736676411966,0.8919651577656649,0.237,0.364,51,20261061,30,easy,proportional
baseline,1000,0.6201282353125269,0.7248345976992883,0.198,0.325,51,20261061,5,broad,proportional
observed_gain,1000,6.687920447619914e-5,0.05681008761578815,0.198,0.325,51,20261061,5,broad,proportional
post_score,1000,0.6250098555056941,0.8255459932567488,0.198,0.325,51,20261061,5,broad,proportional
baseline,1000,0.6747144524789648,0.7490341565843872,0.056,0.16,51,20261061,10,broad,proportional
observed_gain,1000,0.12267365263015156,0.199082486262981,0.056,0.16,51,20261061,10,broad,proportional
post_score,1000,0.710820074822373,0.8596693603367369,0.056,0.16,51,20261061,10,broad,proportional
baseline,1000,0.6947586799625752,0.8174603924384898,0.049,0.148,51,20261061,15,broad,proportional
observed_gain,1000,0.07718917131975268,0.16628295494285986,0.049,0.148,51,20261061,15,broad,proportional
post_score,1000,0.7089354944962829,0.9001726079817006,0.049,0.148,51,20261061,15,broad,proportional
baseline,1000,0.6804856679052789,0.8660654072963865,0.04,0.126,51,20261061,30,broad,proportional
observed_gain,1000,-0.0112027258833711,0.06701792206899716,0.04,0.126,51,20261061,30,broad,proportional
post_score,1000,0.6757651368898112,0.9263721947508756,0.04,0.126,51,20261061,30,broad,proportional
baseline,1000,-0.006868752560720689,0.005754588709471367,0.417,0.701,51,20261061,5,easy,additive
observed_gain,1000,0.170023254561331,0.15662714505682293,0.417,0.701,51,20261061,5,easy,additive
post_score,1000,0.2615282174631415,0.2712280199938621,0.417,0.701,51,20261061,5,easy,additive
baseline,1000,0.0021964082172762373,0.0014749466746226234,0.276,0.478,51,20261061,10,easy,additive
observed_gain,1000,0.22663879799732964,0.2196527678777479,0.276,0.478,51,20261061,10,easy,additive
post_score,1000,0.3051220425457883,0.28690183865384444,0.276,0.478,51,20261061,10,easy,additive
baseline,1000,-0.004456489895814896,-0.003594740224337673,0.26,0.449,51,20261061,15,easy,additive
observed_gain,1000,0.2202528906241519,0.20143078028101044,0.26,0.449,51,20261061,15,easy,additive
post_score,1000,0.31307783662568234,0.29187404265325817,0.26,0.449,51,20261061,15,easy,additive
baseline,1000,-0.01785583579522684,-0.011990466118844538,0.237,0.39,51,20261061,30,easy,additive
observed_gain,1000,0.1924144885052354,0.16250191940464695,0.237,0.39,51,20261061,30,easy,additive
post_score,1000,0.3213088018392395,0.2825849639783958,0.237,0.39,51,20261061,30,easy,additive
baseline,1000,-0.008770023374426143,-0.001892368935650408,0.198,0.343,51,20261061,5,broad,additive
observed_gain,1000,0.2900959801083851,0.28211728916658896,0.198,0.343,51,20261061,5,broad,additive
post_score,1000,0.29587417473875344,0.29199449200214916,0.198,0.343,51,20261061,5,broad,additive
baseline,1000,-0.006923141624935604,-0.0033373426195202334,0.056,0.12,51,20261061,10,broad,additive
observed_gain,1000,0.35633223353352833,0.3487833588700504,0.056,0.12,51,20261061,10,broad,additive
post_score,1000,0.3047881994033329,0.29356028150796465,0.056,0.12,51,20261061,10,broad,additive
baseline,1000,-0.016745279381699656,-0.013127664900988508,0.049,0.106,51,20261061,15,broad,additive
observed_gain,1000,0.40081925486469583,0.38724045773881166,0.049,0.106,51,20261061,15,broad,additive
post_score,1000,0.3245414183289803,0.3074306810188053,0.049,0.106,51,20261061,15,broad,additive
baseline,1000,-0.026170202067751502,-0.023008835765391127,0.04,0.085,51,20261061,30,broad,additive
observed_gain,1000,0.36482969986512964,0.35156762401063424,0.04,0.085,51,20261061,30,broad,additive
post_score,1000,0.33514622009789685,0.31214699423924647,0.04,0.085,51,20261061,30,broad,additive
baseline,1000,-0.6268082217706836,-0.7381936512926572,0.417,0.903,51,20261061,5,easy,catch_up
observed_gain,1000,0.6403297980450424,0.7397858843878978,0.417,0.903,51,20261061,5,easy,catch_up
post_score,1000,0.08712369382443057,0.045152664685943034,0.417,0.903,51,20261061,5,easy,catch_up
baseline,1000,-0.6491517225040878,-0.7965998248465224,0.276,0.717,51,20261061,10,easy,catch_up
observed_gain,1000,0.684961913897185,0.808497979917538,0.276,0.717,51,20261061,10,easy,catch_up
post_score,1000,0.17040710690879665,0.07153259755891733,0.276,0.717,51,20261061,10,easy,catch_up
baseline,1000,-0.6894216378746281,-0.8176121542963553,0.26,0.684,51,20261061,15,easy,catch_up
observed_gain,1000,0.7210875757749565,0.8307146032111978,0.26,0.684,51,20261061,15,easy,catch_up
post_score,1000,0.18191488966733943,0.08093668217419757,0.26,0.684,51,20261061,15,easy,catch_up
baseline,1000,-0.7233424633435915,-0.8342907762031704,0.237,0.623,51,20261061,30,easy,catch_up
observed_gain,1000,0.7462279153907122,0.8431948149096666,0.237,0.623,51,20261061,30,easy,catch_up
post_score,1000,0.2008989566743894,0.08895925609019255,0.237,0.623,51,20261061,30,easy,catch_up
baseline,1000,-0.5289089214722501,-0.7040185882054688,0.198,0.539,51,20261061,5,broad,catch_up
observed_gain,1000,0.6054706421296673,0.7245925396719974,0.198,0.539,51,20261061,5,broad,catch_up
post_score,1000,0.21790355430771888,0.10782351924682178,0.198,0.539,51,20261061,5,broad,catch_up
baseline,1000,-0.5243769423806658,-0.7268859164996724,0.056,0.194,51,20261061,10,broad,catch_up
observed_gain,1000,0.673330645165997,0.7744053395882938,0.056,0.194,51,20261061,10,broad,catch_up
post_score,1000,0.3244745761914944,0.15564718395385807,0.056,0.194,51,20261061,10,broad,catch_up
baseline,1000,-0.6036414548086614,-0.7949462707753082,0.049,0.169,51,20261061,15,broad,catch_up
observed_gain,1000,0.7353074584450878,0.8397489092053431,0.049,0.169,51,20261061,15,broad,catch_up
post_score,1000,0.33217402634697907,0.16075707655674465,0.049,0.169,51,20261061,15,broad,catch_up
baseline,1000,-0.689668623446032,-0.8440626065145691,0.04,0.136,51,20261061,30,broad,catch_up
observed_gain,1000,0.7818330837072871,0.8753152202903448,0.04,0.136,51,20261061,30,broad,catch_up
post_score,1000,0.34476229877168885,0.16879912516739135,0.04,0.136,51,20261061,30,broad,catch_up
baseline,1000,0.4085112538227791,0.7343321739367191,0.599,0.711,52,20261062,5,easy,proportional
observed_gain,1000,-0.13099205957254326,-0.15911506439308376,0.599,0.711,52,20261062,5,easy,proportional
post_score,1000,0.352751831728038,0.7245466419878213,0.599,0.711,52,20261062,5,easy,proportional
baseline,1000,0.47857811261871863,0.8058267385798693,0.429,0.571,52,20261062,10,easy,proportional
observed_gain,1000,-0.18243630775967346,-0.21305203100118544,0.429,0.571,52,20261062,10,easy,proportional
post_score,1000,0.42082714023279727,0.812016559649298,0.429,0.571,52,20261062,10,easy,proportional
baseline,1000,0.513823179902603,0.832747540989247,0.317,0.458,52,20261062,15,easy,proportional
observed_gain,1000,-0.17806484060421363,-0.19498044283423532,0.317,0.458,52,20261062,15,easy,proportional
post_score,1000,0.46637863108951194,0.8622103217577444,0.317,0.458,52,20261062,15,easy,proportional
baseline,1000,0.536861650743033,0.8622447301890819,0.219,0.349,52,20261062,30,easy,proportional
observed_gain,1000,-0.21925734225926508,-0.21902448422114074,0.219,0.349,52,20261062,30,easy,proportional
post_score,1000,0.486523850666693,0.8956894820084598,0.219,0.349,52,20261062,30,easy,proportional
baseline,1000,0.47471203386699845,0.7540920284403126,0.431,0.545,52,20261062,5,broad,proportional
observed_gain,1000,-0.09717618818625429,-0.09479545723350147,0.431,0.545,52,20261062,5,broad,proportional
post_score,1000,0.4380730112893226,0.7851867183032313,0.431,0.545,52,20261062,5,broad,proportional
baseline,1000,0.5514299920911904,0.8136293771918005,0.23,0.364,52,20261062,10,broad,proportional
observed_gain,1000,-0.09098723593914945,-0.057382247363380864,0.23,0.364,52,20261062,10,broad,proportional
post_score,1000,0.5197463961597152,0.8643365376257919,0.23,0.364,52,20261062,10,broad,proportional
baseline,1000,0.5884339212458697,0.8234565007809012,0.085,0.183,52,20261062,15,broad,proportional
observed_gain,1000,-0.029770490790519414,0.043817374435168394,0.085,0.183,52,20261062,15,broad,proportional
post_score,1000,0.5773570468947554,0.8905672895503965,0.085,0.183,52,20261062,15,broad,proportional
baseline,1000,0.6217166313807142,0.8545960027641195,0.026,0.094,52,20261062,30,broad,proportional
observed_gain,1000,-0.0021333664573275116,0.10611440525754184,0.026,0.094,52,20261062,30,broad,proportional
post_score,1000,0.6146435144210985,0.9234223616286134,0.026,0.094,52,20261062,30,broad,proportional
baseline,1000,0.020856516275219585,-5.010593854636074e-4,0.599,0.859,52,20261062,5,easy,additive
observed_gain,1000,0.05413450907764246,0.08734563916905003,0.599,0.859,52,20261062,5,easy,additive
post_score,1000,0.19845784514828282,0.22744374576027032,0.599,0.859,52,20261062,5,easy,additive
baseline,1000,0.008968912933368003,-0.0065903738911424065,0.429,0.692,52,20261062,10,easy,additive
observed_gain,1000,0.1120675575618378,0.11872580313755919,0.429,0.692,52,20261062,10,easy,additive
post_score,1000,0.25698833314678154,0.2693292857962815,0.429,0.692,52,20261062,10,easy,additive
baseline,1000,0.001331017249450493,-0.0014408932885438812,0.317,0.517,52,20261062,15,easy,additive
observed_gain,1000,0.16797355073368878,0.16090082664239078,0.317,0.517,52,20261062,15,easy,additive
post_score,1000,0.2914824082886471,0.2887886845647788,0.317,0.517,52,20261062,15,easy,additive
baseline,1000,5.043399498951124e-4,0.0016508081434900418,0.219,0.357,52,20261062,30,easy,additive
observed_gain,1000,0.18698061474682315,0.16344150746314545,0.219,0.357,52,20261062,30,easy,additive
post_score,1000,0.3090654056053245,0.2978518035426487,0.219,0.357,52,20261062,30,easy,additive
baseline,1000,-0.004066060343764977,-0.004696519242435982,0.431,0.659,52,20261062,5,broad,additive
observed_gain,1000,0.1576319622632906,0.15194666930486575,0.431,0.659,52,20261062,5,broad,additive
post_score,1000,0.2714194939832541,0.300074735401587,0.431,0.659,52,20261062,5,broad,additive
baseline,1000,-0.009234114850120663,-0.0010358976402791216,0.23,0.378,52,20261062,10,broad,additive
observed_gain,1000,0.2511243951556714,0.22364407752906607,0.23,0.378,52,20261062,10,broad,additive
post_score,1000,0.3076815797481827,0.3033957885184883,0.23,0.378,52,20261062,10,broad,additive
baseline,1000,-0.013217285933152908,-0.010364523397881678,0.085,0.154,52,20261062,15,broad,additive
observed_gain,1000,0.29406989305077386,0.2675259363063996,0.085,0.154,52,20261062,15,broad,additive
post_score,1000,0.30690999646849304,0.290467076364542,0.085,0.154,52,20261062,15,broad,additive
baseline,1000,-0.017198219480731063,-0.011415447450834896,0.026,0.058,52,20261062,30,broad,additive
observed_gain,1000,0.35936902289348555,0.3310329941348234,0.026,0.058,52,20261062,30,broad,additive
post_score,1000,0.3294684394541715,0.31347082774321006,0.026,0.058,52,20261062,30,broad,additive
baseline,1000,-0.5998395096457323,-0.6869162699064685,0.599,0.976,52,20261062,5,easy,catch_up
observed_gain,1000,0.6023086502677922,0.680852400812154,0.599,0.976,52,20261062,5,easy,catch_up
post_score,1000,0.05991228838682287,0.02773757623870752,0.599,0.976,52,20261062,5,easy,catch_up
baseline,1000,-0.6661012299826038,-0.7788724818868497,0.429,0.911,52,20261062,10,easy,catch_up
observed_gain,1000,0.6768283065427246,0.7747971063467353,0.429,0.911,52,20261062,10,easy,catch_up
post_score,1000,0.11884007410004065,0.07409358591075546,0.429,0.911,52,20261062,10,easy,catch_up
baseline,1000,-0.6850177296816038,-0.8068135272944055,0.317,0.766,52,20261062,15,easy,catch_up
observed_gain,1000,0.7050069786398088,0.7957466418916916,0.317,0.766,52,20261062,15,easy,catch_up
post_score,1000,0.18705783197105286,0.1101900901748305,0.317,0.766,52,20261062,15,easy,catch_up
baseline,1000,-0.7068154469372033,-0.8386770326907081,0.219,0.58,52,20261062,30,easy,catch_up
observed_gain,1000,0.7318604084747469,0.8433674425050702,0.219,0.58,52,20261062,30,easy,catch_up
post_score,1000,0.23499545265735988,0.13482334106310837,0.219,0.58,52,20261062,30,easy,catch_up
baseline,1000,-0.630501057550574,-0.7296159743146324,0.431,0.868,52,20261062,5,broad,catch_up
observed_gain,1000,0.6474622133715275,0.7217212954669585,0.431,0.868,52,20261062,5,broad,catch_up
post_score,1000,0.14296739271077236,0.09077504857980112,0.431,0.868,52,20261062,5,broad,catch_up
baseline,1000,-0.6606117496439695,-0.7924944106911233,0.23,0.599,52,20261062,10,broad,catch_up
observed_gain,1000,0.7087307426273012,0.7998400038807579,0.23,0.599,52,20261062,10,broad,catch_up
post_score,1000,0.2286682435113131,0.11888534719409136,0.23,0.599,52,20261062,10,broad,catch_up
baseline,1000,-0.6598114921465839,-0.8121825756478612,0.085,0.256,52,20261062,15,broad,catch_up
observed_gain,1000,0.7436357654983866,0.819524557274192,0.085,0.256,52,20261062,15,broad,catch_up
post_score,1000,0.3298620732817854,0.16406883216745155,0.085,0.256,52,20261062,15,broad,catch_up
baseline,1000,-0.6864981035784773,-0.8470826755978296,0.026,0.095,52,20261062,30,broad,catch_up
observed_gain,1000,0.792253808560921,0.8717364358650755,0.026,0.095,52,20261062,30,broad,catch_up
post_score,1000,0.38638677618234024,0.17968028164597027,0.026,0.095,52,20261062,30,broad,catch_up
baseline,1000,0.4330161047950107,0.7618557054183975,0.549,0.666,53,20261063,5,easy,proportional
observed_gain,1000,-0.12271392361126993,-0.13219070919378775,0.549,0.666,53,20261063,5,easy,proportional
post_score,1000,0.3865268912020099,0.7696198488151531,0.549,0.666,53,20261063,5,easy,proportional
baseline,1000,0.4903051134542288,0.8286037274741291,0.375,0.51,53,20261063,10,easy,proportional
observed_gain,1000,-0.14915661194376856,-0.19234114414387787,0.375,0.51,53,20261063,10,easy,proportional
post_score,1000,0.44126581258919984,0.8351330848750212,0.375,0.51,53,20261063,10,easy,proportional
baseline,1000,0.5439939116977922,0.8585070781517334,0.248,0.377,53,20261063,15,easy,proportional
observed_gain,1000,-0.13202990606245207,-0.08132965111221192,0.248,0.377,53,20261063,15,easy,proportional
post_score,1000,0.4983606468946674,0.8880389535357546,0.248,0.377,53,20261063,15,easy,proportional
baseline,1000,0.5558899921638388,0.8822540781285757,0.173,0.306,53,20261063,30,easy,proportional
observed_gain,1000,-0.17561557958256796,-0.14253879296353034,0.173,0.306,53,20261063,30,easy,proportional
post_score,1000,0.5029819324818494,0.911404887461081,0.173,0.306,53,20261063,30,easy,proportional
baseline,1000,0.50597406196177,0.7815853404702728,0.331,0.486,53,20261063,5,broad,proportional
observed_gain,1000,-0.06930399519707435,-0.07043471183450951,0.331,0.486,53,20261063,5,broad,proportional
post_score,1000,0.47329785997932083,0.8230009519002491,0.331,0.486,53,20261063,5,broad,proportional
baseline,1000,0.5579550973408849,0.8154996292207228,0.138,0.27,53,20261063,10,broad,proportional
observed_gain,1000,-0.015900049919708486,0.013262044648689837,0.138,0.27,53,20261063,10,broad,proportional
post_score,1000,0.5450398242714478,0.8725355928511089,0.138,0.27,53,20261063,10,broad,proportional
baseline,1000,0.6181084469485164,0.8329413831437926,0.043,0.129,53,20261063,15,broad,proportional
observed_gain,1000,0.07230759978463101,0.18117371708875404,0.043,0.129,53,20261063,15,broad,proportional
post_score,1000,0.6192743478626501,0.8986219902609409,0.043,0.129,53,20261063,15,broad,proportional
baseline,1000,0.6369948095318895,0.8681125064657133,0.022,0.086,53,20261063,30,broad,proportional
observed_gain,1000,0.0724144865808859,0.20556632057946694,0.022,0.086,53,20261063,30,broad,proportional
post_score,1000,0.6316525276208288,0.928809631939049,0.022,0.086,53,20261063,30,broad,proportional
baseline,1000,0.005380244821809407,0.0019231370228895079,0.549,0.841,53,20261063,5,easy,additive
observed_gain,1000,0.097144823651814885,0.10375132716726083,0.549,0.841,53,20261063,5,easy,additive
post_score,1000,0.25171394997397745,0.28957906775209197,0.549,0.841,53,20261063,5,easy,additive
baseline,1000,0.013221186403100623,0.02118039318284464,0.375,0.641,53,20261063,10,easy,additive
observed_gain,1000,0.1389482701731276,0.11953016131251012,0.375,0.641,53,20261063,10,easy,additive
post_score,1000,0.31925234083574566,0.338747567615564,0.375,0.641,53,20261063,10,easy,additive
baseline,1000,0.01640385929567535,0.021031192310025884,0.248,0.438,53,20261063,15,easy,additive
observed_gain,1000,0.21339551743246887,0.2000188694391089,0.248,0.438,53,20261063,15,easy,additive
post_score,1000,0.3636248537486879,0.37131563433027837,0.248,0.438,53,20261063,15,easy,additive
baseline,1000,0.021882982020429258,0.020259587323905377,0.173,0.332,53,20261063,30,easy,additive
observed_gain,1000,0.1980787762847357,0.1765890140999912,0.173,0.332,53,20261063,30,easy,additive
post_score,1000,0.36968247239368296,0.36640819698700766,0.173,0.332,53,20261063,30,easy,additive
baseline,1000,0.03079622775213818,0.017075218218926935,0.331,0.608,53,20261063,5,broad,additive
observed_gain,1000,0.17185004539599152,0.17505951533302455,0.331,0.608,53,20261063,5,broad,additive
post_score,1000,0.30916910970479544,0.3207259875410255,0.331,0.608,53,20261063,5,broad,additive
baseline,1000,0.011632239987829649,0.006138306417580702,0.138,0.298,53,20261063,10,broad,additive
observed_gain,1000,0.24502191818762936,0.23648132796694984,0.138,0.298,53,20261063,10,broad,additive
post_score,1000,0.33134764771242253,0.3184462198902788,0.138,0.298,53,20261063,10,broad,additive
baseline,1000,0.021149731105720403,0.016205007401268606,0.043,0.099,53,20261063,15,broad,additive
observed_gain,1000,0.3041019487989733,0.2979005452033333,0.043,0.099,53,20261063,15,broad,additive
post_score,1000,0.33204280425270843,0.3107920670193383,0.043,0.099,53,20261063,15,broad,additive
baseline,1000,0.020074019562001003,0.013432949322563614,0.022,0.057,53,20261063,30,broad,additive
observed_gain,1000,0.34711385522837485,0.34012811046578273,0.022,0.057,53,20261063,30,broad,additive
post_score,1000,0.3628720974915659,0.33921403186014876,0.022,0.057,53,20261063,30,broad,additive
baseline,1000,-0.6824416576890256,-0.7281404890598069,0.549,0.968,53,20261063,5,easy,catch_up
observed_gain,1000,0.6882876229800519,0.7268991937342086,0.549,0.968,53,20261063,5,easy,catch_up
post_score,1000,0.0825868907597485,0.0673531912163847,0.549,0.968,53,20261063,5,easy,catch_up
baseline,1000,-0.7222287105221974,-0.7825026628426949,0.375,0.866,53,20261063,10,easy,catch_up
observed_gain,1000,0.7362006826177498,0.7741327505394529,0.375,0.866,53,20261063,10,easy,catch_up
post_score,1000,0.15399402067146375,0.11129017556106369,0.375,0.866,53,20261063,10,easy,catch_up
baseline,1000,-0.7363518586478062,-0.8203508267339827,0.248,0.706,53,20261063,15,easy,catch_up
observed_gain,1000,0.7643123637733588,0.8259093194644533,0.248,0.706,53,20261063,15,easy,catch_up
post_score,1000,0.2197373387965369,0.1489984798220391,0.248,0.706,53,20261063,15,easy,catch_up
baseline,1000,-0.7509434564013565,-0.8452833341314799,0.173,0.587,53,20261063,30,easy,catch_up
observed_gain,1000,0.7821559261554131,0.8565837998412149,0.173,0.587,53,20261063,30,easy,catch_up
post_score,1000,0.2612908865227212,0.2010339585459335,0.173,0.587,53,20261063,30,easy,catch_up
baseline,1000,-0.6526553494253046,-0.7520802423206954,0.331,0.849,53,20261063,5,broad,catch_up
observed_gain,1000,0.6728825008026026,0.7550718551370156,0.331,0.849,53,20261063,5,broad,catch_up
post_score,1000,0.1698040928987174,0.12276679866241294,0.331,0.849,53,20261063,5,broad,catch_up
baseline,1000,-0.6885879881309697,-0.7945755357309195,0.138,0.489,53,20261063,10,broad,catch_up
observed_gain,1000,0.7412390286285556,0.8007104293899663,0.138,0.489,53,20261063,10,broad,catch_up
post_score,1000,0.27705458777654474,0.1702984929137392,0.138,0.489,53,20261063,10,broad,catch_up
baseline,1000,-0.6773022626785314,-0.8089780980131037,0.043,0.177,53,20261063,15,broad,catch_up
observed_gain,1000,0.7796649297515864,0.8315809980803464,0.043,0.177,53,20261063,15,broad,catch_up
post_score,1000,0.3594804042786062,0.2013729783122639,0.043,0.177,53,20261063,15,broad,catch_up
baseline,1000,-0.7071442398424781,-0.8436313162320923,0.022,0.095,53,20261063,30,broad,catch_up
observed_gain,1000,0.8166110485600245,0.8824497318130304,0.022,0.095,53,20261063,30,broad,catch_up
post_score,1000,0.42155388921448456,0.2621574232332024,0.022,0.095,53,20261063,30,broad,catch_up
baseline,1000,0.5065731145490785,0.7925078247983801,0.431,0.554,54,20261064,5,easy,proportional
observed_gain,1000,-0.15263869624365337,-0.1679363683611549,0.431,0.554,54,20261064,5,easy,proportional
post_score,1000,0.45815946186548673,0.8066170846071207,0.431,0.554,54,20261064,5,easy,proportional
baseline,1000,0.5296838750063425,0.8448518467711502,0.32,0.473,54,20261064,10,easy,proportional
observed_gain,1000,-0.19909877808070647,-0.26236216192792233,0.32,0.473,54,20261064,10,easy,proportional
post_score,1000,0.47167549290224714,0.8479938064330811,0.32,0.473,54,20261064,10,easy,proportional
baseline,1000,0.5701108940078928,0.8709894116078416,0.24,0.387,54,20261064,15,easy,proportional
observed_gain,1000,-0.2269121287438769,-0.23172372272887903,0.24,0.387,54,20261064,15,easy,proportional
post_score,1000,0.5177240268055683,0.8878092650579534,0.24,0.387,54,20261064,15,easy,proportional
baseline,1000,0.5908613353844171,0.8883241444815836,0.178,0.281,54,20261064,30,easy,proportional
observed_gain,1000,-0.25015716668331944,-0.25127809157642983,0.178,0.281,54,20261064,30,easy,proportional
post_score,1000,0.5391059387049054,0.9212720072884696,0.178,0.281,54,20261064,30,easy,proportional
baseline,1000,0.56412458967649,0.7524866544499307,0.238,0.339,54,20261064,5,broad,proportional
observed_gain,1000,-0.045737450436296144,0.013017013782058358,0.238,0.339,54,20261064,5,broad,proportional
post_score,1000,0.5521831576918128,0.819514263961751,0.238,0.339,54,20261064,5,broad,proportional
baseline,1000,0.5941011579616705,0.8208091510813553,0.102,0.202,54,20261064,10,broad,proportional
observed_gain,1000,-0.06259516120198923,-0.0456620202317023,0.102,0.202,54,20261064,10,broad,proportional
post_score,1000,0.5826162747404706,0.8635868295235986,0.102,0.202,54,20261064,10,broad,proportional
baseline,1000,0.6424356283830086,0.8406417494930137,0.04,0.104,54,20261064,15,broad,proportional
observed_gain,1000,-0.004272692798507181,0.05359991904468069,0.04,0.104,54,20261064,15,broad,proportional
post_score,1000,0.6505671960141561,0.898705807668392,0.04,0.104,54,20261064,15,broad,proportional
baseline,1000,0.6841648726263969,0.8718295593625635,0.015,0.065,54,20261064,30,broad,proportional
observed_gain,1000,0.054536072330197694,0.17377573673104338,0.015,0.065,54,20261064,30,broad,proportional
post_score,1000,0.6836992940958783,0.9285808635844087,0.015,0.065,54,20261064,30,broad,proportional
baseline,1000,-0.027114723775470126,-0.010911149289341808,0.431,0.72,54,20261064,5,easy,additive
observed_gain,1000,0.1793296508864276,0.15834102452345236,0.431,0.72,54,20261064,5,easy,additive
post_score,1000,0.2694766707966902,0.2739674711488658,0.431,0.72,54,20261064,5,easy,additive
baseline,1000,-0.02339607828539685,-0.0033613557394197384,0.32,0.576,54,20261064,10,easy,additive
observed_gain,1000,0.17466089203902868,0.14658639192609493,0.32,0.576,54,20261064,10,easy,additive
post_score,1000,0.28535993390598535,0.27191801235033486,0.32,0.576,54,20261064,10,easy,additive
baseline,1000,-0.019337233790674754,-0.001549425666924067,0.24,0.42,54,20261064,15,easy,additive
observed_gain,1000,0.21364072756707736,0.17280309227700752,0.24,0.42,54,20261064,15,easy,additive
post_score,1000,0.32389238646919477,0.3058772814539218,0.24,0.42,54,20261064,15,easy,additive
baseline,1000,-0.023674674089574573,-0.004096845851494517,0.178,0.266,54,20261064,30,easy,additive
observed_gain,1000,0.2484091347036992,0.1889340436342204,0.178,0.266,54,20261064,30,easy,additive
post_score,1000,0.3491597519548239,0.3208268616438337,0.178,0.266,54,20261064,30,easy,additive
baseline,1000,-0.018263970258444496,-0.010820774837859825,0.238,0.351,54,20261064,5,broad,additive
observed_gain,1000,0.22920165536441206,0.2080379431730565,0.238,0.351,54,20261064,5,broad,additive
post_score,1000,0.2577182597931096,0.22849213560983087,0.238,0.351,54,20261064,5,broad,additive
baseline,1000,-0.01741996349761894,-0.009936754074173278,0.102,0.172,54,20261064,10,broad,additive
observed_gain,1000,0.22535915152398042,0.20724455100884828,0.102,0.172,54,20261064,10,broad,additive
post_score,1000,0.26725861926782074,0.24084967412541144,0.102,0.172,54,20261064,10,broad,additive
baseline,1000,-0.007838362960045479,0.001365859375532532,0.04,0.061,54,20261064,15,broad,additive
observed_gain,1000,0.2856251360293707,0.267344597263557,0.04,0.061,54,20261064,15,broad,additive
post_score,1000,0.3025050281854443,0.29191566216383935,0.04,0.061,54,20261064,15,broad,additive
baseline,1000,-0.005796695970910891,-1.807344769459736e-4,0.015,0.027,54,20261064,30,broad,additive
observed_gain,1000,0.3676207359688921,0.32863485277897003,0.015,0.027,54,20261064,30,broad,additive
post_score,1000,0.3258021877004271,0.3112195106354895,0.015,0.027,54,20261064,30,broad,additive
baseline,1000,-0.6771316321125955,-0.7745760312074451,0.431,0.907,54,20261064,5,easy,catch_up
observed_gain,1000,0.6857349299447183,0.7653886407502143,0.431,0.907,54,20261064,5,easy,catch_up
post_score,1000,0.11368157282702333,0.055234240309912745,0.431,0.907,54,20261064,5,easy,catch_up
baseline,1000,-0.7088502240451786,-0.8106863525810539,0.32,0.826,54,20261064,10,easy,catch_up
observed_gain,1000,0.7190812089044508,0.8018953294627904,0.32,0.826,54,20261064,10,easy,catch_up
post_score,1000,0.1585360675344676,0.09998472778004687,0.32,0.826,54,20261064,10,easy,catch_up
baseline,1000,-0.7262505494866796,-0.838123366982355,0.24,0.687,54,20261064,15,easy,catch_up
observed_gain,1000,0.7477676304390698,0.8333899188058428,0.24,0.687,54,20261064,15,easy,catch_up
post_score,1000,0.2114327024556379,0.1274286316805835,0.24,0.687,54,20261064,15,easy,catch_up
baseline,1000,-0.7452133061478943,-0.8584443249328714,0.178,0.476,54,20261064,30,easy,catch_up
observed_gain,1000,0.776260530536899,0.8648131699156966,0.178,0.476,54,20261064,30,easy,catch_up
post_score,1000,0.26901127524165114,0.1479927841566289,0.178,0.476,54,20261064,30,easy,catch_up
baseline,1000,-0.6071438506326216,-0.752894889478401,0.238,0.589,54,20261064,5,broad,catch_up
observed_gain,1000,0.6608437692826277,0.7485358331168969,0.238,0.589,54,20261064,5,broad,catch_up
post_score,1000,0.2387391906651286,0.12458898133539326,0.238,0.589,54,20261064,5,broad,catch_up
baseline,1000,-0.6685767458313353,-0.8072885880303362,0.102,0.312,54,20261064,10,broad,catch_up
observed_gain,1000,0.7298241137358711,0.800585144413379,0.102,0.312,54,20261064,10,broad,catch_up
post_score,1000,0.3123594519056418,0.167184953965486,0.102,0.312,54,20261064,10,broad,catch_up
baseline,1000,-0.6618464707590952,-0.817382059815336,0.04,0.129,54,20261064,15,broad,catch_up
observed_gain,1000,0.7609356232593734,0.8278243069404647,0.04,0.129,54,20261064,15,broad,catch_up
post_score,1000,0.3949149071318165,0.20961115691008617,0.04,0.129,54,20261064,15,broad,catch_up
baseline,1000,-0.6847972563968707,-0.8484679347323649,0.015,0.064,54,20261064,30,broad,catch_up
observed_gain,1000,0.8178765068711827,0.8779351760584614,0.015,0.064,54,20261064,30,broad,catch_up
post_score,1000,0.44113805194022415,0.2168084442423343,0.015,0.064,54,20261064,30,broad,catch_up
baseline,1000,0.5180489616601334,0.7760080354698528,0.395,0.553,55,20261065,5,easy,proportional
observed_gain,1000,-0.09155442924524995,-0.07551299928872232,0.395,0.553,55,20261065,5,easy,proportional
post_score,1000,0.4725359921928757,0.7958445965643585,0.395,0.553,55,20261065,5,easy,proportional
baseline,1000,0.5725283257902722,0.8306506031235523,0.267,0.414,55,20261065,10,easy,proportional
observed_gain,1000,-0.10733121993029199,-0.07661004422669349,0.267,0.414,55,20261065,10,easy,proportional
post_score,1000,0.5353235366582234,0.8710517657707796,0.267,0.414,55,20261065,10,easy,proportional
baseline,1000,0.5649253940585055,0.8465579642392322,0.249,0.396,55,20261065,15,easy,proportional
observed_gain,1000,-0.1516576639199811,-0.14357104395214543,0.249,0.396,55,20261065,15,easy,proportional
post_score,1000,0.5217891221364348,0.8811708426386109,0.249,0.396,55,20261065,15,easy,proportional
baseline,1000,0.5876989584983299,0.8766917516110202,0.184,0.309,55,20261065,30,easy,proportional
observed_gain,1000,-0.2316587980303247,-0.23105184746255036,0.184,0.309,55,20261065,30,easy,proportional
post_score,1000,0.5351204136103384,0.9042269856534884,0.184,0.309,55,20261065,30,easy,proportional
baseline,1000,0.5621258432704729,0.7131121192057128,0.187,0.313,55,20261065,5,broad,proportional
observed_gain,1000,0.0035083842867986025,0.054374161794564675,0.187,0.313,55,20261065,5,broad,proportional
post_score,1000,0.5697410021142514,0.7988591489701601,0.187,0.313,55,20261065,5,broad,proportional
baseline,1000,0.6264372883486453,0.783002486431051,0.057,0.144,55,20261065,10,broad,proportional
observed_gain,1000,0.06914232443908563,0.14680103848484044,0.057,0.144,55,20261065,10,broad,proportional
post_score,1000,0.6536202472766545,0.8684938483805478,0.057,0.144,55,20261065,10,broad,proportional
baseline,1000,0.6260731863039576,0.8242455334898462,0.045,0.13,55,20261065,15,broad,proportional
observed_gain,1000,0.03834852409692906,0.11320175766009863,0.045,0.13,55,20261065,15,broad,proportional
post_score,1000,0.6443546934803934,0.8936192791170406,0.045,0.13,55,20261065,15,broad,proportional
baseline,1000,0.6672113370785874,0.8668980442638576,0.013,0.073,55,20261065,30,broad,proportional
observed_gain,1000,0.013600198025484731,0.12218473258876107,0.013,0.073,55,20261065,30,broad,proportional
post_score,1000,0.6666590947947907,0.9282739067039809,0.013,0.073,55,20261065,30,broad,proportional
baseline,1000,-0.00976448344487068,-0.009934782535187819,0.395,0.676,55,20261065,5,easy,additive
observed_gain,1000,0.16981969186969476,0.1560867728748036,0.395,0.676,55,20261065,5,easy,additive
post_score,1000,0.25114765395246313,0.24778643739505316,0.395,0.676,55,20261065,5,easy,additive
baseline,1000,0.0018381307710660967,-0.012994205715448638,0.267,0.469,55,20261065,10,easy,additive
observed_gain,1000,0.22167221906124285,0.2314854405463388,0.267,0.469,55,20261065,10,easy,additive
post_score,1000,0.30547602266091173,0.2915621012863592,0.267,0.469,55,20261065,10,easy,additive
baseline,1000,0.014473080443801972,-0.00800905904973767,0.249,0.442,55,20261065,15,easy,additive
observed_gain,1000,0.1854704856894575,0.1919693768996174,0.249,0.442,55,20261065,15,easy,additive
post_score,1000,0.31071935345967083,0.29565969593831265,0.249,0.442,55,20261065,15,easy,additive
baseline,1000,0.01267341579702106,-0.005489439922813862,0.184,0.311,55,20261065,30,easy,additive
observed_gain,1000,0.19924438866777336,0.19663434209476993,0.184,0.311,55,20261065,30,easy,additive
post_score,1000,0.3322441112201251,0.2958430820179464,0.184,0.311,55,20261065,30,easy,additive
baseline,1000,-0.027072615664206476,-0.01630576393906811,0.187,0.319,55,20261065,5,broad,additive
observed_gain,1000,0.2132261629407275,0.1813655758697256,0.187,0.319,55,20261065,5,broad,additive
post_score,1000,0.22481594144440245,0.20459428185578585,0.187,0.319,55,20261065,5,broad,additive
baseline,1000,-0.0046884041628402415,-0.009789116239104403,0.057,0.119,55,20261065,10,broad,additive
observed_gain,1000,0.28444303631986756,0.27998118516836806,0.057,0.119,55,20261065,10,broad,additive
post_score,1000,0.2839514841731048,0.2649738294031346,0.057,0.119,55,20261065,10,broad,additive
baseline,1000,0.007710869908594097,0.0037115577085188815,0.045,0.103,55,20261065,15,broad,additive
observed_gain,1000,0.2568974541926087,0.24762897674782164,0.045,0.103,55,20261065,15,broad,additive
post_score,1000,0.2910444099547476,0.2737412263076662,0.045,0.103,55,20261065,15,broad,additive
baseline,1000,-0.0015832084068019036,-0.007541824778042812,0.013,0.042,55,20261065,30,broad,additive
observed_gain,1000,0.3439503276347194,0.3298695709305986,0.013,0.042,55,20261065,30,broad,additive
post_score,1000,0.3207061488414859,0.289098515231543,0.013,0.042,55,20261065,30,broad,additive
baseline,1000,-0.6726776328387878,-0.763231782372121,0.395,0.897,55,20261065,5,easy,catch_up
observed_gain,1000,0.6813058111036103,0.7531321145684551,0.395,0.897,55,20261065,5,easy,catch_up
post_score,1000,0.12475591597748381,0.08065375931808094,0.395,0.897,55,20261065,5,easy,catch_up
baseline,1000,-0.7063042814641822,-0.8253054184312553,0.267,0.734,55,20261065,10,easy,catch_up
observed_gain,1000,0.7287913553294451,0.8189681075097682,0.267,0.734,55,20261065,10,easy,catch_up
post_score,1000,0.17773446008465038,0.09496398232166899,0.267,0.734,55,20261065,10,easy,catch_up
baseline,1000,-0.7060264848209437,-0.8335966008166215,0.249,0.704,55,20261065,15,easy,catch_up
observed_gain,1000,0.7276317794047187,0.8269779598684646,0.249,0.704,55,20261065,15,easy,catch_up
post_score,1000,0.18895542162738554,0.10996407890164092,0.249,0.704,55,20261065,15,easy,catch_up
baseline,1000,-0.7491197854625521,-0.8602579310396344,0.184,0.54,55,20261065,30,easy,catch_up
observed_gain,1000,0.7739386103089,0.8616502393856917,0.184,0.54,55,20261065,30,easy,catch_up
post_score,1000,0.23573320505068965,0.13686767460214946,0.184,0.54,55,20261065,30,easy,catch_up
baseline,1000,-0.6142294912967051,-0.7130434591240468,0.187,0.522,55,20261065,5,broad,catch_up
observed_gain,1000,0.6584844863225552,0.7021061538415037,0.187,0.522,55,20261065,5,broad,catch_up
post_score,1000,0.23890385664561306,0.11644708457517303,0.187,0.522,55,20261065,5,broad,catch_up
baseline,1000,-0.6337570936377867,-0.7784332664314095,0.057,0.188,55,20261065,10,broad,catch_up
observed_gain,1000,0.7229599009101859,0.7759854122678546,0.057,0.188,55,20261065,10,broad,catch_up
post_score,1000,0.31209154459196314,0.1464970019792262,0.057,0.188,55,20261065,10,broad,catch_up
baseline,1000,-0.6661113630754234,-0.8016525797217418,0.045,0.156,55,20261065,15,broad,catch_up
observed_gain,1000,0.7530438386533909,0.8011807631675423,0.045,0.156,55,20261065,15,broad,catch_up
post_score,1000,0.322061737691332,0.148152336627908,0.045,0.156,55,20261065,15,broad,catch_up
baseline,1000,-0.7185607722609527,-0.8545805402171849,0.013,0.062,55,20261065,30,broad,catch_up
observed_gain,1000,0.8184652217542262,0.8740881686266,0.013,0.062,55,20261065,30,broad,catch_up
post_score,1000,0.3793460863844433,0.17664141455239094,0.013,0.062,55,20261065,30,broad,catch_up
baseline,1000,0.5276061403113756,0.772536254092456,0.436,0.554,56,20261066,5,easy,proportional
observed_gain,1000,-0.08108539106534268,-0.053680121288917845,0.436,0.554,56,20261066,5,easy,proportional
post_score,1000,0.4917035484538552,0.8069778182032243,0.436,0.554,56,20261066,5,easy,proportional
baseline,1000,0.5642933149345171,0.8184140123306579,0.304,0.447,56,20261066,10,easy,proportional
observed_gain,1000,-0.11714517753721658,-0.08947957887102777,0.304,0.447,56,20261066,10,easy,proportional
post_score,1000,0.5227950522617213,0.8475353367724431,0.304,0.447,56,20261066,10,easy,proportional
baseline,1000,0.5759319919368385,0.8449051891142028,0.264,0.412,56,20261066,15,easy,proportional
observed_gain,1000,-0.1532874957423724,-0.13498701400654659,0.264,0.412,56,20261066,15,easy,proportional
post_score,1000,0.5266220432050369,0.8653375407618478,0.264,0.412,56,20261066,15,easy,proportional
baseline,1000,0.5983397279793033,0.8733664552298633,0.171,0.299,56,20261066,30,easy,proportional
observed_gain,1000,-0.20101550464847925,-0.19055734124290977,0.171,0.299,56,20261066,30,easy,proportional
post_score,1000,0.5466144151582192,0.8946509051272399,0.171,0.299,56,20261066,30,easy,proportional
baseline,1000,0.5793611689086533,0.7341298816498796,0.207,0.327,56,20261066,5,broad,proportional
observed_gain,1000,0.026058612545718646,0.08833952736295313,0.207,0.327,56,20261066,5,broad,proportional
post_score,1000,0.5871849039876623,0.8257145722547831,0.207,0.327,56,20261066,5,broad,proportional
baseline,1000,0.6211004408073403,0.7886165287903785,0.07,0.16,56,20261066,10,broad,proportional
observed_gain,1000,0.04272898726347391,0.14131340655944602,0.07,0.16,56,20261066,10,broad,proportional
post_score,1000,0.6268837314537811,0.8686530835410048,0.07,0.16,56,20261066,10,broad,proportional
baseline,1000,0.6438092804129768,0.8302618865697093,0.061,0.143,56,20261066,15,broad,proportional
observed_gain,1000,0.03508462036865266,0.14510037129817202,0.061,0.143,56,20261066,15,broad,proportional
post_score,1000,0.640311728691343,0.8962777956413395,0.061,0.143,56,20261066,15,broad,proportional
baseline,1000,0.6813324115622702,0.8684991154821359,0.024,0.077,56,20261066,30,broad,proportional
observed_gain,1000,0.06029857555968158,0.1747329941902485,0.024,0.077,56,20261066,30,broad,proportional
post_score,1000,0.6757705123600519,0.9265693028897243,0.024,0.077,56,20261066,30,broad,proportional
baseline,1000,-0.02501215908912757,-0.038394559895022905,0.436,0.702,56,20261066,5,easy,additive
observed_gain,1000,0.1856251592276638,0.2039093363354729,0.436,0.702,56,20261066,5,easy,additive
post_score,1000,0.2503401402514026,0.21329210093717732,0.436,0.702,56,20261066,5,easy,additive
baseline,1000,-0.031807976212091665,-0.047364073029291603,0.304,0.539,56,20261066,10,easy,additive
observed_gain,1000,0.21447780429986757,0.2165237365477476,0.304,0.539,56,20261066,10,easy,additive
post_score,1000,0.2868354121385233,0.24450318740715068,0.304,0.539,56,20261066,10,easy,additive
baseline,1000,-0.023866572316380667,-0.04092617289893161,0.264,0.479,56,20261066,15,easy,additive
observed_gain,1000,0.2102105741056017,0.2108476622801712,0.264,0.479,56,20261066,15,easy,additive
post_score,1000,0.30218885118148114,0.2547735429271604,0.264,0.479,56,20261066,15,easy,additive
baseline,1000,-0.031211248837143313,-0.04583175057476737,0.171,0.314,56,20261066,30,easy,additive
observed_gain,1000,0.245559052765559,0.22431108723330642,0.171,0.314,56,20261066,30,easy,additive
post_score,1000,0.333768847561835,0.260786936362527,0.171,0.314,56,20261066,30,easy,additive
baseline,1000,-0.02070943763780098,-0.020522236358191965,0.207,0.364,56,20261066,5,broad,additive
observed_gain,1000,0.25904683475669615,0.23629299601945425,0.207,0.364,56,20261066,5,broad,additive
post_score,1000,0.2585356988722267,0.23155650638610872,0.207,0.364,56,20261066,5,broad,additive
baseline,1000,-0.044997508776528646,-0.052094768775476204,0.07,0.146,56,20261066,10,broad,additive
observed_gain,1000,0.32625125199360666,0.316396600069597,0.07,0.146,56,20261066,10,broad,additive
post_score,1000,0.2879210654563929,0.24815126891905726,0.07,0.146,56,20261066,10,broad,additive
baseline,1000,-0.035275374940997306,-0.04484222849942102,0.061,0.111,56,20261066,15,broad,additive
observed_gain,1000,0.3454494997236807,0.34168986658379186,0.061,0.111,56,20261066,15,broad,additive
post_score,1000,0.30220098930857575,0.2645771360839499,0.061,0.111,56,20261066,15,broad,additive
baseline,1000,-0.03318580603337755,-0.04123869651405682,0.024,0.05,56,20261066,30,broad,additive
observed_gain,1000,0.39675746173560383,0.38037533221164105,0.024,0.05,56,20261066,30,broad,additive
post_score,1000,0.31455007742060864,0.28018908733696957,0.024,0.05,56,20261066,30,broad,additive
baseline,1000,-0.6867758144511789,-0.7624391953044996,0.436,0.914,56,20261066,5,easy,catch_up
observed_gain,1000,0.7013723839226351,0.7630444288756243,0.436,0.914,56,20261066,5,easy,catch_up
post_score,1000,0.127540432054824,0.08037902779366614,0.436,0.914,56,20261066,5,easy,catch_up
baseline,1000,-0.7340450451878516,-0.8102522944849669,0.304,0.797,56,20261066,10,easy,catch_up
observed_gain,1000,0.7544295562850808,0.8031189005494642,0.304,0.797,56,20261066,10,easy,catch_up
post_score,1000,0.18411163511439818,0.1175375585174365,0.304,0.797,56,20261066,10,easy,catch_up
baseline,1000,-0.7480209194260039,-0.8230816788664255,0.264,0.743,56,20261066,15,easy,catch_up
observed_gain,1000,0.7675512857094378,0.8142322315037921,0.264,0.743,56,20261066,15,easy,catch_up
post_score,1000,0.19488143854093729,0.1257313998027667,0.264,0.743,56,20261066,15,easy,catch_up
baseline,1000,-0.772094193328883,-0.8516956126017807,0.171,0.569,56,20261066,30,easy,catch_up
observed_gain,1000,0.7963819525072288,0.850829057717908,0.171,0.569,56,20261066,30,easy,catch_up
post_score,1000,0.2560379516629342,0.168070395983833,0.171,0.569,56,20261066,30,easy,catch_up
baseline,1000,-0.587094204979812,-0.7209718385190967,0.207,0.602,56,20261066,5,broad,catch_up
observed_gain,1000,0.6485270036124396,0.7325923997339773,0.207,0.602,56,20261066,5,broad,catch_up
post_score,1000,0.23964831543318824,0.1496121131310014,0.207,0.602,56,20261066,5,broad,catch_up
baseline,1000,-0.6693602434526077,-0.793127931396505,0.07,0.3,56,20261066,10,broad,catch_up
observed_gain,1000,0.7502645076539894,0.8059335835495112,0.07,0.3,56,20261066,10,broad,catch_up
post_score,1000,0.353421106600334,0.22783096628126762,0.07,0.3,56,20261066,10,broad,catch_up
baseline,1000,-0.6993484330738318,-0.8155455795476924,0.061,0.246,56,20261066,15,broad,catch_up
observed_gain,1000,0.7841895489375239,0.8390085538474349,0.061,0.246,56,20261066,15,broad,catch_up
post_score,1000,0.3785667826671719,0.25831049603356127,0.061,0.246,56,20261066,15,broad,catch_up
baseline,1000,-0.7281894166083271,-0.8459315133218241,0.024,0.118,56,20261066,30,broad,catch_up
observed_gain,1000,0.8377346633060307,0.8807439373298152,0.024,0.118,56,20261066,30,broad,catch_up
post_score,1000,0.44999409356502124,0.29880360267445993,0.024,0.118,56,20261066,30,broad,catch_up
baseline,1000,0.4837593711915196,0.7485273768059114,0.403,0.529,57,20261067,5,easy,proportional
observed_gain,1000,-0.10392427067768437,-0.1337126771632114,0.403,0.529,57,20261067,5,easy,proportional
post_score,1000,0.4416265710384621,0.7688392972007216,0.403,0.529,57,20261067,5,easy,proportional
baseline,1000,0.5205670066729611,0.8278080499837505,0.331,0.453,57,20261067,10,easy,proportional
observed_gain,1000,-0.16954065570430984,-0.21975718079698564,0.331,0.453,57,20261067,10,easy,proportional
post_score,1000,0.4697342410762363,0.8419093252676122,0.331,0.453,57,20261067,10,easy,proportional
baseline,1000,0.5169321676679696,0.8469056376678501,0.309,0.432,57,20261067,15,easy,proportional
observed_gain,1000,-0.19831182205315287,-0.23838651658284218,0.309,0.432,57,20261067,15,easy,proportional
post_score,1000,0.46391385552021175,0.8607618375898359,0.309,0.432,57,20261067,15,easy,proportional
baseline,1000,0.5541975855237774,0.873035319804855,0.189,0.3,57,20261067,30,easy,proportional
observed_gain,1000,-0.2271439644331475,-0.2392950167963235,0.189,0.3,57,20261067,30,easy,proportional
post_score,1000,0.5014728106159252,0.9057737306032222,0.189,0.3,57,20261067,30,easy,proportional
baseline,1000,0.4780359008106209,0.6413921388917069,0.167,0.241,57,20261067,5,broad,proportional
observed_gain,1000,0.03362110255656523,0.026057067548357363,0.167,0.241,57,20261067,5,broad,proportional
post_score,1000,0.5196410197783744,0.7041277121906657,0.167,0.241,57,20261067,5,broad,proportional
baseline,1000,0.5603012883067499,0.7859889162878855,0.099,0.185,57,20261067,10,broad,proportional
observed_gain,1000,0.02929869708256379,0.050296775240603775,0.099,0.185,57,20261067,10,broad,proportional
post_score,1000,0.5888460892037214,0.8564001925583085,0.099,0.185,57,20261067,10,broad,proportional
baseline,1000,0.5797990143910606,0.830971252164246,0.094,0.178,57,20261067,15,broad,proportional
observed_gain,1000,-0.015399378715394452,0.024578866292269446,0.094,0.178,57,20261067,15,broad,proportional
post_score,1000,0.580937238762294,0.8957756815224348,0.094,0.178,57,20261067,15,broad,proportional
baseline,1000,0.6404659354613257,0.8662643856977378,0.03,0.082,57,20261067,30,broad,proportional
observed_gain,1000,-0.006765450441875954,0.09593047935302626,0.03,0.082,57,20261067,30,broad,proportional
post_score,1000,0.6360881124494622,0.9255599000193733,0.03,0.082,57,20261067,30,broad,proportional
baseline,1000,-0.005797598518566696,-0.01976145119146762,0.403,0.661,57,20261067,5,easy,additive
observed_gain,1000,0.17060909819187545,0.17582384650475594,0.403,0.661,57,20261067,5,easy,additive
post_score,1000,0.27037106447814324,0.27851154418628843,0.403,0.661,57,20261067,5,easy,additive
baseline,1000,-2.0198153208223567e-4,-0.0054621389565406245,0.331,0.565,57,20261067,10,easy,additive
observed_gain,1000,0.17869865818803488,0.16612664342442496,0.331,0.565,57,20261067,10,easy,additive
post_score,1000,0.31921156622683144,0.31486488957454684,0.331,0.565,57,20261067,10,easy,additive
baseline,1000,-0.011823558285210253,-0.012924482115812689,0.309,0.535,57,20261067,15,easy,additive
observed_gain,1000,0.18485073994885498,0.16606359761398576,0.309,0.535,57,20261067,15,easy,additive
post_score,1000,0.3313259076865812,0.3243814014060138,0.309,0.535,57,20261067,15,easy,additive
baseline,1000,-0.01710498642172605,-0.016422367859494864,0.189,0.333,57,20261067,30,easy,additive
observed_gain,1000,0.23177611084442917,0.20074179240276113,0.189,0.333,57,20261067,30,easy,additive
post_score,1000,0.3554296619542089,0.328557096738847,0.189,0.333,57,20261067,30,easy,additive
baseline,1000,-0.008350202229808474,-0.02101845505029542,0.167,0.244,57,20261067,5,broad,additive
observed_gain,1000,0.13348941257901897,0.13320348464165188,0.167,0.244,57,20261067,5,broad,additive
post_score,1000,0.18142937182549732,0.1552032072628189,0.167,0.244,57,20261067,5,broad,additive
baseline,1000,-0.017515776858807192,-0.016919793407173228,0.099,0.175,57,20261067,10,broad,additive
observed_gain,1000,0.2586573764413809,0.2448153164120445,0.099,0.175,57,20261067,10,broad,additive
post_score,1000,0.294249755737729,0.2625307168801859,0.099,0.175,57,20261067,10,broad,additive
baseline,1000,-0.024358460098887102,-0.0232055378340624,0.094,0.162,57,20261067,15,broad,additive
observed_gain,1000,0.2984510643916958,0.2719520096764874,0.094,0.162,57,20261067,15,broad,additive
post_score,1000,0.3326560851490739,0.30007729853870846,0.094,0.162,57,20261067,15,broad,additive
baseline,1000,-0.013026877659777695,-0.011345042261128096,0.03,0.056,57,20261067,30,broad,additive
observed_gain,1000,0.3509619154765288,0.31819633258650704,0.03,0.056,57,20261067,30,broad,additive
post_score,1000,0.34774084528645244,0.32249059197368485,0.03,0.056,57,20261067,30,broad,additive
baseline,1000,-0.6006599212370703,-0.7140815377711865,0.403,0.871,57,20261067,5,easy,catch_up
observed_gain,1000,0.6159811779555734,0.7038547702928287,0.403,0.871,57,20261067,5,easy,catch_up
post_score,1000,0.12433437858063709,0.07917334402762695,0.403,0.871,57,20261067,5,easy,catch_up
baseline,1000,-0.6659723154711008,-0.7862723668103556,0.331,0.809,57,20261067,10,easy,catch_up
observed_gain,1000,0.6871810146327129,0.7842476998006611,0.331,0.809,57,20261067,10,easy,catch_up
post_score,1000,0.16764341006045105,0.10911178413446851,0.331,0.809,57,20261067,10,easy,catch_up
baseline,1000,-0.6979636991016368,-0.8120635345217443,0.309,0.784,57,20261067,15,easy,catch_up
observed_gain,1000,0.7157646487704825,0.8065578641930017,0.309,0.784,57,20261067,15,easy,catch_up
post_score,1000,0.17960092978697234,0.11352329078677065,0.309,0.784,57,20261067,15,easy,catch_up
baseline,1000,-0.7230224777189435,-0.8421376796928308,0.189,0.579,57,20261067,30,easy,catch_up
observed_gain,1000,0.7507568568195123,0.8506333218197262,0.189,0.579,57,20261067,30,easy,catch_up
post_score,1000,0.24744068882506484,0.16559179440846455,0.189,0.579,57,20261067,30,easy,catch_up
baseline,1000,-0.532785657405743,-0.6124700061443522,0.167,0.406,57,20261067,5,broad,catch_up
observed_gain,1000,0.5916120894595478,0.5827917437139618,0.167,0.406,57,20261067,5,broad,catch_up
post_score,1000,0.2776709439071593,0.15172666547514202,0.167,0.406,57,20261067,5,broad,catch_up
baseline,1000,-0.6232644218253542,-0.7603492885386584,0.099,0.306,57,20261067,10,broad,catch_up
observed_gain,1000,0.7069040240779809,0.7781481108300331,0.099,0.306,57,20261067,10,broad,catch_up
post_score,1000,0.32263883662026716,0.1804871114228189,0.099,0.306,57,20261067,10,broad,catch_up
baseline,1000,-0.6758532681201901,-0.810343574742224,0.094,0.286,57,20261067,15,broad,catch_up
observed_gain,1000,0.7480879681878909,0.8270260733466807,0.094,0.286,57,20261067,15,broad,catch_up
post_score,1000,0.3341762882703181,0.19071630877870618,0.094,0.286,57,20261067,15,broad,catch_up
baseline,1000,-0.6889501862226777,-0.832178955789386,0.03,0.092,57,20261067,30,broad,catch_up
observed_gain,1000,0.8021186114589919,0.8767004144343706,0.03,0.092,57,20261067,30,broad,catch_up
post_score,1000,0.41262306932804893,0.2411491993089666,0.03,0.092,57,20261067,30,broad,catch_up
baseline,1000,0.46995077121149853,0.7513597184952191,0.45,0.586,58,20261068,5,easy,proportional
observed_gain,1000,-0.12705276691250048,-0.14884573806110474,0.45,0.586,58,20261068,5,easy,proportional
post_score,1000,0.4211910861104356,0.7592933110512792,0.45,0.586,58,20261068,5,easy,proportional
baseline,1000,0.5651377089377386,0.831913072477907,0.235,0.391,58,20261068,10,easy,proportional
observed_gain,1000,-0.12717472932691742,-0.12247420959422681,0.235,0.391,58,20261068,10,easy,proportional
post_score,1000,0.5265556136388844,0.8720291909013916,0.235,0.391,58,20261068,10,easy,proportional
baseline,1000,0.5811498178373528,0.854139928942867,0.195,0.354,58,20261068,15,easy,proportional
observed_gain,1000,-0.15836070227810523,-0.14769502347246327,0.195,0.354,58,20261068,15,easy,proportional
post_score,1000,0.5361924733763025,0.8947593324211559,0.195,0.354,58,20261068,15,easy,proportional
baseline,1000,0.5738041882884466,0.8772233118482333,0.151,0.307,58,20261068,30,easy,proportional
observed_gain,1000,-0.2244378071993586,-0.2238387898454578,0.151,0.307,58,20261068,30,easy,proportional
post_score,1000,0.5242535616841602,0.9131800343625156,0.151,0.307,58,20261068,30,easy,proportional
baseline,1000,0.5060366104067409,0.7278436866609891,0.232,0.33,58,20261068,5,broad,proportional
observed_gain,1000,-0.020284849851572574,-0.011001627585039139,0.232,0.33,58,20261068,5,broad,proportional
post_score,1000,0.5094018826429637,0.7783928096634973,0.232,0.33,58,20261068,5,broad,proportional
baseline,1000,0.6058479911794004,0.7814116089577329,0.044,0.122,58,20261068,10,broad,proportional
observed_gain,1000,0.07128497655946651,0.13828847080282042,0.044,0.122,58,20261068,10,broad,proportional
post_score,1000,0.6311866628741758,0.8540445472446514,0.044,0.122,58,20261068,10,broad,proportional
baseline,1000,0.6389694004363361,0.8254656521609001,0.031,0.093,58,20261068,15,broad,proportional
observed_gain,1000,0.0679204512858262,0.13412204128785563,0.031,0.093,58,20261068,15,broad,proportional
post_score,1000,0.6545781747060533,0.8877840433607116,0.031,0.093,58,20261068,15,broad,proportional
baseline,1000,0.6446032892656434,0.8693752569336866,0.016,0.063,58,20261068,30,broad,proportional
observed_gain,1000,0.022227439460894956,0.11449098212549447,0.016,0.063,58,20261068,30,broad,proportional
post_score,1000,0.6421510197276208,0.9219059239281062,0.016,0.063,58,20261068,30,broad,proportional
baseline,1000,-0.027063162719854168,0.0018716875790366551,0.45,0.733,58,20261068,5,easy,additive
observed_gain,1000,0.14156400911023972,0.10840417960245641,0.45,0.733,58,20261068,5,easy,additive
post_score,1000,0.23696824805057345,0.24165358126729114,0.45,0.733,58,20261068,5,easy,additive
baseline,1000,-0.0033971483657105448,0.023185715250423063,0.235,0.452,58,20261068,10,easy,additive
observed_gain,1000,0.22929849225601642,0.17879482890919834,0.235,0.452,58,20261068,10,easy,additive
post_score,1000,0.3290418454958169,0.3396894493344912,0.235,0.452,58,20261068,10,easy,additive
baseline,1000,0.0019373483224364358,0.019977394862454357,0.195,0.388,58,20261068,15,easy,additive
observed_gain,1000,0.22947511500331677,0.19255824398395732,0.195,0.388,58,20261068,15,easy,additive
post_score,1000,0.35126953817040246,0.3552876845906063,0.195,0.388,58,20261068,15,easy,additive
baseline,1000,-0.005619762828096998,0.01626649767580691,0.151,0.308,58,20261068,30,easy,additive
observed_gain,1000,0.21433654174776312,0.16189217221594504,0.151,0.308,58,20261068,30,easy,additive
post_score,1000,0.36608466450915056,0.361599474414069,0.151,0.308,58,20261068,30,easy,additive
baseline,1000,-0.02986218383035332,-0.011697921376849958,0.232,0.382,58,20261068,5,broad,additive
observed_gain,1000,0.19082713963608855,0.16950727595977003,0.232,0.382,58,20261068,5,broad,additive
post_score,1000,0.2502529359705616,0.23952446156260673,0.232,0.382,58,20261068,5,broad,additive
baseline,1000,0.004025373988254557,0.02514209098060116,0.044,0.093,58,20261068,10,broad,additive
observed_gain,1000,0.24081182013927419,0.21977416383680526,0.044,0.093,58,20261068,10,broad,additive
post_score,1000,0.2817583943191771,0.2883333287327662,0.044,0.093,58,20261068,10,broad,additive
baseline,1000,0.007594163621126762,0.0267571371083449,0.031,0.055,58,20261068,15,broad,additive
observed_gain,1000,0.2803410902074649,0.25093042845493774,0.031,0.055,58,20261068,15,broad,additive
post_score,1000,0.3145683543745101,0.3209436811247256,0.031,0.055,58,20261068,15,broad,additive
baseline,1000,-0.004247633679235822,0.014138305600428539,0.016,0.027,58,20261068,30,broad,additive
observed_gain,1000,0.32262819084808586,0.2909325907696299,0.016,0.027,58,20261068,30,broad,additive
post_score,1000,0.3569062855375358,0.3516265003273126,0.016,0.027,58,20261068,30,broad,additive
baseline,1000,-0.6135343236449713,-0.7233231175493507,0.45,0.912,58,20261068,5,easy,catch_up
observed_gain,1000,0.6209128012392754,0.7154904908960698,0.45,0.912,58,20261068,5,easy,catch_up
post_score,1000,0.11166677412867854,0.07599763242267277,0.45,0.912,58,20261068,5,easy,catch_up
baseline,1000,-0.6379283865312592,-0.7928823354078819,0.235,0.717,58,20261068,10,easy,catch_up
observed_gain,1000,0.6679876941307492,0.8028049804444238,0.235,0.717,58,20261068,10,easy,catch_up
post_score,1000,0.19410153891398677,0.1502638627965675,0.235,0.717,58,20261068,10,easy,catch_up
baseline,1000,-0.649377731246138,-0.8190162460680751,0.195,0.642,58,20261068,15,easy,catch_up
observed_gain,1000,0.6809427662069917,0.8353977087191713,0.195,0.642,58,20261068,15,easy,catch_up
post_score,1000,0.21939189219586863,0.16939009020008386,0.195,0.642,58,20261068,15,easy,catch_up
baseline,1000,-0.6808042289496654,-0.8424067185805674,0.151,0.538,58,20261068,30,easy,catch_up
observed_gain,1000,0.7088645687979876,0.8553588253347063,0.151,0.538,58,20261068,30,easy,catch_up
post_score,1000,0.2463644512781068,0.1855538633363784,0.151,0.538,58,20261068,30,easy,catch_up
baseline,1000,-0.589674774551202,-0.7157619640953115,0.232,0.569,58,20261068,5,broad,catch_up
observed_gain,1000,0.6187931417457407,0.6829082851298832,0.232,0.569,58,20261068,5,broad,catch_up
post_score,1000,0.218016983835503,0.09984917245133039,0.232,0.569,58,20261068,5,broad,catch_up
baseline,1000,-0.570865032942806,-0.7436745164608715,0.044,0.172,58,20261068,10,broad,catch_up
observed_gain,1000,0.6762908528409213,0.7334466346407411,0.044,0.172,58,20261068,10,broad,catch_up
post_score,1000,0.3537719750126779,0.18781062166091977,0.044,0.172,58,20261068,10,broad,catch_up
baseline,1000,-0.5950240209038873,-0.7869635581475142,0.031,0.117,58,20261068,15,broad,catch_up
observed_gain,1000,0.7146959401243207,0.7942409719722241,0.031,0.117,58,20261068,15,broad,catch_up
post_score,1000,0.402169934129698,0.22468739359587656,0.031,0.117,58,20261068,15,broad,catch_up
baseline,1000,-0.6571276688077113,-0.8361653849174491,0.016,0.069,58,20261068,30,broad,catch_up
observed_gain,1000,0.7587957057026617,0.8627071609835475,0.016,0.069,58,20261068,30,broad,catch_up
post_score,1000,0.4304262604713368,0.2501719122891777,0.016,0.069,58,20261068,30,broad,catch_up
baseline,1000,0.509103154886398,0.7801980621020614,0.434,0.552,59,20261069,5,easy,proportional
observed_gain,1000,-0.11108118704839463,-0.1483829980391935,0.434,0.552,59,20261069,5,easy,proportional
post_score,1000,0.47554615774048853,0.8068572580390811,0.434,0.552,59,20261069,5,easy,proportional
baseline,1000,0.554547028617404,0.8475587887173536,0.317,0.455,59,20261069,10,easy,proportional
observed_gain,1000,-0.152990537717921,-0.15611560703309954,0.317,0.455,59,20261069,10,easy,proportional
post_score,1000,0.5033327857250778,0.8735123119930716,0.317,0.455,59,20261069,10,easy,proportional
baseline,1000,0.5696490750482199,0.8601416752386369,0.271,0.413,59,20261069,15,easy,proportional
observed_gain,1000,-0.17798611440067205,-0.15175996139983816,0.271,0.413,59,20261069,15,easy,proportional
post_score,1000,0.518833942108355,0.8954741886983266,0.271,0.413,59,20261069,15,easy,proportional
baseline,1000,0.5906804178620582,0.8821931655025774,0.182,0.328,59,20261069,30,easy,proportional
observed_gain,1000,-0.21428575459388743,-0.1773255020976735,0.182,0.328,59,20261069,30,easy,proportional
post_score,1000,0.5315774583296302,0.9173637820119502,0.182,0.328,59,20261069,30,easy,proportional
baseline,1000,0.5686511046848949,0.7527804483121076,0.212,0.328,59,20261069,5,broad,proportional
observed_gain,1000,0.00429175647651486,0.028564895669623867,0.212,0.328,59,20261069,5,broad,proportional
post_score,1000,0.5708507526168208,0.8259420793592808,0.212,0.328,59,20261069,5,broad,proportional
baseline,1000,0.6312703567716518,0.8220887474719895,0.108,0.231,59,20261069,10,broad,proportional
observed_gain,1000,6.453566581522027e-4,0.09501983347545777,0.108,0.231,59,20261069,10,broad,proportional
post_score,1000,0.6128473523582411,0.8853701832621811,0.108,0.231,59,20261069,10,broad,proportional
baseline,1000,0.6559658316161671,0.8376327044147489,0.082,0.19,59,20261069,15,broad,proportional
observed_gain,1000,-0.002281071149163196,0.11303477353527351,0.082,0.19,59,20261069,15,broad,proportional
post_score,1000,0.6353487979794343,0.9040247380608619,0.082,0.19,59,20261069,15,broad,proportional
baseline,1000,0.6923849544698355,0.8699352809194766,0.035,0.1,59,20261069,30,broad,proportional
observed_gain,1000,-0.005234909584670298,0.15899092801140804,0.035,0.1,59,20261069,30,broad,proportional
post_score,1000,0.661876965984898,0.9312821819436377,0.035,0.1,59,20261069,30,broad,proportional
baseline,1000,-0.0020510169545555844,-0.018344848404201718,0.434,0.699,59,20261069,5,easy,additive
observed_gain,1000,0.14897580004566352,0.15738939377091607,0.434,0.699,59,20261069,5,easy,additive
post_score,1000,0.2709142482424427,0.2767463598895391,0.434,0.699,59,20261069,5,easy,additive
baseline,1000,-0.0034125563755012197,-0.006302673098376058,0.317,0.567,59,20261069,10,easy,additive
observed_gain,1000,0.17519301991028968,0.16566954499906875,0.317,0.567,59,20261069,10,easy,additive
post_score,1000,0.2995167142844675,0.3013776259289378,0.317,0.567,59,20261069,10,easy,additive
baseline,1000,-0.014848378468817213,-0.01879289939256241,0.271,0.484,59,20261069,15,easy,additive
observed_gain,1000,0.21593460919928537,0.1951458748004755,0.271,0.484,59,20261069,15,easy,additive
post_score,1000,0.3322525610060917,0.33593080385449425,0.271,0.484,59,20261069,15,easy,additive
baseline,1000,-0.01846556997249358,-0.020603026217623655,0.182,0.337,59,20261069,30,easy,additive
observed_gain,1000,0.24049024337284075,0.21442532625972838,0.182,0.337,59,20261069,30,easy,additive
post_score,1000,0.352325182533538,0.33559549765933633,0.182,0.337,59,20261069,30,easy,additive
baseline,1000,0.0033126262575401333,-0.01414302082867971,0.212,0.357,59,20261069,5,broad,additive
observed_gain,1000,0.2244704398004686,0.22212031200063012,0.212,0.357,59,20261069,5,broad,additive
post_score,1000,0.2785430982561439,0.26737165345905833,0.212,0.357,59,20261069,5,broad,additive
baseline,1000,0.0038257536694579234,-0.0029984984354743355,0.108,0.21,59,20261069,10,broad,additive
observed_gain,1000,0.28276987519245483,0.26293313767754084,0.108,0.21,59,20261069,10,broad,additive
post_score,1000,0.31004864597913356,0.2896402080874855,0.108,0.21,59,20261069,10,broad,additive
baseline,1000,-0.011797233705525895,-0.019681438049677376,0.082,0.158,59,20261069,15,broad,additive
observed_gain,1000,0.35182492451607766,0.33707946710767295,0.082,0.158,59,20261069,15,broad,additive
post_score,1000,0.33015828507379147,0.30640306559767494,0.082,0.158,59,20261069,15,broad,additive
baseline,1000,-0.0029804918745772613,-0.014126311868604557,0.035,0.06,59,20261069,30,broad,additive
observed_gain,1000,0.3954285278416824,0.37191358766867194,0.035,0.06,59,20261069,30,broad,additive
post_score,1000,0.3447016293030399,0.3127057817827898,0.035,0.06,59,20261069,30,broad,additive
baseline,1000,-0.6571992179197998,-0.7653657253232737,0.434,0.909,59,20261069,5,easy,catch_up
observed_gain,1000,0.663571012534113,0.754710946769027,0.434,0.909,59,20261069,5,easy,catch_up
post_score,1000,0.13140791026654178,0.09536670686603892,0.434,0.909,59,20261069,5,easy,catch_up
baseline,1000,-0.708963385311476,-0.8177067837646884,0.317,0.824,59,20261069,10,easy,catch_up
observed_gain,1000,0.723609159407636,0.8143286498692142,0.317,0.824,59,20261069,10,easy,catch_up
post_score,1000,0.1688713904645083,0.10544275271451707,0.317,0.824,59,20261069,10,easy,catch_up
baseline,1000,-0.7320877817559811,-0.8414369605754763,0.271,0.763,59,20261069,15,easy,catch_up
observed_gain,1000,0.7513971272988739,0.8451170237029316,0.271,0.763,59,20261069,15,easy,catch_up
post_score,1000,0.2020891548780754,0.14693268859822814,0.271,0.763,59,20261069,15,easy,catch_up
baseline,1000,-0.7513040695131584,-0.8613756610107405,0.182,0.59,59,20261069,30,easy,catch_up
observed_gain,1000,0.7758415436443808,0.8650403577473554,0.182,0.59,59,20261069,30,easy,catch_up
post_score,1000,0.2562830950724422,0.1752936447789394,0.182,0.59,59,20261069,30,easy,catch_up
baseline,1000,-0.5903560778508167,-0.7489927014893942,0.212,0.551,59,20261069,5,broad,catch_up
observed_gain,1000,0.6411740703412607,0.7414679742457404,0.212,0.551,59,20261069,5,broad,catch_up
post_score,1000,0.23128202359890673,0.11499302700051926,0.212,0.551,59,20261069,5,broad,catch_up
baseline,1000,-0.648706263465776,-0.7994853001464451,0.108,0.36,59,20261069,10,broad,catch_up
observed_gain,1000,0.7257176313370576,0.8178732806012683,0.108,0.36,59,20261069,10,broad,catch_up
post_score,1000,0.29450286556662963,0.164206585716127,0.108,0.36,59,20261069,10,broad,catch_up
baseline,1000,-0.6713341142979218,-0.8302754467407579,0.082,0.27,59,20261069,15,broad,catch_up
observed_gain,1000,0.7582309647741394,0.8594031897892217,0.082,0.27,59,20261069,15,broad,catch_up
post_score,1000,0.32137053637541324,0.19265657900171737,0.082,0.27,59,20261069,15,broad,catch_up
baseline,1000,-0.6888086210245646,-0.8497987742212519,0.035,0.12,59,20261069,30,broad,catch_up
observed_gain,1000,0.8024417137738258,0.8921424983003412,0.035,0.12,59,20261069,30,broad,catch_up
post_score,1000,0.3906406256650092,0.23718723098176042,0.035,0.12,59,20261069,30,broad,catch_up
baseline,1000,0.47705560367163363,0.7613818216917079,0.458,0.565,60,20261070,5,easy,proportional
observed_gain,1000,-0.12500244364929305,-0.16929641070582732,0.458,0.565,60,20261070,5,easy,proportional
post_score,1000,0.44478440495218546,0.7740350605823669,0.458,0.565,60,20261070,5,easy,proportional
baseline,1000,0.49422704976257664,0.8072956035041132,0.39,0.503,60,20261070,10,easy,proportional
observed_gain,1000,-0.16555157866028794,-0.2205787236670746,0.39,0.503,60,20261070,10,easy,proportional
post_score,1000,0.4549508365237549,0.8260800198426465,0.39,0.503,60,20261070,10,easy,proportional
baseline,1000,0.5210644241890883,0.8342607213873856,0.317,0.422,60,20261070,15,easy,proportional
observed_gain,1000,-0.17953895669845107,-0.21150669644591885,0.317,0.422,60,20261070,15,easy,proportional
post_score,1000,0.4790109403903433,0.8674767548746768,0.317,0.422,60,20261070,15,easy,proportional
baseline,1000,0.5431402594638077,0.8694291044817906,0.206,0.338,60,20261070,30,easy,proportional
observed_gain,1000,-0.22328085360213362,-0.23461570183809072,0.206,0.338,60,20261070,30,easy,proportional
post_score,1000,0.494546158337823,0.9119773983597153,0.206,0.338,60,20261070,30,easy,proportional
baseline,1000,0.5204420404102171,0.7100547004379242,0.238,0.376,60,20261070,5,broad,proportional
observed_gain,1000,-0.012347024753958474,0.019846995130930013,0.238,0.376,60,20261070,5,broad,proportional
post_score,1000,0.5188763001836257,0.7715694797227628,0.238,0.376,60,20261070,5,broad,proportional
baseline,1000,0.5674893250886434,0.8044615450117543,0.167,0.292,60,20261070,10,broad,proportional
observed_gain,1000,-0.050162367785870146,-0.007826866217217461,0.167,0.292,60,20261070,10,broad,proportional
post_score,1000,0.5489379211507858,0.8582541627086357,0.167,0.292,60,20261070,10,broad,proportional
baseline,1000,0.5959864219684776,0.8337273078442242,0.089,0.186,60,20261070,15,broad,proportional
observed_gain,1000,-0.02518575285522072,0.03789402710886345,0.089,0.186,60,20261070,15,broad,proportional
post_score,1000,0.583316903433181,0.8937447301798126,0.089,0.186,60,20261070,15,broad,proportional
baseline,1000,0.6272483904062671,0.8722065780031529,0.031,0.091,60,20261070,30,broad,proportional
observed_gain,1000,-0.039169105210093265,0.03857809209459834,0.031,0.091,60,20261070,30,broad,proportional
post_score,1000,0.6112741309833144,0.9266252383490505,0.031,0.091,60,20261070,30,broad,proportional
baseline,1000,-0.039847385383047246,-0.040670207309023265,0.458,0.724,60,20261070,5,easy,additive
observed_gain,1000,0.1641016639054822,0.15972164229932004,0.458,0.724,60,20261070,5,easy,additive
post_score,1000,0.22395075472746687,0.24946818636691695,0.458,0.724,60,20261070,5,easy,additive
baseline,1000,-0.040159576011961386,-0.04210906924172823,0.39,0.627,60,20261070,10,easy,additive
observed_gain,1000,0.17091542908737611,0.15833836098124013,0.39,0.627,60,20261070,10,easy,additive
post_score,1000,0.2782670191744791,0.30156560797628884,0.39,0.627,60,20261070,10,easy,additive
baseline,1000,-0.022449583341374434,-0.029012533439305398,0.317,0.496,60,20261070,15,easy,additive
observed_gain,1000,0.1775787050649383,0.17550405172749428,0.317,0.496,60,20261070,15,easy,additive
post_score,1000,0.30822264677210887,0.3134791896488233,0.317,0.496,60,20261070,15,easy,additive
baseline,1000,-0.012469307413060349,-0.01628753297118388,0.206,0.357,60,20261070,30,easy,additive
observed_gain,1000,0.18625947636355955,0.189827010306007,0.206,0.357,60,20261070,30,easy,additive
post_score,1000,0.3398338342732415,0.3513189918061652,0.206,0.357,60,20261070,30,easy,additive
baseline,1000,-0.0383316130168595,-0.04111516097470069,0.238,0.428,60,20261070,5,broad,additive
observed_gain,1000,0.22865136573656797,0.22270126755633227,0.238,0.428,60,20261070,5,broad,additive
post_score,1000,0.23846938639751541,0.2291048334773597,0.238,0.428,60,20261070,5,broad,additive
baseline,1000,-0.037044258172308435,-0.0328551698816197,0.167,0.31,60,20261070,10,broad,additive
observed_gain,1000,0.2725602475865461,0.24977129277011953,0.167,0.31,60,20261070,10,broad,additive
post_score,1000,0.29257779375399495,0.2791085214948499,0.167,0.31,60,20261070,10,broad,additive
baseline,1000,-0.02094746838041023,-0.019908675337836225,0.089,0.163,60,20261070,15,broad,additive
observed_gain,1000,0.29221942074217333,0.28529011857931647,0.089,0.163,60,20261070,15,broad,additive
post_score,1000,0.31550223021478935,0.30816637173831013,0.089,0.163,60,20261070,15,broad,additive
baseline,1000,-0.0055030193196636,-0.0034852518007239728,0.031,0.059,60,20261070,30,broad,additive
observed_gain,1000,0.3207316985058967,0.3078037448197572,0.031,0.059,60,20261070,30,broad,additive
post_score,1000,0.351818951064166,0.3365110773883298,0.031,0.059,60,20261070,30,broad,additive
baseline,1000,-0.6874451424487412,-0.7676273878017807,0.458,0.919,60,20261070,5,easy,catch_up
observed_gain,1000,0.6883760029407966,0.7547858176878605,0.458,0.919,60,20261070,5,easy,catch_up
post_score,1000,0.11219345088757234,0.08534858850502273,0.458,0.919,60,20261070,5,easy,catch_up
baseline,1000,-0.7305469637664963,-0.8123862124892892,0.39,0.874,60,20261070,10,easy,catch_up
observed_gain,1000,0.7369337120553922,0.8012417469980574,0.39,0.874,60,20261070,10,easy,catch_up
post_score,1000,0.14593114797086904,0.11882766943110057,0.39,0.874,60,20261070,10,easy,catch_up
baseline,1000,-0.7299622259882601,-0.8274474588282729,0.317,0.785,60,20261070,15,easy,catch_up
observed_gain,1000,0.7428019097266082,0.820779092319798,0.317,0.785,60,20261070,15,easy,catch_up
post_score,1000,0.1979761060428303,0.15358324423662076,0.317,0.785,60,20261070,15,easy,catch_up
baseline,1000,-0.7437058232431049,-0.8515961105811053,0.206,0.619,60,20261070,30,easy,catch_up
observed_gain,1000,0.7600821833129895,0.8556013571925546,0.206,0.619,60,20261070,30,easy,catch_up
post_score,1000,0.2433812862325007,0.18178055074084182,0.206,0.619,60,20261070,30,easy,catch_up
baseline,1000,-0.6111422513765704,-0.7236387668189191,0.238,0.639,60,20261070,5,broad,catch_up
observed_gain,1000,0.6466988655298891,0.7132883100797732,0.238,0.639,60,20261070,5,broad,catch_up
post_score,1000,0.2293635434813877,0.13858972769760416,0.238,0.639,60,20261070,5,broad,catch_up
baseline,1000,-0.6946172065057611,-0.8071565784496395,0.167,0.53,60,20261070,10,broad,catch_up
observed_gain,1000,0.7356632585414843,0.8039682695872641,0.167,0.53,60,20261070,10,broad,catch_up
post_score,1000,0.2757371133444022,0.18771964970813237,0.167,0.53,60,20261070,10,broad,catch_up
baseline,1000,-0.6969126251858674,-0.8236304456238486,0.089,0.303,60,20261070,15,broad,catch_up
observed_gain,1000,0.7632346395702952,0.8385564164475116,0.089,0.303,60,20261070,15,broad,catch_up
post_score,1000,0.3344652496781095,0.21098506394749275,0.089,0.303,60,20261070,15,broad,catch_up
baseline,1000,-0.7160302778345355,-0.8466313835690026,0.031,0.119,60,20261070,30,broad,catch_up
observed_gain,1000,0.7980552502810154,0.8740309074121705,0.031,0.119,60,20261070,30,broad,catch_up
post_score,1000,0.4117664334109039,0.26537545682435143,0.031,0.119,60,20261070,30,broad,catch_up
baseline,1000,0.4354261594385658,0.7709935089049149,0.534,0.653,61,20261071,5,easy,proportional
observed_gain,1000,-0.14511749184709227,-0.2014108460899901,0.534,0.653,61,20261071,5,easy,proportional
post_score,1000,0.37459378497199325,0.7390129859573956,0.534,0.653,61,20261071,5,easy,proportional
baseline,1000,0.519723697057501,0.8335772558002075,0.3,0.432,61,20261071,10,easy,proportional
observed_gain,1000,-0.16946987944579767,-0.16131619800397246,0.3,0.432,61,20261071,10,easy,proportional
post_score,1000,0.4642369802449274,0.8379205203664263,0.3,0.432,61,20261071,10,easy,proportional
baseline,1000,0.5325341530880844,0.8565047856630318,0.258,0.386,61,20261071,15,easy,proportional
observed_gain,1000,-0.1771739299870453,-0.1665942889460086,0.258,0.386,61,20261071,15,easy,proportional
post_score,1000,0.47527050261162396,0.8688694708100915,0.258,0.386,61,20261071,15,easy,proportional
baseline,1000,0.5405318354402894,0.8788890719003384,0.191,0.319,61,20261071,30,easy,proportional
observed_gain,1000,-0.22215493466314082,-0.22193098250587925,0.191,0.319,61,20261071,30,easy,proportional
post_score,1000,0.48795784584601676,0.8993418407198182,0.191,0.319,61,20261071,30,easy,proportional
baseline,1000,0.4919251825138853,0.7753290278800679,0.359,0.488,61,20261071,5,broad,proportional
observed_gain,1000,-0.09813123080568953,-0.1034243098169986,0.359,0.488,61,20261071,5,broad,proportional
post_score,1000,0.4485674170674629,0.78977834589303,0.359,0.488,61,20261071,5,broad,proportional
baseline,1000,0.585264180085804,0.8111851433857561,0.086,0.193,61,20261071,10,broad,proportional
observed_gain,1000,-0.032929748671246234,0.04053707318599002,0.086,0.193,61,20261071,10,broad,proportional
post_score,1000,0.5764812734667693,0.8642625621239027,0.086,0.193,61,20261071,10,broad,proportional
baseline,1000,0.6108842439863682,0.8462902419026928,0.07,0.146,61,20261071,15,broad,proportional
observed_gain,1000,-0.04237477787361493,0.04054578141581754,0.07,0.146,61,20261071,15,broad,proportional
post_score,1000,0.5908767840879255,0.8983846729181605,0.07,0.146,61,20261071,15,broad,proportional
baseline,1000,0.6312009571369426,0.8731785455455329,0.042,0.103,61,20261071,30,broad,proportional
observed_gain,1000,-0.04301800910843081,0.08489760142088555,0.042,0.103,61,20261071,30,broad,proportional
post_score,1000,0.6069695530596224,0.9229145830912815,0.042,0.103,61,20261071,30,broad,proportional
baseline,1000,-0.01219469354422771,-0.008328857776311175,0.534,0.833,61,20261071,5,easy,additive
observed_gain,1000,0.09985303777295183,0.0829810638423154,0.534,0.833,61,20261071,5,easy,additive
post_score,1000,0.20932026141940413,0.2217550973200847,0.534,0.833,61,20261071,5,easy,additive
baseline,1000,-0.01870326098018437,-0.013422411010110812,0.3,0.527,61,20261071,10,easy,additive
observed_gain,1000,0.1883168768021363,0.16536015375726362,0.3,0.527,61,20261071,10,easy,additive
post_score,1000,0.29397202482204937,0.2893229257349829,0.3,0.527,61,20261071,10,easy,additive
baseline,1000,-0.015954302891246237,-0.012038847357622397,0.258,0.446,61,20261071,15,easy,additive
observed_gain,1000,0.19729297497625153,0.17995186950140693,0.258,0.446,61,20261071,15,easy,additive
post_score,1000,0.3197640809808807,0.3130420307802986,0.258,0.446,61,20261071,15,easy,additive
baseline,1000,-0.020563664089299296,-0.014852637051592897,0.191,0.342,61,20261071,30,easy,additive
observed_gain,1000,0.21699801952591194,0.18782478254764992,0.191,0.342,61,20261071,30,easy,additive
post_score,1000,0.3507221782104523,0.3291684252411977,0.191,0.342,61,20261071,30,easy,additive
baseline,1000,-0.01939286100718931,-0.013024792617129579,0.359,0.587,61,20261071,5,broad,additive
observed_gain,1000,0.1763114695824516,0.16339056824397583,0.359,0.587,61,20261071,5,broad,additive
post_score,1000,0.2455805367610898,0.2326582753671989,0.359,0.587,61,20261071,5,broad,additive
baseline,1000,-0.01279681350214715,-0.01524917614231027,0.086,0.182,61,20261071,10,broad,additive
observed_gain,1000,0.27660747383968376,0.2676903422839703,0.086,0.182,61,20261071,10,broad,additive
post_score,1000,0.3096448487942529,0.28693522488411216,0.086,0.182,61,20261071,10,broad,additive
baseline,1000,-0.0016435262390935789,-0.0085629190984837,0.07,0.123,61,20261071,15,broad,additive
observed_gain,1000,0.30398122264967775,0.2940338072874437,0.07,0.123,61,20261071,15,broad,additive
post_score,1000,0.33416897862681777,0.31354241969072133,0.07,0.123,61,20261071,15,broad,additive
baseline,1000,-0.012028459159380545,-0.015114664180476616,0.042,0.071,61,20261071,30,broad,additive
observed_gain,1000,0.3597272179585745,0.34163803357829947,0.042,0.071,61,20261071,30,broad,additive
post_score,1000,0.35245225327456936,0.32303107252788243,0.042,0.071,61,20261071,30,broad,additive
baseline,1000,-0.6390878908709381,-0.7328836580273715,0.534,0.974,61,20261071,5,easy,catch_up
observed_gain,1000,0.6397322927241992,0.7279965413637578,0.534,0.974,61,20261071,5,easy,catch_up
post_score,1000,0.08495578323840217,0.07601493400296455,0.534,0.974,61,20261071,5,easy,catch_up
baseline,1000,-0.6947847627122106,-0.8059364389771195,0.3,0.777,61,20261071,10,easy,catch_up
observed_gain,1000,0.7094914050125052,0.7956673633959298,0.3,0.777,61,20261071,10,easy,catch_up
post_score,1000,0.18705817041251066,0.13386753830554693,0.3,0.777,61,20261071,10,easy,catch_up
baseline,1000,-0.711249854755934,-0.8269962787899855,0.258,0.722,61,20261071,15,easy,catch_up
observed_gain,1000,0.7269728804700167,0.8199884636248568,0.258,0.722,61,20261071,15,easy,catch_up
post_score,1000,0.20968506377432652,0.14567220373385031,0.258,0.722,61,20261071,15,easy,catch_up
baseline,1000,-0.7329962137436941,-0.8506869347052319,0.191,0.603,61,20261071,30,easy,catch_up
observed_gain,1000,0.7523328813080354,0.8507067611193965,0.191,0.603,61,20261071,30,easy,catch_up
post_score,1000,0.2559625329674395,0.18344846456567795,0.191,0.603,61,20261071,30,easy,catch_up
baseline,1000,-0.6440848214363819,-0.7508896140528378,0.359,0.825,61,20261071,5,broad,catch_up
observed_gain,1000,0.6548577955869045,0.73089818085804,0.359,0.825,61,20261071,5,broad,catch_up
post_score,1000,0.17378078757281762,0.10793719043511912,0.359,0.825,61,20261071,5,broad,catch_up
baseline,1000,-0.6519644213032194,-0.7924259630235309,0.086,0.321,61,20261071,10,broad,catch_up
observed_gain,1000,0.7270588788367844,0.7976206080853798,0.086,0.321,61,20261071,10,broad,catch_up
post_score,1000,0.3349763422597754,0.20918093331948148,0.086,0.321,61,20261071,10,broad,catch_up
baseline,1000,-0.6707569757971773,-0.8193809644939634,0.07,0.234,61,20261071,15,broad,catch_up
observed_gain,1000,0.7533562461101785,0.8371410507007394,0.07,0.234,61,20261071,15,broad,catch_up
post_score,1000,0.36735998828432237,0.23451106501904528,0.07,0.234,61,20261071,15,broad,catch_up
baseline,1000,-0.7015362908860858,-0.8507550867821541,0.042,0.152,61,20261071,30,broad,catch_up
observed_gain,1000,0.7919876986040937,0.8770861627034744,0.042,0.152,61,20261071,30,broad,catch_up
post_score,1000,0.4062483803273933,0.24583189641523992,0.042,0.152,61,20261071,30,broad,catch_up
baseline,1000,0.46165418321271684,0.7644642902170095,0.505,0.636,62,20261072,5,easy,proportional
observed_gain,1000,-0.16066737394087083,-0.21089357195051373,0.505,0.636,62,20261072,5,easy,proportional
post_score,1000,0.39510067418656275,0.7342040509056004,0.505,0.636,62,20261072,5,easy,proportional
baseline,1000,0.4953619381995331,0.80261706852688,0.355,0.504,62,20261072,10,easy,proportional
observed_gain,1000,-0.17785287144933917,-0.22130508066696658,0.355,0.504,62,20261072,10,easy,proportional
post_score,1000,0.4433225924596134,0.808209504819365,0.355,0.504,62,20261072,10,easy,proportional
baseline,1000,0.4999260332165762,0.8197642951974313,0.316,0.46,62,20261072,15,easy,proportional
observed_gain,1000,-0.19803947100566718,-0.243543657605114,0.316,0.46,62,20261072,15,easy,proportional
post_score,1000,0.45055112975064004,0.8340891513074022,0.316,0.46,62,20261072,15,easy,proportional
baseline,1000,0.5274392832768734,0.8595299334208464,0.206,0.339,62,20261072,30,easy,proportional
observed_gain,1000,-0.23959902813508466,-0.27488093567544436,0.206,0.339,62,20261072,30,easy,proportional
post_score,1000,0.4755693833870027,0.8879771577491661,0.206,0.339,62,20261072,30,easy,proportional
baseline,1000,0.5110634992754209,0.7564664279711487,0.285,0.438,62,20261072,5,broad,proportional
observed_gain,1000,-0.0663008263622606,-0.06089706806129915,0.285,0.438,62,20261072,5,broad,proportional
post_score,1000,0.47711358649488733,0.7706030789561539,0.285,0.438,62,20261072,5,broad,proportional
baseline,1000,0.5493621427663511,0.7893893561798676,0.121,0.239,62,20261072,10,broad,proportional
observed_gain,1000,-0.03771465273916862,-0.012914058190437434,0.121,0.239,62,20261072,10,broad,proportional
post_score,1000,0.5412561444180142,0.8310303174805642,0.121,0.239,62,20261072,10,broad,proportional
baseline,1000,0.5675097936491543,0.8157756359741384,0.096,0.191,62,20261072,15,broad,proportional
observed_gain,1000,-0.04621461980963844,-0.004364186281866333,0.096,0.191,62,20261072,15,broad,proportional
post_score,1000,0.5618041457975261,0.8700514157563102,0.096,0.191,62,20261072,15,broad,proportional
baseline,1000,0.6017546246671335,0.8475524667511117,0.033,0.095,62,20261072,30,broad,proportional
observed_gain,1000,-0.03286843327434047,0.04017652725873766,0.033,0.095,62,20261072,30,broad,proportional
post_score,1000,0.5959012897690134,0.91005352067135,0.033,0.095,62,20261072,30,broad,proportional
baseline,1000,0.0024894740064147383,0.003146428681353558,0.505,0.798,62,20261072,5,easy,additive
observed_gain,1000,0.10451885486223846,0.09397253264414812,0.505,0.798,62,20261072,5,easy,additive
post_score,1000,0.2275449049950533,0.2462724845994168,0.505,0.798,62,20261072,5,easy,additive
baseline,1000,0.011527299508261795,-0.0039044618653386693,0.355,0.609,62,20261072,10,easy,additive
observed_gain,1000,0.12997801670801,0.12784723994222624,0.355,0.609,62,20261072,10,easy,additive
post_score,1000,0.288282663748839,0.2849754469841644,0.355,0.609,62,20261072,10,easy,additive
baseline,1000,0.0052936942664765785,-0.006777071975459611,0.316,0.542,62,20261072,15,easy,additive
observed_gain,1000,0.13680195091075165,0.1296336932991044,0.316,0.542,62,20261072,15,easy,additive
post_score,1000,0.30013024999423726,0.2784178289732019,0.316,0.542,62,20261072,15,easy,additive
baseline,1000,8.4692973786494e-4,0.0027562531422081283,0.206,0.375,62,20261072,30,easy,additive
observed_gain,1000,0.1621507917445805,0.14148517827712814,0.206,0.375,62,20261072,30,easy,additive
post_score,1000,0.3446598015621376,0.3199386114762852,0.206,0.375,62,20261072,30,easy,additive
baseline,1000,-0.013928288361940554,-0.00294263062315135,0.285,0.515,62,20261072,5,broad,additive
observed_gain,1000,0.1873591755901109,0.16689082097385452,0.285,0.515,62,20261072,5,broad,additive
post_score,1000,0.23427217510117557,0.21425789180439103,0.285,0.515,62,20261072,5,broad,additive
baseline,1000,-0.010908529178604217,-0.014613946974150405,0.121,0.231,62,20261072,10,broad,additive
observed_gain,1000,0.22075434302303606,0.2143250637367083,0.121,0.231,62,20261072,10,broad,additive
post_score,1000,0.26766521662243153,0.23488589445689279,0.121,0.231,62,20261072,10,broad,additive
baseline,1000,-0.007855729203415608,-0.008127707565417716,0.096,0.168,62,20261072,15,broad,additive
observed_gain,1000,0.23715908499895688,0.2140571950786487,0.096,0.168,62,20261072,15,broad,additive
post_score,1000,0.3000036507713771,0.2634516980181562,0.096,0.168,62,20261072,15,broad,additive
baseline,1000,-0.016918341342845124,-0.017501359026855137,0.033,0.062,62,20261072,30,broad,additive
observed_gain,1000,0.2981977573676203,0.2884458112465763,0.033,0.062,62,20261072,30,broad,additive
post_score,1000,0.3466096964693285,0.3131858405754447,0.033,0.062,62,20261072,30,broad,additive
baseline,1000,-0.6373111499604409,-0.7321924975295049,0.505,0.945,62,20261072,5,easy,catch_up
observed_gain,1000,0.6445704247095578,0.724859271207691,0.505,0.945,62,20261072,5,easy,catch_up
post_score,1000,0.09878502042204713,0.07231539270030454,0.505,0.945,62,20261072,5,easy,catch_up
baseline,1000,-0.6517175021081802,-0.7821961264838361,0.355,0.838,62,20261072,10,easy,catch_up
observed_gain,1000,0.668545989552968,0.7754728322185707,0.355,0.838,62,20261072,10,easy,catch_up
post_score,1000,0.15214356325768408,0.09685901935853297,0.355,0.838,62,20261072,10,easy,catch_up
baseline,1000,-0.6648967522846512,-0.8026018428107303,0.316,0.797,62,20261072,15,easy,catch_up
observed_gain,1000,0.6822978716097723,0.7983308436099597,0.316,0.797,62,20261072,15,easy,catch_up
post_score,1000,0.1653868766737817,0.09983515074101983,0.316,0.797,62,20261072,15,easy,catch_up
baseline,1000,-0.6955549680788481,-0.8303055172122151,0.206,0.621,62,20261072,30,easy,catch_up
observed_gain,1000,0.717080810308123,0.8349108955344579,0.206,0.621,62,20261072,30,easy,catch_up
post_score,1000,0.2240212793950116,0.1561496408302734,0.206,0.621,62,20261072,30,easy,catch_up
baseline,1000,-0.6124967436452732,-0.7346090159168247,0.285,0.74,62,20261072,5,broad,catch_up
observed_gain,1000,0.6453072957242262,0.7312423935854839,0.285,0.74,62,20261072,5,broad,catch_up
post_score,1000,0.1714332017042586,0.09497237627166788,0.285,0.74,62,20261072,5,broad,catch_up
baseline,1000,-0.6264935928254565,-0.7811772164819993,0.121,0.37,62,20261072,10,broad,catch_up
observed_gain,1000,0.6849421651032691,0.783654135338862,0.121,0.37,62,20261072,10,broad,catch_up
post_score,1000,0.2662429750056935,0.1372560395647977,0.121,0.37,62,20261072,10,broad,catch_up
baseline,1000,-0.6457574998896969,-0.7994303226569743,0.096,0.292,62,20261072,15,broad,catch_up
observed_gain,1000,0.711549674168982,0.8090655934588501,0.096,0.292,62,20261072,15,broad,catch_up
post_score,1000,0.29844321442558047,0.15744658601253458,0.096,0.292,62,20261072,15,broad,catch_up
baseline,1000,-0.6823973079920881,-0.8367700166515709,0.033,0.128,62,20261072,30,broad,catch_up
observed_gain,1000,0.7641074374788552,0.8589338921760902,0.033,0.128,62,20261072,30,broad,catch_up
post_score,1000,0.3846348588020351,0.22033848308222775,0.033,0.128,62,20261072,30,broad,catch_up
baseline,1000,0.5246517005986134,0.7586122603091607,0.388,0.541,63,20261073,5,easy,proportional
observed_gain,1000,-0.14216023589749674,-0.15307370173793897,0.388,0.541,63,20261073,5,easy,proportional
post_score,1000,0.4765026848135337,0.7858979970179216,0.388,0.541,63,20261073,5,easy,proportional
baseline,1000,0.5789457692787308,0.8167200343559003,0.257,0.409,63,20261073,10,easy,proportional
observed_gain,1000,-0.14894081907422682,-0.10367057071031663,0.257,0.409,63,20261073,10,easy,proportional
post_score,1000,0.5351149810246224,0.8603375763299633,0.257,0.409,63,20261073,10,easy,proportional
baseline,1000,0.567762152665181,0.8368491646464957,0.248,0.401,63,20261073,15,easy,proportional
observed_gain,1000,-0.19093730791054447,-0.16659569897683507,0.248,0.401,63,20261073,15,easy,proportional
post_score,1000,0.5143686070158875,0.8684257038614807,0.248,0.401,63,20261073,15,easy,proportional
baseline,1000,0.585889535618614,0.8622151525920704,0.171,0.291,63,20261073,30,easy,proportional
observed_gain,1000,-0.23654246323728137,-0.21205029374132559,0.171,0.291,63,20261073,30,easy,proportional
post_score,1000,0.5300340370464307,0.9023556224079508,0.171,0.291,63,20261073,30,easy,proportional
baseline,1000,0.595644461554503,0.7389174909509768,0.177,0.301,63,20261073,5,broad,proportional
observed_gain,1000,-0.029254435263449428,-0.027058574455172686,0.177,0.301,63,20261073,5,broad,proportional
post_score,1000,0.5789067099998269,0.7702223723809812,0.177,0.301,63,20261073,5,broad,proportional
baseline,1000,0.6590956767155208,0.772611749561561,0.066,0.163,63,20261073,10,broad,proportional
observed_gain,1000,0.045392383164513286,0.12471580906590485,0.066,0.163,63,20261073,10,broad,proportional
post_score,1000,0.660429842043559,0.8452243019504027,0.066,0.163,63,20261073,10,broad,proportional
baseline,1000,0.6612574560185316,0.8320739160808551,0.064,0.162,63,20261073,15,broad,proportional
observed_gain,1000,-0.014250461848015808,0.06195263549999379,0.064,0.162,63,20261073,15,broad,proportional
post_score,1000,0.6439468029202455,0.8816177630303293,0.064,0.162,63,20261073,15,broad,proportional
baseline,1000,0.6800746390397537,0.8499579986542098,0.032,0.088,63,20261073,30,broad,proportional
observed_gain,1000,0.0029842351295114545,0.10617214016537015,0.032,0.088,63,20261073,30,broad,proportional
post_score,1000,0.6756131062233351,0.9173335285447123,0.032,0.088,63,20261073,30,broad,proportional
baseline,1000,-0.03931776737008911,-0.0649483675330983,0.388,0.678,63,20261073,5,easy,additive
observed_gain,1000,0.20132993205897506,0.20766115897188314,0.388,0.678,63,20261073,5,easy,additive
post_score,1000,0.2537087383542954,0.24319884807652126,0.388,0.678,63,20261073,5,easy,additive
baseline,1000,-0.0559939646588984,-0.06597031741774369,0.257,0.481,63,20261073,10,easy,additive
observed_gain,1000,0.28355096313832207,0.2763524107881937,0.257,0.481,63,20261073,10,easy,additive
post_score,1000,0.29609421437589345,0.2799167893066525,0.257,0.481,63,20261073,10,easy,additive
baseline,1000,-0.05868046443703937,-0.06991559381952818,0.248,0.474,63,20261073,15,easy,additive
observed_gain,1000,0.25351885127688456,0.24810852564518518,0.248,0.474,63,20261073,15,easy,additive
post_score,1000,0.29946802301370246,0.2812614737436081,0.248,0.474,63,20261073,15,easy,additive
baseline,1000,-0.06617936146683882,-0.07416811929040507,0.171,0.319,63,20261073,30,easy,additive
observed_gain,1000,0.27642685369197273,0.25995784959219154,0.171,0.319,63,20261073,30,easy,additive
post_score,1000,0.32958950977192336,0.30257626721535624,0.171,0.319,63,20261073,30,easy,additive
baseline,1000,-0.011710320414390749,-0.03333745830053541,0.177,0.326,63,20261073,5,broad,additive
observed_gain,1000,0.20553347394785274,0.17983157807747882,0.177,0.326,63,20261073,5,broad,additive
post_score,1000,0.2211384216699762,0.18241540187309463,0.177,0.326,63,20261073,5,broad,additive
baseline,1000,-0.035513053150968116,-0.05180985180066834,0.066,0.142,63,20261073,10,broad,additive
observed_gain,1000,0.33204051385028477,0.305118715347949,0.066,0.142,63,20261073,10,broad,additive
post_score,1000,0.2580770951751828,0.2168435548687369,0.066,0.142,63,20261073,10,broad,additive
baseline,1000,-0.046405748990266386,-0.06399240774316872,0.064,0.138,63,20261073,15,broad,additive
observed_gain,1000,0.3528113876227342,0.3318325448333803,0.064,0.138,63,20261073,15,broad,additive
post_score,1000,0.2787552481651219,0.236255213210777,0.064,0.138,63,20261073,15,broad,additive
baseline,1000,-0.0647107183705707,-0.07901801840193966,0.032,0.057,63,20261073,30,broad,additive
observed_gain,1000,0.429577816653767,0.3967701274206339,0.032,0.057,63,20261073,30,broad,additive
post_score,1000,0.30382419461285376,0.2651477601740893,0.032,0.057,63,20261073,30,broad,additive
baseline,1000,-0.6377492453087912,-0.756149422936595,0.388,0.903,63,20261073,5,easy,catch_up
observed_gain,1000,0.6453989601278325,0.7530209888319752,0.388,0.903,63,20261073,5,easy,catch_up
post_score,1000,0.11878049285060646,0.09402397353270989,0.388,0.903,63,20261073,5,easy,catch_up
baseline,1000,-0.6815298316722194,-0.8161146663834229,0.257,0.755,63,20261073,10,easy,catch_up
observed_gain,1000,0.7072521939344457,0.8200602402640561,0.257,0.755,63,20261073,10,easy,catch_up
post_score,1000,0.19765567058430575,0.13964020747206318,0.257,0.755,63,20261073,10,easy,catch_up
baseline,1000,-0.7128240166324536,-0.8324042746832832,0.248,0.749,63,20261073,15,easy,catch_up
observed_gain,1000,0.7317814360449668,0.8334028352009729,0.248,0.749,63,20261073,15,easy,catch_up
post_score,1000,0.202148257362615,0.14241201421889996,0.248,0.749,63,20261073,15,easy,catch_up
baseline,1000,-0.7357990406617387,-0.8581819662492569,0.171,0.575,63,20261073,30,easy,catch_up
observed_gain,1000,0.7591251077292661,0.868772278912727,0.171,0.575,63,20261073,30,easy,catch_up
post_score,1000,0.2713717713543479,0.21040710629731704,0.171,0.575,63,20261073,30,easy,catch_up
baseline,1000,-0.5489214439198862,-0.7048355144137017,0.177,0.542,63,20261073,5,broad,catch_up
observed_gain,1000,0.6190688296750922,0.713439386785222,0.177,0.542,63,20261073,5,broad,catch_up
post_score,1000,0.24556876150736728,0.13916153249873564,0.177,0.542,63,20261073,5,broad,catch_up
baseline,1000,-0.57657133796400994,-0.7602320396595551,0.066,0.259,63,20261073,10,broad,catch_up
observed_gain,1000,0.7074915663396218,0.7981111257323728,0.066,0.259,63,20261073,10,broad,catch_up
post_score,1000,0.33023259912464603,0.1778665093170349,0.066,0.259,63,20261073,10,broad,catch_up
baseline,1000,-0.6529007440988374,-0.8196690056334155,0.064,0.254,63,20261073,15,broad,catch_up
observed_gain,1000,0.7532638719661441,0.8437813109191366,0.064,0.254,63,20261073,15,broad,catch_up
post_score,1000,0.33359002507752644,0.1844858561776484,0.064,0.254,63,20261073,15,broad,catch_up
baseline,1000,-0.6857805261384797,-0.8519136205959402,0.032,0.109,63,20261073,30,broad,catch_up
observed_gain,1000,0.8010070921607486,0.8867242098654777,0.032,0.109,63,20261073,30,broad,catch_up
post_score,1000,0.4133378285644986,0.24372434733602166,0.032,0.109,63,20261073,30,broad,catch_up
baseline,1000,0.6101369390882807,0.7617372975188677,0.294,0.433,64,20261074,5,easy,proportional
observed_gain,1000,-0.02994796800757229,0.005764625556257703,0.294,0.433,64,20261074,5,easy,proportional
post_score,1000,0.591799192471222,0.812000037004181,0.294,0.433,64,20261074,5,easy,proportional
baseline,1000,0.6369574136144474,0.825323795219446,0.238,0.362,64,20261074,10,easy,proportional
observed_gain,1000,-0.0628756271728756,-0.029034728221885898,0.238,0.362,64,20261074,10,easy,proportional
post_score,1000,0.6119070569453354,0.8704592845111935,0.238,0.362,64,20261074,10,easy,proportional
baseline,1000,0.6425863858853913,0.8473258390846069,0.206,0.334,64,20261074,15,easy,proportional
observed_gain,1000,-0.10887729534761119,-0.07142850698691156,0.206,0.334,64,20261074,15,easy,proportional
post_score,1000,0.6081142450493973,0.8907236981235128,0.206,0.334,64,20261074,15,easy,proportional
baseline,1000,0.6291911612172676,0.8730939644935576,0.186,0.303,64,20261074,30,easy,proportional
observed_gain,1000,-0.19260921423208666,-0.16075233419869964,0.186,0.303,64,20261074,30,easy,proportional
post_score,1000,0.5835615496536785,0.913885569648011,0.186,0.303,64,20261074,30,easy,proportional
baseline,1000,0.5140337388364107,0.49872374314605505,0.064,0.153,64,20261074,5,broad,proportional
observed_gain,1000,0.2119703486210424,0.23259654173475477,0.064,0.153,64,20261074,5,broad,proportional
post_score,1000,0.6577857398049864,0.6743838818376646,0.064,0.153,64,20261074,5,broad,proportional
baseline,1000,0.6575474637594824,0.7141330310098802,0.041,0.107,64,20261074,10,broad,proportional
observed_gain,1000,0.20085288109726523,0.2615001722807747,0.041,0.107,64,20261074,10,broad,proportional
post_score,1000,0.7359535646414017,0.8319347822203267,0.041,0.107,64,20261074,10,broad,proportional
baseline,1000,0.6973518873026846,0.7853767599292985,0.03,0.085,64,20261074,15,broad,proportional
observed_gain,1000,0.1630152726731834,0.23836424301423176,0.03,0.085,64,20261074,15,broad,proportional
post_score,1000,0.7411768690444349,0.874758887955393,0.03,0.085,64,20261074,15,broad,proportional
baseline,1000,0.7200896504527952,0.8623024497671611,0.027,0.077,64,20261074,30,broad,proportional
observed_gain,1000,0.05740083070233025,0.1681309978522121,0.027,0.077,64,20261074,30,broad,proportional
post_score,1000,0.7159209988353387,0.9230408464164463,0.027,0.077,64,20261074,30,broad,proportional
baseline,1000,0.07616497227614094,0.07331034402639305,0.294,0.496,64,20261074,5,easy,additive
observed_gain,1000,0.19795162423128315,0.1891129761415827,0.294,0.496,64,20261074,5,easy,additive
post_score,1000,0.3117662286177551,0.30710907661029485,0.294,0.496,64,20261074,5,easy,additive
baseline,1000,0.052635836999199256,0.06309195303315634,0.238,0.398,64,20261074,10,easy,additive
observed_gain,1000,0.24486614242178423,0.20827819424439392,0.238,0.398,64,20261074,10,easy,additive
post_score,1000,0.3420523296103527,0.3187164816708087,0.238,0.398,64,20261074,10,easy,additive
baseline,1000,0.04932784270938926,0.053314439178224066,0.206,0.355,64,20261074,15,easy,additive
observed_gain,1000,0.23561500743040575,0.1988399110492111,0.206,0.355,64,20261074,15,easy,additive
post_score,1000,0.3538739862768315,0.33237495500452763,0.206,0.355,64,20261074,15,easy,additive
baseline,1000,0.0677035336300987,0.060359550258472165,0.186,0.305,64,20261074,30,easy,additive
observed_gain,1000,0.16772842014781306,0.14477209780480552,0.186,0.305,64,20261074,30,easy,additive
post_score,1000,0.3687503951168812,0.3545532001889164,0.186,0.305,64,20261074,30,easy,additive
baseline,1000,0.015834103765334718,0.02522807491828828,0.064,0.122,64,20261074,5,broad,additive
observed_gain,1000,0.17666418047503757,0.1517768717333518,0.064,0.122,64,20261074,5,broad,additive
post_score,1000,0.20549121801724016,0.18535735768719205,0.064,0.122,64,20261074,5,broad,additive
baseline,1000,0.013731834817452057,0.04346989839815945,0.041,0.074,64,20261074,10,broad,additive
observed_gain,1000,0.29343030614733756,0.234934361084893,0.041,0.074,64,20261074,10,broad,additive
post_score,1000,0.2784116961526322,0.2670426229013208,0.041,0.074,64,20261074,10,broad,additive
baseline,1000,0.019787978358870098,0.04095372090901309,0.03,0.05,64,20261074,15,broad,additive
observed_gain,1000,0.33029817060338057,0.27532809440313055,0.03,0.05,64,20261074,15,broad,additive
post_score,1000,0.3057570933938465,0.28957303024135483,0.03,0.05,64,20261074,15,broad,additive
baseline,1000,0.046722952379403646,0.05611449757215823,0.027,0.045,64,20261074,30,broad,additive
observed_gain,1000,0.35735951935103977,0.30998019524454884,0.027,0.045,64,20261074,30,broad,additive
post_score,1000,0.3605544372576505,0.3416962656464098,0.027,0.045,64,20261074,30,broad,additive
baseline,1000,-0.568030461138915,-0.7107585215582357,0.294,0.742,64,20261074,5,easy,catch_up
observed_gain,1000,0.6097457858023331,0.7149207916414169,0.294,0.742,64,20261074,5,easy,catch_up
post_score,1000,0.171720842035046,0.08770015317362097,0.294,0.742,64,20261074,5,easy,catch_up
baseline,1000,-0.6700439307091481,-0.7929751828802788,0.238,0.637,64,20261074,10,easy,catch_up
observed_gain,1000,0.717753897418134,0.7962342710906466,0.238,0.637,64,20261074,10,easy,catch_up
post_score,1000,0.2072560652302367,0.09483051251081549,0.238,0.637,64,20261074,10,easy,catch_up
baseline,1000,-0.7063990126986217,-0.8229113615992943,0.206,0.577,64,20261074,15,easy,catch_up
observed_gain,1000,0.7516507653625969,0.8292413354387363,0.206,0.577,64,20261074,15,easy,catch_up
post_score,1000,0.22503646051032944,0.10892581508985412,0.206,0.577,64,20261074,15,easy,catch_up
baseline,1000,-0.7232214581572651,-0.8406504539857677,0.186,0.513,64,20261074,30,easy,catch_up
observed_gain,1000,0.7578303859074101,0.8480416562229613,0.186,0.513,64,20261074,30,easy,catch_up
post_score,1000,0.24388005490789993,0.13179465571702656,0.186,0.513,64,20261074,30,easy,catch_up
baseline,1000,-0.3556802853961309,-0.4756909430861057,0.064,0.179,64,20261074,5,broad,catch_up
observed_gain,1000,0.5024686415877259,0.45841003698061067,0.064,0.179,64,20261074,5,broad,catch_up
post_score,1000,0.28725565033424616,0.09070587158119822,0.064,0.179,64,20261074,5,broad,catch_up
baseline,1000,-0.5380224305447924,-0.6972179750073424,0.041,0.113,64,20261074,10,broad,catch_up
observed_gain,1000,0.6905312544338955,0.6830379288821765,0.041,0.113,64,20261074,10,broad,catch_up
post_score,1000,0.32896170349743087,0.10712109274612662,0.041,0.113,64,20261074,10,broad,catch_up
baseline,1000,-0.6121997741155536,-0.7745729613686642,0.03,0.079,64,20261074,15,broad,catch_up
observed_gain,1000,0.76656045527544,0.778226880537454,0.03,0.079,64,20261074,15,broad,catch_up
post_score,1000,0.3538669632787317,0.12210243517432239,0.03,0.079,64,20261074,15,broad,catch_up
baseline,1000,-0.6791830365168999,-0.8368702427205619,0.027,0.071,64,20261074,30,broad,catch_up
observed_gain,1000,0.8104625570698387,0.8732054990410038,0.027,0.071,64,20261074,30,broad,catch_up
post_score,1000,0.3554892327516681,0.13293972427075368,0.027,0.071,64,20261074,30,broad,catch_up
baseline,1000,0.3930187653278217,0.7368573574178641,0.599,0.7,65,20261075,5,easy,proportional
observed_gain,1000,-0.10516128821908947,-0.12809269736779233,0.599,0.7,65,20261075,5,easy,proportional
post_score,1000,0.3541369609441267,0.7348938406695043,0.599,0.7,65,20261075,5,easy,proportional
baseline,1000,0.4485409578910468,0.7965390610237184,0.414,0.533,65,20261075,10,easy,proportional
observed_gain,1000,-0.11896597635779224,-0.14767316710817932,0.414,0.533,65,20261075,10,easy,proportional
post_score,1000,0.41419298687939426,0.8271517740509694,0.414,0.533,65,20261075,10,easy,proportional
baseline,1000,0.44495406745094146,0.812713776837296,0.385,0.504,65,20261075,15,easy,proportional
observed_gain,1000,-0.1500057816172266,-0.20487220288595065,0.385,0.504,65,20261075,15,easy,proportional
post_score,1000,0.4055203857936134,0.8448404049876718,0.385,0.504,65,20261075,15,easy,proportional
baseline,1000,0.4944407526584881,0.8509348041198199,0.216,0.337,65,20261075,30,easy,proportional
observed_gain,1000,-0.1829082144712731,-0.19475084381024393,0.216,0.337,65,20261075,30,easy,proportional
post_score,1000,0.4499173568329882,0.8967245017702643,0.216,0.337,65,20261075,30,easy,proportional
baseline,1000,0.457951744992496,0.7621534519508802,0.441,0.543,65,20261075,5,broad,proportional
observed_gain,1000,-0.06690252144337291,-0.04387295683086087,0.441,0.543,65,20261075,5,broad,proportional
post_score,1000,0.4350136560408348,0.8046522737500293,0.441,0.543,65,20261075,5,broad,proportional
baseline,1000,0.5173838488433936,0.8018833926735078,0.16,0.29,65,20261075,10,broad,proportional
observed_gain,1000,-0.03262271040140007,5.593472396482859e-4,0.16,0.29,65,20261075,10,broad,proportional
post_score,1000,0.5070251237693538,0.8647680185409492,0.16,0.29,65,20261075,10,broad,proportional
baseline,1000,0.514899241277893,0.8281039328831071,0.141,0.267,65,20261075,15,broad,proportional
observed_gain,1000,-0.06579132811990535,-0.03918557190313255,0.141,0.267,65,20261075,15,broad,proportional
post_score,1000,0.495520929902611,0.8870670733083791,0.141,0.267,65,20261075,15,broad,proportional
baseline,1000,0.5729655599808492,0.8582545751381704,0.041,0.117,65,20261075,30,broad,proportional
observed_gain,1000,-0.010355775225056898,0.09803881950044215,0.041,0.117,65,20261075,30,broad,proportional
post_score,1000,0.5636522235903146,0.9247119082913556,0.041,0.117,65,20261075,30,broad,proportional
baseline,1000,0.005189729790292863,0.0032432141210089424,0.599,0.876,65,20261075,5,easy,additive
observed_gain,1000,0.07227418553894621,0.09176473082499922,0.599,0.876,65,20261075,5,easy,additive
post_score,1000,0.20226175117202558,0.25400101277958037,0.599,0.876,65,20261075,5,easy,additive
baseline,1000,0.017276547264177548,0.007211754162138407,0.414,0.626,65,20261075,10,easy,additive
observed_gain,1000,0.10791158239358603,0.12908816733867878,0.414,0.626,65,20261075,10,easy,additive
post_score,1000,0.2751874082943057,0.3083123843583825,0.414,0.626,65,20261075,10,easy,additive
baseline,1000,0.0190356033648467,0.0029167779068355252,0.385,0.591,65,20261075,15,easy,additive
observed_gain,1000,0.09700042519909202,0.11084662578731373,0.385,0.591,65,20261075,15,easy,additive
post_score,1000,0.2856606851096686,0.32217813549063096,0.385,0.591,65,20261075,15,easy,additive
baseline,1000,0.02713099552603117,0.005760886326322493,0.216,0.354,65,20261075,30,easy,additive
observed_gain,1000,0.13156176519053234,0.14093005963676022,0.216,0.354,65,20261075,30,easy,additive
post_score,1000,0.30998571249062684,0.2979342714276323,0.216,0.354,65,20261075,30,easy,additive
baseline,1000,0.011591544663129972,-0.016123055923004382,0.441,0.669,65,20261075,5,broad,additive
observed_gain,1000,0.15363770051141326,0.20623053210004968,0.441,0.669,65,20261075,5,broad,additive
post_score,1000,0.2554691301718587,0.2929033365864785,0.441,0.669,65,20261075,5,broad,additive
baseline,1000,0.012834659445265476,-0.004713498640562207,0.16,0.295,65,20261075,10,broad,additive
observed_gain,1000,0.216969172608451,0.24874190410395383,0.16,0.295,65,20261075,10,broad,additive
post_score,1000,0.305544698802266,0.3041766061016575,0.16,0.295,65,20261075,10,broad,additive
baseline,1000,0.020296624945083518,5.712867810309548e-4,0.141,0.265,65,20261075,15,broad,additive
observed_gain,1000,0.1963803770001673,0.23043747993700534,0.141,0.265,65,20261075,15,broad,additive
post_score,1000,0.31796089232669345,0.3182137845298989,0.141,0.265,65,20261075,15,broad,additive
baseline,1000,0.021808320758445493,0.0025013725987893553,0.041,0.069,65,20261075,30,broad,additive
observed_gain,1000,0.2756103870791712,0.291235446083613,0.041,0.069,65,20261075,30,broad,additive
post_score,1000,0.3324448370335594,0.30837887563655886,0.041,0.069,65,20261075,30,broad,additive
baseline,1000,-0.6814789313124108,-0.7188067082548653,0.599,0.977,65,20261075,5,easy,catch_up
observed_gain,1000,0.6829632930472299,0.7178811264215723,0.599,0.977,65,20261075,5,easy,catch_up
post_score,1000,0.08747349549323545,0.09251697356629997,0.599,0.977,65,20261075,5,easy,catch_up
baseline,1000,-0.7074932773463728,-0.7754138270634293,0.414,0.852,65,20261075,10,easy,catch_up
observed_gain,1000,0.7180936604109914,0.7657518895388302,0.414,0.852,65,20261075,10,easy,catch_up
post_score,1000,0.17149353632352557,0.13230222298415714,0.414,0.852,65,20261075,10,easy,catch_up
baseline,1000,-0.7158307652231404,-0.7962495042399192,0.385,0.832,65,20261075,15,easy,catch_up
observed_gain,1000,0.7262194474702749,0.7873596314614247,0.385,0.832,65,20261075,15,easy,catch_up
post_score,1000,0.17525511686128986,0.12665727173010505,0.385,0.832,65,20261075,15,easy,catch_up
baseline,1000,-0.7343148373374158,-0.8322016893651271,0.216,0.604,65,20261075,30,easy,catch_up
observed_gain,1000,0.7539309315694964,0.8269696847674808,0.216,0.604,65,20261075,30,easy,catch_up
post_score,1000,0.24594793202492535,0.1616958928172699,0.216,0.604,65,20261075,30,easy,catch_up
baseline,1000,-0.6738988223914864,-0.7625581856705592,0.441,0.891,65,20261075,5,broad,catch_up
observed_gain,1000,0.6805347067917237,0.7510001377470035,0.441,0.891,65,20261075,5,broad,catch_up
post_score,1000,0.1321530456258806,0.09897322100622657,0.441,0.891,65,20261075,5,broad,catch_up
baseline,1000,-0.6882233914371848,-0.7937713645004365,0.16,0.474,65,20261075,10,broad,catch_up
observed_gain,1000,0.7344282289589191,0.7968121604432519,0.16,0.474,65,20261075,10,broad,catch_up
post_score,1000,0.2586898350015379,0.14689884054744634,0.16,0.474,65,20261075,10,broad,catch_up
baseline,1000,-0.7152279337267213,-0.8136167039985956,0.141,0.421,65,20261075,15,broad,catch_up
observed_gain,1000,0.7605810094927997,0.816279157277417,0.141,0.421,65,20261075,15,broad,catch_up
post_score,1000,0.2746656882768976,0.15204186286816998,0.141,0.421,65,20261075,15,broad,catch_up
baseline,1000,-0.723042461261523,-0.8426476914058346,0.041,0.117,65,20261075,30,broad,catch_up
observed_gain,1000,0.8098518006875457,0.8641513799026075,0.041,0.117,65,20261075,30,broad,catch_up
post_score,1000,0.3728295432608739,0.18778085098916583,0.041,0.117,65,20261075,30,broad,catch_up
baseline,1000,0.45140732729791855,0.7392058429570743,0.461,0.588,66,20261076,5,easy,proportional
observed_gain,1000,-0.10900801729965813,-0.14567217704812715,0.461,0.588,66,20261076,5,easy,proportional
post_score,1000,0.40538648765979624,0.7347400270151436,0.461,0.588,66,20261076,5,easy,proportional
baseline,1000,0.5229372334015152,0.8329015002254548,0.333,0.48,66,20261076,10,easy,proportional
observed_gain,1000,-0.1340336016348282,-0.14225774552347073,0.333,0.48,66,20261076,10,easy,proportional
post_score,1000,0.4664043820982912,0.8429713068517988,0.333,0.48,66,20261076,10,easy,proportional
baseline,1000,0.5396448266747021,0.8530660760457291,0.257,0.391,66,20261076,15,easy,proportional
observed_gain,1000,-0.15062835098023378,-0.1645212539207582,0.257,0.391,66,20261076,15,easy,proportional
post_score,1000,0.487186407993066,0.872994182927257,0.257,0.391,66,20261076,15,easy,proportional
baseline,1000,0.5355082618075874,0.8727804394446496,0.2,0.31,66,20261076,30,easy,proportional
observed_gain,1000,-0.21303419366891804,-0.2453307627762334,0.2,0.31,66,20261076,30,easy,proportional
post_score,1000,0.4855438356735828,0.9016390514215329,0.2,0.31,66,20261076,30,easy,proportional
baseline,1000,0.46462612731233616,0.685672694937743,0.215,0.315,66,20261076,5,broad,proportional
observed_gain,1000,-0.01120079009780495,-0.019973917363751172,0.215,0.315,66,20261076,5,broad,proportional
post_score,1000,0.46729353452639294,0.7126551438395828,0.215,0.315,66,20261076,5,broad,proportional
baseline,1000,0.5768823841311556,0.7981197175413434,0.095,0.201,66,20261076,10,broad,proportional
observed_gain,1000,0.012403905532452702,0.09691359522986275,0.095,0.201,66,20261076,10,broad,proportional
post_score,1000,0.564730664593992,0.8568659346642364,0.095,0.201,66,20261076,10,broad,proportional
baseline,1000,0.5920712624628448,0.820695617386558,0.038,0.111,66,20261076,15,broad,proportional
observed_gain,1000,0.04762040885162462,0.1318268753245774,0.038,0.111,66,20261076,15,broad,proportional
post_score,1000,0.5942727162564496,0.8885434348869542,0.038,0.111,66,20261076,15,broad,proportional
baseline,1000,0.597054227253278,0.8597250009726473,0.018,0.07,66,20261076,30,broad,proportional
observed_gain,1000,0.008903089729606836,0.09021394013846844,0.018,0.07,66,20261076,30,broad,proportional
post_score,1000,0.5956512373737438,0.917921142664752,0.018,0.07,66,20261076,30,broad,proportional
baseline,1000,-0.052926881873496055,-0.04520158147594099,0.461,0.729,66,20261076,5,easy,additive
observed_gain,1000,0.15453989819818795,0.14862262133958906,0.461,0.729,66,20261076,5,easy,additive
post_score,1000,0.19862232319008732,0.20698536742080154,0.461,0.729,66,20261076,5,easy,additive
baseline,1000,-0.024840978955979455,-0.023193792353103482,0.333,0.582,66,20261076,10,easy,additive
observed_gain,1000,0.17406691027036392,0.1475497531387591,0.333,0.582,66,20261076,10,easy,additive
post_score,1000,0.2626906930395306,0.2547729503830736,0.333,0.582,66,20261076,10,easy,additive
baseline,1000,-0.026627380301340854,-0.03090240771663628,0.257,0.457,66,20261076,15,easy,additive
observed_gain,1000,0.1962545932652843,0.18024562953383835,0.257,0.457,66,20261076,15,easy,additive
post_score,1000,0.29124619049543526,0.27053410178837795,0.257,0.457,66,20261076,15,easy,additive
baseline,1000,-0.0385569587368832,-0.04366791083107219,0.2,0.338,66,20261076,30,easy,additive
observed_gain,1000,0.20588897781206306,0.1940721701808276,0.2,0.338,66,20261076,30,easy,additive
post_score,1000,0.3159592530634091,0.2926539952433442,0.2,0.338,66,20261076,30,easy,additive
baseline,1000,-0.034260735676790305,-0.022946882560989153,0.215,0.347,66,20261076,5,broad,additive
observed_gain,1000,0.1775512882977005,0.1628362925594088,0.215,0.347,66,20261076,5,broad,additive
post_score,1000,0.23057515671746495,0.22012790136198965,0.215,0.347,66,20261076,5,broad,additive
baseline,1000,-0.03207571608395266,-0.024267318210359143,0.095,0.192,66,20261076,10,broad,additive
observed_gain,1000,0.28112091583415194,0.2580315301973135,0.095,0.192,66,20261076,10,broad,additive
post_score,1000,0.27010269073169474,0.2530353539364962,0.095,0.192,66,20261076,10,broad,additive
baseline,1000,-0.028824611388256236,-0.03624970583410729,0.038,0.082,66,20261076,15,broad,additive
observed_gain,1000,0.30183791577301194,0.2999014769841589,0.038,0.082,66,20261076,15,broad,additive
post_score,1000,0.2927834069680703,0.26959494752304575,0.038,0.082,66,20261076,15,broad,additive
baseline,1000,-0.03598725460182271,-0.05008480794714271,0.018,0.042,66,20261076,30,broad,additive
observed_gain,1000,0.30165979554235206,0.31379744934475906,0.018,0.042,66,20261076,30,broad,additive
post_score,1000,0.31254504612080697,0.28306042042635665,0.018,0.042,66,20261076,30,broad,additive
baseline,1000,-0.6559311868747257,-0.7231954531054111,0.461,0.914,66,20261076,5,easy,catch_up
observed_gain,1000,0.654080796422974,0.7029491316989,0.461,0.914,66,20261076,5,easy,catch_up
post_score,1000,0.10097867521234911,0.06096987817752388,0.461,0.914,66,20261076,5,easy,catch_up
baseline,1000,-0.7106874979308087,-0.8001723192961323,0.333,0.835,66,20261076,10,easy,catch_up
observed_gain,1000,0.7237755576264273,0.7928977989983289,0.333,0.835,66,20261076,10,easy,catch_up
post_score,1000,0.13995633338771088,0.0703549070072384,0.333,0.835,66,20261076,10,easy,catch_up
baseline,1000,-0.7296109327310333,-0.8250538407258353,0.257,0.715,66,20261076,15,easy,catch_up
observed_gain,1000,0.7509966544362936,0.8232090047779134,0.257,0.715,66,20261076,15,easy,catch_up
post_score,1000,0.1944514969305038,0.11770632097631956,0.257,0.715,66,20261076,15,easy,catch_up
baseline,1000,-0.7538584982957321,-0.8511087861393966,0.2,0.592,66,20261076,30,easy,catch_up
observed_gain,1000,0.7751556862316737,0.8529466074813513,0.2,0.592,66,20261076,30,easy,catch_up
post_score,1000,0.24677331706774677,0.18139593877148386,0.2,0.592,66,20261076,30,easy,catch_up
baseline,1000,-0.6072899471857964,-0.6553623750052727,0.215,0.494,66,20261076,5,broad,catch_up
observed_gain,1000,0.6375449615111146,0.6442220128244849,0.215,0.494,66,20261076,5,broad,catch_up
post_score,1000,0.24684453187568942,0.15750130145422495,0.215,0.494,66,20261076,5,broad,catch_up
baseline,1000,-0.6560874796577548,-0.7801288162508895,0.095,0.352,66,20261076,10,broad,catch_up
observed_gain,1000,0.7266803477953342,0.7906515071344284,0.095,0.352,66,20261076,10,broad,catch_up
post_score,1000,0.301444188401338,0.1845659220407411,0.095,0.352,66,20261076,10,broad,catch_up
baseline,1000,-0.678068011958286,-0.8076851127179934,0.038,0.18,66,20261076,15,broad,catch_up
observed_gain,1000,0.7663668627527576,0.8176645302274355,0.038,0.18,66,20261076,15,broad,catch_up
post_score,1000,0.3746892874218599,0.2209324584482478,0.038,0.18,66,20261076,15,broad,catch_up
baseline,1000,-0.7318619628439985,-0.849429903148709,0.018,0.081,66,20261076,30,broad,catch_up
observed_gain,1000,0.8090994089261235,0.8572470670310521,0.018,0.081,66,20261076,30,broad,catch_up
post_score,1000,0.42705380523349806,0.2552926585140046,0.018,0.081,66,20261076,30,broad,catch_up
baseline,1000,0.5410627116147884,0.7716900958991311,0.412,0.55,67,20261077,5,easy,proportional
observed_gain,1000,-0.10487082004015899,-0.07827423766505402,0.412,0.55,67,20261077,5,easy,proportional
post_score,1000,0.4947423159141056,0.7832420856718167,0.412,0.55,67,20261077,5,easy,proportional
baseline,1000,0.533172593488456,0.8063386943460007,0.387,0.529,67,20261077,10,easy,proportional
observed_gain,1000,-0.17116263402627765,-0.1568918154730142,0.387,0.529,67,20261077,10,easy,proportional
post_score,1000,0.4828462117396313,0.8118835756842574,0.387,0.529,67,20261077,10,easy,proportional
baseline,1000,0.5223606942917134,0.8225646151423351,0.372,0.509,67,20261077,15,easy,proportional
observed_gain,1000,-0.21922084727523522,-0.24860481774327262,0.372,0.509,67,20261077,15,easy,proportional
post_score,1000,0.46607514377043663,0.8316793768661451,0.372,0.509,67,20261077,15,easy,proportional
baseline,1000,0.5575229821303228,0.8639457402202433,0.235,0.39,67,20261077,30,easy,proportional
observed_gain,1000,-0.26314493151753443,-0.27111108765848957,0.235,0.39,67,20261077,30,easy,proportional
post_score,1000,0.4935728597763719,0.8866751549339705,0.235,0.39,67,20261077,30,easy,proportional
baseline,1000,0.5700383257484303,0.7230237471024005,0.191,0.305,67,20261077,5,broad,proportional
observed_gain,1000,0.01026706312847256,0.06513568125222788,0.191,0.305,67,20261077,5,broad,proportional
post_score,1000,0.5874675625283187,0.8114877863179424,0.191,0.305,67,20261077,5,broad,proportional
baseline,1000,0.5899422301690619,0.7990796620960504,0.166,0.285,67,20261077,10,broad,proportional
observed_gain,1000,-0.05186108442729522,-0.011623502896372668,0.166,0.285,67,20261077,10,broad,proportional
post_score,1000,0.5840694754303356,0.8540465442563729,0.166,0.285,67,20261077,10,broad,proportional
baseline,1000,0.5937086972826233,0.8301504566556107,0.152,0.275,67,20261077,15,broad,proportional
observed_gain,1000,-0.11093105093825681,-0.08450554526913555,0.152,0.275,67,20261077,15,broad,proportional
post_score,1000,0.5657192549774316,0.8786923187367008,0.152,0.275,67,20261077,15,broad,proportional
baseline,1000,0.6305101463730024,0.861226655281847,0.055,0.136,67,20261077,30,broad,proportional
observed_gain,1000,-0.09980934198947829,-0.06237407376596193,0.055,0.136,67,20261077,30,broad,proportional
post_score,1000,0.6049071909604964,0.915250495155396,0.055,0.136,67,20261077,30,broad,proportional
baseline,1000,-7.088186143388716e-4,-0.00912373303845859,0.412,0.668,67,20261077,5,easy,additive
observed_gain,1000,0.1463459226232914,0.16831307604863482,0.412,0.668,67,20261077,5,easy,additive
post_score,1000,0.25460606837486893,0.24624792032280166,0.412,0.668,67,20261077,5,easy,additive
baseline,1000,-4.475185150080962e-4,-0.006455226587609177,0.387,0.642,67,20261077,10,easy,additive
observed_gain,1000,0.12628696928439373,0.13953847648358783,0.387,0.642,67,20261077,10,easy,additive
post_score,1000,0.2702303391792524,0.2604836149973133,0.387,0.642,67,20261077,10,easy,additive
baseline,1000,0.008926030300957078,-0.005516292457504528,0.372,0.62,67,20261077,15,easy,additive
observed_gain,1000,0.09538200043497054,0.11702035646611846,0.372,0.62,67,20261077,15,easy,additive
post_score,1000,0.28377257436358794,0.2806637464612809,0.372,0.62,67,20261077,15,easy,additive
baseline,1000,0.00708334371828107,0.008759353160034736,0.235,0.444,67,20261077,30,easy,additive
observed_gain,1000,0.12403743061032822,0.12133679930846378,0.235,0.444,67,20261077,30,easy,additive
post_score,1000,0.3260096238407342,0.31283935659404405,0.235,0.444,67,20261077,30,easy,additive
baseline,1000,-0.014356158404867723,-0.01779914689578828,0.191,0.337,67,20261077,5,broad,additive
observed_gain,1000,0.23211390804454735,0.24760450145878385,0.191,0.337,67,20261077,5,broad,additive
post_score,1000,0.2697333545890802,0.2476590259410124,0.191,0.337,67,20261077,5,broad,additive
baseline,1000,-0.008947545790764854,-0.015599404435347046,0.166,0.301,67,20261077,10,broad,additive
observed_gain,1000,0.220116692270176,0.2266768428634612,0.166,0.301,67,20261077,10,broad,additive
post_score,1000,0.29094029073630223,0.2632902239102042,0.166,0.301,67,20261077,10,broad,additive
baseline,1000,0.002518511493477356,-0.011470148857520124,0.152,0.286,67,20261077,15,broad,additive
observed_gain,1000,0.191061544698262,0.20672805441482375,0.152,0.286,67,20261077,15,broad,additive
post_score,1000,0.31350326480474305,0.2909644652458266,0.152,0.286,67,20261077,15,broad,additive
baseline,1000,3.200279643784382e-5,-0.008580021678464394,0.055,0.099,67,20261077,30,broad,additive
observed_gain,1000,0.22635973221023478,0.22590852889866936,0.055,0.099,67,20261077,30,broad,additive
post_score,1000,0.3416174199808098,0.31371640545657997,0.055,0.099,67,20261077,30,broad,additive
baseline,1000,-0.6662559217256807,-0.7543523657742587,0.412,0.883,67,20261077,5,easy,catch_up
observed_gain,1000,0.6724623334102237,0.7432429751766346,0.412,0.883,67,20261077,5,easy,catch_up
post_score,1000,0.1243713968958344,0.08205372373895037,0.412,0.883,67,20261077,5,easy,catch_up
baseline,1000,-0.6865698169235199,-0.7742064526235476,0.387,0.869,67,20261077,10,easy,catch_up
observed_gain,1000,0.6964979919655074,0.7679046665381706,0.387,0.869,67,20261077,10,easy,catch_up
post_score,1000,0.13674593911795863,0.09049157026224261,0.387,0.869,67,20261077,10,easy,catch_up
baseline,1000,-0.6864680722092654,-0.7895117653898105,0.372,0.857,67,20261077,15,easy,catch_up
observed_gain,1000,0.6954903637464066,0.7833437021541969,0.372,0.857,67,20261077,15,easy,catch_up
post_score,1000,0.13556309869835168,0.08756401964060025,0.372,0.857,67,20261077,15,easy,catch_up
baseline,1000,-0.7075262977644281,-0.8192498155264488,0.235,0.707,67,20261077,30,easy,catch_up
observed_gain,1000,0.7237456501602795,0.8169974698735037,0.235,0.707,67,20261077,30,easy,catch_up
post_score,1000,0.1894302232035859,0.11873045148939272,0.235,0.707,67,20261077,30,easy,catch_up
baseline,1000,-0.5933723413152396,-0.7265103635416018,0.191,0.52,67,20261077,5,broad,catch_up
observed_gain,1000,0.6422853776071616,0.7301972850420184,0.191,0.52,67,20261077,5,broad,catch_up
post_score,1000,0.2311604038526331,0.11312422102647564,0.191,0.52,67,20261077,5,broad,catch_up
baseline,1000,-0.6670808241610001,-0.7807196771994303,0.166,0.498,67,20261077,10,broad,catch_up
observed_gain,1000,0.711672219103654,0.7831724095386201,0.166,0.498,67,20261077,10,broad,catch_up
post_score,1000,0.2463054896024237,0.1318973825803191,0.166,0.498,67,20261077,10,broad,catch_up
baseline,1000,-0.6925409230561577,-0.8071723900533766,0.152,0.475,67,20261077,15,broad,catch_up
observed_gain,1000,0.7300656301168191,0.8103357200114888,0.152,0.475,67,20261077,15,broad,catch_up
post_score,1000,0.2438717906220324,0.1243774148546701,0.152,0.475,67,20261077,15,broad,catch_up
baseline,1000,-0.7108959932694743,-0.8332955628685698,0.055,0.171,67,20261077,30,broad,catch_up
observed_gain,1000,0.7703119452820454,0.8469073963748295,0.055,0.171,67,20261077,30,broad,catch_up
post_score,1000,0.3591394405111295,0.21078896690481952,0.055,0.171,67,20261077,30,broad,catch_up
baseline,1000,0.459672568861097,0.7531395583522823,0.367,0.497,68,20261078,5,easy,proportional
observed_gain,1000,-0.06598513662576642,-0.07218112892864381,0.367,0.497,68,20261078,5,easy,proportional
post_score,1000,0.441178176033565,0.7864459644712288,0.367,0.497,68,20261078,5,easy,proportional
baseline,1000,0.45671973468512994,0.808049567903074,0.337,0.477,68,20261078,10,easy,proportional
observed_gain,1000,-0.11897782255978466,-0.1493411763079207,0.337,0.477,68,20261078,10,easy,proportional
post_score,1000,0.4218745813608893,0.8232237831795782,0.337,0.477,68,20261078,10,easy,proportional
baseline,1000,0.45442271079051666,0.8304314503661845,0.315,0.451,68,20261078,15,easy,proportional
observed_gain,1000,-0.1604939939452049,-0.21650567937012077,0.315,0.451,68,20261078,15,easy,proportional
post_score,1000,0.4167200444974995,0.8463422338232534,0.315,0.451,68,20261078,15,easy,proportional
baseline,1000,0.4654002927736891,0.86185218912914,0.24,0.365,68,20261078,30,easy,proportional
observed_gain,1000,-0.23044425495152948,-0.30186941114400107,0.24,0.365,68,20261078,30,easy,proportional
post_score,1000,0.41882773758139885,0.8835001694755229,0.24,0.365,68,20261078,30,easy,proportional
baseline,1000,0.4680659433101125,0.633463978291669,0.121,0.21,68,20261078,5,broad,proportional
observed_gain,1000,0.06975551010858319,0.09342726830490099,0.121,0.21,68,20261078,5,broad,proportional
post_score,1000,0.5318337612737857,0.7275052223226725,0.121,0.21,68,20261078,5,broad,proportional
baseline,1000,0.5083649165328699,0.7725101317004129,0.095,0.189,68,20261078,10,broad,proportional
observed_gain,1000,-0.0028206556712980584,0.017268520096395578,0.095,0.189,68,20261078,10,broad,proportional
post_score,1000,0.5256194660385278,0.8323428523645784,0.095,0.189,68,20261078,10,broad,proportional
baseline,1000,0.5250910653469718,0.8286154445913643,0.088,0.176,68,20261078,15,broad,proportional
observed_gain,1000,-0.054196211007669866,-0.03914636660477927,0.088,0.176,68,20261078,15,broad,proportional
post_score,1000,0.522659390327841,0.882763443465982,0.088,0.176,68,20261078,15,broad,proportional
baseline,1000,0.5365695891301598,0.8592781029800867,0.042,0.112,68,20261078,30,broad,proportional
observed_gain,1000,-0.07451735671371541,-0.048157263315826745,0.042,0.112,68,20261078,30,broad,proportional
post_score,1000,0.52721569808109,0.9158646001197831,0.042,0.112,68,20261078,30,broad,proportional
baseline,1000,-0.0032177658982203376,-0.01853551288365372,0.367,0.594,68,20261078,5,easy,additive
observed_gain,1000,0.1754668020525704,0.19363885528663657,0.367,0.594,68,20261078,5,easy,additive
post_score,1000,0.24665414440283018,0.24659841893198356,0.367,0.594,68,20261078,5,easy,additive
baseline,1000,-0.0053097803908085444,-0.01738739527610633,0.337,0.555,68,20261078,10,easy,additive
observed_gain,1000,0.1545843813718137,0.17678238930284582,0.337,0.555,68,20261078,10,easy,additive
post_score,1000,0.2679800735867398,0.2655539491848994,0.337,0.555,68,20261078,10,easy,additive
baseline,1000,-0.02211273165789571,-0.029856260187060276,0.315,0.522,68,20261078,15,easy,additive
observed_gain,1000,0.15486400253899232,0.17702373577750938,0.315,0.522,68,20261078,15,easy,additive
post_score,1000,0.2832811386965184,0.2779036369250426,0.315,0.522,68,20261078,15,easy,additive
baseline,1000,-0.012225871286532441,-0.011084995573282729,0.24,0.395,68,20261078,30,easy,additive
observed_gain,1000,0.14087826180954602,0.1445209550574264,0.24,0.395,68,20261078,30,easy,additive
post_score,1000,0.3136322262171191,0.3064328937560465,0.24,0.395,68,20261078,30,easy,additive
baseline,1000,0.007241347516147205,-0.010110221653298224,0.121,0.2,68,20261078,5,broad,additive
observed_gain,1000,0.18151894987439107,0.17162989648209373,0.121,0.2,68,20261078,5,broad,additive
post_score,1000,0.22207182342269952,0.19064434270693217,0.121,0.2,68,20261078,5,broad,additive
baseline,1000,0.014087020155666524,0.0037034958429634185,0.095,0.17,68,20261078,10,broad,additive
observed_gain,1000,0.17519031031056298,0.18414732739195683,0.095,0.17,68,20261078,10,broad,additive
post_score,1000,0.25059940667476555,0.23216570018753857,0.095,0.17,68,20261078,10,broad,additive
baseline,1000,-0.002346199179281791,-0.013774752037950262,0.088,0.155,68,20261078,15,broad,additive
observed_gain,1000,0.21215065341752706,0.22238084788375273,0.088,0.155,68,20261078,15,broad,additive
post_score,1000,0.2892999701848939,0.27152261302042674,0.088,0.155,68,20261078,15,broad,additive
baseline,1000,-0.006218707537166392,-0.022015970150612012,0.042,0.079,68,20261078,30,broad,additive
observed_gain,1000,0.2392592097005732,0.2538982856656529,0.042,0.079,68,20261078,30,broad,additive
post_score,1000,0.33294585195122134,0.3114957459278777,0.042,0.079,68,20261078,30,broad,additive
baseline,1000,-0.6203235446332632,-0.7146806212213702,0.367,0.827,68,20261078,5,easy,catch_up
observed_gain,1000,0.638709365295139,0.7150177364220376,0.367,0.827,68,20261078,5,easy,catch_up
post_score,1000,0.17545571578025002,0.1432621014811547,0.367,0.827,68,20261078,5,easy,catch_up
baseline,1000,-0.6723453960630068,-0.7647995096918598,0.337,0.801,68,20261078,10,easy,catch_up
observed_gain,1000,0.6915656131802783,0.7654275321349839,0.337,0.801,68,20261078,10,easy,catch_up
post_score,1000,0.18403161064902743,0.13992438778625998,0.337,0.801,68,20261078,10,easy,catch_up
baseline,1000,-0.7218227505305346,-0.7979630170323154,0.315,0.778,68,20261078,15,easy,catch_up
observed_gain,1000,0.7390025777667387,0.7997741766952141,0.315,0.778,68,20261078,15,easy,catch_up
post_score,1000,0.19518799469484177,0.1594927452113481,0.315,0.778,68,20261078,15,easy,catch_up
baseline,1000,-0.7362123124989444,-0.8130525575213124,0.24,0.655,68,20261078,30,easy,catch_up
observed_gain,1000,0.7537777860239548,0.8134894839900911,0.24,0.655,68,20261078,30,easy,catch_up
post_score,1000,0.24710442094469967,0.19604359493998766,0.24,0.655,68,20261078,30,easy,catch_up
baseline,1000,-0.5067223889985382,-0.6000599196230278,0.121,0.334,68,20261078,5,broad,catch_up
observed_gain,1000,0.6011882921939056,0.5975731835941483,0.121,0.334,68,20261078,5,broad,catch_up
post_score,1000,0.3131269842915621,0.17719523607364768,0.121,0.334,68,20261078,5,broad,catch_up
baseline,1000,-0.6246261346722607,-0.7130800680701792,0.095,0.306,68,20261078,10,broad,catch_up
observed_gain,1000,0.7005655169124431,0.7070007246746827,0.095,0.306,68,20261078,10,broad,catch_up
post_score,1000,0.3230295000678705,0.18331453641994683,0.095,0.306,68,20261078,10,broad,catch_up
baseline,1000,-0.6967639818954158,-0.7860234602742906,0.088,0.279,68,20261078,15,broad,catch_up
observed_gain,1000,0.7563988170393584,0.7817855310624487,0.088,0.279,68,20261078,15,broad,catch_up
post_score,1000,0.32567354555473,0.1904428820977996,0.088,0.279,68,20261078,15,broad,catch_up
baseline,1000,-0.7253207763908515,-0.8277621687785216,0.042,0.155,68,20261078,30,broad,catch_up
observed_gain,1000,0.7913151029186858,0.8344477903505586,0.042,0.155,68,20261078,30,broad,catch_up
post_score,1000,0.40461636380638144,0.25192907795234626,0.042,0.155,68,20261078,30,broad,catch_up
baseline,1000,0.5497536624870204,0.7586644555195639,0.275,0.428,69,20261079,5,easy,proportional
observed_gain,1000,-0.047039777104856705,-0.0026688264618376484,0.275,0.428,69,20261079,5,easy,proportional
post_score,1000,0.5233494973469949,0.8209464678168433,0.275,0.428,69,20261079,5,easy,proportional
baseline,1000,0.5452948064339064,0.8279670896171611,0.259,0.42,69,20261079,10,easy,proportional
observed_gain,1000,-0.11861730837932492,-0.07008536085642726,0.259,0.42,69,20261079,10,easy,proportional
post_score,1000,0.4965040526417541,0.8512557941504715,0.259,0.42,69,20261079,10,easy,proportional
baseline,1000,0.5395805584639416,0.8513906960872855,0.25,0.397,69,20261079,15,easy,proportional
observed_gain,1000,-0.1562299673215629,-0.1307999591987526,0.25,0.397,69,20261079,15,easy,proportional
post_score,1000,0.4868828105681585,0.8713874340438692,0.25,0.397,69,20261079,15,easy,proportional
baseline,1000,0.5662938944179817,0.875486362746662,0.18,0.318,69,20261079,30,easy,proportional
observed_gain,1000,-0.19898159618702416,-0.17182650035193528,0.18,0.318,69,20261079,30,easy,proportional
post_score,1000,0.5063126185336104,0.9043916373207093,0.18,0.318,69,20261079,30,easy,proportional
baseline,1000,0.5047989131046124,0.5642071858326487,0.046,0.124,69,20261079,5,broad,proportional
observed_gain,1000,0.16203064018254157,0.1901931480166786,0.046,0.124,69,20261079,5,broad,proportional
post_score,1000,0.6054791116088167,0.7122834905641798,0.046,0.124,69,20261079,5,broad,proportional
baseline,1000,0.587646577786261,0.7913484749518718,0.044,0.119,69,20261079,10,broad,proportional
observed_gain,1000,0.06364967138229245,0.13137422454163686,0.044,0.119,69,20261079,10,broad,proportional
post_score,1000,0.6068032733243318,0.8544889797476676,0.044,0.119,69,20261079,10,broad,proportional
baseline,1000,0.6015576594446082,0.8398142558475135,0.043,0.116,69,20261079,15,broad,proportional
observed_gain,1000,0.008921156706128698,0.09708354887859935,0.043,0.116,69,20261079,15,broad,proportional
post_score,1000,0.5953637869835576,0.89463594678739,0.043,0.116,69,20261079,15,broad,proportional
baseline,1000,0.6395853229330719,0.8670161798814673,0.021,0.074,69,20261079,30,broad,proportional
observed_gain,1000,0.04020023661652931,0.16534880751433945,0.021,0.074,69,20261079,30,broad,proportional
post_score,1000,0.6343638721167845,0.9293579773933031,0.021,0.074,69,20261079,30,broad,proportional
baseline,1000,-0.003846632298388287,-0.0369449079631776,0.275,0.492,69,20261079,5,easy,additive
observed_gain,1000,0.2150329717554678,0.23067060614873092,0.275,0.492,69,20261079,5,easy,additive
post_score,1000,0.25146323391340275,0.2314354947035952,0.275,0.492,69,20261079,5,easy,additive
baseline,1000,-0.006476388839215098,-0.02606535450917064,0.259,0.481,69,20261079,10,easy,additive
observed_gain,1000,0.1848830248476077,0.196403828931145,0.259,0.481,69,20261079,10,easy,additive
post_score,1000,0.27425602266325505,0.25099462279756624,0.259,0.481,69,20261079,10,easy,additive
baseline,1000,-0.009350928750860927,-0.02453851050121864,0.25,0.445,69,20261079,15,easy,additive
observed_gain,1000,0.17238048051901064,0.17252530077153805,0.25,0.445,69,20261079,15,easy,additive
post_score,1000,0.28861533773016346,0.26306047408474903,0.25,0.445,69,20261079,15,easy,additive
baseline,1000,0.00428102583566562,-0.01626949303537146,0.18,0.32,69,20261079,30,easy,additive
observed_gain,1000,0.18628444320602472,0.1855013780300329,0.18,0.32,69,20261079,30,easy,additive
post_score,1000,0.31412304721198686,0.2827414828394818,0.18,0.32,69,20261079,30,easy,additive
baseline,1000,0.011710218844473664,-0.012810227880888229,0.046,0.097,69,20261079,5,broad,additive
observed_gain,1000,0.19544207369322672,0.17303982253037722,0.046,0.097,69,20261079,5,broad,additive
post_score,1000,0.22481371605183123,0.17895990151249652,0.046,0.097,69,20261079,5,broad,additive
baseline,1000,4.763349140218723e-4,-0.016217915860282425,0.044,0.09,69,20261079,10,broad,additive
observed_gain,1000,0.24576493858256082,0.24096298587362508,0.044,0.09,69,20261079,10,broad,additive
post_score,1000,0.28362236196962204,0.24534714630248108,0.044,0.09,69,20261079,10,broad,additive
baseline,1000,-0.001094020498996533,-0.01734301716100405,0.043,0.084,69,20261079,15,broad,additive
observed_gain,1000,0.2837295996899728,0.2948931123545892,0.043,0.084,69,20261079,15,broad,additive
post_score,1000,0.3290459790958559,0.306242210143188,0.043,0.084,69,20261079,15,broad,additive
baseline,1000,0.005549437148074964,-0.017509795066276476,0.021,0.046,69,20261079,30,broad,additive
observed_gain,1000,0.3675060969755634,0.3728535739636168,0.021,0.046,69,20261079,30,broad,additive
post_score,1000,0.34703289444131374,0.32188381280953837,0.021,0.046,69,20261079,30,broad,additive
baseline,1000,-0.6145254747336486,-0.7542249900738703,0.275,0.752,69,20261079,5,easy,catch_up
observed_gain,1000,0.6490307037453764,0.753997886549818,0.275,0.752,69,20261079,5,easy,catch_up
post_score,1000,0.1777676605533274,0.09784844673653464,0.275,0.752,69,20261079,5,easy,catch_up
baseline,1000,-0.696060483856146,-0.808412554808531,0.259,0.741,69,20261079,10,easy,catch_up
observed_gain,1000,0.7165422232397285,0.8014012228228248,0.259,0.741,69,20261079,10,easy,catch_up
post_score,1000,0.18065539156910254,0.09929053282147694,0.259,0.741,69,20261079,10,easy,catch_up
baseline,1000,-0.7277227995876849,-0.826371316786023,0.25,0.715,69,20261079,15,easy,catch_up
observed_gain,1000,0.7430003637121594,0.8186588772817982,0.25,0.715,69,20261079,15,easy,catch_up
post_score,1000,0.19739863615042433,0.11878027081625318,0.25,0.715,69,20261079,15,easy,catch_up
baseline,1000,-0.7327926091910145,-0.8447230158809215,0.18,0.564,69,20261079,30,easy,catch_up
observed_gain,1000,0.755343894736121,0.8471236556734697,0.18,0.564,69,20261079,30,easy,catch_up
post_score,1000,0.2491321800415558,0.16826698006885582,0.18,0.564,69,20261079,30,easy,catch_up
baseline,1000,-0.429462188399886,-0.5437437499255352,0.046,0.161,69,20261079,5,broad,catch_up
observed_gain,1000,0.5717500758362949,0.5375120975804892,0.046,0.161,69,20261079,5,broad,catch_up
post_score,1000,0.3397008524846171,0.16331832803362448,0.046,0.161,69,20261079,5,broad,catch_up
baseline,1000,-0.6395553135006533,-0.7658046671556024,0.044,0.153,69,20261079,10,broad,catch_up
observed_gain,1000,0.7283784461790059,0.7514314116826626,0.044,0.153,69,20261079,10,broad,catch_up
post_score,1000,0.3494767402104347,0.17806765752566756,0.044,0.153,69,20261079,10,broad,catch_up
baseline,1000,-0.6913397381994383,-0.8108768917221689,0.043,0.145,69,20261079,15,broad,catch_up
observed_gain,1000,0.7653895044312397,0.815497598799194,0.043,0.145,69,20261079,15,broad,catch_up
post_score,1000,0.3636915728176525,0.20442868113675922,0.043,0.145,69,20261079,15,broad,catch_up
baseline,1000,-0.6881733362138684,-0.8435261459096737,0.021,0.08,69,20261079,30,broad,catch_up
observed_gain,1000,0.7928329039342351,0.8803493873684812,0.021,0.08,69,20261079,30,broad,catch_up
post_score,1000,0.4060073557768582,0.23986470554690018,0.021,0.08,69,20261079,30,broad,catch_up
baseline,1000,0.42321649758706703,0.7242706944212802,0.562,0.667,70,20261080,5,easy,proportional
observed_gain,1000,-0.10666466425291589,-0.12946104084201251,0.562,0.667,70,20261080,5,easy,proportional
post_score,1000,0.3903821021807064,0.70720682595884,0.562,0.667,70,20261080,5,easy,proportional
baseline,1000,0.4960753167490308,0.7982740462482737,0.363,0.517,70,20261080,10,easy,proportional
observed_gain,1000,-0.15884409913841951,-0.1694468126427518,0.363,0.517,70,20261080,10,easy,proportional
post_score,1000,0.4509656700896107,0.8180138676633004,0.363,0.517,70,20261080,10,easy,proportional
baseline,1000,0.5273323072901395,0.8308505371685493,0.271,0.422,70,20261080,15,easy,proportional
observed_gain,1000,-0.16020496897030082,-0.16272665917406018,0.271,0.422,70,20261080,15,easy,proportional
post_score,1000,0.47786807696963246,0.8555320889102255,0.271,0.422,70,20261080,15,easy,proportional
baseline,1000,0.5327016754002226,0.8615176164624665,0.216,0.345,70,20261080,30,easy,proportional
observed_gain,1000,-0.23060010373685583,-0.25598227414228103,0.216,0.345,70,20261080,30,easy,proportional
post_score,1000,0.4789968031964149,0.8865117489628707,0.216,0.345,70,20261080,30,easy,proportional
baseline,1000,0.48806395962253113,0.7263981641026996,0.35,0.475,70,20261080,5,broad,proportional
observed_gain,1000,-0.062362981661877585,-0.07307559384643057,0.35,0.475,70,20261080,5,broad,proportional
post_score,1000,0.47340858334713476,0.7570318346001791,0.35,0.475,70,20261080,5,broad,proportional
baseline,1000,0.5667321730272952,0.7956680725567353,0.14,0.255,70,20261080,10,broad,proportional
observed_gain,1000,-0.04155001796176174,-0.004641792682551688,0.14,0.255,70,20261080,10,broad,proportional
post_score,1000,0.561446681692731,0.8563881493025195,0.14,0.255,70,20261080,10,broad,proportional
baseline,1000,0.6076022686010192,0.8290440753464555,0.065,0.16,70,20261080,15,broad,proportional
observed_gain,1000,-0.0026777809339909946,0.06894780837079727,0.065,0.16,70,20261080,15,broad,proportional
post_score,1000,0.6009273191316892,0.894858989300415,0.065,0.16,70,20261080,15,broad,proportional
baseline,1000,0.6173362165620695,0.8647231972341264,0.033,0.098,70,20261080,30,broad,proportional
observed_gain,1000,-0.05282908553592679,0.01428316193418625,0.033,0.098,70,20261080,30,broad,proportional
post_score,1000,0.6041224428352118,0.9251597096640831,0.033,0.098,70,20261080,30,broad,proportional
baseline,1000,0.04470594233668188,0.026685377479022197,0.562,0.818,70,20261080,5,easy,additive
observed_gain,1000,0.03805918328971831,0.057522548697030676,0.562,0.818,70,20261080,5,easy,additive
post_score,1000,0.18663182711795692,0.21030625127783292,0.562,0.818,70,20261080,5,easy,additive
baseline,1000,0.033999866109179495,0.005154509412286466,0.363,0.607,70,20261080,10,easy,additive
observed_gain,1000,0.09318271515730533,0.11793592713704269,0.363,0.607,70,20261080,10,easy,additive
post_score,1000,0.25339837094113915,0.25519999127306736,0.363,0.607,70,20261080,10,easy,additive
baseline,1000,0.0372777284823333,0.011853840955948589,0.271,0.481,70,20261080,15,easy,additive
observed_gain,1000,0.12403187818121081,0.13904830090871823,0.271,0.481,70,20261080,15,easy,additive
post_score,1000,0.2827228783262492,0.27280418534313594,0.271,0.481,70,20261080,15,easy,additive
baseline,1000,0.04698913931748642,0.010397612798073282,0.216,0.371,70,20261080,30,easy,additive
observed_gain,1000,0.10762458800746849,0.1298087195691294,0.216,0.371,70,20261080,30,easy,additive
post_score,1000,0.31030006362223395,0.301258122460426,0.216,0.371,70,20261080,30,easy,additive
baseline,1000,0.032145669930081874,0.0031774898325521864,0.35,0.56,70,20261080,5,broad,additive
observed_gain,1000,0.11020645684987142,0.13682387344942656,0.35,0.56,70,20261080,5,broad,additive
post_score,1000,0.21449759756783496,0.20493486134226788,0.35,0.56,70,20261080,5,broad,additive
baseline,1000,0.027854946174690764,9.494739100944064e-4,0.14,0.249,70,20261080,10,broad,additive
observed_gain,1000,0.18783024011190075,0.21914004687045166,0.14,0.249,70,20261080,10,broad,additive
post_score,1000,0.2811523469720353,0.2656870548457347,0.14,0.249,70,20261080,10,broad,additive
baseline,1000,0.029407974321277862,0.0059356739098906115,0.065,0.136,70,20261080,15,broad,additive
observed_gain,1000,0.25867774716264935,0.27773456364577237,0.065,0.136,70,20261080,15,broad,additive
post_score,1000,0.31388003888862775,0.30021968520125786,0.065,0.136,70,20261080,15,broad,additive
baseline,1000,0.03794025799385866,0.0074443217917053,0.033,0.067,70,20261080,30,broad,additive
observed_gain,1000,0.2547063935812559,0.2840116684841558,0.033,0.067,70,20261080,30,broad,additive
post_score,1000,0.3476334535447017,0.3301440120510781,0.033,0.067,70,20261080,30,broad,additive
baseline,1000,-0.6117717823047033,-0.6775251796933789,0.562,0.955,70,20261080,5,easy,catch_up
observed_gain,1000,0.6141723307263923,0.6702649517790228,0.562,0.955,70,20261080,5,easy,catch_up
post_score,1000,0.04269503524928611,0.014262196737048493,0.562,0.955,70,20261080,5,easy,catch_up
baseline,1000,-0.6870085584886823,-0.7764643248399631,0.363,0.853,70,20261080,10,easy,catch_up
observed_gain,1000,0.7002755137581786,0.7758921721924157,0.363,0.853,70,20261080,10,easy,catch_up
post_score,1000,0.12440790349156973,0.06562048002621584,0.363,0.853,70,20261080,10,easy,catch_up
baseline,1000,-0.7086004611900957,-0.8029505113914406,0.271,0.738,70,20261080,15,easy,catch_up
observed_gain,1000,0.7277599871350201,0.8007614637575162,0.271,0.738,70,20261080,15,easy,catch_up
post_score,1000,0.17398932722799135,0.09288380099807159,0.271,0.738,70,20261080,15,easy,catch_up
baseline,1000,-0.7208682178929191,-0.8319399994960621,0.216,0.608,70,20261080,30,easy,catch_up
observed_gain,1000,0.7413974099579314,0.8344247122256242,0.216,0.608,70,20261080,30,easy,catch_up
post_score,1000,0.23410388416352815,0.1452785142540748,0.216,0.608,70,20261080,30,easy,catch_up
baseline,1000,-0.5995897761188744,-0.7048249421686873,0.35,0.786,70,20261080,5,broad,catch_up
observed_gain,1000,0.6197325068984203,0.6936585432803599,0.35,0.786,70,20261080,5,broad,catch_up
post_score,1000,0.14579953467163265,0.07324570122887453,0.35,0.786,70,20261080,5,broad,catch_up
baseline,1000,-0.6582160645228372,-0.7782483720207675,0.14,0.411,70,20261080,10,broad,catch_up
observed_gain,1000,0.7124337503887408,0.7809509113284736,0.14,0.411,70,20261080,10,broad,catch_up
post_score,1000,0.2474559701330946,0.1279092570876457,0.14,0.411,70,20261080,10,broad,catch_up
baseline,1000,-0.6805792482602995,-0.8103585116860033,0.065,0.221,70,20261080,15,broad,catch_up
observed_gain,1000,0.7651773085179984,0.8243203951967342,0.065,0.221,70,20261080,15,broad,catch_up
post_score,1000,0.3017478604294256,0.14159048603736218,0.065,0.221,70,20261080,15,broad,catch_up
baseline,1000,-0.7134121522762383,-0.842427316757201,0.033,0.115,70,20261080,30,broad,catch_up
observed_gain,1000,0.797945796138434,0.8665187075493873,0.033,0.115,70,20261080,30,broad,catch_up
post_score,1000,0.3679528991842697,0.19325371270946284,0.033,0.115,70,20261080,30,broad,catch_up
baseline,1000,0.4442706709518263,0.7447174467893786,0.55,0.691,71,20261081,5,easy,proportional
observed_gain,1000,-0.12808968028576506,-0.14263103590954498,0.55,0.691,71,20261081,5,easy,proportional
post_score,1000,0.3859472389816707,0.7350560099738226,0.55,0.691,71,20261081,5,easy,proportional
baseline,1000,0.4934558430268181,0.8131107504973543,0.435,0.588,71,20261081,10,easy,proportional
observed_gain,1000,-0.1669147845152446,-0.20753821987356497,0.435,0.588,71,20261081,10,easy,proportional
post_score,1000,0.42903125664096725,0.8048597385195216,0.435,0.588,71,20261081,10,easy,proportional
baseline,1000,0.5102249816282483,0.8339443978809422,0.367,0.509,71,20261081,15,easy,proportional
observed_gain,1000,-0.19046571148641803,-0.22364282393665633,0.367,0.509,71,20261081,15,easy,proportional
post_score,1000,0.4489963365827919,0.83308247256744,0.367,0.509,71,20261081,15,easy,proportional
baseline,1000,0.5325449213618331,0.8626663814712374,0.241,0.364,71,20261081,30,easy,proportional
observed_gain,1000,-0.23373477533850717,-0.2770248596128055,0.241,0.364,71,20261081,30,easy,proportional
post_score,1000,0.4779074191043867,0.8819626081227812,0.241,0.364,71,20261081,30,easy,proportional
baseline,1000,0.5141011587117016,0.769160811208361,0.356,0.524,71,20261081,5,broad,proportional
observed_gain,1000,-0.07429924087117246,-0.04773648484835904,0.356,0.524,71,20261081,5,broad,proportional
post_score,1000,0.4765156126086329,0.8096748268324873,0.356,0.524,71,20261081,5,broad,proportional
baseline,1000,0.5738504042490372,0.8195279315893285,0.229,0.38,71,20261081,10,broad,proportional
observed_gain,1000,-0.06800128105271909,5.99934993640246e-4,0.229,0.38,71,20261081,10,broad,proportional
post_score,1000,0.5343047164401876,0.8704677156693251,0.229,0.38,71,20261081,10,broad,proportional
baseline,1000,0.598888108363432,0.8486503547935026,0.148,0.296,71,20261081,15,broad,proportional
observed_gain,1000,-0.06919363957073901,0.01654852430233466,0.148,0.296,71,20261081,15,broad,proportional
post_score,1000,0.5622256712883081,0.894470050514021,0.148,0.296,71,20261081,15,broad,proportional
baseline,1000,0.6236779714796276,0.8773695409688292,0.049,0.12,71,20261081,30,broad,proportional
observed_gain,1000,-0.07119791431144228,0.032157701553648194,0.049,0.12,71,20261081,30,broad,proportional
post_score,1000,0.5925411162240873,0.9240958380579165,0.049,0.12,71,20261081,30,broad,proportional
baseline,1000,0.003926089354949485,0.021379888751917424,0.55,0.841,71,20261081,5,easy,additive
observed_gain,1000,0.08769785186414943,0.0621769116340913,0.55,0.841,71,20261081,5,easy,additive
post_score,1000,0.22257238473669805,0.24791422474884844,0.55,0.841,71,20261081,5,easy,additive
baseline,1000,0.013207018581411274,0.030370762951830978,0.435,0.718,71,20261081,10,easy,additive
observed_gain,1000,0.11014169341477675,0.08837395169945818,0.435,0.718,71,20261081,10,easy,additive
post_score,1000,0.28040986965181497,0.2947720174523055,0.435,0.718,71,20261081,10,easy,additive
baseline,1000,0.014765003888042978,0.029345645627555598,0.367,0.62,71,20261081,15,easy,additive
observed_gain,1000,0.1248336812923942,0.09851319862626128,0.367,0.62,71,20261081,15,easy,additive
post_score,1000,0.3062520787507406,0.3172665287427745,0.367,0.62,71,20261081,15,easy,additive
baseline,1000,0.013996944003258592,0.03555788358835926,0.241,0.411,71,20261081,30,easy,additive
observed_gain,1000,0.15152411917874092,0.093541868880531,0.241,0.411,71,20261081,30,easy,additive
post_score,1000,0.3516271567179889,0.3395504027294484,0.241,0.411,71,20261081,30,easy,additive
baseline,1000,0.030285108413785795,0.03767684695383293,0.356,0.621,71,20261081,5,broad,additive
observed_gain,1000,0.1733982335009194,0.1443880148540369,0.356,0.621,71,20261081,5,broad,additive
post_score,1000,0.2979673169568853,0.30535695908842786,0.356,0.621,71,20261081,5,broad,additive
baseline,1000,0.031059886831708208,0.0352869223281907,0.229,0.425,71,20261081,10,broad,additive
observed_gain,1000,0.2534862942193481,0.24608017624833275,0.229,0.425,71,20261081,10,broad,additive
post_score,1000,0.3553442016172522,0.3628086644907384,0.229,0.425,71,20261081,10,broad,additive
baseline,1000,0.030105478689770256,0.04138834808274096,0.148,0.305,71,20261081,15,broad,additive
observed_gain,1000,0.2655549382655084,0.2520470440350849,0.148,0.305,71,20261081,15,broad,additive
post_score,1000,0.35190862142923524,0.35122213190463963,0.148,0.305,71,20261081,15,broad,additive
baseline,1000,0.024135630793917735,0.040625927837629854,0.049,0.078,71,20261081,30,broad,additive
observed_gain,1000,0.27994565394364207,0.2354660085465467,0.049,0.078,71,20261081,30,broad,additive
post_score,1000,0.35585940797763743,0.33837709252535086,0.049,0.078,71,20261081,30,broad,additive
baseline,1000,-0.6621050857959151,-0.7226211461486445,0.55,0.97,71,20261081,5,easy,catch_up
observed_gain,1000,0.6637614656488817,0.7119318068486866,0.55,0.97,71,20261081,5,easy,catch_up
post_score,1000,0.052588975769770833,0.024535546503446127,0.55,0.97,71,20261081,5,easy,catch_up
baseline,1000,-0.7037771699360675,-0.7877742303136879,0.435,0.919,71,20261081,10,easy,catch_up
observed_gain,1000,0.7107742561875514,0.7817065821445837,0.435,0.919,71,20261081,10,easy,catch_up
post_score,1000,0.08645362251503616,0.04010501368456946,0.435,0.919,71,20261081,10,easy,catch_up
baseline,1000,-0.7172991024299592,-0.8094411050040662,0.367,0.865,71,20261081,15,easy,catch_up
observed_gain,1000,0.7270067193647577,0.806620717196586,0.367,0.865,71,20261081,15,easy,catch_up
post_score,1000,0.11968525583782191,0.07251594972268498,0.367,0.865,71,20261081,15,easy,catch_up
baseline,1000,-0.7368341871593204,-0.8326164960756671,0.241,0.653,71,20261081,30,easy,catch_up
observed_gain,1000,0.7506400818711227,0.82900022853889,0.241,0.653,71,20261081,30,easy,catch_up
post_score,1000,0.19654904573202195,0.10259252117368187,0.241,0.653,71,20261081,30,easy,catch_up
baseline,1000,-0.6296595014977475,-0.738526403385082,0.356,0.858,71,20261081,5,broad,catch_up
observed_gain,1000,0.6464557816959273,0.7351676589528918,0.356,0.858,71,20261081,5,broad,catch_up
post_score,1000,0.13890983343988045,0.09024701605573063,0.356,0.858,71,20261081,5,broad,catch_up
baseline,1000,-0.6627038492332273,-0.7945541740539255,0.229,0.668,71,20261081,10,broad,catch_up
observed_gain,1000,0.7008515035211335,0.8064439524422107,0.229,0.668,71,20261081,10,broad,catch_up
post_score,1000,0.2221719783416621,0.16020838243611002,0.229,0.668,71,20261081,10,broad,catch_up
baseline,1000,-0.6806026592982785,-0.8161165201710112,0.148,0.508,71,20261081,15,broad,catch_up
observed_gain,1000,0.7282914053578325,0.8254717459473946,0.148,0.508,71,20261081,15,broad,catch_up
post_score,1000,0.2593457814242591,0.16437444137693966,0.148,0.508,71,20261081,15,broad,catch_up
baseline,1000,-0.7162765055026975,-0.845562114055585,0.049,0.147,71,20261081,30,broad,catch_up
observed_gain,1000,0.7866777539090108,0.8625339353033606,0.049,0.147,71,20261081,30,broad,catch_up
post_score,1000,0.3502705897554632,0.1806445665205404,0.049,0.147,71,20261081,30,broad,catch_up
baseline,1000,0.5312700212256898,0.7796043606810223,0.388,0.547,72,20261082,5,easy,proportional
observed_gain,1000,-0.15400269426379293,-0.17048821444902035,0.388,0.547,72,20261082,5,easy,proportional
post_score,1000,0.47434435634122135,0.7834248490488563,0.388,0.547,72,20261082,5,easy,proportional
baseline,1000,0.5686998971738949,0.8361107187006191,0.306,0.442,72,20261082,10,easy,proportional
observed_gain,1000,-0.18533526615105592,-0.18201447897979442,0.306,0.442,72,20261082,10,easy,proportional
post_score,1000,0.5124665303786594,0.8473352477022479,0.306,0.442,72,20261082,10,easy,proportional
baseline,1000,0.5549407165899688,0.8508090675039747,0.295,0.429,72,20261082,15,easy,proportional
observed_gain,1000,-0.23104255776100907,-0.2594962511020098,0.295,0.429,72,20261082,15,easy,proportional
post_score,1000,0.4973221562214428,0.8611399180776184,0.295,0.429,72,20261082,15,easy,proportional
baseline,1000,0.570534168117782,0.8769067510168819,0.218,0.326,72,20261082,30,easy,proportional
observed_gain,1000,-0.2805626081412094,-0.311815918953544,0.218,0.326,72,20261082,30,easy,proportional
post_score,1000,0.5121185609695793,0.9004615223628131,0.218,0.326,72,20261082,30,easy,proportional
baseline,1000,0.5730019940687346,0.7315850541673732,0.182,0.316,72,20261082,5,broad,proportional
observed_gain,1000,0.007668064172048474,0.06005134747498902,0.182,0.316,72,20261082,5,broad,proportional
post_score,1000,0.5852621493767198,0.8158858784744046,0.182,0.316,72,20261082,5,broad,proportional
baseline,1000,0.6408511753271682,0.8060971919751874,0.109,0.233,72,20261082,10,broad,proportional
observed_gain,1000,0.0033103980788058503,0.11102783103567847,0.109,0.233,72,20261082,10,broad,proportional
post_score,1000,0.6342354254071887,0.8812892595592635,0.109,0.233,72,20261082,10,broad,proportional
baseline,1000,0.6389709531964766,0.8476909187414003,0.102,0.222,72,20261082,15,broad,proportional
observed_gain,1000,-0.05448273807276969,0.03542126301576371,0.102,0.222,72,20261082,15,broad,proportional
post_score,1000,0.6151892453118268,0.9021418420318358,0.102,0.222,72,20261082,15,broad,proportional
baseline,1000,0.6584815002592191,0.8757903167705848,0.053,0.138,72,20261082,30,broad,proportional
observed_gain,1000,-0.05805129203693819,0.03660823668099996,0.053,0.138,72,20261082,30,broad,proportional
post_score,1000,0.6402367387178793,0.9301770306193458,0.053,0.138,72,20261082,30,broad,proportional
baseline,1000,-0.01101557238465146,-0.02926353112845603,0.388,0.683,72,20261082,5,easy,additive
observed_gain,1000,0.14687310371356777,0.1553582339202616,0.388,0.683,72,20261082,5,easy,additive
post_score,1000,0.24068055438136723,0.2335713784590477,0.388,0.683,72,20261082,5,easy,additive
baseline,1000,0.008382676483030987,-0.018579327596016364,0.306,0.535,72,20261082,10,easy,additive
observed_gain,1000,0.14722681429574316,0.15998891654091754,0.306,0.535,72,20261082,10,easy,additive
post_score,1000,0.27672964880848916,0.2455956525117316,0.306,0.535,72,20261082,10,easy,additive
baseline,1000,0.007981053946858701,-0.02249623388820432,0.295,0.512,72,20261082,15,easy,additive
observed_gain,1000,0.12782450921468308,0.14559606317123389,0.295,0.512,72,20261082,15,easy,additive
post_score,1000,0.293423088122147,0.2599656416757628,0.295,0.512,72,20261082,15,easy,additive
baseline,1000,0.01549599129138473,-0.017637373572512237,0.218,0.355,72,20261082,30,easy,additive
observed_gain,1000,0.13694811495001658,0.16110378014843466,0.218,0.355,72,20261082,30,easy,additive
post_score,1000,0.3309361175758915,0.293841524085841,0.218,0.355,72,20261082,30,easy,additive
baseline,1000,-0.024601495798257215,-0.04735485123516124,0.182,0.34,72,20261082,5,broad,additive
observed_gain,1000,0.23896207531052197,0.23258327093286466,0.182,0.34,72,20261082,5,broad,additive
post_score,1000,0.25473077099107444,0.2289597765086674,0.182,0.34,72,20261082,5,broad,additive
baseline,1000,0.006271848663297172,-0.0249492324755563,0.109,0.206,72,20261082,10,broad,additive
observed_gain,1000,0.2591094948242568,0.2771240158491946,0.109,0.206,72,20261082,10,broad,additive
post_score,1000,0.28510679145844164,0.2519985079064915,0.109,0.206,72,20261082,10,broad,additive
baseline,1000,0.004408017568915935,-0.02356248667737596,0.102,0.192,72,20261082,15,broad,additive
observed_gain,1000,0.2523282802703672,0.2677778421462705,0.102,0.192,72,20261082,15,broad,additive
post_score,1000,0.30719237114821896,0.26424421813672755,0.102,0.192,72,20261082,15,broad,additive
baseline,1000,0.009535033308923246,-0.018839045724572814,0.053,0.087,72,20261082,30,broad,additive
observed_gain,1000,0.27105098756855184,0.2957995799939903,0.053,0.087,72,20261082,30,broad,additive
post_score,1000,0.3253106722935242,0.2875822906416128,0.053,0.087,72,20261082,30,broad,additive
baseline,1000,-0.7112637417321712,-0.7765094865812437,0.388,0.893,72,20261082,5,easy,catch_up
observed_gain,1000,0.7160909832668891,0.7645254965509828,0.388,0.893,72,20261082,5,easy,catch_up
post_score,1000,0.1099176065733815,0.05656575489842002,0.388,0.893,72,20261082,5,easy,catch_up
baseline,1000,-0.7446922380397252,-0.8168847720328424,0.306,0.814,72,20261082,10,easy,catch_up
observed_gain,1000,0.7569834993785419,0.8023721920001206,0.306,0.814,72,20261082,10,easy,catch_up
post_score,1000,0.1516707939112577,0.07600636048651202,0.306,0.814,72,20261082,10,easy,catch_up
baseline,1000,-0.762322997691929,-0.8341160180958888,0.295,0.798,72,20261082,15,easy,catch_up
observed_gain,1000,0.7728800850129246,0.8171764089500027,0.295,0.798,72,20261082,15,easy,catch_up
post_score,1000,0.16022913991870738,0.08469836322787588,0.295,0.798,72,20261082,15,easy,catch_up
baseline,1000,-0.7701734613781208,-0.8534583164126338,0.218,0.64,72,20261082,30,easy,catch_up
observed_gain,1000,0.7886317311099739,0.8507207059151756,0.218,0.64,72,20261082,30,easy,catch_up
post_score,1000,0.23684605317127755,0.16087466913034204,0.218,0.64,72,20261082,30,easy,catch_up
baseline,1000,-0.645352395619136,-0.7520437583678379,0.182,0.548,72,20261082,5,broad,catch_up
observed_gain,1000,0.6862364822919026,0.7344256485706624,0.182,0.548,72,20261082,5,broad,catch_up
post_score,1000,0.2407596687709784,0.13763115778493742,0.182,0.548,72,20261082,5,broad,catch_up
baseline,1000,-0.6810480091510693,-0.7976467970599583,0.109,0.366,72,20261082,10,broad,catch_up
observed_gain,1000,0.7510539904428991,0.8012219555773205,0.109,0.366,72,20261082,10,broad,catch_up
post_score,1000,0.2923784794880522,0.15245287154055912,0.109,0.366,72,20261082,10,broad,catch_up
baseline,1000,-0.7346766816868116,-0.8380556196176294,0.102,0.348,72,20261082,15,broad,catch_up
observed_gain,1000,0.7923308224776787,0.8424235839295127,0.102,0.348,72,20261082,15,broad,catch_up
post_score,1000,0.298665669899049,0.15737020672481508,0.102,0.348,72,20261082,15,broad,catch_up
baseline,1000,-0.7515483822273843,-0.8570152282224298,0.053,0.156,72,20261082,30,broad,catch_up
observed_gain,1000,0.8249860900745145,0.8786434113625974,0.053,0.156,72,20261082,30,broad,catch_up
post_score,1000,0.37074610518123957,0.21176780387042932,0.053,0.156,72,20261082,30,broad,catch_up
baseline,1000,0.5324614536566301,0.7569118036244357,0.308,0.431,73,20261083,5,easy,proportional
observed_gain,1000,-0.02521860132327227,0.012967123939205915,0.308,0.431,73,20261083,5,easy,proportional
post_score,1000,0.5253396625007538,0.8335188113012943,0.308,0.431,73,20261083,5,easy,proportional
baseline,1000,0.573258921603326,0.837062198484091,0.247,0.382,73,20261083,10,easy,proportional
observed_gain,1000,-0.08705233650040864,-0.03781250639346188,0.247,0.382,73,20261083,10,easy,proportional
post_score,1000,0.5415724614645187,0.8828885818850166,0.247,0.382,73,20261083,10,easy,proportional
baseline,1000,0.5695881681679201,0.8579928397477545,0.219,0.36,73,20261083,15,easy,proportional
observed_gain,1000,-0.12073779338390922,-0.07522220551616116,0.219,0.36,73,20261083,15,easy,proportional
post_score,1000,0.5272333337281772,0.8970446919469627,0.219,0.36,73,20261083,15,easy,proportional
baseline,1000,0.567457868537922,0.8758672665218185,0.171,0.312,73,20261083,30,easy,proportional
observed_gain,1000,-0.2149333236935894,-0.20273945790773534,0.171,0.312,73,20261083,30,easy,proportional
post_score,1000,0.5167869888118618,0.9109142138343418,0.171,0.312,73,20261083,30,easy,proportional
baseline,1000,0.4990363592739051,0.6105885120495328,0.073,0.142,73,20261083,5,broad,proportional
observed_gain,1000,0.13320695278870606,0.1413944851789271,0.073,0.142,73,20261083,5,broad,proportional
post_score,1000,0.6013243450039225,0.7214515079449209,0.073,0.142,73,20261083,5,broad,proportional
baseline,1000,0.6199881148898969,0.7747776358765178,0.039,0.116,73,20261083,10,broad,proportional
observed_gain,1000,0.13356163482483224,0.20654836705901752,0.039,0.116,73,20261083,10,broad,proportional
post_score,1000,0.6684377201797499,0.8709054318641402,0.039,0.116,73,20261083,10,broad,proportional
baseline,1000,0.6355485452137006,0.8297925085660529,0.036,0.105,73,20261083,15,broad,proportional
observed_gain,1000,0.08612285826663513,0.1739889108220873,0.036,0.105,73,20261083,15,broad,proportional
post_score,1000,0.6491155729339841,0.9011943280593956,0.036,0.105,73,20261083,15,broad,proportional
baseline,1000,0.6468855410255864,0.8686108689460079,0.022,0.072,73,20261083,30,broad,proportional
observed_gain,1000,0.019022824173375034,0.12088888030055432,0.022,0.072,73,20261083,30,broad,proportional
post_score,1000,0.6461508040903723,0.9334649592039431,0.022,0.072,73,20261083,30,broad,proportional
baseline,1000,0.006490373402684936,-0.016780523461698865,0.308,0.518,73,20261083,5,easy,additive
observed_gain,1000,0.1993562449378422,0.22665445633528553,0.308,0.518,73,20261083,5,easy,additive
post_score,1000,0.2786870423169374,0.2821138001338893,0.308,0.518,73,20261083,5,easy,additive
baseline,1000,0.007739199511887223,-0.007718074894779706,0.247,0.439,73,20261083,10,easy,additive
observed_gain,1000,0.22171538367782723,0.23500620861750937,0.247,0.439,73,20261083,10,easy,additive
post_score,1000,0.3232265209289459,0.31457700955632295,0.247,0.439,73,20261083,10,easy,additive
baseline,1000,0.01324646877006464,-0.001734819005135161,0.219,0.407,73,20261083,15,easy,additive
observed_gain,1000,0.1912028620583171,0.19774034238752786,0.219,0.407,73,20261083,15,easy,additive
post_score,1000,0.32966661951397086,0.3090477397742693,0.219,0.407,73,20261083,15,easy,additive
baseline,1000,0.012835839168376955,-0.013101515342994167,0.171,0.326,73,20261083,30,easy,additive
observed_gain,1000,0.17402341102262686,0.17881143882826966,0.171,0.326,73,20261083,30,easy,additive
post_score,1000,0.34363332038960315,0.31692070266638755,0.171,0.326,73,20261083,30,easy,additive
baseline,1000,0.007651878546208652,-0.01708324007447333,0.073,0.112,73,20261083,5,broad,additive
observed_gain,1000,0.14875832252901935,0.14507639438227218,0.073,0.112,73,20261083,5,broad,additive
post_score,1000,0.20251055797865614,0.17563624554381324,0.073,0.112,73,20261083,5,broad,additive
baseline,1000,9.028844813204104e-4,-0.013151840715774413,0.039,0.082,73,20261083,10,broad,additive
observed_gain,1000,0.3010045730737894,0.28940640089764913,0.039,0.082,73,20261083,10,broad,additive
post_score,1000,0.306915163953381,0.2885449281227613,0.039,0.082,73,20261083,10,broad,additive
baseline,1000,0.00631873942962611,-0.009089981673226633,0.036,0.072,73,20261083,15,broad,additive
observed_gain,1000,0.30219376188672614,0.2996848922779198,0.036,0.072,73,20261083,15,broad,additive
post_score,1000,0.32627730793748555,0.3006088954797089,0.036,0.072,73,20261083,15,broad,additive
baseline,1000,-0.0017566422114957136,-0.018739479116120145,0.022,0.045,73,20261083,30,broad,additive
observed_gain,1000,0.34323782696810007,0.3412929257875865,0.022,0.045,73,20261083,30,broad,additive
post_score,1000,0.3669951381270965,0.334988248850176,0.022,0.045,73,20261083,30,broad,additive
baseline,1000,-0.6133788757339919,-0.7234870981883779,0.308,0.77,73,20261083,5,easy,catch_up
observed_gain,1000,0.6475336155568715,0.7295452764425003,0.308,0.77,73,20261083,5,easy,catch_up
post_score,1000,0.191784836881519,0.128985726280196,0.308,0.77,73,20261083,5,easy,catch_up
baseline,1000,-0.6871165799548731,-0.7989431216770245,0.247,0.699,73,20261083,10,easy,catch_up
observed_gain,1000,0.7231884305924371,0.8113982617786202,0.247,0.699,73,20261083,10,easy,catch_up
post_score,1000,0.22295280256179587,0.1378029610939253,0.247,0.699,73,20261083,10,easy,catch_up
baseline,1000,-0.7061443006373546,-0.8134170752205706,0.219,0.672,73,20261083,15,easy,catch_up
observed_gain,1000,0.7371794313437522,0.8247604864217328,0.219,0.672,73,20261083,15,easy,catch_up
post_score,1000,0.22730237087825322,0.1330397728050839,0.219,0.672,73,20261083,15,easy,catch_up
baseline,1000,-0.7263044468695317,-0.8388154519682391,0.171,0.573,73,20261083,30,easy,catch_up
observed_gain,1000,0.7526936976205794,0.8469774484932516,0.171,0.573,73,20261083,30,easy,catch_up
post_score,1000,0.25832949079735934,0.1740322018926438,0.171,0.573,73,20261083,30,easy,catch_up
baseline,1000,-0.4892542803652097,-0.5825910206257606,0.073,0.2,73,20261083,5,broad,catch_up
observed_gain,1000,0.5847980884337564,0.5418495938695534,0.073,0.2,73,20261083,5,broad,catch_up
post_score,1000,0.3346493608013922,0.18233515229436856,0.073,0.2,73,20261083,5,broad,catch_up
baseline,1000,-0.6031593926172467,-0.7465438944631979,0.039,0.156,73,20261083,10,broad,catch_up
observed_gain,1000,0.7248224833781812,0.7617556114788175,0.039,0.156,73,20261083,10,broad,catch_up
post_score,1000,0.37032423590076485,0.21340914235105832,0.039,0.156,73,20261083,10,broad,catch_up
baseline,1000,-0.6626468509390142,-0.7967086788292017,0.036,0.137,73,20261083,15,broad,catch_up
observed_gain,1000,0.7679830348806235,0.8206669552467859,0.036,0.137,73,20261083,15,broad,catch_up
post_score,1000,0.3826787767831338,0.22100797980202452,0.036,0.137,73,20261083,15,broad,catch_up
baseline,1000,-0.7077158878622387,-0.8407338666418256,0.022,0.092,73,20261083,30,broad,catch_up
observed_gain,1000,0.8087049377533367,0.8829044916669894,0.022,0.092,73,20261083,30,broad,catch_up
post_score,1000,0.42034151792981056,0.2657157266764651,0.022,0.092,73,20261083,30,broad,catch_up
baseline,1000,0.5176567358670087,0.7635825781621893,0.349,0.507,74,20261084,5,easy,proportional
observed_gain,1000,-0.08191280661228775,-0.0274053559524655,0.349,0.507,74,20261084,5,easy,proportional
post_score,1000,0.4891109299212456,0.8244275473788012,0.349,0.507,74,20261084,5,easy,proportional
baseline,1000,0.5556747476814191,0.818370004831849,0.274,0.432,74,20261084,10,easy,proportional
observed_gain,1000,-0.13006617503704332,-0.08481408329101618,0.274,0.432,74,20261084,10,easy,proportional
post_score,1000,0.507611204066434,0.8678913987782787,0.274,0.432,74,20261084,10,easy,proportional
baseline,1000,0.569499665663146,0.8372523629058273,0.232,0.374,74,20261084,15,easy,proportional
observed_gain,1000,-0.14698505518756874,-0.08148857306366462,0.232,0.374,74,20261084,15,easy,proportional
post_score,1000,0.5162693751666104,0.8831631374465766,0.232,0.374,74,20261084,15,easy,proportional
baseline,1000,0.5602162427747732,0.8629505774022662,0.19,0.315,74,20261084,30,easy,proportional
observed_gain,1000,-0.22025286620299414,-0.18796745814608953,0.19,0.315,74,20261084,30,easy,proportional
post_score,1000,0.5033255992764136,0.9043908893987812,0.19,0.315,74,20261084,30,easy,proportional
baseline,1000,0.5460411995416338,0.6849822651381041,0.122,0.239,74,20261084,5,broad,proportional
observed_gain,1000,0.06967209596371497,0.14018715264895573,0.122,0.239,74,20261084,5,broad,proportional
post_score,1000,0.5889302634602125,0.7988534393088329,0.122,0.239,74,20261084,5,broad,proportional
baseline,1000,0.6256972506478173,0.7692913506836215,0.073,0.17,74,20261084,10,broad,proportional
observed_gain,1000,0.04533173681077313,0.15737954667407328,0.073,0.17,74,20261084,10,broad,proportional
post_score,1000,0.6350027077633555,0.866340433572923,0.073,0.17,74,20261084,10,broad,proportional
baseline,1000,0.6590687982330354,0.8067354878924345,0.048,0.123,74,20261084,15,broad,proportional
observed_gain,1000,0.038369400248357666,0.18461425978055723,0.048,0.123,74,20261084,15,broad,proportional
post_score,1000,0.6584195124893216,0.899071816908377,0.048,0.123,74,20261084,15,broad,proportional
baseline,1000,0.6595745095854433,0.8616604502675309,0.031,0.091,74,20261084,30,broad,proportional
observed_gain,1000,-0.03667790247905795,0.09824283389552267,0.031,0.091,74,20261084,30,broad,proportional
post_score,1000,0.6430516011720907,0.9287951441082095,0.031,0.091,74,20261084,30,broad,proportional
baseline,1000,-0.024861960987591917,-0.017959278405565056,0.349,0.608,74,20261084,5,easy,additive
observed_gain,1000,0.21962875927626213,0.21305453611813815,0.349,0.608,74,20261084,5,easy,additive
post_score,1000,0.28061242808217746,0.28163322146415753,0.349,0.608,74,20261084,5,easy,additive
baseline,1000,-0.006535430659802724,-0.01390413735856362,0.274,0.498,74,20261084,10,easy,additive
observed_gain,1000,0.23217878076395826,0.2371442972353024,0.274,0.498,74,20261084,10,easy,additive
post_score,1000,0.33317746262459685,0.3262828082084547,0.274,0.498,74,20261084,10,easy,additive
baseline,1000,-0.004109701979873464,-0.018034973593506122,0.232,0.41,74,20261084,15,easy,additive
observed_gain,1000,0.23806700532945255,0.23489075449490746,0.232,0.41,74,20261084,15,easy,additive
post_score,1000,0.33746118477331666,0.30893796729959216,0.232,0.41,74,20261084,15,easy,additive
baseline,1000,0.007461729088580619,-0.010037821557049227,0.19,0.335,74,20261084,30,easy,additive
observed_gain,1000,0.2013700646918587,0.1999243064655083,0.19,0.335,74,20261084,30,easy,additive
post_score,1000,0.3510931359855226,0.3282974270559708,0.19,0.335,74,20261084,30,easy,additive
baseline,1000,-0.019814647358178526,-0.017907016736905822,0.122,0.237,74,20261084,5,broad,additive
observed_gain,1000,0.2689953809304245,0.2647402696584468,0.122,0.237,74,20261084,5,broad,additive
post_score,1000,0.2727907485471544,0.2575269414397827,0.122,0.237,74,20261084,5,broad,additive
baseline,1000,-0.0173259040804397,-0.02450264994709469,0.073,0.141,74,20261084,10,broad,additive
observed_gain,1000,0.34558495140822987,0.32736076305012035,0.073,0.141,74,20261084,10,broad,additive
post_score,1000,0.31646196039718905,0.288902565416521,0.073,0.141,74,20261084,10,broad,additive
baseline,1000,0.0023386439845964066,-0.010808212144525516,0.048,0.092,74,20261084,15,broad,additive
observed_gain,1000,0.3720778127674616,0.35746976537842257,0.048,0.092,74,20261084,15,broad,additive
post_score,1000,0.34400944252168497,0.3164978886805036,0.048,0.092,74,20261084,15,broad,additive
baseline,1000,0.013274006635561253,0.0012163568381605308,0.031,0.06,74,20261084,30,broad,additive
observed_gain,1000,0.3619212439777082,0.3570386418472568,0.031,0.06,74,20261084,30,broad,additive
post_score,1000,0.3757706287283513,0.3432309505676172,0.031,0.06,74,20261084,30,broad,additive
baseline,1000,-0.677821351133089,-0.7513956799225936,0.349,0.839,74,20261084,5,easy,catch_up
observed_gain,1000,0.7034818618409197,0.7515705693566263,0.349,0.839,74,20261084,5,easy,catch_up
post_score,1000,0.14633440287041463,0.08300431915870349,0.349,0.839,74,20261084,5,easy,catch_up
baseline,1000,-0.7130045748515541,-0.8005575973701747,0.274,0.751,74,20261084,10,easy,catch_up
observed_gain,1000,0.7448629935179693,0.8086752911993795,0.274,0.751,74,20261084,10,easy,catch_up
post_score,1000,0.19143384149834258,0.12626701582183028,0.274,0.751,74,20261084,10,easy,catch_up
baseline,1000,-0.7291054557684319,-0.8227225475057566,0.232,0.672,74,20261084,15,easy,catch_up
observed_gain,1000,0.762991752694375,0.8311145392425897,0.232,0.672,74,20261084,15,easy,catch_up
post_score,1000,0.21919541594239067,0.1581478761763217,0.232,0.672,74,20261084,15,easy,catch_up
baseline,1000,-0.7484746291867255,-0.838020889207231,0.19,0.576,74,20261084,30,easy,catch_up
observed_gain,1000,0.7782916417373211,0.8463988144384882,0.19,0.576,74,20261084,30,easy,catch_up
post_score,1000,0.257699813586934,0.1835366618851957,0.19,0.576,74,20261084,30,easy,catch_up
baseline,1000,-0.572697763413124,-0.6778687459674326,0.122,0.382,74,20261084,5,broad,catch_up
observed_gain,1000,0.6524546650305337,0.6877765795776525,0.122,0.382,74,20261084,5,broad,catch_up
post_score,1000,0.2611529487012905,0.1345251549949505,0.122,0.382,74,20261084,5,broad,catch_up
baseline,1000,-0.6319275099095575,-0.7718930381027007,0.073,0.247,74,20261084,10,broad,catch_up
observed_gain,1000,0.7476404414157365,0.811291784496758,0.073,0.247,74,20261084,10,broad,catch_up
post_score,1000,0.34735888178363405,0.21108856143319993,0.073,0.247,74,20261084,10,broad,catch_up
baseline,1000,-0.6471930909906655,-0.7940296356939011,0.048,0.163,74,20261084,15,broad,catch_up
observed_gain,1000,0.7794990066868684,0.8463081035949019,0.048,0.163,74,20261084,15,broad,catch_up
post_score,1000,0.37830353793321303,0.22829453151630477,0.048,0.163,74,20261084,15,broad,catch_up
baseline,1000,-0.7051597154354659,-0.8318631935721451,0.031,0.106,74,20261084,30,broad,catch_up
observed_gain,1000,0.8185070790749914,0.8801915120485327,0.031,0.106,74,20261084,30,broad,catch_up
post_score,1000,0.4076295352195498,0.24678885706903755,0.031,0.106,74,20261084,30,broad,catch_up
baseline,1000,0.42769888271641054,0.7721000922067063,0.498,0.623,75,20261085,5,easy,proportional
observed_gain,1000,-0.12348868420144897,-0.17378093384706414,0.498,0.623,75,20261085,5,easy,proportional
post_score,1000,0.3770194863776861,0.7525952164024183,0.498,0.623,75,20261085,5,easy,proportional
baseline,1000,0.44273847608838657,0.8263030530798059,0.424,0.549,75,20261085,10,easy,proportional
observed_gain,1000,-0.17691406215016334,-0.241153554361586,0.424,0.549,75,20261085,10,easy,proportional
post_score,1000,0.39262852751405386,0.8217871522036041,0.424,0.549,75,20261085,10,easy,proportional
baseline,1000,0.4752251197550258,0.8524601793213322,0.355,0.474,75,20261085,15,easy,proportional
observed_gain,1000,-0.20400273066286256,-0.28021868719725174,0.355,0.474,75,20261085,15,easy,proportional
post_score,1000,0.42264163014069983,0.8626901996588292,0.355,0.474,75,20261085,15,easy,proportional
baseline,1000,0.4979874314777795,0.8784796668351421,0.227,0.36,75,20261085,30,easy,proportional
observed_gain,1000,-0.21829312411778667,-0.2629354946573751,0.227,0.36,75,20261085,30,easy,proportional
post_score,1000,0.4501119049137664,0.9093014083278309,0.227,0.36,75,20261085,30,easy,proportional
baseline,1000,0.4875202514174664,0.7595493357452313,0.3,0.412,75,20261085,5,broad,proportional
observed_gain,1000,-0.06994384995140439,-0.08407555609627265,0.3,0.412,75,20261085,5,broad,proportional
post_score,1000,0.45665537424281244,0.7599369217412273,0.3,0.412,75,20261085,5,broad,proportional
baseline,1000,0.5149099898374022,0.8322278597073237,0.212,0.326,75,20261085,10,broad,proportional
observed_gain,1000,-0.1079656685989086,-0.11432316413956616,0.212,0.326,75,20261085,10,broad,proportional
post_score,1000,0.4876776724666716,0.8625133306362612,0.212,0.326,75,20261085,10,broad,proportional
baseline,1000,0.5615919023637894,0.8674809711340025,0.143,0.267,75,20261085,15,broad,proportional
observed_gain,1000,-0.10525276521856766,-0.08173687139603504,0.143,0.267,75,20261085,15,broad,proportional
post_score,1000,0.5244580088398044,0.8955392140818004,0.143,0.267,75,20261085,15,broad,proportional
baseline,1000,0.5889258960868113,0.8871373675145448,0.053,0.128,75,20261085,30,broad,proportional
observed_gain,1000,-0.07660537924959034,0.009643903747895645,0.053,0.128,75,20261085,30,broad,proportional
post_score,1000,0.5588072714910138,0.9279738431586562,0.053,0.128,75,20261085,30,broad,proportional
baseline,1000,0.015052314782993313,0.022633830402708457,0.498,0.771,75,20261085,5,easy,additive
observed_gain,1000,0.08788218237835979,0.07648924603131825,0.498,0.771,75,20261085,5,easy,additive
post_score,1000,0.22798053954271677,0.246477076822443,0.498,0.771,75,20261085,5,easy,additive
baseline,1000,0.012026389739546943,0.02251300426233177,0.424,0.684,75,20261085,10,easy,additive
observed_gain,1000,0.08995154528680233,0.08238811210118115,0.424,0.684,75,20261085,10,easy,additive
post_score,1000,0.26617275849709415,0.2704005787271142,0.424,0.684,75,20261085,10,easy,additive
baseline,1000,0.021758698984714154,0.031888662190103466,0.355,0.582,75,20261085,15,easy,additive
observed_gain,1000,0.10293719929067087,0.07797491437580531,0.355,0.582,75,20261085,15,easy,additive
post_score,1000,0.30135892420367116,0.30268614647242076,0.355,0.582,75,20261085,15,easy,additive
baseline,1000,0.022655030311207802,0.0371625624839013,0.227,0.398,75,20261085,30,easy,additive
observed_gain,1000,0.13726705411108234,0.11617086828362247,0.227,0.398,75,20261085,30,easy,additive
post_score,1000,0.35412488768693473,0.36969982589036804,0.227,0.398,75,20261085,30,easy,additive
baseline,1000,0.04003885934446946,0.03710960602986423,0.3,0.487,75,20261085,5,broad,additive
observed_gain,1000,0.1351996725515482,0.12985756605920845,0.3,0.487,75,20261085,5,broad,additive
post_score,1000,0.26349948644174565,0.24616678840582118,0.3,0.487,75,20261085,5,broad,additive
baseline,1000,0.037599446963390584,0.037178743328706895,0.212,0.356,75,20261085,10,broad,additive
observed_gain,1000,0.14934287018698608,0.13972709482838386,0.212,0.356,75,20261085,10,broad,additive
post_score,1000,0.30384960644007125,0.28626245930579797,0.212,0.356,75,20261085,10,broad,additive
baseline,1000,0.05285395974317063,0.04881976244818199,0.143,0.252,75,20261085,15,broad,additive
observed_gain,1000,0.19223547390703097,0.1769543045757541,0.143,0.252,75,20261085,15,broad,additive
post_score,1000,0.3358120566365447,0.3203081049825065,0.143,0.252,75,20261085,15,broad,additive
baseline,1000,0.04765018143667141,0.04475398309011503,0.053,0.093,75,20261085,30,broad,additive
observed_gain,1000,0.24446753728015835,0.22901702444595085,0.053,0.093,75,20261085,30,broad,additive
post_score,1000,0.3635635004155599,0.3439354286211351,0.053,0.093,75,20261085,30,broad,additive
baseline,1000,-0.6387342855252022,-0.7259082728310009,0.498,0.937,75,20261085,5,easy,catch_up
observed_gain,1000,0.6415577776249215,0.7183426429618135,0.498,0.937,75,20261085,5,easy,catch_up
post_score,1000,0.0810895235947083,0.043765440817882986,0.498,0.937,75,20261085,5,easy,catch_up
baseline,1000,-0.6860882028074461,-0.7833871139744603,0.424,0.902,75,20261085,10,easy,catch_up
observed_gain,1000,0.6939925454619994,0.7755891915032843,0.424,0.902,75,20261085,10,easy,catch_up
post_score,1000,0.09816141377610353,0.03543190124376151,0.424,0.902,75,20261085,10,easy,catch_up
baseline,1000,-0.712709622448831,-0.8030732548751174,0.355,0.842,75,20261085,15,easy,catch_up
observed_gain,1000,0.7235464801200825,0.8010664388994999,0.355,0.842,75,20261085,15,easy,catch_up
post_score,1000,0.1299012770319202,0.07298554322628718,0.355,0.842,75,20261085,15,easy,catch_up
baseline,1000,-0.7327162697146415,-0.8288981987337289,0.227,0.658,75,20261085,30,easy,catch_up
observed_gain,1000,0.751221863552433,0.8315536746908165,0.227,0.658,75,20261085,30,easy,catch_up
post_score,1000,0.2292986955835461,0.17931997859756302,0.227,0.658,75,20261085,30,easy,catch_up
baseline,1000,-0.5977000072360943,-0.7082608345255968,0.3,0.682,75,20261085,5,broad,catch_up
observed_gain,1000,0.6260879982893685,0.6856190687079652,0.3,0.682,75,20261085,5,broad,catch_up
post_score,1000,0.20914678551340485,0.10837457951558697,0.3,0.682,75,20261085,5,broad,catch_up
baseline,1000,-0.6639710341976434,-0.7805625607035037,0.212,0.569,75,20261085,10,broad,catch_up
observed_gain,1000,0.7053698629598822,0.7673974239516184,0.212,0.569,75,20261085,10,broad,catch_up
post_score,1000,0.25015216829083875,0.1335439995494958,0.212,0.569,75,20261085,10,broad,catch_up
baseline,1000,-0.6832767655269613,-0.8098236815969833,0.143,0.424,75,20261085,15,broad,catch_up
observed_gain,1000,0.7397443723973083,0.8183231653436163,0.143,0.424,75,20261085,15,broad,catch_up
post_score,1000,0.2866015988953038,0.17035789086017897,0.143,0.424,75,20261085,15,broad,catch_up
baseline,1000,-0.7072289527106942,-0.8345848432380681,0.053,0.155,75,20261085,30,broad,catch_up
observed_gain,1000,0.7861118884636135,0.8544233460942265,0.053,0.155,75,20261085,30,broad,catch_up
post_score,1000,0.3596443065378625,0.19286492086243928,0.053,0.155,75,20261085,30,broad,catch_up
baseline,1000,0.5385930324774039,0.7751721365205686,0.317,0.466,76,20261086,5,easy,proportional
observed_gain,1000,-0.07967701591341579,-0.03417498382015733,0.317,0.466,76,20261086,5,easy,proportional
post_score,1000,0.49360599492903445,0.8135233648454059,0.317,0.466,76,20261086,5,easy,proportional
baseline,1000,0.5778119089816268,0.8381532335018401,0.246,0.385,76,20261086,10,easy,proportional
observed_gain,1000,-0.11484649577840966,-0.04970274460429224,0.246,0.385,76,20261086,10,easy,proportional
post_score,1000,0.5238962112796804,0.8736651770919673,0.246,0.385,76,20261086,10,easy,proportional
baseline,1000,0.5897952535832417,0.8639470863653991,0.208,0.358,76,20261086,15,easy,proportional
observed_gain,1000,-0.1450794643109834,-0.09904084746957015,0.208,0.358,76,20261086,15,easy,proportional
post_score,1000,0.5302820978261196,0.8906025086171563,0.208,0.358,76,20261086,15,easy,proportional
baseline,1000,0.5849804585655202,0.8829682019652961,0.16,0.301,76,20261086,30,easy,proportional
observed_gain,1000,-0.18293948494748397,-0.1141120260447882,0.16,0.301,76,20261086,30,easy,proportional
post_score,1000,0.5276503640699411,0.9165134307197891,0.16,0.301,76,20261086,30,easy,proportional
baseline,1000,0.5297081756559167,0.6199455411103271,0.079,0.181,76,20261086,5,broad,proportional
observed_gain,1000,0.09744190934220244,0.1764744428962773,0.079,0.181,76,20261086,5,broad,proportional
post_score,1000,0.5840051801639373,0.7512793032087475,0.079,0.181,76,20261086,5,broad,proportional
baseline,1000,0.6368881128710601,0.7573806418986143,0.038,0.119,76,20261086,10,broad,proportional
observed_gain,1000,0.0913619710822105,0.22715893297111855,0.038,0.119,76,20261086,10,broad,proportional
post_score,1000,0.6486206856724315,0.8602533688432624,0.038,0.119,76,20261086,10,broad,proportional
baseline,1000,0.6708325550652232,0.8145560614762011,0.029,0.097,76,20261086,15,broad,proportional
observed_gain,1000,0.09662508661233922,0.23994231466177374,0.029,0.097,76,20261086,15,broad,proportional
post_score,1000,0.6642114969317634,0.8882839943903705,0.029,0.097,76,20261086,15,broad,proportional
baseline,1000,0.6778949418405339,0.866571785717069,0.016,0.068,76,20261086,30,broad,proportional
observed_gain,1000,0.10717024962048807,0.2842529274523194,0.016,0.068,76,20261086,30,broad,proportional
post_score,1000,0.6675258443618352,0.9251177240196774,0.016,0.068,76,20261086,30,broad,proportional
baseline,1000,0.021636880690278158,0.02085210833123463,0.317,0.547,76,20261086,5,easy,additive
observed_gain,1000,0.1779873391855442,0.15648490728732115,0.317,0.547,76,20261086,5,easy,additive
post_score,1000,0.27764310703367334,0.2627120706944754,0.317,0.547,76,20261086,5,easy,additive
baseline,1000,-5.82214979405316e-4,0.0011130135349564831,0.246,0.432,76,20261086,10,easy,additive
observed_gain,1000,0.2438134499178281,0.22249993311290475,0.246,0.432,76,20261086,10,easy,additive
post_score,1000,0.3155503247351211,0.2965689566906165,0.246,0.432,76,20261086,10,easy,additive
baseline,1000,0.0021584292334838632,0.007453668641045997,0.208,0.384,76,20261086,15,easy,additive
observed_gain,1000,0.25618696022795284,0.22494691017579674,0.208,0.384,76,20261086,15,easy,additive
post_score,1000,0.33875291424371945,0.31058509096287784,0.208,0.384,76,20261086,15,easy,additive
baseline,1000,-0.012961027523716627,-0.002328610949788952,0.16,0.292,76,20261086,30,easy,additive
observed_gain,1000,0.262512635784461,0.22326632739424385,0.16,0.292,76,20261086,30,easy,additive
post_score,1000,0.348399152247078,0.3124262039069172,0.16,0.292,76,20261086,30,easy,additive
baseline,1000,5.455788871529308e-4,3.841013411891122e-4,0.079,0.159,76,20261086,5,broad,additive
observed_gain,1000,0.18454832334768145,0.1723610960353731,0.079,0.159,76,20261086,5,broad,additive
post_score,1000,0.21242987646600947,0.19874874381165575,0.079,0.159,76,20261086,5,broad,additive
baseline,1000,0.01242857356970418,0.0058283380096354805,0.038,0.073,76,20261086,10,broad,additive
observed_gain,1000,0.2590302712514894,0.23741671999850228,0.038,0.073,76,20261086,10,broad,additive
post_score,1000,0.2618313911783623,0.24594796105955313,0.038,0.073,76,20261086,10,broad,additive
baseline,1000,0.015926874534081245,0.011717534334014559,0.029,0.056,76,20261086,15,broad,additive
observed_gain,1000,0.3107298010037229,0.28065660003292403,0.029,0.056,76,20261086,15,broad,additive
post_score,1000,0.2790466225715952,0.257630690159706,0.029,0.056,76,20261086,15,broad,additive
baseline,1000,0.0012404906514385354,-0.00351259808407541,0.016,0.036,76,20261086,30,broad,additive
observed_gain,1000,0.3925416946161205,0.3662900776689629,0.016,0.036,76,20261086,30,broad,additive
post_score,1000,0.31181102172262154,0.28387382464929173,0.016,0.036,76,20261086,30,broad,additive
baseline,1000,-0.6299740793595933,-0.720559635184326,0.317,0.812,76,20261086,5,easy,catch_up
observed_gain,1000,0.6633353507901908,0.7270465221122441,0.317,0.812,76,20261086,5,easy,catch_up
post_score,1000,0.17968329162161403,0.13953213062453676,0.317,0.812,76,20261086,5,easy,catch_up
baseline,1000,-0.706998164701143,-0.8037538816087672,0.246,0.695,76,20261086,10,easy,catch_up
observed_gain,1000,0.7444824150019895,0.81560556919466,0.246,0.695,76,20261086,10,easy,catch_up
post_score,1000,0.2101381782837328,0.14364398413148358,0.246,0.695,76,20261086,10,easy,catch_up
baseline,1000,-0.7245725983928657,-0.8228599714192355,0.208,0.635,76,20261086,15,easy,catch_up
observed_gain,1000,0.765537526146677,0.8347628081770573,0.208,0.635,76,20261086,15,easy,catch_up
post_score,1000,0.23062153588953652,0.1452413258857897,0.208,0.635,76,20261086,15,easy,catch_up
baseline,1000,-0.7587413409483132,-0.8478526739768171,0.16,0.517,76,20261086,30,easy,catch_up
observed_gain,1000,0.7928638239989025,0.8603650931137122,0.16,0.517,76,20261086,30,easy,catch_up
post_score,1000,0.25472343342416454,0.1692611468674971,0.16,0.517,76,20261086,30,easy,catch_up
baseline,1000,-0.48715260242029584,-0.5950280050749728,0.079,0.279,76,20261086,5,broad,catch_up
observed_gain,1000,0.5863208387495287,0.5716565606303546,0.079,0.279,76,20261086,5,broad,catch_up
post_score,1000,0.3116398279567373,0.15407745493759809,0.079,0.279,76,20261086,5,broad,catch_up
baseline,1000,-0.5838724457536514,-0.7261524986723872,0.038,0.151,76,20261086,10,broad,catch_up
observed_gain,1000,0.7218373794901634,0.729539698356995,0.038,0.151,76,20261086,10,broad,catch_up
post_score,1000,0.37225564791355836,0.1847288095437449,0.038,0.151,76,20261086,10,broad,catch_up
baseline,1000,-0.618336317632875,-0.7759196992049094,0.029,0.111,76,20261086,15,broad,catch_up
observed_gain,1000,0.7770644554055565,0.7972137010933609,0.029,0.111,76,20261086,15,broad,catch_up
post_score,1000,0.3891838583256373,0.18358773311829485,0.029,0.111,76,20261086,15,broad,catch_up
baseline,1000,-0.6897477392331874,-0.835472626262363,0.016,0.063,76,20261086,30,broad,catch_up
observed_gain,1000,0.8346388112981555,0.8709148777082119,0.016,0.063,76,20261086,30,broad,catch_up
post_score,1000,0.4200026720098286,0.20636025816745934,0.016,0.063,76,20261086,30,broad,catch_up
baseline,1000,0.5235106179595885,0.7804715790374062,0.401,0.517,77,20261087,5,easy,proportional
observed_gain,1000,-0.08988024688714455,-0.06839596571127642,0.401,0.517,77,20261087,5,easy,proportional
post_score,1000,0.47556561113339957,0.795870787858356,0.401,0.517,77,20261087,5,easy,proportional
baseline,1000,0.5646534677693582,0.8356705825719111,0.3,0.407,77,20261087,10,easy,proportional
observed_gain,1000,-0.13054584151516269,-0.13078177254755474,0.3,0.407,77,20261087,10,easy,proportional
post_score,1000,0.5176780638897165,0.8602427500716997,0.3,0.407,77,20261087,10,easy,proportional
baseline,1000,0.5872454913752743,0.8574129254228593,0.242,0.346,77,20261087,15,easy,proportional
observed_gain,1000,-0.1514657283762289,-0.1326747365237742,0.242,0.346,77,20261087,15,easy,proportional
post_score,1000,0.5367262300174871,0.8891515153526471,0.242,0.346,77,20261087,15,easy,proportional
baseline,1000,0.6149135099652997,0.8843303791157118,0.175,0.272,77,20261087,30,easy,proportional
observed_gain,1000,-0.19666080151214557,-0.1343860124853647,0.175,0.272,77,20261087,30,easy,proportional
post_score,1000,0.5592439296014418,0.9212601733022425,0.175,0.272,77,20261087,30,easy,proportional
baseline,1000,0.547784800020784,0.7055400663517196,0.126,0.228,77,20261087,5,broad,proportional
observed_gain,1000,0.04217129379986652,0.08445784807892741,0.126,0.228,77,20261087,5,broad,proportional
post_score,1000,0.5720037023247901,0.7810281179653263,0.126,0.228,77,20261087,5,broad,proportional
baseline,1000,0.6275060259625831,0.7823825511368869,0.069,0.155,77,20261087,10,broad,proportional
observed_gain,1000,0.0580201323236798,0.12946652341789514,0.069,0.155,77,20261087,10,broad,proportional
post_score,1000,0.6444292393901424,0.8585917690529681,0.069,0.155,77,20261087,10,broad,proportional
baseline,1000,0.6592076915290817,0.8123017562499099,0.039,0.115,77,20261087,15,broad,proportional
observed_gain,1000,0.0786366682617045,0.1551011149966995,0.039,0.115,77,20261087,15,broad,proportional
post_score,1000,0.6695991796167329,0.8768632257420441,0.039,0.115,77,20261087,15,broad,proportional
baseline,1000,0.7150364764260186,0.8617954042697994,0.018,0.06,77,20261087,30,broad,proportional
observed_gain,1000,0.09911351175800659,0.24638577543004464,0.018,0.06,77,20261087,30,broad,proportional
post_score,1000,0.7069983372270442,0.9195010428515346,0.018,0.06,77,20261087,30,broad,proportional
baseline,1000,-0.0016292331478924026,0.01692174709820876,0.401,0.623,77,20261087,5,easy,additive
observed_gain,1000,0.16206519058112875,0.13249405377520873,0.401,0.623,77,20261087,5,easy,additive
post_score,1000,0.24713879185557297,0.2415545894124616,0.401,0.623,77,20261087,5,easy,additive
baseline,1000,-0.01739307512645192,-9.850468684703725e-4,0.3,0.476,77,20261087,10,easy,additive
observed_gain,1000,0.22430727526345756,0.18851794570150796,0.3,0.476,77,20261087,10,easy,additive
post_score,1000,0.3001218949376369,0.2813523884487672,0.3,0.476,77,20261087,10,easy,additive
baseline,1000,-0.01696676452113611,0.0010721443246608316,0.242,0.382,77,20261087,15,easy,additive
observed_gain,1000,0.24866678428053993,0.2050877372321393,0.242,0.382,77,20261087,15,easy,additive
post_score,1000,0.3218981774297065,0.2988189975077497,0.242,0.382,77,20261087,15,easy,additive
baseline,1000,-0.012710748599962804,-4.459385934581834e-5,0.175,0.272,77,20261087,30,easy,additive
observed_gain,1000,0.2890326871056163,0.2405835369306459,0.175,0.272,77,20261087,30,easy,additive
post_score,1000,0.35602721054400077,0.3308900850110515,0.175,0.272,77,20261087,30,easy,additive
baseline,1000,0.033392568723631236,0.03877702981301804,0.126,0.233,77,20261087,5,broad,additive
observed_gain,1000,0.1559293143202565,0.14354210013236926,0.126,0.233,77,20261087,5,broad,additive
post_score,1000,0.2242246637710823,0.2006214494536729,0.126,0.233,77,20261087,5,broad,additive
baseline,1000,0.025017739931225306,0.025576627777168803,0.069,0.131,77,20261087,10,broad,additive
observed_gain,1000,0.24745414627567805,0.2367432704389846,0.069,0.131,77,20261087,10,broad,additive
post_score,1000,0.27486762743651694,0.25623215944598854,0.069,0.131,77,20261087,10,broad,additive
baseline,1000,0.023797812696664585,0.030626137463057458,0.039,0.081,77,20261087,15,broad,additive
observed_gain,1000,0.28389988919047116,0.25117286619832957,0.039,0.081,77,20261087,15,broad,additive
post_score,1000,0.2887700677790465,0.2695012125146874,0.039,0.081,77,20261087,15,broad,additive
baseline,1000,0.03415324293154947,0.031212619592606138,0.018,0.03,77,20261087,30,broad,additive
observed_gain,1000,0.36971017120240307,0.3260457647708679,0.018,0.03,77,20261087,30,broad,additive
post_score,1000,0.31550606609708715,0.2990163214937614,0.018,0.03,77,20261087,30,broad,additive
baseline,1000,-0.6275885719459502,-0.7412132554088281,0.401,0.848,77,20261087,5,easy,catch_up
observed_gain,1000,0.6381392561712703,0.7267530395132863,0.401,0.848,77,20261087,5,easy,catch_up
post_score,1000,0.11333318813383025,0.04903434570808461,0.401,0.848,77,20261087,5,easy,catch_up
baseline,1000,-0.6813588325840826,-0.8091253785271322,0.3,0.738,77,20261087,10,easy,catch_up
observed_gain,1000,0.7033833952418668,0.8002752016061591,0.3,0.738,77,20261087,10,easy,catch_up
post_score,1000,0.17444616539631905,0.0846277581315894,0.3,0.738,77,20261087,10,easy,catch_up
baseline,1000,-0.6966808738810517,-0.8295335637409903,0.242,0.648,77,20261087,15,easy,catch_up
observed_gain,1000,0.7251306000122277,0.8260181370379408,0.242,0.648,77,20261087,15,easy,catch_up
post_score,1000,0.22618062917940043,0.13233660734063263,0.242,0.648,77,20261087,15,easy,catch_up
baseline,1000,-0.7212080687834224,-0.8548804487075815,0.175,0.482,77,20261087,30,easy,catch_up
observed_gain,1000,0.7597917671872717,0.8664015669739065,0.175,0.482,77,20261087,30,easy,catch_up
post_score,1000,0.26758290272267043,0.1607933672626246,0.175,0.482,77,20261087,30,easy,catch_up
baseline,1000,-0.5175648678918421,-0.6559091025956905,0.126,0.363,77,20261087,5,broad,catch_up
observed_gain,1000,0.5663006717285646,0.6176694444658246,0.126,0.363,77,20261087,5,broad,catch_up
post_score,1000,0.21111070147749608,0.0648260080251141,0.126,0.363,77,20261087,5,broad,catch_up
baseline,1000,-0.5692395620427543,-0.7387021226284431,0.069,0.21,77,20261087,10,broad,catch_up
observed_gain,1000,0.677019191522616,0.7429766503115723,0.069,0.21,77,20261087,10,broad,catch_up
post_score,1000,0.30401730016115364,0.11243214498153452,0.069,0.21,77,20261087,10,broad,catch_up
baseline,1000,-0.5911305835830905,-0.7610610312712763,0.039,0.132,77,20261087,15,broad,catch_up
observed_gain,1000,0.7226459347484777,0.7750297018803964,0.039,0.132,77,20261087,15,broad,catch_up
post_score,1000,0.34916374071170125,0.14498165040414593,0.039,0.132,77,20261087,15,broad,catch_up
baseline,1000,-0.6218907705662403,-0.8079517399345645,0.018,0.051,77,20261087,30,broad,catch_up
observed_gain,1000,0.794273282945924,0.8535197333190963,0.018,0.051,77,20261087,30,broad,catch_up
post_score,1000,0.40633824852122197,0.17696505973270843,0.018,0.051,77,20261087,30,broad,catch_up
baseline,1000,0.48806456463855913,0.763943043931499,0.49,0.605,78,20261088,5,easy,proportional
observed_gain,1000,-0.14088840636219266,-0.15093373679678396,0.49,0.605,78,20261088,5,easy,proportional
post_score,1000,0.4338033063534853,0.7603727734873748,0.49,0.605,78,20261088,5,easy,proportional
baseline,1000,0.5419353120270507,0.8186975533110383,0.34,0.467,78,20261088,10,easy,proportional
observed_gain,1000,-0.16054348379723296,-0.17085440552270353,0.34,0.467,78,20261088,10,easy,proportional
post_score,1000,0.4948147800011291,0.8553428173497835,0.34,0.467,78,20261088,10,easy,proportional
baseline,1000,0.5580449659749612,0.8354471829083004,0.276,0.408,78,20261088,15,easy,proportional
observed_gain,1000,-0.17264159668565482,-0.16700381529540917,0.276,0.408,78,20261088,15,easy,proportional
post_score,1000,0.508274831545507,0.8811806268711148,0.276,0.408,78,20261088,15,easy,proportional
baseline,1000,0.5285522356759832,0.8536695202596651,0.258,0.39,78,20261088,30,easy,proportional
observed_gain,1000,-0.25565463097439994,-0.27900269340501727,0.258,0.39,78,20261088,30,easy,proportional
post_score,1000,0.473598870826901,0.8875685585140647,0.258,0.39,78,20261088,30,easy,proportional
baseline,1000,0.5511281272261136,0.7676567287426964,0.251,0.394,78,20261088,5,broad,proportional
observed_gain,1000,-0.049885135314739794,-0.0353126498042349,0.251,0.394,78,20261088,5,broad,proportional
post_score,1000,0.5254045141860733,0.8019802544164291,0.251,0.394,78,20261088,5,broad,proportional
baseline,1000,0.6134380218736974,0.822194122682073,0.094,0.208,78,20261088,10,broad,proportional
observed_gain,1000,-6.024361934179706e-4,0.05507392483225358,0.094,0.208,78,20261088,10,broad,proportional
post_score,1000,0.6080783397269524,0.8758625089876042,0.094,0.208,78,20261088,10,broad,proportional
baseline,1000,0.6429923316019156,0.8399559370460552,0.052,0.144,78,20261088,15,broad,proportional
observed_gain,1000,0.005724391534866906,0.08427735239907638,0.052,0.144,78,20261088,15,broad,proportional
post_score,1000,0.6330431877643113,0.8967742509762842,0.052,0.144,78,20261088,15,broad,proportional
baseline,1000,0.6173724213588296,0.8749262609760212,0.05,0.135,78,20261088,30,broad,proportional
observed_gain,1000,-0.10650616350202939,-0.055187071094014294,0.05,0.135,78,20261088,30,broad,proportional
post_score,1000,0.592866343832954,0.9193998524916548,0.05,0.135,78,20261088,30,broad,proportional
baseline,1000,0.011780450899421624,-0.028345834057493375,0.49,0.745,78,20261088,5,easy,additive
observed_gain,1000,0.11144380647179034,0.14438787065531888,0.49,0.745,78,20261088,5,easy,additive
post_score,1000,0.2554485393708383,0.2611573267009205,0.49,0.745,78,20261088,5,easy,additive
baseline,1000,-0.006962133500198428,-0.037773174010191785,0.34,0.554,78,20261088,10,easy,additive
observed_gain,1000,0.18407276084881832,0.20805313408295711,0.34,0.554,78,20261088,10,easy,additive
post_score,1000,0.3195846049615812,0.3237321927983656,0.34,0.554,78,20261088,10,easy,additive
baseline,1000,-0.008875076336085265,-0.03716381088155197,0.276,0.469,78,20261088,15,easy,additive
observed_gain,1000,0.19196760424706258,0.2122415636271032,0.276,0.469,78,20261088,15,easy,additive
post_score,1000,0.31892623066154824,0.32219305263377807,0.276,0.469,78,20261088,15,easy,additive
baseline,1000,-0.012942097533279467,-0.03720390871063775,0.258,0.446,78,20261088,30,easy,additive
observed_gain,1000,0.1480912920778394,0.17345944236905014,0.258,0.446,78,20261088,30,easy,additive
post_score,1000,0.3170770702039805,0.3211265558748213,0.258,0.446,78,20261088,30,easy,additive
baseline,1000,0.034752858952013806,0.014637248952985344,0.251,0.428,78,20261088,5,broad,additive
observed_gain,1000,0.1317962531678137,0.12691718063960103,0.251,0.428,78,20261088,5,broad,additive
post_score,1000,0.2423365036869291,0.22491965243032622,0.251,0.428,78,20261088,5,broad,additive
baseline,1000,0.0161920484267124,-0.007446508496782188,0.094,0.177,78,20261088,10,broad,additive
observed_gain,1000,0.2278424190284205,0.24588541520172644,0.094,0.177,78,20261088,10,broad,additive
post_score,1000,0.28037239725201374,0.24961165739849422,0.094,0.177,78,20261088,10,broad,additive
baseline,1000,0.02249161539038282,-0.0033183579985539796,0.052,0.098,78,20261088,15,broad,additive
observed_gain,1000,0.2560017929989458,0.26050865113496113,0.052,0.098,78,20261088,15,broad,additive
post_score,1000,0.2953145901177798,0.26239786537659643,0.052,0.098,78,20261088,15,broad,additive
baseline,1000,0.014084845560619876,-0.0101460636204504,0.05,0.09,78,20261088,30,broad,additive
observed_gain,1000,0.22159090910076157,0.23207328710366365,0.05,0.09,78,20261088,30,broad,additive
post_score,1000,0.3156368011763081,0.2749145033496984,0.05,0.09,78,20261088,30,broad,additive
baseline,1000,-0.6841398815026968,-0.7463347858349365,0.49,0.91,78,20261088,5,easy,catch_up
observed_gain,1000,0.6923619564963073,0.7339579382871876,0.49,0.91,78,20261088,5,easy,catch_up
post_score,1000,0.12483283054317154,0.07941252821035323,0.49,0.91,78,20261088,5,easy,catch_up
baseline,1000,-0.7466791351705362,-0.8125824379355131,0.34,0.798,78,20261088,10,easy,catch_up
observed_gain,1000,0.7637083337680286,0.8046189975262341,0.34,0.798,78,20261088,10,easy,catch_up
post_score,1000,0.19236676273465525,0.13641661032449665,0.34,0.798,78,20261088,10,easy,catch_up
baseline,1000,-0.7600008232666098,-0.8305891864879584,0.276,0.719,78,20261088,15,easy,catch_up
observed_gain,1000,0.7804747400922416,0.826705328909325,0.276,0.719,78,20261088,15,easy,catch_up
post_score,1000,0.20979538074760504,0.1494518986508474,0.276,0.719,78,20261088,15,easy,catch_up
baseline,1000,-0.7770443832385999,-0.8415210056140983,0.258,0.696,78,20261088,30,easy,catch_up
observed_gain,1000,0.7906184803027327,0.8384779788304958,0.258,0.696,78,20261088,30,easy,catch_up
post_score,1000,0.22023418225802807,0.1559535790622512,0.258,0.696,78,20261088,30,easy,catch_up
baseline,1000,-0.6335781332284586,-0.7214274096364238,0.251,0.629,78,20261088,5,broad,catch_up
observed_gain,1000,0.6668156771693698,0.7019336250792032,0.251,0.629,78,20261088,5,broad,catch_up
post_score,1000,0.2180491688971688,0.13372405591817885,0.251,0.629,78,20261088,5,broad,catch_up
baseline,1000,-0.6801746342745555,-0.7949299067832905,0.094,0.313,78,20261088,10,broad,catch_up
observed_gain,1000,0.7524023196238828,0.7890681087535775,0.094,0.313,78,20261088,10,broad,catch_up
post_score,1000,0.2930948659675148,0.1337460669024812,0.094,0.313,78,20261088,10,broad,catch_up
baseline,1000,-0.6897056119780218,-0.8099963886175955,0.052,0.182,78,20261088,15,broad,catch_up
observed_gain,1000,0.7818057271657289,0.8199952080557635,0.052,0.182,78,20261088,15,broad,catch_up
post_score,1000,0.3370402219721134,0.15317809953417708,0.052,0.182,78,20261088,15,broad,catch_up
baseline,1000,-0.7462915955137945,-0.8408297471197684,0.05,0.167,78,20261088,30,broad,catch_up
observed_gain,1000,0.8085499263418509,0.8503718660971088,0.05,0.167,78,20261088,30,broad,catch_up
post_score,1000,0.33903235887805266,0.15455834477863434,0.05,0.167,78,20261088,30,broad,catch_up
baseline,1000,0.5573208908180695,0.7920463752775733,0.334,0.495,79,20261089,5,easy,proportional
observed_gain,1000,-0.05903158393417224,-0.020814875101583016,0.334,0.495,79,20261089,5,easy,proportional
post_score,1000,0.513160489921058,0.8269028269963954,0.334,0.495,79,20261089,5,easy,proportional
baseline,1000,0.5668156691352698,0.8483220013568035,0.281,0.435,79,20261089,10,easy,proportional
observed_gain,1000,-0.136129683082401,-0.13074080238043723,0.281,0.435,79,20261089,10,easy,proportional
post_score,1000,0.5115548306322469,0.8583728563141383,0.281,0.435,79,20261089,10,easy,proportional
baseline,1000,0.5700237361236091,0.860569124099919,0.25,0.397,79,20261089,15,easy,proportional
observed_gain,1000,-0.16665728174894368,-0.15146683776415149,0.25,0.397,79,20261089,15,easy,proportional
post_score,1000,0.517584421218811,0.8781661430490876,0.25,0.397,79,20261089,15,easy,proportional
baseline,1000,0.5716718570255053,0.8801538449291681,0.19,0.333,79,20261089,30,easy,proportional
observed_gain,1000,-0.2325960102744185,-0.2448572640488053,0.19,0.333,79,20261089,30,easy,proportional
post_score,1000,0.5167147464857813,0.906384739346831,0.19,0.333,79,20261089,30,easy,proportional
baseline,1000,0.5515386675600336,0.6636158258151987,0.111,0.22,79,20261089,5,broad,proportional
observed_gain,1000,0.11571256931131078,0.1772230671200317,0.111,0.22,79,20261089,5,broad,proportional
post_score,1000,0.6165562958092553,0.8144553029578653,0.111,0.22,79,20261089,5,broad,proportional
baseline,1000,0.5977816164886819,0.8010453627032126,0.066,0.159,79,20261089,10,broad,proportional
observed_gain,1000,0.0574453356162837,0.0990238740309595,0.066,0.159,79,20261089,10,broad,proportional
post_score,1000,0.6177048088560763,0.8702275449828356,0.066,0.159,79,20261089,10,broad,proportional
baseline,1000,0.6238648421621742,0.8342980562665362,0.053,0.141,79,20261089,15,broad,proportional
observed_gain,1000,0.03576901061780737,0.11441334665535764,0.053,0.141,79,20261089,15,broad,proportional
post_score,1000,0.62921092062025,0.9029998956739944,0.053,0.141,79,20261089,15,broad,proportional
baseline,1000,0.6403763638646401,0.8691302391052252,0.025,0.095,79,20261089,30,broad,proportional
observed_gain,1000,-0.00445581979345401,0.07044217627282418,0.025,0.095,79,20261089,30,broad,proportional
post_score,1000,0.6344753813241331,0.9272357954192032,0.025,0.095,79,20261089,30,broad,proportional
baseline,1000,0.07076960123518489,0.06126408006491971,0.334,0.583,79,20261089,5,easy,additive
observed_gain,1000,0.11369475781171078,0.132529976553286,0.334,0.583,79,20261089,5,easy,additive
post_score,1000,0.26173722011719064,0.2791709518538217,0.334,0.583,79,20261089,5,easy,additive
baseline,1000,0.07163007329404014,0.0652406399036655,0.281,0.497,79,20261089,10,easy,additive
observed_gain,1000,0.09422170874810042,0.10925434454173785,0.281,0.497,79,20261089,10,easy,additive
post_score,1000,0.28837588467474146,0.29702960854246335,0.281,0.497,79,20261089,10,easy,additive
baseline,1000,0.06742186859754735,0.05147666227670268,0.25,0.439,79,20261089,15,easy,additive
observed_gain,1000,0.0925835123562501,0.09976792262229191,0.25,0.439,79,20261089,15,easy,additive
post_score,1000,0.29908469689389827,0.3016703208026849,0.25,0.439,79,20261089,15,easy,additive
baseline,1000,0.0718025168523483,0.04666459173788833,0.19,0.345,79,20261089,30,easy,additive
observed_gain,1000,0.09235445100578211,0.10946695258037913,0.19,0.345,79,20261089,30,easy,additive
post_score,1000,0.3298551510280617,0.3287948094591722,0.19,0.345,79,20261089,30,easy,additive
baseline,1000,0.038064991155434894,0.04274649235456746,0.111,0.198,79,20261089,5,broad,additive
observed_gain,1000,0.2123846364157266,0.19756272967638297,0.111,0.198,79,20261089,5,broad,additive
post_score,1000,0.2664169666403371,0.25544627587506924,0.111,0.198,79,20261089,5,broad,additive
baseline,1000,0.03611361024070828,0.03629480656237576,0.066,0.121,79,20261089,10,broad,additive
observed_gain,1000,0.203415117462126,0.19954023244567515,0.066,0.121,79,20261089,10,broad,additive
post_score,1000,0.28432870305099045,0.27615773707770463,0.066,0.121,79,20261089,10,broad,additive
baseline,1000,0.03893746405140026,0.027073863378450913,0.053,0.09,79,20261089,15,broad,additive
observed_gain,1000,0.22391225784961918,0.23148983308555737,0.053,0.09,79,20261089,15,broad,additive
post_score,1000,0.30778621747437834,0.2991801991670526,0.053,0.09,79,20261089,15,broad,additive
baseline,1000,0.05788913964791448,0.0333364342649385,0.025,0.053,79,20261089,30,broad,additive
observed_gain,1000,0.22198426114337275,0.238990528116889,0.025,0.053,79,20261089,30,broad,additive
post_score,1000,0.3423323573440248,0.3199167371049372,0.025,0.053,79,20261089,30,broad,additive
baseline,1000,-0.6432255996504506,-0.7446092857397306,0.334,0.844,79,20261089,5,easy,catch_up
observed_gain,1000,0.6641162406016929,0.7466099572253598,0.334,0.844,79,20261089,5,easy,catch_up
post_score,1000,0.13518582877060686,0.08611477596606301,0.334,0.844,79,20261089,5,easy,catch_up
baseline,1000,-0.709835908775322,-0.7925571486506144,0.281,0.774,79,20261089,10,easy,catch_up
observed_gain,1000,0.7280164032337416,0.7937187100074626,0.281,0.774,79,20261089,10,easy,catch_up
post_score,1000,0.1745328179780801,0.11424400191714133,0.281,0.774,79,20261089,10,easy,catch_up
baseline,1000,-0.7299720218802745,-0.815251202500812,0.25,0.729,79,20261089,15,easy,catch_up
observed_gain,1000,0.7495098787499873,0.8194585438342984,0.25,0.729,79,20261089,15,easy,catch_up
post_score,1000,0.1930412681405816,0.12203388742632262,0.25,0.729,79,20261089,15,easy,catch_up
baseline,1000,-0.7373576202836248,-0.8366559913242748,0.19,0.603,79,20261089,30,easy,catch_up
observed_gain,1000,0.7584723083647105,0.8471708703573436,0.19,0.603,79,20261089,30,easy,catch_up
post_score,1000,0.22820219278838516,0.15525826727213993,0.19,0.603,79,20261089,30,easy,catch_up
baseline,1000,-0.5106290023751242,-0.6264088700811494,0.111,0.338,79,20261089,5,broad,catch_up
observed_gain,1000,0.5923219399458725,0.6350139846757837,0.111,0.338,79,20261089,5,broad,catch_up
post_score,1000,0.25092688495151033,0.1399258091898358,0.111,0.338,79,20261089,5,broad,catch_up
baseline,1000,-0.668306701451058,-0.7719541139257698,0.066,0.215,79,20261089,10,broad,catch_up
observed_gain,1000,0.7308314235477362,0.7646848015147132,0.066,0.215,79,20261089,10,broad,catch_up
post_score,1000,0.2908383755615308,0.15627649547065306,0.066,0.215,79,20261089,10,broad,catch_up
baseline,1000,-0.7051370661019668,-0.811409768999819,0.053,0.16,79,20261089,15,broad,catch_up
observed_gain,1000,0.7681137521260327,0.8151123366773932,0.053,0.16,79,20261089,15,broad,catch_up
post_score,1000,0.31604629052395455,0.17187093794826877,0.053,0.16,79,20261089,15,broad,catch_up
baseline,1000,-0.7212039331726292,-0.8373150017400836,0.025,0.106,79,20261089,30,broad,catch_up
observed_gain,1000,0.801405870397136,0.8586415694822893,0.025,0.106,79,20261089,30,broad,catch_up
post_score,1000,0.3689043647775258,0.20958275728443118,0.025,0.106,79,20261089,30,broad,catch_up
baseline,1000,0.4665615885882642,0.743811853700796,0.532,0.657,80,20261090,5,easy,proportional
observed_gain,1000,-0.1411743369475894,-0.17177569057953493,0.532,0.657,80,20261090,5,easy,proportional
post_score,1000,0.4170120196871945,0.7273394797782541,0.532,0.657,80,20261090,5,easy,proportional
baseline,1000,0.5522132015342311,0.8161041904298394,0.334,0.48,80,20261090,10,easy,proportional
observed_gain,1000,-0.14962483985329916,-0.14505248195997048,0.334,0.48,80,20261090,10,easy,proportional
post_score,1000,0.5057241769671467,0.8424544350615717,0.334,0.48,80,20261090,10,easy,proportional
baseline,1000,0.568893079063747,0.838719734432505,0.279,0.413,80,20261090,15,easy,proportional
observed_gain,1000,-0.15888045209790502,-0.12319619708885106,0.279,0.413,80,20261090,15,easy,proportional
post_score,1000,0.5219888867628457,0.8735823241718585,0.279,0.413,80,20261090,15,easy,proportional
baseline,1000,0.5836057424170572,0.8670244765125917,0.212,0.352,80,20261090,30,easy,proportional
observed_gain,1000,-0.2316499786948519,-0.20571860790971536,0.212,0.352,80,20261090,30,easy,proportional
post_score,1000,0.5296914621202741,0.9039527802594448,0.212,0.352,80,20261090,30,easy,proportional
baseline,1000,0.5194744128971922,0.7262066084543999,0.329,0.474,80,20261090,5,broad,proportional
observed_gain,1000,-0.047555995955877714,-0.031418114185173665,0.329,0.474,80,20261090,5,broad,proportional
post_score,1000,0.5000471250416786,0.7711605915729177,0.329,0.474,80,20261090,5,broad,proportional
baseline,1000,0.631006056292083,0.8035839649425865,0.121,0.212,80,20261090,10,broad,proportional
observed_gain,1000,-0.01679799602610074,0.06805403546896727,0.121,0.212,80,20261090,10,broad,proportional
post_score,1000,0.6177795856968331,0.8733882561690561,0.121,0.212,80,20261090,10,broad,proportional
baseline,1000,0.6589623749106218,0.8316415488148953,0.088,0.165,80,20261090,15,broad,proportional
observed_gain,1000,-0.004877159489797198,0.10118096803502906,0.088,0.165,80,20261090,15,broad,proportional
post_score,1000,0.6462660002328271,0.9045581656998716,0.088,0.165,80,20261090,15,broad,proportional
baseline,1000,0.6841390326643502,0.8677818839651821,0.049,0.117,80,20261090,30,broad,proportional
observed_gain,1000,-0.03136128053421923,0.11120953905857255,0.049,0.117,80,20261090,30,broad,proportional
post_score,1000,0.6609598104013161,0.9320834235996494,0.049,0.117,80,20261090,30,broad,proportional
baseline,1000,-0.04216018348023199,-0.004972479194067753,0.532,0.829,80,20261090,5,easy,additive
observed_gain,1000,0.12247722348011283,0.08486695365704855,0.532,0.829,80,20261090,5,easy,additive
post_score,1000,0.1906288342770853,0.20698791561264773,0.532,0.829,80,20261090,5,easy,additive
baseline,1000,-0.05572212126525388,-0.023420902843715608,0.334,0.569,80,20261090,10,easy,additive
observed_gain,1000,0.22908761413297665,0.1848302252098679,0.334,0.569,80,20261090,10,easy,additive
post_score,1000,0.2944369545434579,0.27600904503478924,0.334,0.569,80,20261090,10,easy,additive
baseline,1000,-0.052566542998483894,-0.023641459620617714,0.279,0.472,80,20261090,15,easy,additive
observed_gain,1000,0.25302265446841665,0.20808673864200308,0.279,0.472,80,20261090,15,easy,additive
post_score,1000,0.32574637122845296,0.30950653279264556,0.279,0.472,80,20261090,15,easy,additive
baseline,1000,-0.03560287917714393,-0.01849885607405392,0.212,0.377,80,20261090,30,easy,additive
observed_gain,1000,0.23804351243286617,0.19987614287758435,0.212,0.377,80,20261090,30,easy,additive
post_score,1000,0.35201938576998265,0.3402162181272,0.212,0.377,80,20261090,30,easy,additive
baseline,1000,-0.056117850043961796,-0.030512241982558034,0.329,0.556,80,20261090,5,broad,additive
observed_gain,1000,0.2026507483421788,0.15612223451643964,0.329,0.556,80,20261090,5,broad,additive
post_score,1000,0.21444015621089776,0.18463874986978587,0.329,0.556,80,20261090,5,broad,additive
baseline,1000,-0.04344538151359008,-0.010662332066147093,0.121,0.2,80,20261090,10,broad,additive
observed_gain,1000,0.3107154951711029,0.2585669777726238,0.121,0.2,80,20261090,10,broad,additive
post_score,1000,0.28361303281216127,0.2620252152455817,0.121,0.2,80,20261090,10,broad,additive
baseline,1000,-0.04248505271700098,-0.014684697536287875,0.088,0.129,80,20261090,15,broad,additive
observed_gain,1000,0.35910212541175063,0.30935535806934106,0.088,0.129,80,20261090,15,broad,additive
post_score,1000,0.31219716988651514,0.2985621637299185,0.088,0.129,80,20261090,15,broad,additive
baseline,1000,-0.02998937024464756,-0.011932545204733263,0.049,0.073,80,20261090,30,broad,additive
observed_gain,1000,0.41110240953100013,0.36716285729279186,0.049,0.073,80,20261090,30,broad,additive
post_score,1000,0.35235657431786027,0.33207522342475976,0.049,0.073,80,20261090,30,broad,additive
baseline,1000,-0.639518371148867,-0.7188067243789941,0.532,0.955,80,20261090,5,easy,catch_up
observed_gain,1000,0.6418779613573692,0.7080911721593578,0.532,0.955,80,20261090,5,easy,catch_up
post_score,1000,0.07672315137959837,0.052227880376854205,0.532,0.955,80,20261090,5,easy,catch_up
baseline,1000,-0.7011203293849368,-0.8163451447558546,0.334,0.816,80,20261090,10,easy,catch_up
observed_gain,1000,0.7172160560086029,0.8086238316390721,0.334,0.816,80,20261090,10,easy,catch_up
post_score,1000,0.14133870740866106,0.06996979402984542,0.334,0.816,80,20261090,10,easy,catch_up
baseline,1000,-0.718535743230255,-0.8358832541299579,0.279,0.732,80,20261090,15,easy,catch_up
observed_gain,1000,0.7401679074617966,0.8338506713960886,0.279,0.732,80,20261090,15,easy,catch_up
post_score,1000,0.1832844871103395,0.10055381781571979,0.279,0.732,80,20261090,15,easy,catch_up
baseline,1000,-0.7281223728156472,-0.8566192875702202,0.212,0.621,80,20261090,30,easy,catch_up
observed_gain,1000,0.7486703011946724,0.8588028535894094,0.212,0.621,80,20261090,30,easy,catch_up
post_score,1000,0.2249091161268088,0.1380285762977011,0.212,0.621,80,20261090,30,easy,catch_up
baseline,1000,-0.6205768229974516,-0.7275693890700684,0.329,0.804,80,20261090,5,broad,catch_up
observed_gain,1000,0.6313996722927897,0.7011360691351675,0.329,0.804,80,20261090,5,broad,catch_up
post_score,1000,0.13481089699145818,0.04534398560792491,0.329,0.804,80,20261090,5,broad,catch_up
baseline,1000,-0.6520024515844177,-0.7965241444599098,0.121,0.341,80,20261090,10,broad,catch_up
observed_gain,1000,0.7217674685648484,0.7939038593557848,0.121,0.341,80,20261090,10,broad,catch_up
post_score,1000,0.26182496496641405,0.1022182070057919,0.121,0.341,80,20261090,10,broad,catch_up
baseline,1000,-0.6718029487804285,-0.8257580185105533,0.088,0.227,80,20261090,15,broad,catch_up
observed_gain,1000,0.7591303915610115,0.8326007858029212,0.088,0.227,80,20261090,15,broad,catch_up
post_score,1000,0.3025507534557143,0.1322741221164334,0.088,0.227,80,20261090,15,broad,catch_up
baseline,1000,-0.6883401112550747,-0.8560034877153564,0.049,0.133,80,20261090,30,broad,catch_up
observed_gain,1000,0.7873856739913399,0.8849276802441891,0.049,0.133,80,20261090,30,broad,catch_up
post_score,1000,0.3426380546402094,0.15427214708889683,0.049,0.133,80,20261090,30,broad,catch_up
baseline,1000,0.5033790958846903,0.7818943674500947,0.356,0.46,81,20261091,5,easy,proportional
observed_gain,1000,-0.06262258210190966,-0.036021482588359535,0.356,0.46,81,20261091,5,easy,proportional
post_score,1000,0.4830301691846854,0.8297741815722515,0.356,0.46,81,20261091,5,easy,proportional
baseline,1000,0.5587212086476091,0.8314070334185607,0.231,0.355,81,20261091,10,easy,proportional
observed_gain,1000,-0.07597183115030726,-0.01510508818555648,0.231,0.355,81,20261091,10,easy,proportional
post_score,1000,0.5218175489889961,0.8781765156038557,0.231,0.355,81,20261091,10,easy,proportional
baseline,1000,0.5653533265203705,0.8594234641094731,0.213,0.324,81,20261091,15,easy,proportional
observed_gain,1000,-0.11846603562603424,-0.055148205684966,0.213,0.324,81,20261091,15,easy,proportional
post_score,1000,0.5201687218406396,0.8977780102224542,0.213,0.324,81,20261091,15,easy,proportional
baseline,1000,0.558417935828589,0.8790033731307948,0.161,0.28,81,20261091,30,easy,proportional
observed_gain,1000,-0.17342964405057726,-0.11753558188888372,0.161,0.28,81,20261091,30,easy,proportional
post_score,1000,0.510935966313473,0.9235241669542167,0.161,0.28,81,20261091,30,easy,proportional
baseline,1000,0.5352393494145269,0.6754393183678672,0.144,0.218,81,20261091,5,broad,proportional
observed_gain,1000,0.04637668170672312,0.1238999379774314,0.144,0.218,81,20261091,5,broad,proportional
post_score,1000,0.5712000131242426,0.8011444026596884,0.144,0.218,81,20261091,5,broad,proportional
baseline,1000,0.6114213114405361,0.7270758478961238,0.054,0.129,81,20261091,10,broad,proportional
observed_gain,1000,0.10678803306534768,0.21110142025439388,0.054,0.129,81,20261091,10,broad,proportional
post_score,1000,0.6421391792942284,0.8457871187510284,0.054,0.129,81,20261091,10,broad,proportional
baseline,1000,0.6372723124967268,0.7927101773423768,0.046,0.108,81,20261091,15,broad,proportional
observed_gain,1000,0.0868028391473603,0.21741534977492474,0.046,0.108,81,20261091,15,broad,proportional
post_score,1000,0.6494419526045823,0.8887227663598559,0.046,0.108,81,20261091,15,broad,proportional
baseline,1000,0.6451721576497279,0.8604448865693525,0.023,0.078,81,20261091,30,broad,proportional
observed_gain,1000,0.06976517139532216,0.2059517286682862,0.023,0.078,81,20261091,30,broad,proportional
post_score,1000,0.6455307214959195,0.929777497963663,0.023,0.078,81,20261091,30,broad,proportional
baseline,1000,0.030781402388069916,0.006452607274057818,0.356,0.606,81,20261091,5,easy,additive
observed_gain,1000,0.14511044517818172,0.19109093069275288,0.356,0.606,81,20261091,5,easy,additive
post_score,1000,0.26560883958097997,0.2888348707673379,0.356,0.606,81,20261091,5,easy,additive
baseline,1000,0.04089489918948474,0.011628687274990826,0.231,0.429,81,20261091,10,easy,additive
observed_gain,1000,0.18633033704884155,0.2286238677280944,0.231,0.429,81,20261091,10,easy,additive
post_score,1000,0.3070008505825273,0.31534488916686493,0.231,0.429,81,20261091,10,easy,additive
baseline,1000,0.04604658058061791,0.016789937980730953,0.213,0.367,81,20261091,15,easy,additive
observed_gain,1000,0.17147848565200025,0.21289783179161872,0.213,0.367,81,20261091,15,easy,additive
post_score,1000,0.3193064731202638,0.33056198928973235,0.213,0.367,81,20261091,15,easy,additive
baseline,1000,0.030861354999122657,0.00494609290243624,0.161,0.285,81,20261091,30,easy,additive
observed_gain,1000,0.175653922020693,0.20855098494411353,0.161,0.285,81,20261091,30,easy,additive
post_score,1000,0.33428971118900913,0.35027406323903965,0.161,0.285,81,20261091,30,easy,additive
baseline,1000,0.02450484603209529,-5.872169551402232e-4,0.144,0.211,81,20261091,5,broad,additive
observed_gain,1000,0.19431535288515353,0.22294081127974344,0.144,0.211,81,20261091,5,broad,additive
post_score,1000,0.2515645087981895,0.24586048719947207,0.144,0.211,81,20261091,5,broad,additive
baseline,1000,0.03201861191058851,0.0024855506485720494,0.054,0.098,81,20261091,10,broad,additive
observed_gain,1000,0.2661312558639504,0.2681155064032529,0.054,0.098,81,20261091,10,broad,additive
post_score,1000,0.28647137588652977,0.2638399839835502,0.054,0.098,81,20261091,10,broad,additive
baseline,1000,0.03113292525137162,0.00114582419424535,0.046,0.085,81,20261091,15,broad,additive
observed_gain,1000,0.3096882577140514,0.3149398651207594,0.046,0.085,81,20261091,15,broad,additive
post_score,1000,0.31017716305604454,0.2839419337273746,0.046,0.085,81,20261091,15,broad,additive
baseline,1000,0.02590970758341796,0.008509743292930595,0.023,0.044,81,20261091,30,broad,additive
observed_gain,1000,0.3468703647688709,0.3490578003658922,0.023,0.044,81,20261091,30,broad,additive
post_score,1000,0.3381078459029683,0.32009955291836606,0.023,0.044,81,20261091,30,broad,additive
baseline,1000,-0.6102493843714519,-0.765622149846088,0.356,0.853,81,20261091,5,easy,catch_up
observed_gain,1000,0.6243349284723819,0.7592488841224397,0.356,0.853,81,20261091,5,easy,catch_up
post_score,1000,0.13464842348743414,0.0887301654744998,0.356,0.853,81,20261091,5,easy,catch_up
baseline,1000,-0.6368639632988177,-0.8070490836829949,0.231,0.711,81,20261091,10,easy,catch_up
observed_gain,1000,0.6654787087058729,0.8161287896124145,0.231,0.711,81,20261091,10,easy,catch_up
post_score,1000,0.2060579433080667,0.1560390452866668,0.231,0.711,81,20261091,10,easy,catch_up
baseline,1000,-0.6655209520180896,-0.8238545318628583,0.213,0.647,81,20261091,15,easy,catch_up
observed_gain,1000,0.6962365566233032,0.8331483091938263,0.213,0.647,81,20261091,15,easy,catch_up
post_score,1000,0.23699158917904806,0.192540457552699,0.213,0.647,81,20261091,15,easy,catch_up
baseline,1000,-0.7057206737156507,-0.851803497035714,0.161,0.532,81,20261091,30,easy,catch_up
observed_gain,1000,0.7323261523181165,0.8670334304878963,0.161,0.532,81,20261091,30,easy,catch_up
post_score,1000,0.2565757304620783,0.21840032253301025,0.161,0.532,81,20261091,30,easy,catch_up
baseline,1000,-0.49132834109178236,-0.6762003426038014,0.144,0.38,81,20261091,5,broad,catch_up
observed_gain,1000,0.5860001178762472,0.7033367676512343,0.144,0.38,81,20261091,5,broad,catch_up
post_score,1000,0.28790444105354485,0.19131617914398022,0.144,0.38,81,20261091,5,broad,catch_up
baseline,1000,-0.5201711420751776,-0.7247288129632271,0.054,0.183,81,20261091,10,broad,catch_up
observed_gain,1000,0.6661166877621777,0.7710172849294622,0.054,0.183,81,20261091,10,broad,catch_up
post_score,1000,0.36474838744095833,0.23108240040502515,0.054,0.183,81,20261091,10,broad,catch_up
baseline,1000,-0.5820091283447956,-0.7814730579941269,0.046,0.157,81,20261091,15,broad,catch_up
observed_gain,1000,0.7239265069470799,0.8325254541185536,0.046,0.157,81,20261091,15,broad,catch_up
post_score,1000,0.38677015860800235,0.25304776294967385,0.046,0.157,81,20261091,15,broad,catch_up
baseline,1000,-0.6557227449998511,-0.8363394689172431,0.023,0.077,81,20261091,30,broad,catch_up
observed_gain,1000,0.7738716766093223,0.8803068784075394,0.023,0.077,81,20261091,30,broad,catch_up
post_score,1000,0.40287906559964676,0.25702180886768927,0.023,0.077,81,20261091,30,broad,catch_up
baseline,1000,0.4964474700579577,0.7459622838122598,0.423,0.569,82,20261092,5,easy,proportional
observed_gain,1000,-0.09182691967509905,-0.0907741988534787,0.423,0.569,82,20261092,5,easy,proportional
post_score,1000,0.46295843702912126,0.7737508842541465,0.423,0.569,82,20261092,5,easy,proportional
baseline,1000,0.5630648627723597,0.81722191330214,0.275,0.429,82,20261092,10,easy,proportional
observed_gain,1000,-0.1381265347312652,-0.10846435721727969,0.275,0.429,82,20261092,10,easy,proportional
post_score,1000,0.5145971435087955,0.8436002368403837,0.275,0.429,82,20261092,10,easy,proportional
baseline,1000,0.5776045841850717,0.8355845940244894,0.239,0.379,82,20261092,15,easy,proportional
observed_gain,1000,-0.15574694378490167,-0.13932164598668045,0.239,0.379,82,20261092,15,easy,proportional
post_score,1000,0.5279102937507453,0.8698806637933041,0.239,0.379,82,20261092,15,easy,proportional
baseline,1000,0.5864872260904832,0.864899876936465,0.177,0.319,82,20261092,30,easy,proportional
observed_gain,1000,-0.2296676853325797,-0.21584468643209312,0.177,0.319,82,20261092,30,easy,proportional
post_score,1000,0.5287464292662117,0.8979485280532452,0.177,0.319,82,20261092,30,easy,proportional
baseline,1000,0.5181851302096429,0.6919935017026763,0.163,0.276,82,20261092,5,broad,proportional
observed_gain,1000,0.012317036179513902,0.048341404118228314,0.163,0.276,82,20261092,5,broad,proportional
post_score,1000,0.5361847476528114,0.7587269235540804,0.163,0.276,82,20261092,5,broad,proportional
baseline,1000,0.608072786359253,0.7761692198173462,0.067,0.147,82,20261092,10,broad,proportional
observed_gain,1000,0.036379100361236025,0.12779598751562474,0.067,0.147,82,20261092,10,broad,proportional
post_score,1000,0.6201089987274743,0.8493024436489186,0.067,0.147,82,20261092,10,broad,proportional
baseline,1000,0.6385399517246158,0.808002797846652,0.044,0.115,82,20261092,15,broad,proportional
observed_gain,1000,0.042685686867415536,0.1315198126190317,0.044,0.115,82,20261092,15,broad,proportional
post_score,1000,0.6414287095714395,0.877388851095245,0.044,0.115,82,20261092,15,broad,proportional
baseline,1000,0.6632872737844935,0.8568421348950828,0.03,0.076,82,20261092,30,broad,proportional
observed_gain,1000,-0.009940261323276176,0.1050151026013505,0.03,0.076,82,20261092,30,broad,proportional
post_score,1000,0.6491166704821276,0.9130643117552827,0.03,0.076,82,20261092,30,broad,proportional
baseline,1000,-0.0280503793277517,-0.006140528498218493,0.423,0.677,82,20261092,5,easy,additive
observed_gain,1000,0.18237493021941883,0.14320100113607895,0.423,0.677,82,20261092,5,easy,additive
post_score,1000,0.2640638419733649,0.266314365314929,0.423,0.677,82,20261092,5,easy,additive
baseline,1000,-0.03261173997594746,-0.007288277258354913,0.275,0.501,82,20261092,10,easy,additive
observed_gain,1000,0.2437391493219242,0.18591815856128824,0.275,0.501,82,20261092,10,easy,additive
post_score,1000,0.3163994911711967,0.30105388359551527,0.275,0.501,82,20261092,10,easy,additive
baseline,1000,-0.020513462713775223,-0.002660243899076957,0.239,0.426,82,20261092,15,easy,additive
observed_gain,1000,0.24335603935932046,0.18604969105233396,0.239,0.426,82,20261092,15,easy,additive
post_score,1000,0.3313115174590893,0.3009824842692021,0.239,0.426,82,20261092,15,easy,additive
baseline,1000,-0.006884104580464841,0.0062028987008131056,0.177,0.329,82,20261092,30,easy,additive
observed_gain,1000,0.2157438191792151,0.15272277627694342,0.177,0.329,82,20261092,30,easy,additive
post_score,1000,0.34916496984389134,0.3184681724466613,0.177,0.329,82,20261092,30,easy,additive
baseline,1000,-0.04370459196361694,-0.01831994927478338,0.163,0.291,82,20261092,5,broad,additive
observed_gain,1000,0.22826182651037763,0.18692933311974394,0.163,0.291,82,20261092,5,broad,additive
post_score,1000,0.24564819229328025,0.22674930627691847,0.163,0.291,82,20261092,5,broad,additive
baseline,1000,-0.03739030892687927,-0.01183054325861941,0.067,0.123,82,20261092,10,broad,additive
observed_gain,1000,0.30876584752440095,0.2721331106524679,0.067,0.123,82,20261092,10,broad,additive
post_score,1000,0.29622262382539194,0.2787816280830991,0.067,0.123,82,20261092,10,broad,additive
baseline,1000,-0.039553289692406415,-0.01649184324233687,0.044,0.082,82,20261092,15,broad,additive
observed_gain,1000,0.363375976816354,0.3069718837182133,0.044,0.082,82,20261092,15,broad,additive
post_score,1000,0.31323848145854966,0.2853278286637008,0.044,0.082,82,20261092,15,broad,additive
baseline,1000,-0.017362343491731907,6.08843394504359e-4,0.03,0.047,82,20261092,30,broad,additive
observed_gain,1000,0.3716727873801867,0.310675398053304,0.03,0.047,82,20261092,30,broad,additive
post_score,1000,0.343919057073719,0.3111955921869104,0.03,0.047,82,20261092,30,broad,additive
baseline,1000,-0.6504787378847465,-0.7274513192694159,0.423,0.874,82,20261092,5,easy,catch_up
observed_gain,1000,0.6630473120010956,0.7180408501750907,0.423,0.874,82,20261092,5,easy,catch_up
post_score,1000,0.13784270034659882,0.09647449052060521,0.423,0.874,82,20261092,5,easy,catch_up
baseline,1000,-0.7045125535759806,-0.8000292767480626,0.275,0.744,82,20261092,10,easy,catch_up
observed_gain,1000,0.7276733087635794,0.7969847916105127,0.275,0.744,82,20261092,10,easy,catch_up
post_score,1000,0.1822874179886061,0.126380442350239,0.275,0.744,82,20261092,10,easy,catch_up
baseline,1000,-0.7088556256731579,-0.8192869756692388,0.239,0.676,82,20261092,15,easy,catch_up
observed_gain,1000,0.7369288202758331,0.8244655100337791,0.239,0.676,82,20261092,15,easy,catch_up
post_score,1000,0.19267665749128612,0.1189176330365397,0.239,0.676,82,20261092,15,easy,catch_up
baseline,1000,-0.7149164421817421,-0.8415071748668671,0.177,0.553,82,20261092,30,easy,catch_up
observed_gain,1000,0.7434384431895462,0.8491540267945075,0.177,0.553,82,20261092,30,easy,catch_up
post_score,1000,0.22778681106206256,0.1450594327747829,0.177,0.553,82,20261092,30,easy,catch_up
baseline,1000,-0.5962304250467243,-0.6819105993537169,0.163,0.42,82,20261092,5,broad,catch_up
observed_gain,1000,0.6388735046505171,0.6692934735050114,0.163,0.42,82,20261092,5,broad,catch_up
post_score,1000,0.23244501822502622,0.12163509292712599,0.163,0.42,82,20261092,5,broad,catch_up
baseline,1000,-0.6447303900542855,-0.7621289686115792,0.067,0.207,82,20261092,10,broad,catch_up
observed_gain,1000,0.7315373653923604,0.7580089169919492,0.067,0.207,82,20261092,10,broad,catch_up
post_score,1000,0.3220810739082251,0.17341604987321405,0.067,0.207,82,20261092,10,broad,catch_up
baseline,1000,-0.6580485727155784,-0.8039184443749829,0.044,0.131,82,20261092,15,broad,catch_up
observed_gain,1000,0.7577498085127151,0.8169215521967752,0.044,0.131,82,20261092,15,broad,catch_up
post_score,1000,0.33098545712964317,0.16487442871485058,0.044,0.131,82,20261092,15,broad,catch_up
baseline,1000,-0.6820893256202502,-0.8403658130866813,0.03,0.08,82,20261092,30,broad,catch_up
observed_gain,1000,0.7835867390706382,0.8693106521276521,0.03,0.08,82,20261092,30,broad,catch_up
post_score,1000,0.3732330732250454,0.2082975625028514,0.03,0.08,82,20261092,30,broad,catch_up
baseline,1000,0.47218027973196314,0.741324718962762,0.481,0.598,83,20261093,5,easy,proportional
observed_gain,1000,-0.07812587114903331,-0.06023696432993423,0.481,0.598,83,20261093,5,easy,proportional
post_score,1000,0.44432485190671805,0.7892534473634235,0.481,0.598,83,20261093,5,easy,proportional
baseline,1000,0.4996460250118842,0.8074862594048912,0.395,0.535,83,20261093,10,easy,proportional
observed_gain,1000,-0.13075659025284617,-0.13296185086063494,0.395,0.535,83,20261093,10,easy,proportional
post_score,1000,0.46228541334145434,0.8334246108950921,0.395,0.535,83,20261093,10,easy,proportional
baseline,1000,0.5386838691883873,0.8436886384255493,0.29,0.432,83,20261093,15,easy,proportional
observed_gain,1000,-0.1460783880865554,-0.11820587110273695,0.29,0.432,83,20261093,15,easy,proportional
post_score,1000,0.4949481027550106,0.8724082286698084,0.29,0.432,83,20261093,15,easy,proportional
baseline,1000,0.5672535009127218,0.8696449179017272,0.188,0.329,83,20261093,30,easy,proportional
observed_gain,1000,-0.18194478132100797,-0.14908113594371966,0.188,0.329,83,20261093,30,easy,proportional
post_score,1000,0.5196356862510665,0.9045155648716326,0.188,0.329,83,20261093,30,easy,proportional
baseline,1000,0.5263201884703808,0.7293774531199455,0.287,0.394,83,20261093,5,broad,proportional
observed_gain,1000,-0.00742821405933303,0.037824529829728684,0.287,0.394,83,20261093,5,broad,proportional
post_score,1000,0.5299824763752623,0.8015220494615773,0.287,0.394,83,20261093,5,broad,proportional
baseline,1000,0.5681618642377206,0.8081359003315338,0.199,0.31,83,20261093,10,broad,proportional
observed_gain,1000,-0.015580078062592236,0.03244902082086115,0.199,0.31,83,20261093,10,broad,proportional
post_score,1000,0.5622167469179304,0.8634788022454831,0.199,0.31,83,20261093,10,broad,proportional
baseline,1000,0.601678357622573,0.8242766791643183,0.087,0.162,83,20261093,15,broad,proportional
observed_gain,1000,0.026342297532047247,0.10562074568920908,0.087,0.162,83,20261093,15,broad,proportional
post_score,1000,0.6061679782499629,0.8873366235863425,0.087,0.162,83,20261093,15,broad,proportional
baseline,1000,0.6384587752916967,0.860055589193265,0.032,0.088,83,20261093,30,broad,proportional
observed_gain,1000,0.056340306941500884,0.144995161324463,0.032,0.088,83,20261093,30,broad,proportional
post_score,1000,0.6445362206260825,0.9206266712728414,0.032,0.088,83,20261093,30,broad,proportional
baseline,1000,0.05770607215406396,0.0340421667574791,0.481,0.753,83,20261093,5,easy,additive
observed_gain,1000,0.0826910291418584,0.09407886145993638,0.481,0.753,83,20261093,5,easy,additive
post_score,1000,0.26961319621816704,0.29600577261214195,0.481,0.753,83,20261093,5,easy,additive
baseline,1000,0.05895731273011538,0.03783575018473966,0.395,0.662,83,20261093,10,easy,additive
observed_gain,1000,0.0779695035623047,0.08175537988600307,0.395,0.662,83,20261093,10,easy,additive
post_score,1000,0.2954532983928248,0.307336949599602,0.395,0.662,83,20261093,10,easy,additive
baseline,1000,0.06386347231258248,0.04680300969539179,0.29,0.502,83,20261093,15,easy,additive
observed_gain,1000,0.11084358184010816,0.11138085374785434,0.29,0.502,83,20261093,15,easy,additive
post_score,1000,0.3252764343705643,0.33080857469470465,0.29,0.502,83,20261093,15,easy,additive
baseline,1000,0.054723771861905614,0.029844185116543163,0.188,0.352,83,20261093,30,easy,additive
observed_gain,1000,0.151646139880007,0.14980741379954074,0.188,0.352,83,20261093,30,easy,additive
post_score,1000,0.3497009235223014,0.3304028510850655,0.188,0.352,83,20261093,30,easy,additive
baseline,1000,0.04860485444482332,0.03552362311830896,0.287,0.462,83,20261093,5,broad,additive
observed_gain,1000,0.1737653655797233,0.1673807160547468,0.287,0.462,83,20261093,5,broad,additive
post_score,1000,0.29144255439984657,0.26488798663409097,0.287,0.462,83,20261093,5,broad,additive
baseline,1000,0.051671571242872916,0.03479433021522286,0.199,0.333,83,20261093,10,broad,additive
observed_gain,1000,0.18916523762725282,0.17357445605630398,0.199,0.333,83,20261093,10,broad,additive
post_score,1000,0.3097654079109937,0.27904474455589395,0.199,0.333,83,20261093,10,broad,additive
baseline,1000,0.04604436472571082,0.029450024450858328,0.087,0.133,83,20261093,15,broad,additive
observed_gain,1000,0.23502131962560666,0.23266464999530265,0.087,0.133,83,20261093,15,broad,additive
post_score,1000,0.32967926475266146,0.2988762359622644,0.087,0.133,83,20261093,15,broad,additive
baseline,1000,0.041844396202586745,0.029802364650254515,0.032,0.045,83,20261093,30,broad,additive
observed_gain,1000,0.29509703094416767,0.2918801208813533,0.032,0.045,83,20261093,30,broad,additive
post_score,1000,0.3487842540578904,0.3165679705632395,0.032,0.045,83,20261093,30,broad,additive
baseline,1000,-0.6172895228966939,-0.7203219605143139,0.481,0.938,83,20261093,5,easy,catch_up
observed_gain,1000,0.6232532662343956,0.7124527618542371,0.481,0.938,83,20261093,5,easy,catch_up
post_score,1000,0.09180349234761646,0.06073017483902631,0.481,0.938,83,20261093,5,easy,catch_up
baseline,1000,-0.6791662121475208,-0.7856647448693203,0.395,0.891,83,20261093,10,easy,catch_up
observed_gain,1000,0.6910274052129404,0.7823259470619401,0.395,0.891,83,20261093,10,easy,catch_up
post_score,1000,0.10314060740488488,0.06259065437745744,0.395,0.891,83,20261093,10,easy,catch_up
baseline,1000,-0.6962235836388417,-0.8088149995113082,0.29,0.771,83,20261093,15,easy,catch_up
observed_gain,1000,0.7176729628594086,0.8063489678102667,0.29,0.771,83,20261093,15,easy,catch_up
post_score,1000,0.14188528969882008,0.08809018486592972,0.29,0.771,83,20261093,15,easy,catch_up
baseline,1000,-0.7236679155012182,-0.8491198210289017,0.188,0.584,83,20261093,30,easy,catch_up
observed_gain,1000,0.7519859016368763,0.856063494095936,0.188,0.584,83,20261093,30,easy,catch_up
post_score,1000,0.20014610697215807,0.10879910069610589,0.188,0.584,83,20261093,30,easy,catch_up
baseline,1000,-0.5929402804009901,-0.7012380219019024,0.287,0.684,83,20261093,5,broad,catch_up
observed_gain,1000,0.6384674664292357,0.697719649023692,0.287,0.684,83,20261093,5,broad,catch_up
post_score,1000,0.20307023876060887,0.106037904409008,0.287,0.684,83,20261093,5,broad,catch_up
baseline,1000,-0.6595733601776552,-0.7798956695521649,0.199,0.557,83,20261093,10,broad,catch_up
observed_gain,1000,0.7049832099235914,0.7772149847482179,0.199,0.557,83,20261093,10,broad,catch_up
post_score,1000,0.2296947068793126,0.12299014282782848,0.199,0.557,83,20261093,10,broad,catch_up
baseline,1000,-0.6671649246858028,-0.795889063199809,0.087,0.219,83,20261093,15,broad,catch_up
observed_gain,1000,0.7476745443029724,0.8080218080009453,0.087,0.219,83,20261093,15,broad,catch_up
post_score,1000,0.29518764076214293,0.14059777627180903,0.087,0.219,83,20261093,15,broad,catch_up
baseline,1000,-0.6947032929866707,-0.8333500767289679,0.032,0.075,83,20261093,30,broad,catch_up
observed_gain,1000,0.8031516816199377,0.860163794386321,0.032,0.075,83,20261093,30,broad,catch_up
post_score,1000,0.35394439619213874,0.15097892592721057,0.032,0.075,83,20261093,30,broad,catch_up
baseline,1000,0.46706578228582135,0.7426169968119749,0.476,0.599,84,20261094,5,easy,proportional
observed_gain,1000,-0.12773993535543565,-0.15366034568873252,0.476,0.599,84,20261094,5,easy,proportional
post_score,1000,0.42990822806040485,0.7602386377859288,0.476,0.599,84,20261094,5,easy,proportional
baseline,1000,0.5366488169695589,0.8143454603346436,0.291,0.454,84,20261094,10,easy,proportional
observed_gain,1000,-0.10668157689582736,-0.09955521534049609,0.291,0.454,84,20261094,10,easy,proportional
post_score,1000,0.5007547797863746,0.8475412161223447,0.291,0.454,84,20261094,10,easy,proportional
baseline,1000,0.5635561294323808,0.8384542212201973,0.231,0.397,84,20261094,15,easy,proportional
observed_gain,1000,-0.10486290698585567,-0.08524110516192453,0.231,0.397,84,20261094,15,easy,proportional
post_score,1000,0.5258787023203659,0.8812675260168655,0.231,0.397,84,20261094,15,easy,proportional
baseline,1000,0.5794377269610106,0.8665793969539081,0.17,0.318,84,20261094,30,easy,proportional
observed_gain,1000,-0.19280839111324782,-0.16862745081762678,0.17,0.318,84,20261094,30,easy,proportional
post_score,1000,0.5295941281217615,0.9047725227529533,0.17,0.318,84,20261094,30,easy,proportional
baseline,1000,0.5124434368130203,0.7348847996941144,0.267,0.365,84,20261094,5,broad,proportional
observed_gain,1000,-0.0408480717141445,-0.0335983202497715,0.267,0.365,84,20261094,5,broad,proportional
post_score,1000,0.5076921834040258,0.7742187451591092,0.267,0.365,84,20261094,5,broad,proportional
baseline,1000,0.5832566988832043,0.7734253840739,0.089,0.188,84,20261094,10,broad,proportional
observed_gain,1000,0.040539722017554805,0.08361549767814565,0.089,0.188,84,20261094,10,broad,proportional
post_score,1000,0.6052772202560768,0.8376623901899233,0.089,0.188,84,20261094,10,broad,proportional
baseline,1000,0.6321363966434929,0.8113686028046703,0.054,0.129,84,20261094,15,broad,proportional
observed_gain,1000,0.07135203586893585,0.14871808622459978,0.054,0.129,84,20261094,15,broad,proportional
post_score,1000,0.6483954812693428,0.8889665940892489,0.054,0.129,84,20261094,15,broad,proportional
baseline,1000,0.6707381520932314,0.8649292768757272,0.025,0.08,84,20261094,30,broad,proportional
observed_gain,1000,0.02852066258665446,0.1435229396877581,0.025,0.08,84,20261094,30,broad,proportional
post_score,1000,0.6651729461738783,0.926357322438017,0.025,0.08,84,20261094,30,broad,proportional
baseline,1000,-0.025718244039491547,-0.04299463244439109,0.476,0.735,84,20261094,5,easy,additive
observed_gain,1000,0.12678161425054926,0.13568341706847023,0.476,0.735,84,20261094,5,easy,additive
post_score,1000,0.20882471403380115,0.1940013282140369,0.476,0.735,84,20261094,5,easy,additive
baseline,1000,-0.03226501880808247,-0.01973096734148616,0.291,0.529,84,20261094,10,easy,additive
observed_gain,1000,0.21380714075157767,0.17446075172148687,0.291,0.529,84,20261094,10,easy,additive
post_score,1000,0.28660479153478613,0.2724408306043535,0.291,0.529,84,20261094,10,easy,additive
baseline,1000,-0.033574729488978945,-0.028088075524423148,0.231,0.44,84,20261094,15,easy,additive
observed_gain,1000,0.25039392215278927,0.219597501067373,0.231,0.44,84,20261094,15,easy,additive
post_score,1000,0.31250930343234384,0.3028465823997378,0.231,0.44,84,20261094,15,easy,additive
baseline,1000,-0.025967950550609544,-0.027534286857021844,0.17,0.325,84,20261094,30,easy,additive
observed_gain,1000,0.2382798931376424,0.20538158587743813,0.17,0.325,84,20261094,30,easy,additive
post_score,1000,0.32411958116223855,0.29822558793170445,0.17,0.325,84,20261094,30,easy,additive
baseline,1000,-0.009949917406992238,-0.005948411677705658,0.267,0.415,84,20261094,5,broad,additive
observed_gain,1000,0.15287408951246786,0.15377385694798115,0.267,0.415,84,20261094,5,broad,additive
post_score,1000,0.23327882362801558,0.22638245665432336,0.267,0.415,84,20261094,5,broad,additive
baseline,1000,-0.017698027613575282,0.0026445331957761467,0.089,0.168,84,20261094,10,broad,additive
observed_gain,1000,0.23813556886133733,0.20430057688821712,0.089,0.168,84,20261094,10,broad,additive
post_score,1000,0.27174970788581465,0.2534162510145276,0.089,0.168,84,20261094,10,broad,additive
baseline,1000,-0.01645985900896965,-0.007640376989872958,0.054,0.091,84,20261094,15,broad,additive
observed_gain,1000,0.32398241425480084,0.3013062140300203,0.054,0.091,84,20261094,15,broad,additive
post_score,1000,0.31642652886225786,0.29710519110126826,0.054,0.091,84,20261094,15,broad,additive
baseline,1000,-0.011492510530403472,-0.01140850637311871,0.025,0.049,84,20261094,30,broad,additive
observed_gain,1000,0.3714420948538779,0.35004804203132395,0.025,0.049,84,20261094,30,broad,additive
post_score,1000,0.3457175089211953,0.32550148391388095,0.025,0.049,84,20261094,30,broad,additive
baseline,1000,-0.6478412244943337,-0.7395671890843571,0.476,0.923,84,20261094,5,easy,catch_up
observed_gain,1000,0.651530421002616,0.7265508053954358,0.476,0.923,84,20261094,5,easy,catch_up
post_score,1000,0.1151775293005188,0.09305135884504549,0.476,0.923,84,20261094,5,easy,catch_up
baseline,1000,-0.6858892712741976,-0.7896720421242417,0.291,0.803,84,20261094,10,easy,catch_up
observed_gain,1000,0.7046390444004133,0.7876085512479698,0.291,0.803,84,20261094,10,easy,catch_up
post_score,1000,0.14396723728407645,0.08700347806257124,0.291,0.803,84,20261094,10,easy,catch_up
baseline,1000,-0.7076203661238682,-0.8230469801587018,0.231,0.712,84,20261094,15,easy,catch_up
observed_gain,1000,0.7303097836997225,0.8251518072799564,0.231,0.712,84,20261094,15,easy,catch_up
post_score,1000,0.19196024265616793,0.13498030972920944,0.231,0.712,84,20261094,15,easy,catch_up
baseline,1000,-0.7316478613024349,-0.8503013084658982,0.17,0.555,84,20261094,30,easy,catch_up
observed_gain,1000,0.7539496527695861,0.8559643794094584,0.17,0.555,84,20261094,30,easy,catch_up
post_score,1000,0.23484217011616168,0.14380210059592607,0.17,0.555,84,20261094,30,easy,catch_up
baseline,1000,-0.6273956738555034,-0.7074072423135065,0.267,0.593,84,20261094,5,broad,catch_up
observed_gain,1000,0.6489883315277551,0.6752480094176249,0.267,0.593,84,20261094,5,broad,catch_up
post_score,1000,0.22130381964698762,0.11493279791670455,0.267,0.593,84,20261094,5,broad,catch_up
baseline,1000,-0.6287126135278793,-0.7344759049971987,0.089,0.279,84,20261094,10,broad,catch_up
observed_gain,1000,0.7036812194175023,0.7181281215823488,0.089,0.279,84,20261094,10,broad,catch_up
post_score,1000,0.30728906500721387,0.15019382698469452,0.089,0.279,84,20261094,10,broad,catch_up
baseline,1000,-0.6474369526306079,-0.7803987666022901,0.054,0.173,84,20261094,15,broad,catch_up
observed_gain,1000,0.7556420165518992,0.794596941924747,0.054,0.173,84,20261094,15,broad,catch_up
post_score,1000,0.37122414889066335,0.21546462496385366,0.054,0.173,84,20261094,15,broad,catch_up
baseline,1000,-0.6894452335656195,-0.8368200561842709,0.025,0.087,84,20261094,30,broad,catch_up
observed_gain,1000,0.7974446480861519,0.8683609542100434,0.025,0.087,84,20261094,30,broad,catch_up
post_score,1000,0.41010597589237563,0.2429717819294463,0.025,0.087,84,20261094,30,broad,catch_up
baseline,1000,0.4935825944913422,0.74414733300203,0.481,0.606,85,20261095,5,easy,proportional
observed_gain,1000,-0.11818387946907047,-0.12901144831361167,0.481,0.606,85,20261095,5,easy,proportional
post_score,1000,0.45006984587573184,0.7628383503821383,0.481,0.606,85,20261095,5,easy,proportional
baseline,1000,0.5469451261650509,0.8149601572089962,0.32,0.444,85,20261095,10,easy,proportional
observed_gain,1000,-0.15653686495103056,-0.1563457984479803,0.32,0.444,85,20261095,10,easy,proportional
post_score,1000,0.5019569245574963,0.8442406079943755,0.32,0.444,85,20261095,10,easy,proportional
baseline,1000,0.5517210657257321,0.8298733618938271,0.281,0.409,85,20261095,15,easy,proportional
observed_gain,1000,-0.1691496271882069,-0.169842034965298,0.281,0.409,85,20261095,15,easy,proportional
post_score,1000,0.5058911743765744,0.8688877054841658,0.281,0.409,85,20261095,15,easy,proportional
baseline,1000,0.5537032967714256,0.8572275464583361,0.191,0.324,85,20261095,30,easy,proportional
observed_gain,1000,-0.2215010083216276,-0.2174275645117967,0.191,0.324,85,20261095,30,easy,proportional
post_score,1000,0.5042227539196302,0.8953399176583965,0.191,0.324,85,20261095,30,easy,proportional
baseline,1000,0.5567784376088913,0.7127559788384923,0.273,0.419,85,20261095,5,broad,proportional
observed_gain,1000,-0.0321190498233401,0.016192162477526556,0.273,0.419,85,20261095,5,broad,proportional
post_score,1000,0.5466254265615288,0.797393420571184,0.273,0.419,85,20261095,5,broad,proportional
baseline,1000,0.6185403096283704,0.7962571077972441,0.087,0.197,85,20261095,10,broad,proportional
observed_gain,1000,-0.018532007303006574,0.039237328405699955,0.087,0.197,85,20261095,10,broad,proportional
post_score,1000,0.6163271876604963,0.867227298383141,0.087,0.197,85,20261095,10,broad,proportional
baseline,1000,0.634410643097479,0.8245892520605438,0.067,0.163,85,20261095,15,broad,proportional
observed_gain,1000,-0.014946201293562732,0.06198278101723904,0.067,0.163,85,20261095,15,broad,proportional
post_score,1000,0.625783436067088,0.8925756758703025,0.067,0.163,85,20261095,15,broad,proportional
baseline,1000,0.6370464617079339,0.8573955157087239,0.038,0.102,85,20261095,30,broad,proportional
observed_gain,1000,-0.052451889091282296,0.0392577333603724,0.038,0.102,85,20261095,30,broad,proportional
post_score,1000,0.622337724380662,0.919006344859216,0.038,0.102,85,20261095,30,broad,proportional
baseline,1000,0.009537768478782693,-0.005838490849958195,0.481,0.765,85,20261095,5,easy,additive
observed_gain,1000,0.12445867354210577,0.11712242654360881,0.481,0.765,85,20261095,5,easy,additive
post_score,1000,0.2619311518740665,0.27771903869673625,0.481,0.765,85,20261095,5,easy,additive
baseline,1000,0.03707679372398495,0.021532542282867582,0.32,0.547,85,20261095,10,easy,additive
observed_gain,1000,0.13850569368498525,0.1525291307942679,0.32,0.547,85,20261095,10,easy,additive
post_score,1000,0.3246279474436499,0.33675572004854015,0.32,0.547,85,20261095,10,easy,additive
baseline,1000,0.031249047581057468,0.01474276370342195,0.281,0.488,85,20261095,15,easy,additive
observed_gain,1000,0.1490033089511563,0.16598880539397895,0.281,0.488,85,20261095,15,easy,additive
post_score,1000,0.3376383128817273,0.3500738185857018,0.281,0.488,85,20261095,15,easy,additive
baseline,1000,0.02461987241805319,0.012628318507582482,0.191,0.368,85,20261095,30,easy,additive
observed_gain,1000,0.14443102588392187,0.15256106858435228,0.191,0.368,85,20261095,30,easy,additive
post_score,1000,0.3572140480588604,0.3609104228492616,0.191,0.368,85,20261095,30,easy,additive
baseline,1000,0.022097210106743686,0.017423229241541292,0.273,0.495,85,20261095,5,broad,additive
observed_gain,1000,0.22197981003878162,0.2099262846212585,0.273,0.495,85,20261095,5,broad,additive
post_score,1000,0.306826915688723,0.30938391147138566,0.273,0.495,85,20261095,5,broad,additive
baseline,1000,0.03490250499500922,0.027727382877206035,0.087,0.182,85,20261095,10,broad,additive
observed_gain,1000,0.23958178779902706,0.2399133078051954,0.087,0.182,85,20261095,10,broad,additive
post_score,1000,0.3288686837647572,0.3324445413437484,0.087,0.182,85,20261095,10,broad,additive
baseline,1000,0.025624958474235876,0.018818053722825107,0.067,0.137,85,20261095,15,broad,additive
observed_gain,1000,0.26845668930038896,0.27109540009182465,0.067,0.137,85,20261095,15,broad,additive
post_score,1000,0.3501027301272972,0.3448016407126242,0.067,0.137,85,20261095,15,broad,additive
baseline,1000,0.01640313637831711,0.011965692979861265,0.038,0.069,85,20261095,30,broad,additive
observed_gain,1000,0.2738737152829905,0.2680430505296463,0.038,0.069,85,20261095,30,broad,additive
post_score,1000,0.36567318949700756,0.3494605535486813,0.038,0.069,85,20261095,30,broad,additive
baseline,1000,-0.6451014196556494,-0.7286595366293573,0.481,0.932,85,20261095,5,easy,catch_up
observed_gain,1000,0.6490755713632149,0.722145372656487,0.481,0.932,85,20261095,5,easy,catch_up
post_score,1000,0.09717424133962993,0.05966312892610402,0.481,0.932,85,20261095,5,easy,catch_up
baseline,1000,-0.6804605917289666,-0.7649534045559647,0.32,0.804,85,20261095,10,easy,catch_up
observed_gain,1000,0.6971251512648481,0.7666296345393367,0.32,0.804,85,20261095,10,easy,catch_up
post_score,1000,0.18448619065624136,0.14166729468777142,0.32,0.804,85,20261095,10,easy,catch_up
baseline,1000,-0.6956528150536275,-0.7851184943865334,0.281,0.757,85,20261095,15,easy,catch_up
observed_gain,1000,0.7144303328972902,0.7947220735366809,0.281,0.757,85,20261095,15,easy,catch_up
post_score,1000,0.20548468792201394,0.15991635570944326,0.281,0.757,85,20261095,15,easy,catch_up
baseline,1000,-0.7176625415373765,-0.8136419643806059,0.191,0.646,85,20261095,30,easy,catch_up
observed_gain,1000,0.737516628141031,0.8252690302855059,0.191,0.646,85,20261095,30,easy,catch_up
post_score,1000,0.2535377102580551,0.2142648304159412,0.191,0.646,85,20261095,30,easy,catch_up
baseline,1000,-0.5617905869411278,-0.6782435856259809,0.273,0.748,85,20261095,5,broad,catch_up
observed_gain,1000,0.6024070288440847,0.6977109733965919,0.273,0.748,85,20261095,5,broad,catch_up
post_score,1000,0.20404427940247336,0.14856155035609409,0.273,0.748,85,20261095,5,broad,catch_up
baseline,1000,-0.6370805502846523,-0.7465305959334463,0.087,0.339,85,20261095,10,broad,catch_up
observed_gain,1000,0.7087805873906604,0.7650939044636206,0.087,0.339,85,20261095,10,broad,catch_up
post_score,1000,0.3269538941214188,0.2296047886443301,0.087,0.339,85,20261095,10,broad,catch_up
baseline,1000,-0.6728916270132876,-0.7802526235609574,0.067,0.26,85,20261095,15,broad,catch_up
observed_gain,1000,0.7487778517984165,0.8039806512372016,0.067,0.26,85,20261095,15,broad,catch_up
post_score,1000,0.3480167650418383,0.2386418640314181,0.067,0.26,85,20261095,15,broad,catch_up
baseline,1000,-0.7167808421495958,-0.8177266388474649,0.038,0.141,85,20261095,30,broad,catch_up
observed_gain,1000,0.7940607211056797,0.8456487402652706,0.038,0.141,85,20261095,30,broad,catch_up
post_score,1000,0.40130375678788516,0.2690907190403253,0.038,0.141,85,20261095,30,broad,catch_up
baseline,1000,0.46614926897040965,0.7551202897016032,0.499,0.613,86,20261096,5,easy,proportional
observed_gain,1000,-0.10646609520916536,-0.10585180466931869,0.499,0.613,86,20261096,5,easy,proportional
post_score,1000,0.42858372528773114,0.7748689664807656,0.499,0.613,86,20261096,5,easy,proportional
baseline,1000,0.5030035206286718,0.806542713602677,0.385,0.532,86,20261096,10,easy,proportional
observed_gain,1000,-0.1477468972122125,-0.1534340449702634,0.385,0.532,86,20261096,10,easy,proportional
post_score,1000,0.4496737460477665,0.8173747725256211,0.385,0.532,86,20261096,10,easy,proportional
baseline,1000,0.5273942421910399,0.8391526506135865,0.285,0.442,86,20261096,15,easy,proportional
observed_gain,1000,-0.17417183560804236,-0.189725032478334,0.285,0.442,86,20261096,15,easy,proportional
post_score,1000,0.4699498311667836,0.8504091453654071,0.285,0.442,86,20261096,15,easy,proportional
baseline,1000,0.5463180453099945,0.8675157121797644,0.194,0.353,86,20261096,30,easy,proportional
observed_gain,1000,-0.2230299195398533,-0.24016729305707757,0.194,0.353,86,20261096,30,easy,proportional
post_score,1000,0.49018045228276147,0.8937108690861086,0.194,0.353,86,20261096,30,easy,proportional
baseline,1000,0.5410693141730486,0.7437315217148323,0.286,0.438,86,20261096,5,broad,proportional
observed_gain,1000,-0.04059930458368095,0.03250933710521523,0.286,0.438,86,20261096,5,broad,proportional
post_score,1000,0.5217416954146074,0.827346004541551,0.286,0.438,86,20261096,5,broad,proportional
baseline,1000,0.5840743859277213,0.8032695116794701,0.163,0.311,86,20261096,10,broad,proportional
observed_gain,1000,-0.036138437791392,0.06704502993476934,0.163,0.311,86,20261096,10,broad,proportional
post_score,1000,0.5585223894892428,0.8716744077357279,0.163,0.311,86,20261096,10,broad,proportional
baseline,1000,0.6022087651301268,0.8298871397100559,0.074,0.176,86,20261096,15,broad,proportional
observed_gain,1000,-0.0217863250028606,0.06766525647722577,0.074,0.176,86,20261096,15,broad,proportional
post_score,1000,0.5878280789282111,0.8970668179772601,0.074,0.176,86,20261096,15,broad,proportional
baseline,1000,0.6357505831903264,0.8616033114745993,0.041,0.115,86,20261096,30,broad,proportional
observed_gain,1000,-0.04145599915829537,0.08359676068250459,0.041,0.115,86,20261096,30,broad,proportional
post_score,1000,0.6120718780859783,0.9220445109463329,0.041,0.115,86,20261096,30,broad,proportional
baseline,1000,-0.041607706025659615,-0.01996652530621985,0.499,0.78,86,20261096,5,easy,additive
observed_gain,1000,0.17242839015905262,0.1518203696762121,0.499,0.78,86,20261096,5,easy,additive
post_score,1000,0.2626748117585291,0.27451100592414085,0.499,0.78,86,20261096,5,easy,additive
baseline,1000,-0.048949423881395185,-0.019692279049784368,0.385,0.663,86,20261096,10,easy,additive
observed_gain,1000,0.19430218511931202,0.15244108629602562,0.385,0.663,86,20261096,10,easy,additive
post_score,1000,0.28633964040938353,0.2948989606116544,0.385,0.663,86,20261096,10,easy,additive
baseline,1000,-0.04314604667677376,-0.008432332720270934,0.285,0.531,86,20261096,15,easy,additive
observed_gain,1000,0.20018264404016298,0.1484590621010064,0.285,0.531,86,20261096,15,easy,additive
post_score,1000,0.3004718337617158,0.3040703915964333,0.285,0.531,86,20261096,15,easy,additive
baseline,1000,-0.04662087463454477,-0.013944292388458826,0.194,0.384,86,20261096,30,easy,additive
observed_gain,1000,0.2291667446434068,0.17328569603637084,0.194,0.384,86,20261096,30,easy,additive
post_score,1000,0.3321097856917768,0.32427755325510976,0.194,0.384,86,20261096,30,easy,additive
baseline,1000,-0.04910393543634198,-0.03800268615269701,0.286,0.513,86,20261096,5,broad,additive
observed_gain,1000,0.29716816802754653,0.2801370725958906,0.286,0.513,86,20261096,5,broad,additive
post_score,1000,0.2994777089463606,0.29960237203804996,0.286,0.513,86,20261096,5,broad,additive
baseline,1000,-0.05848882791378463,-0.04040005918401388,0.163,0.326,86,20261096,10,broad,additive
observed_gain,1000,0.3369524466774776,0.29792692562872,0.163,0.326,86,20261096,10,broad,additive
post_score,1000,0.30042388740122417,0.2797257305781467,0.163,0.326,86,20261096,10,broad,additive
baseline,1000,-0.058894272330654585,-0.03483219969077679,0.074,0.15,86,20261096,15,broad,additive
observed_gain,1000,0.33894717313842665,0.29634693453480004,0.074,0.15,86,20261096,15,broad,additive
post_score,1000,0.29450964246303957,0.2752918886514895,0.074,0.15,86,20261096,15,broad,additive
baseline,1000,-0.058737008052583806,-0.030767882914921444,0.041,0.077,86,20261096,30,broad,additive
observed_gain,1000,0.40043930960354884,0.3386589509016819,0.041,0.077,86,20261096,30,broad,additive
post_score,1000,0.3237161701899538,0.297718705687419,0.041,0.077,86,20261096,30,broad,additive
baseline,1000,-0.6610258162560652,-0.7423501678198413,0.499,0.944,86,20261096,5,easy,catch_up
observed_gain,1000,0.6645116469818807,0.7347935913610636,0.499,0.944,86,20261096,5,easy,catch_up
post_score,1000,0.09023624095270479,0.06204306922189853,0.499,0.944,86,20261096,5,easy,catch_up
baseline,1000,-0.7068075679906677,-0.7894794597008923,0.385,0.889,86,20261096,10,easy,catch_up
observed_gain,1000,0.7149492999074449,0.7836012362639376,0.385,0.889,86,20261096,10,easy,catch_up
post_score,1000,0.12164347533762952,0.07296974603468387,0.385,0.889,86,20261096,10,easy,catch_up
baseline,1000,-0.7208777674490368,-0.8114553391883412,0.285,0.792,86,20261096,15,easy,catch_up
observed_gain,1000,0.7319065189445202,0.8036299868907669,0.285,0.792,86,20261096,15,easy,catch_up
post_score,1000,0.16661117161068661,0.1184089559354676,0.285,0.792,86,20261096,15,easy,catch_up
baseline,1000,-0.7370305570885075,-0.8447559166844362,0.194,0.644,86,20261096,30,easy,catch_up
observed_gain,1000,0.7522363502298901,0.8441473353334856,0.194,0.644,86,20261096,30,easy,catch_up
post_score,1000,0.22094661784711014,0.15246967609599416,0.194,0.644,86,20261096,30,easy,catch_up
baseline,1000,-0.6074213388821559,-0.7648341192130449,0.286,0.76,86,20261096,5,broad,catch_up
observed_gain,1000,0.6422179960692292,0.7712916017994155,0.286,0.76,86,20261096,5,broad,catch_up
post_score,1000,0.19455907871546213,0.13880453946787633,0.286,0.76,86,20261096,5,broad,catch_up
baseline,1000,-0.6653889771803436,-0.815907558549357,0.163,0.547,86,20261096,10,broad,catch_up
observed_gain,1000,0.7184655338356933,0.8258999142901827,0.163,0.547,86,20261096,10,broad,catch_up
post_score,1000,0.2543364096619612,0.15684293115480744,0.163,0.547,86,20261096,10,broad,catch_up
baseline,1000,-0.6881889886729834,-0.8350636150408881,0.074,0.283,86,20261096,15,broad,catch_up
observed_gain,1000,0.7536257187719752,0.8500457357069111,0.074,0.283,86,20261096,15,broad,catch_up
post_score,1000,0.32553331891698684,0.2049400508190838,0.074,0.283,86,20261096,15,broad,catch_up
baseline,1000,-0.7056669409624966,-0.8608753396639588,0.041,0.135,86,20261096,30,broad,catch_up
observed_gain,1000,0.7885791541324196,0.8902827107924417,0.041,0.135,86,20261096,30,broad,catch_up
post_score,1000,0.38108289906434756,0.23210000900018507,0.041,0.135,86,20261096,30,broad,catch_up
baseline,1000,0.4252386169424651,0.7665841062405767,0.558,0.677,87,20261097,5,easy,proportional
observed_gain,1000,-0.16650893610682377,-0.2515066000387345,0.558,0.677,87,20261097,5,easy,proportional
post_score,1000,0.3640591497917704,0.722947351354444,0.558,0.677,87,20261097,5,easy,proportional
baseline,1000,0.45935924750330437,0.8149899344192252,0.429,0.575,87,20261097,10,easy,proportional
observed_gain,1000,-0.2039291711253536,-0.2930243847562739,0.429,0.575,87,20261097,10,easy,proportional
post_score,1000,0.4005072063955932,0.7947084583844078,0.429,0.575,87,20261097,10,easy,proportional
baseline,1000,0.4750161554219612,0.8370625320162076,0.344,0.497,87,20261097,15,easy,proportional
observed_gain,1000,-0.22249795464343877,-0.32256309953271534,0.344,0.497,87,20261097,15,easy,proportional
post_score,1000,0.4203134707068436,0.8410860481071889,0.344,0.497,87,20261097,15,easy,proportional
baseline,1000,0.5270237415016364,0.8726808971542,0.179,0.305,87,20261097,30,easy,proportional
observed_gain,1000,-0.23202135499733642,-0.2627711338956207,0.179,0.305,87,20261097,30,easy,proportional
post_score,1000,0.47476105361883036,0.8933962806544162,0.179,0.305,87,20261097,30,easy,proportional
baseline,1000,0.4931632225018244,0.7706417087284468,0.346,0.51,87,20261097,5,broad,proportional
observed_gain,1000,-0.09757661876216131,-0.10996716393027973,0.346,0.51,87,20261097,5,broad,proportional
post_score,1000,0.447228823767391,0.7824672252151668,0.346,0.51,87,20261097,5,broad,proportional
baseline,1000,0.5402494616015387,0.8276888009585694,0.206,0.35,87,20261097,10,broad,proportional
observed_gain,1000,-0.10438965827632415,-0.07646095531758522,0.206,0.35,87,20261097,10,broad,proportional
post_score,1000,0.4987039664553159,0.85831023798839,0.206,0.35,87,20261097,10,broad,proportional
baseline,1000,0.5557595973925615,0.8487597450397907,0.13,0.26,87,20261097,15,broad,proportional
observed_gain,1000,-0.10759770722657463,-0.06181916493456525,0.13,0.26,87,20261097,15,broad,proportional
post_score,1000,0.5201632128945607,0.8843373797863457,0.13,0.26,87,20261097,15,broad,proportional
baseline,1000,0.6091596011463588,0.8660441433566417,0.026,0.076,87,20261097,30,broad,proportional
observed_gain,1000,-0.023925800376728666,0.07863552939422101,0.026,0.076,87,20261097,30,broad,proportional
post_score,1000,0.592328033713336,0.9180527196395194,0.026,0.076,87,20261097,30,broad,proportional
baseline,1000,0.029745024084888605,0.020413969542964143,0.558,0.826,87,20261097,5,easy,additive
observed_gain,1000,0.06030047484926643,0.05585025321343125,0.558,0.826,87,20261097,5,easy,additive
post_score,1000,0.21698536685484893,0.22953569581678576,0.558,0.826,87,20261097,5,easy,additive
baseline,1000,0.021130451865814914,0.010877349269865468,0.429,0.707,87,20261097,10,easy,additive
observed_gain,1000,0.08473424002623549,0.07883964202746302,0.429,0.707,87,20261097,10,easy,additive
post_score,1000,0.25968673256436153,0.2613286563772457,0.429,0.707,87,20261097,10,easy,additive
baseline,1000,0.01430381168556204,2.2811384659636685e-5,0.344,0.595,87,20261097,15,easy,additive
observed_gain,1000,0.11149681597657633,0.11003264694019402,0.344,0.595,87,20261097,15,easy,additive
post_score,1000,0.29690882823012615,0.28657553265851826,0.344,0.595,87,20261097,15,easy,additive
baseline,1000,0.013592293283782296,-5.426714100856194e-4,0.179,0.325,87,20261097,30,easy,additive
observed_gain,1000,0.17451791590032273,0.15872979634214296,0.179,0.325,87,20261097,30,easy,additive
post_score,1000,0.33193725652590056,0.2959554368654329,0.179,0.325,87,20261097,30,easy,additive
baseline,1000,0.04246026787666338,0.026236966581648376,0.346,0.612,87,20261097,5,broad,additive
observed_gain,1000,0.1281650363832723,0.13270177670398267,0.346,0.612,87,20261097,5,broad,additive
post_score,1000,0.25568412370977467,0.23895939625295726,0.346,0.612,87,20261097,5,broad,additive
baseline,1000,0.03381913624897034,0.016938664805260212,0.206,0.397,87,20261097,10,broad,additive
observed_gain,1000,0.1855906465669549,0.19888313446868816,0.206,0.397,87,20261097,10,broad,additive
post_score,1000,0.3020567050484334,0.28228176565480334,0.206,0.397,87,20261097,10,broad,additive
baseline,1000,0.018150387881678234,-0.0027767190326919004,0.13,0.258,87,20261097,15,broad,additive
observed_gain,1000,0.2211103910827664,0.236878105014633,0.13,0.258,87,20261097,15,broad,additive
post_score,1000,0.31786847521853073,0.2894148652996803,0.13,0.258,87,20261097,15,broad,additive
baseline,1000,0.0191835344562153,-5.580774931612185e-5,0.026,0.051,87,20261097,30,broad,additive
observed_gain,1000,0.2912622740958292,0.30413237679430205,0.026,0.051,87,20261097,30,broad,additive
post_score,1000,0.32661175257865993,0.2919839351775024,0.026,0.051,87,20261097,30,broad,additive
baseline,1000,-0.6405995667268404,-0.7137121801139072,0.558,0.963,87,20261097,5,easy,catch_up
observed_gain,1000,0.6422254973918919,0.7031821689759248,0.558,0.963,87,20261097,5,easy,catch_up
post_score,1000,0.07228653402237732,0.043725630140711354,0.558,0.963,87,20261097,5,easy,catch_up
baseline,1000,-0.6886653819222118,-0.7721460597552051,0.429,0.91,87,20261097,10,easy,catch_up
observed_gain,1000,0.6954245620823591,0.7671035297883261,0.429,0.91,87,20261097,10,easy,catch_up
post_score,1000,0.11079966193508316,0.0871596926842223,0.429,0.91,87,20261097,10,easy,catch_up
baseline,1000,-0.7118403606624826,-0.8027992182228529,0.344,0.851,87,20261097,15,easy,catch_up
observed_gain,1000,0.719420599336908,0.7949556124516672,0.344,0.851,87,20261097,15,easy,catch_up
post_score,1000,0.13452053428713714,0.09739112791686615,0.344,0.851,87,20261097,15,easy,catch_up
baseline,1000,-0.7277796240668734,-0.8382595816242081,0.179,0.577,87,20261097,30,easy,catch_up
observed_gain,1000,0.7500494596110043,0.8447341704700468,0.179,0.577,87,20261097,30,easy,catch_up
post_score,1000,0.2519241613277207,0.19965896151792387,0.179,0.577,87,20261097,30,easy,catch_up
baseline,1000,-0.6042046526201065,-0.7206345351381378,0.346,0.834,87,20261097,5,broad,catch_up
observed_gain,1000,0.6242344552328368,0.7053343536205794,0.346,0.834,87,20261097,5,broad,catch_up
post_score,1000,0.1487068532657942,0.0801972315144423,0.346,0.834,87,20261097,5,broad,catch_up
baseline,1000,-0.6523616365349003,-0.7842358215912408,0.206,0.627,87,20261097,10,broad,catch_up
observed_gain,1000,0.6905093277159744,0.7879420031620096,0.206,0.627,87,20261097,10,broad,catch_up
post_score,1000,0.22991967864518087,0.15082377238861933,0.206,0.627,87,20261097,10,broad,catch_up
baseline,1000,-0.6879152576106139,-0.8189464586255392,0.13,0.447,87,20261097,15,broad,catch_up
observed_gain,1000,0.7344638668509957,0.830222361994139,0.13,0.447,87,20261097,15,broad,catch_up
post_score,1000,0.2536578218854278,0.15230216136684455,0.13,0.447,87,20261097,15,broad,catch_up
baseline,1000,-0.6855724813164307,-0.8299255325636398,0.026,0.095,87,20261097,30,broad,catch_up
observed_gain,1000,0.7918104475110795,0.8682563328194248,0.026,0.095,87,20261097,30,broad,catch_up
post_score,1000,0.4090789306759519,0.23454815602616905,0.026,0.095,87,20261097,30,broad,catch_up
baseline,1000,0.48980340832393343,0.7562321265918475,0.513,0.636,88,20261098,5,easy,proportional
observed_gain,1000,-0.16279127150971084,-0.21651389325076875,0.513,0.636,88,20261098,5,easy,proportional
post_score,1000,0.4371682231539194,0.737420655828419,0.513,0.636,88,20261098,5,easy,proportional
baseline,1000,0.5208904738623419,0.8018744219318248,0.41,0.551,88,20261098,10,easy,proportional
observed_gain,1000,-0.19139084388980504,-0.2323209928620183,0.41,0.551,88,20261098,10,easy,proportional
post_score,1000,0.4590789753033686,0.8047730019228723,0.41,0.551,88,20261098,10,easy,proportional
baseline,1000,0.5542586624570381,0.8435033984331886,0.32,0.464,88,20261098,15,easy,proportional
observed_gain,1000,-0.2075681467176416,-0.24568901041030605,0.32,0.464,88,20261098,15,easy,proportional
post_score,1000,0.4926887993672655,0.8467730979269616,0.32,0.464,88,20261098,15,easy,proportional
baseline,1000,0.5626593010481765,0.8667521398735768,0.251,0.39,88,20261098,30,easy,proportional
observed_gain,1000,-0.2514582118824266,-0.28247429186705747,0.251,0.39,88,20261098,30,easy,proportional
post_score,1000,0.5019495500330603,0.8827019437981063,0.251,0.39,88,20261098,30,easy,proportional
baseline,1000,0.5569770548513844,0.7369694414718326,0.3,0.423,88,20261098,5,broad,proportional
observed_gain,1000,-0.05746435439713415,-0.03766537045562667,0.3,0.423,88,20261098,5,broad,proportional
post_score,1000,0.5463489544818164,0.7977685194573119,0.3,0.423,88,20261098,5,broad,proportional
baseline,1000,0.6029547072639642,0.8089755765306752,0.189,0.328,88,20261098,10,broad,proportional
observed_gain,1000,-0.05163329805670662,-0.014201418773048686,0.189,0.328,88,20261098,10,broad,proportional
post_score,1000,0.5831585789921443,0.867297590029368,0.189,0.328,88,20261098,10,broad,proportional
baseline,1000,0.6440446077522363,0.8365246121979045,0.121,0.225,88,20261098,15,broad,proportional
observed_gain,1000,-0.023393913573203865,0.052984932618819695,0.121,0.225,88,20261098,15,broad,proportional
post_score,1000,0.6268814626434636,0.9011403875070788,0.121,0.225,88,20261098,15,broad,proportional
baseline,1000,0.6624815044046195,0.8723027326741672,0.073,0.141,88,20261098,30,broad,proportional
observed_gain,1000,-0.05132600725299975,0.049691469295845454,0.073,0.141,88,20261098,30,broad,proportional
post_score,1000,0.6329114701369933,0.9266895454590713,0.073,0.141,88,20261098,30,broad,proportional
baseline,1000,0.011466157140483796,0.012386811175670783,0.513,0.778,88,20261098,5,easy,additive
observed_gain,1000,0.0947558218349631,0.08254394541292276,0.513,0.778,88,20261098,5,easy,additive
post_score,1000,0.20599038799861105,0.20203031723345846,0.513,0.778,88,20261098,5,easy,additive
baseline,1000,-2.0792236196689627e-4,-0.003920827671614834,0.41,0.659,88,20261098,10,easy,additive
observed_gain,1000,0.12568621574011724,0.11069629486437095,0.41,0.659,88,20261098,10,easy,additive
post_score,1000,0.24086314934748834,0.2300983779287183,0.41,0.659,88,20261098,10,easy,additive
baseline,1000,0.0017003382893691378,0.004164830469543022,0.32,0.532,88,20261098,15,easy,additive
observed_gain,1000,0.15392500650358218,0.141351992648891,0.32,0.532,88,20261098,15,easy,additive
post_score,1000,0.272157118893745,0.25271743549930664,0.32,0.532,88,20261098,15,easy,additive
baseline,1000,-0.0072498929805408915,-0.00347192125166608,0.251,0.414,88,20261098,30,easy,additive
observed_gain,1000,0.17073628284904116,0.1298523783051711,0.251,0.414,88,20261098,30,easy,additive
post_score,1000,0.2950755530238363,0.26561610760982146,0.251,0.414,88,20261098,30,easy,additive
baseline,1000,0.015435291002643202,0.01078534173140969,0.3,0.49,88,20261098,5,broad,additive
observed_gain,1000,0.18179007138206768,0.17037008165136674,0.3,0.49,88,20261098,5,broad,additive
post_score,1000,0.2551045161453152,0.25191665160923626,0.3,0.49,88,20261098,5,broad,additive
baseline,1000,-0.013209414609994446,-0.005889310087033918,0.189,0.339,88,20261098,10,broad,additive
observed_gain,1000,0.26187346790396665,0.22425865263446018,0.189,0.339,88,20261098,10,broad,additive
post_score,1000,0.2919666574537087,0.27802318710258156,0.189,0.339,88,20261098,10,broad,additive
baseline,1000,-0.011426810090908,-0.01109357038463725,0.121,0.192,88,20261098,15,broad,additive
observed_gain,1000,0.31432758771272723,0.29191464834150277,0.121,0.192,88,20261098,15,broad,additive
post_score,1000,0.3060760895379951,0.2935967736193296,0.121,0.192,88,20261098,15,broad,additive
baseline,1000,-0.007310569565813538,-0.005847053906194407,0.073,0.104,88,20261098,30,broad,additive
observed_gain,1000,0.3439356254964775,0.3066556510936591,0.073,0.104,88,20261098,30,broad,additive
post_score,1000,0.32239543830636574,0.29922186257527483,0.073,0.104,88,20261098,30,broad,additive
baseline,1000,-0.627737703355043,-0.704580733016824,0.513,0.935,88,20261098,5,easy,catch_up
observed_gain,1000,0.6340944686652346,0.6913916250373427,0.513,0.935,88,20261098,5,easy,catch_up
post_score,1000,0.08655080158465693,0.03685081096136414,0.513,0.935,88,20261098,5,easy,catch_up
baseline,1000,-0.6819544660977875,-0.7636710167829663,0.41,0.881,88,20261098,10,easy,catch_up
observed_gain,1000,0.6939398815264193,0.7523629730807734,0.41,0.881,88,20261098,10,easy,catch_up
post_score,1000,0.12551385175143476,0.06013200454527291,0.41,0.881,88,20261098,10,easy,catch_up
baseline,1000,-0.7049529260338487,-0.7985423347287514,0.32,0.787,88,20261098,15,easy,catch_up
observed_gain,1000,0.7226158696908894,0.7898014205369042,0.32,0.787,88,20261098,15,easy,catch_up
post_score,1000,0.1707200794102199,0.0859530417598581,0.32,0.787,88,20261098,15,easy,catch_up
baseline,1000,-0.7300461908130572,-0.8314333727579105,0.251,0.654,88,20261098,30,easy,catch_up
observed_gain,1000,0.74798269257334,0.820843698081499,0.251,0.654,88,20261098,30,easy,catch_up
post_score,1000,0.20063104132057685,0.0791140536984212,0.251,0.654,88,20261098,30,easy,catch_up
baseline,1000,-0.5644241445771644,-0.6931198462958206,0.3,0.695,88,20261098,5,broad,catch_up
observed_gain,1000,0.6143600540060078,0.6958788103597556,0.3,0.695,88,20261098,5,broad,catch_up
post_score,1000,0.19774264014997853,0.11033648717671471,0.3,0.695,88,20261098,5,broad,catch_up
baseline,1000,-0.65021706843356,-0.7803624825055797,0.189,0.517,88,20261098,10,broad,catch_up
observed_gain,1000,0.7106635251999496,0.7920892657652632,0.189,0.517,88,20261098,10,broad,catch_up
post_score,1000,0.2389523512392075,0.12379122873398793,0.189,0.517,88,20261098,10,broad,catch_up
baseline,1000,-0.6625706925823637,-0.8133065585091126,0.121,0.31,88,20261098,15,broad,catch_up
observed_gain,1000,0.7454913102434733,0.8331723058607142,0.121,0.31,88,20261098,15,broad,catch_up
post_score,1000,0.29141522735274095,0.14186258153913753,0.121,0.31,88,20261098,15,broad,catch_up
baseline,1000,-0.6935277653400898,-0.842740706756158,0.073,0.174,88,20261098,30,broad,catch_up
observed_gain,1000,0.7850999733229682,0.8703450044464853,0.073,0.174,88,20261098,30,broad,catch_up
post_score,1000,0.3331377761894466,0.14522024554097343,0.073,0.174,88,20261098,30,broad,catch_up
baseline,1000,0.504257758466678,0.7515116595140154,0.379,0.52,89,20261099,5,easy,proportional
observed_gain,1000,-0.0828038475059147,-0.06387047057977305,0.379,0.52,89,20261099,5,easy,proportional
post_score,1000,0.47192562367757135,0.7961488876196346,0.379,0.52,89,20261099,5,easy,proportional
baseline,1000,0.5318989780640752,0.8157459851126279,0.302,0.423,89,20261099,10,easy,proportional
observed_gain,1000,-0.14020505769620964,-0.1510152361037609,0.302,0.423,89,20261099,10,easy,proportional
post_score,1000,0.4992801809268314,0.8557164476862275,0.302,0.423,89,20261099,10,easy,proportional
baseline,1000,0.5343429162949448,0.8364887013289614,0.267,0.395,89,20261099,15,easy,proportional
observed_gain,1000,-0.16085661515458813,-0.16417969280798422,0.267,0.395,89,20261099,15,easy,proportional
post_score,1000,0.4947618191079348,0.8746267063384033,0.267,0.395,89,20261099,15,easy,proportional
baseline,1000,0.5550805084543,0.8660247285927262,0.198,0.328,89,20261099,30,easy,proportional
observed_gain,1000,-0.22253588139938965,-0.22831759597301257,0.198,0.328,89,20261099,30,easy,proportional
post_score,1000,0.5056567004271318,0.8983223250295035,0.198,0.328,89,20261099,30,easy,proportional
baseline,1000,0.5308040804481827,0.6606303976722607,0.124,0.247,89,20261099,5,broad,proportional
observed_gain,1000,0.02768778802418828,0.10648752005693496,0.124,0.247,89,20261099,5,broad,proportional
post_score,1000,0.548093011036882,0.7827214517189988,0.124,0.247,89,20261099,5,broad,proportional
baseline,1000,0.5799769248521758,0.7669964758241317,0.062,0.137,89,20261099,10,broad,proportional
observed_gain,1000,0.003855788015624518,0.06334651691505422,0.062,0.137,89,20261099,10,broad,proportional
post_score,1000,0.5926214927094754,0.8425736715619438,0.062,0.137,89,20261099,10,broad,proportional
baseline,1000,0.5943486191636429,0.8142016935984655,0.051,0.11,89,20261099,15,broad,proportional
observed_gain,1000,-0.0054517784944133,0.06656854118523135,0.051,0.11,89,20261099,15,broad,proportional
post_score,1000,0.598363320537534,0.8803639663614908,0.051,0.11,89,20261099,15,broad,proportional
baseline,1000,0.6350915940371649,0.8532623858418146,0.021,0.063,89,20261099,30,broad,proportional
observed_gain,1000,-0.012094173640474451,0.08833735266893075,0.021,0.063,89,20261099,30,broad,proportional
post_score,1000,0.6266788354894156,0.9158801924994471,0.021,0.063,89,20261099,30,broad,proportional
baseline,1000,-0.01697388147018724,-0.024627115053196966,0.379,0.62,89,20261099,5,easy,additive
observed_gain,1000,0.195103321445599,0.18405453700855137,0.379,0.62,89,20261099,5,easy,additive
post_score,1000,0.26072287812422135,0.25448989532062355,0.379,0.62,89,20261099,5,easy,additive
baseline,1000,-0.015188451612632502,-0.02184894939534673,0.302,0.481,89,20261099,10,easy,additive
observed_gain,1000,0.21431388428408513,0.20900228100478027,0.302,0.481,89,20261099,10,easy,additive
post_score,1000,0.3123082950582952,0.3045159953821688,0.302,0.481,89,20261099,10,easy,additive
baseline,1000,-0.01941250240060087,-0.028277823586578724,0.267,0.441,89,20261099,15,easy,additive
observed_gain,1000,0.20661778614117554,0.1994029692666386,0.267,0.441,89,20261099,15,easy,additive
post_score,1000,0.31831222248805957,0.306718636441022,0.267,0.441,89,20261099,15,easy,additive
baseline,1000,-0.005338990217399234,-0.017569751740219873,0.198,0.346,89,20261099,30,easy,additive
observed_gain,1000,0.20130587909332076,0.19655562091364803,0.198,0.346,89,20261099,30,easy,additive
post_score,1000,0.3297885096030193,0.3078536470047318,0.198,0.346,89,20261099,30,easy,additive
baseline,1000,-0.00774422369426373,-0.02275585435111211,0.124,0.262,89,20261099,5,broad,additive
observed_gain,1000,0.22642483355240492,0.2221430988242527,0.124,0.262,89,20261099,5,broad,additive
post_score,1000,0.2631651374673097,0.2476315782325178,0.124,0.262,89,20261099,5,broad,additive
baseline,1000,-0.010746289460935471,-0.026349192725153545,0.062,0.111,89,20261099,10,broad,additive
observed_gain,1000,0.25595285385849403,0.2628730176315062,0.062,0.111,89,20261099,10,broad,additive
post_score,1000,0.2932011886439943,0.2739101709544039,0.062,0.111,89,20261099,10,broad,additive
baseline,1000,-0.018208882621524366,-0.03064925410967527,0.051,0.077,89,20261099,15,broad,additive
observed_gain,1000,0.29118222921992015,0.29268451016774444,0.051,0.077,89,20261099,15,broad,additive
post_score,1000,0.31437403663783525,0.2845473262766018,0.051,0.077,89,20261099,15,broad,additive
baseline,1000,-0.008659666428888732,-0.025798574268599217,0.021,0.035,89,20261099,30,broad,additive
observed_gain,1000,0.349452274692031,0.34130080470062146,0.021,0.035,89,20261099,30,broad,additive
post_score,1000,0.3370458652460036,0.3028201151989106,0.021,0.035,89,20261099,30,broad,additive
baseline,1000,-0.6589216795359231,-0.7466427923943005,0.379,0.844,89,20261099,5,easy,catch_up
observed_gain,1000,0.6683400451632081,0.7308588639720658,0.379,0.844,89,20261099,5,easy,catch_up
post_score,1000,0.14517918030913152,0.08873711239044145,0.379,0.844,89,20261099,5,easy,catch_up
baseline,1000,-0.7143647821798181,-0.8049541882258334,0.302,0.742,89,20261099,10,easy,catch_up
observed_gain,1000,0.7355791935990069,0.798789989531131,0.302,0.742,89,20261099,10,easy,catch_up
post_score,1000,0.19832736297369838,0.13164487974314137,0.302,0.742,89,20261099,10,easy,catch_up
baseline,1000,-0.7475224583771813,-0.8297069991649186,0.267,0.708,89,20261099,15,easy,catch_up
observed_gain,1000,0.7659858056472558,0.8236175783394155,0.267,0.708,89,20261099,15,easy,catch_up
post_score,1000,0.21522514786220592,0.1495546642528915,0.267,0.708,89,20261099,15,easy,catch_up
baseline,1000,-0.7628803892279862,-0.8459289435575226,0.198,0.567,89,20261099,30,easy,catch_up
observed_gain,1000,0.7872223503204462,0.8553453336038096,0.198,0.567,89,20261099,30,easy,catch_up
post_score,1000,0.24619361036282109,0.15980904692031395,0.198,0.567,89,20261099,30,easy,catch_up
baseline,1000,-0.5410745800888107,-0.664552431239646,0.124,0.389,89,20261099,5,broad,catch_up
observed_gain,1000,0.5990441603478737,0.6459384091732959,0.124,0.389,89,20261099,5,broad,catch_up
post_score,1000,0.232710779518528,0.11004585639897485,0.124,0.389,89,20261099,5,broad,catch_up
baseline,1000,-0.6410415755688699,-0.7667943458065336,0.062,0.19,89,20261099,10,broad,catch_up
observed_gain,1000,0.7171914773756687,0.7563470999055518,0.062,0.19,89,20261099,10,broad,catch_up
post_score,1000,0.3115168932206592,0.1604480905639557,0.062,0.19,89,20261099,10,broad,catch_up
baseline,1000,-0.6964471809181849,-0.8148359799437314,0.051,0.142,89,20261099,15,broad,catch_up
observed_gain,1000,0.7696449130084768,0.8181880498580081,0.051,0.142,89,20261099,15,broad,catch_up
post_score,1000,0.3383271429347676,0.18111794235050233,0.051,0.142,89,20261099,15,broad,catch_up
baseline,1000,-0.7165383727860054,-0.8473275852252499,0.021,0.077,89,20261099,30,broad,catch_up
observed_gain,1000,0.8141298447042509,0.8729345099544262,0.021,0.077,89,20261099,30,broad,catch_up
post_score,1000,0.4078560402913317,0.23015239902231047,0.021,0.077,89,20261099,30,broad,catch_up
baseline,1000,0.5652468161747163,0.7663580657378221,0.282,0.423,90,20261100,5,easy,proportional
observed_gain,1000,-0.046224818800722746,0.038237418562249194,0.282,0.423,90,20261100,5,easy,proportional
post_score,1000,0.5327214703059311,0.8362396748640888,0.282,0.423,90,20261100,5,easy,proportional
baseline,1000,0.5658323177330423,0.832771132838742,0.266,0.396,90,20261100,10,easy,proportional
observed_gain,1000,-0.09934286042558678,-0.0513062106615986,0.266,0.396,90,20261100,10,easy,proportional
post_score,1000,0.5215410362139121,0.8734088929789476,0.266,0.396,90,20261100,10,easy,proportional
baseline,1000,0.541399799536208,0.8529662588167206,0.265,0.395,90,20261100,15,easy,proportional
observed_gain,1000,-0.1594991942985168,-0.15811735780598846,0.265,0.395,90,20261100,15,easy,proportional
post_score,1000,0.4900816001298974,0.879549125379762,0.265,0.395,90,20261100,15,easy,proportional
baseline,1000,0.5608340987334111,0.875985580820619,0.19,0.306,90,20261100,30,easy,proportional
observed_gain,1000,-0.21500127352976287,-0.20206066186250474,0.19,0.306,90,20261100,30,easy,proportional
post_score,1000,0.5060350674442342,0.906834689624512,0.19,0.306,90,20261100,30,easy,proportional
baseline,1000,0.5697205056561846,0.550491428331854,0.073,0.14,90,20261100,5,broad,proportional
observed_gain,1000,0.14704468078174648,0.24510777757052915,0.073,0.14,90,20261100,5,broad,proportional
post_score,1000,0.6474887858026352,0.7487025211594885,0.073,0.14,90,20261100,5,broad,proportional
baseline,1000,0.632803757400476,0.7624425719631748,0.065,0.125,90,20261100,10,broad,proportional
observed_gain,1000,0.08438697339001125,0.20145634823820058,0.065,0.125,90,20261100,10,broad,proportional
post_score,1000,0.6526890472596893,0.862975597520908,0.065,0.125,90,20261100,10,broad,proportional
baseline,1000,0.6156802627129108,0.8313008819681036,0.065,0.125,90,20261100,15,broad,proportional
observed_gain,1000,0.002603636439239799,0.08290806008151648,0.065,0.125,90,20261100,15,broad,proportional
post_score,1000,0.61232609725798,0.8918641632265077,0.065,0.125,90,20261100,15,broad,proportional
baseline,1000,0.6507224303838534,0.8628442401984534,0.032,0.071,90,20261100,30,broad,proportional
observed_gain,1000,-0.006350615574112593,0.11290031115198534,0.032,0.071,90,20261100,30,broad,proportional
post_score,1000,0.6348574454470927,0.9232472523449186,0.032,0.071,90,20261100,30,broad,proportional
baseline,1000,0.026123544112673404,0.01262701964812295,0.282,0.499,90,20261100,5,easy,additive
observed_gain,1000,0.23649418509854062,0.24288701900688453,0.282,0.499,90,20261100,5,easy,additive
post_score,1000,0.3068179512484407,0.30299324710056014,0.282,0.499,90,20261100,5,easy,additive
baseline,1000,0.02261978648254634,0.012236794049653454,0.266,0.459,90,20261100,10,easy,additive
observed_gain,1000,0.22525242648767344,0.22890234945124419,0.266,0.459,90,20261100,10,easy,additive
post_score,1000,0.33862499886272374,0.3393164922069697,0.266,0.459,90,20261100,10,easy,additive
baseline,1000,0.0308155619943868,0.01835229635662806,0.265,0.459,90,20261100,15,easy,additive
observed_gain,1000,0.16202818106846276,0.1659554620348808,0.265,0.459,90,20261100,15,easy,additive
post_score,1000,0.3474084700554298,0.3450900626377122,0.265,0.459,90,20261100,15,easy,additive
baseline,1000,0.029387672750017666,0.012289090335064588,0.19,0.317,90,20261100,30,easy,additive
observed_gain,1000,0.17663254171245166,0.17221675295683048,0.19,0.317,90,20261100,30,easy,additive
post_score,1000,0.3672791444207463,0.34878602854669916,0.19,0.317,90,20261100,30,easy,additive
baseline,1000,0.022288566345554543,0.015958086819283603,0.073,0.114,90,20261100,5,broad,additive
observed_gain,1000,0.22595573212660536,0.19364991199438553,0.073,0.114,90,20261100,5,broad,additive
post_score,1000,0.24975321723414884,0.22570805109786413,0.073,0.114,90,20261100,5,broad,additive
baseline,1000,0.01780126812974018,0.008161852625548327,0.065,0.098,90,20261100,10,broad,additive
observed_gain,1000,0.2974037353535659,0.30130012468636225,0.065,0.098,90,20261100,10,broad,additive
post_score,1000,0.3146934714533358,0.29479282526726674,0.065,0.098,90,20261100,10,broad,additive
baseline,1000,0.022962591079500962,0.011645663478620656,0.065,0.098,90,20261100,15,broad,additive
observed_gain,1000,0.2498065638012532,0.2627147254124864,0.065,0.098,90,20261100,15,broad,additive
post_score,1000,0.3325463746326063,0.31100948608797563,0.065,0.098,90,20261100,15,broad,additive
baseline,1000,0.020563750050073215,0.008524783341735903,0.032,0.047,90,20261100,30,broad,additive
observed_gain,1000,0.31251236584773623,0.31059396796261585,0.032,0.047,90,20261100,30,broad,additive
post_score,1000,0.3561182245847324,0.324427121892086,0.032,0.047,90,20261100,30,broad,additive
baseline,1000,-0.6039338555433962,-0.738961669080525,0.282,0.756,90,20261100,5,easy,catch_up
observed_gain,1000,0.6465130335152159,0.7592554536454443,0.282,0.756,90,20261100,5,easy,catch_up
post_score,1000,0.18839968741465601,0.12925714880278671,0.282,0.756,90,20261100,5,easy,catch_up
baseline,1000,-0.6944107513180082,-0.7956787980443247,0.266,0.718,90,20261100,10,easy,catch_up
observed_gain,1000,0.7271886779027581,0.8097658452639334,0.266,0.718,90,20261100,10,easy,catch_up
post_score,1000,0.20392409353839794,0.142331667776371,0.266,0.718,90,20261100,10,easy,catch_up
baseline,1000,-0.7110368101065335,-0.8059076294434648,0.265,0.715,90,20261100,15,easy,catch_up
observed_gain,1000,0.7364127922913681,0.8172111426619918,0.265,0.715,90,20261100,15,easy,catch_up
post_score,1000,0.20465696317116058,0.14248419109997865,0.265,0.715,90,20261100,15,easy,catch_up
baseline,1000,-0.7327365138992756,-0.8363717076509464,0.19,0.558,90,20261100,30,easy,catch_up
observed_gain,1000,0.7626685814829238,0.8488567872592478,0.19,0.558,90,20261100,30,easy,catch_up
post_score,1000,0.2578237024677683,0.19579387519334215,0.19,0.558,90,20261100,30,easy,catch_up
baseline,1000,-0.39233705800284907,-0.528683254870677,0.073,0.214,90,20261100,5,broad,catch_up
observed_gain,1000,0.5824000344202741,0.6192331462471337,0.073,0.214,90,20261100,5,broad,catch_up
post_score,1000,0.35613717752072926,0.2062064361787991,0.073,0.214,90,20261100,5,broad,catch_up
baseline,1000,-0.5901122538928042,-0.7356672472183196,0.065,0.195,90,20261100,10,broad,catch_up
observed_gain,1000,0.7203017527159618,0.7749127574137691,0.065,0.195,90,20261100,10,broad,catch_up
post_score,1000,0.37063204517466475,0.2237155938587543,0.065,0.195,90,20261100,10,broad,catch_up
baseline,1000,-0.6804219103393703,-0.7970380043160604,0.065,0.195,90,20261100,15,broad,catch_up
observed_gain,1000,0.7650166056428358,0.8092887342764956,0.065,0.195,90,20261100,15,broad,catch_up
post_score,1000,0.36949366984780857,0.2229307404957515,0.065,0.195,90,20261100,15,broad,catch_up
baseline,1000,-0.7039098842457895,-0.8327039337850425,0.032,0.085,90,20261100,30,broad,catch_up
observed_gain,1000,0.8096609922771031,0.8671263287492155,0.032,0.085,90,20261100,30,broad,catch_up
post_score,1000,0.42016609687060924,0.2495462812277051,0.032,0.085,90,20261100,30,broad,catch_up
baseline,1000,0.4649207010421972,0.7264352800424777,0.387,0.516,91,20261101,5,easy,proportional
observed_gain,1000,-0.03838588310975883,-0.005698428262765248,0.387,0.516,91,20261101,5,easy,proportional
post_score,1000,0.4299648872579862,0.7862518000821711,0.387,0.516,91,20261101,5,easy,proportional
baseline,1000,0.5105934120787039,0.8157212712196864,0.288,0.431,91,20261101,10,easy,proportional
observed_gain,1000,-0.0824316045001949,-0.030892920976882884,0.288,0.431,91,20261101,10,easy,proportional
post_score,1000,0.45705933246016744,0.85339564951153,0.288,0.431,91,20261101,10,easy,proportional
baseline,1000,0.5062183871933474,0.838159959950403,0.251,0.393,91,20261101,15,easy,proportional
observed_gain,1000,-0.11407142672458968,-0.06276748531351882,0.251,0.393,91,20261101,15,easy,proportional
post_score,1000,0.4507606235033749,0.8726761018454997,0.251,0.393,91,20261101,15,easy,proportional
baseline,1000,0.521094349332642,0.867180998336758,0.186,0.309,91,20261101,30,easy,proportional
observed_gain,1000,-0.18703032208356637,-0.13476884923961352,0.186,0.309,91,20261101,30,easy,proportional
post_score,1000,0.4629351537086068,0.9119745825976423,0.186,0.309,91,20261101,30,easy,proportional
baseline,1000,0.5085928130639898,0.6453879998749475,0.145,0.232,91,20261101,5,broad,proportional
observed_gain,1000,0.043845039229371,0.13929763659591016,0.145,0.232,91,20261101,5,broad,proportional
post_score,1000,0.5174349642848503,0.7539787884478694,0.145,0.232,91,20261101,5,broad,proportional
baseline,1000,0.5980820371429135,0.7887828938046731,0.076,0.162,91,20261101,10,broad,proportional
observed_gain,1000,0.02669162280981634,0.15920111476595022,0.076,0.162,91,20261101,10,broad,proportional
post_score,1000,0.5772146366852211,0.8657088225397914,0.076,0.162,91,20261101,10,broad,proportional
baseline,1000,0.5889400693916432,0.8269489857778533,0.045,0.122,91,20261101,15,broad,proportional
observed_gain,1000,0.019442277492917548,0.12313375129043962,0.045,0.122,91,20261101,15,broad,proportional
post_score,1000,0.571079579162182,0.8882567933996751,0.045,0.122,91,20261101,15,broad,proportional
baseline,1000,0.6132795702128755,0.8647857366520035,0.02,0.085,91,20261101,30,broad,proportional
observed_gain,1000,0.0024781334980840224,0.1314495651119329,0.02,0.085,91,20261101,30,broad,proportional
post_score,1000,0.593481913461884,0.92793500298926,0.02,0.085,91,20261101,30,broad,proportional
baseline,1000,0.06261639123944492,0.04958814985260568,0.387,0.635,91,20261101,5,easy,additive
observed_gain,1000,0.1375210038078205,0.1280459620832662,0.387,0.635,91,20261101,5,easy,additive
post_score,1000,0.30018687451055137,0.30043502815609835,0.387,0.635,91,20261101,5,easy,additive
baseline,1000,0.06020763443886943,0.05146073910766434,0.288,0.511,91,20261101,10,easy,additive
observed_gain,1000,0.1723034862945694,0.16762358283410111,0.288,0.511,91,20261101,10,easy,additive
post_score,1000,0.349378629324942,0.3487829035766456,0.288,0.511,91,20261101,10,easy,additive
baseline,1000,0.05683708456918528,0.053996845528210304,0.251,0.453,91,20261101,15,easy,additive
observed_gain,1000,0.15758184524957947,0.1476231378774754,0.251,0.453,91,20261101,15,easy,additive
post_score,1000,0.37074722043933794,0.37772302232878613,0.251,0.453,91,20261101,15,easy,additive
baseline,1000,0.060168850089510874,0.053217124798126736,0.186,0.327,91,20261101,30,easy,additive
observed_gain,1000,0.1589261956676218,0.14133309200824318,0.186,0.327,91,20261101,30,easy,additive
post_score,1000,0.3849643343241657,0.3920341851414946,0.186,0.327,91,20261101,30,easy,additive
baseline,1000,0.07227148497853117,0.057731710478059924,0.145,0.221,91,20261101,5,broad,additive
observed_gain,1000,0.18314663437093187,0.19908540588718257,0.145,0.221,91,20261101,5,broad,additive
post_score,1000,0.3083274787812441,0.30353298122806815,0.145,0.221,91,20261101,5,broad,additive
baseline,1000,0.08893123522835411,0.08031935974631306,0.076,0.128,91,20261101,10,broad,additive
observed_gain,1000,0.27088563912739233,0.27302236704712857,0.076,0.128,91,20261101,10,broad,additive
post_score,1000,0.37637448217181524,0.36843732701974613,0.076,0.128,91,20261101,10,broad,additive
baseline,1000,0.0725773786065926,0.06419507336097692,0.045,0.085,91,20261101,15,broad,additive
observed_gain,1000,0.2517290141982109,0.26259161560945743,0.045,0.085,91,20261101,15,broad,additive
post_score,1000,0.3838721736553348,0.37945073661331785,0.045,0.085,91,20261101,15,broad,additive
baseline,1000,0.07639224781002334,0.06462825564397706,0.02,0.042,91,20261101,30,broad,additive
observed_gain,1000,0.30438667935450747,0.318275973701266,0.02,0.042,91,20261101,30,broad,additive
post_score,1000,0.41790844583524533,0.40596256017399607,0.02,0.042,91,20261101,30,broad,additive
baseline,1000,-0.5825699430302176,-0.7008521405325379,0.387,0.837,91,20261101,5,easy,catch_up
observed_gain,1000,0.6001859293871601,0.6895861763023551,0.387,0.837,91,20261101,5,easy,catch_up
post_score,1000,0.13501836649524263,0.07874896564691077,0.387,0.837,91,20261101,5,easy,catch_up
baseline,1000,-0.6768125350398245,-0.78985158312094,0.288,0.746,91,20261101,10,easy,catch_up
observed_gain,1000,0.7069969232958317,0.7948672573758457,0.288,0.746,91,20261101,10,easy,catch_up
post_score,1000,0.17668035442387228,0.1080765820212601,0.288,0.746,91,20261101,10,easy,catch_up
baseline,1000,-0.7045592373849572,-0.8050206871344687,0.251,0.693,91,20261101,15,easy,catch_up
observed_gain,1000,0.733500231688537,0.8082893863126479,0.251,0.693,91,20261101,15,easy,catch_up
post_score,1000,0.1981786025535865,0.12251537149453554,0.251,0.693,91,20261101,15,easy,catch_up
baseline,1000,-0.735114322709662,-0.8350258705752172,0.186,0.562,91,20261101,30,easy,catch_up
observed_gain,1000,0.7630870403968735,0.8440175644888451,0.186,0.562,91,20261101,30,easy,catch_up
post_score,1000,0.25578586238868845,0.1727950849063346,0.186,0.562,91,20261101,30,easy,catch_up
baseline,1000,-0.4826311644357893,-0.6191866830723867,0.145,0.341,91,20261101,5,broad,catch_up
observed_gain,1000,0.5647423485281196,0.6262174145575219,0.145,0.341,91,20261101,5,broad,catch_up
post_score,1000,0.25946002703622495,0.14315451981756455,0.145,0.341,91,20261101,5,broad,catch_up
baseline,1000,-0.5927420117636091,-0.7446991654387745,0.076,0.213,91,20261101,10,broad,catch_up
observed_gain,1000,0.7036777224255676,0.7712061210791672,0.076,0.213,91,20261101,10,broad,catch_up
post_score,1000,0.3098226468007691,0.15183018618173755,0.076,0.213,91,20261101,10,broad,catch_up
baseline,1000,-0.663952306538098,-0.7903459302982316,0.045,0.143,91,20261101,15,broad,catch_up
observed_gain,1000,0.759197664896282,0.8084356823204415,0.045,0.143,91,20261101,15,broad,catch_up
post_score,1000,0.3406362917782935,0.16960202657832804,0.045,0.143,91,20261101,15,broad,catch_up
baseline,1000,-0.6999057004580653,-0.8300309334006968,0.02,0.068,91,20261101,30,broad,catch_up
observed_gain,1000,0.8040485063662758,0.8702424632189477,0.02,0.068,91,20261101,30,broad,catch_up
post_score,1000,0.3940203276045259,0.21854789584625528,0.02,0.068,91,20261101,30,broad,catch_up
baseline,1000,0.461652270407176,0.752358352019333,0.513,0.663,92,20261102,5,easy,proportional
observed_gain,1000,-0.15131482425094378,-0.20865300086818622,0.513,0.663,92,20261102,5,easy,proportional
post_score,1000,0.3982824131348091,0.7466283061975004,0.513,0.663,92,20261102,5,easy,proportional
baseline,1000,0.5324386201517274,0.8098372755245582,0.303,0.465,92,20261102,10,easy,proportional
observed_gain,1000,-0.14693985795448955,-0.15901695703557767,0.303,0.465,92,20261102,10,easy,proportional
post_score,1000,0.47731711343115996,0.8341982563785879,0.303,0.465,92,20261102,10,easy,proportional
baseline,1000,0.5335454232732334,0.8310711029945439,0.283,0.43,92,20261102,15,easy,proportional
observed_gain,1000,-0.18521552651553932,-0.19654759526651985,0.283,0.43,92,20261102,15,easy,proportional
post_score,1000,0.47636840640875777,0.8533969063588241,0.283,0.43,92,20261102,15,easy,proportional
baseline,1000,0.5512740442505162,0.8625815637266323,0.206,0.331,92,20261102,30,easy,proportional
observed_gain,1000,-0.23595483157346162,-0.23105459523778377,0.206,0.331,92,20261102,30,easy,proportional
post_score,1000,0.4953254399426415,0.8889454738504583,0.206,0.331,92,20261102,30,easy,proportional
baseline,1000,0.5255236634714694,0.7477735831893707,0.323,0.488,92,20261102,5,broad,proportional
observed_gain,1000,-0.0922776695229495,-0.07944616644409098,0.323,0.488,92,20261102,5,broad,proportional
post_score,1000,0.48531588705226214,0.7879470966057407,0.323,0.488,92,20261102,5,broad,proportional
baseline,1000,0.5979969440224443,0.7885024378139226,0.089,0.188,92,20261102,10,broad,proportional
observed_gain,1000,-0.003423806474270747,0.06110462100808482,0.089,0.188,92,20261102,10,broad,proportional
post_score,1000,0.5936057489256584,0.856655710677139,0.089,0.188,92,20261102,10,broad,proportional
baseline,1000,0.6120825204628783,0.8226809244981156,0.081,0.174,92,20261102,15,broad,proportional
observed_gain,1000,-0.03680849490221039,0.04885919865130485,0.081,0.174,92,20261102,15,broad,proportional
post_score,1000,0.5979284293944828,0.8918228048735753,0.081,0.174,92,20261102,15,broad,proportional
baseline,1000,0.6430283518783328,0.8579245866728192,0.035,0.098,92,20261102,30,broad,proportional
observed_gain,1000,-0.03787845088019513,0.07732017036012215,0.035,0.098,92,20261102,30,broad,proportional
post_score,1000,0.6243883796524008,0.9205892657972771,0.035,0.098,92,20261102,30,broad,proportional
baseline,1000,-0.03963612069794221,-0.030481981055998465,0.513,0.826,92,20261102,5,easy,additive
observed_gain,1000,0.13272982840733588,0.12207142221254585,0.513,0.826,92,20261102,5,easy,additive
post_score,1000,0.22307454687856718,0.23671539011084705,0.513,0.826,92,20261102,5,easy,additive
baseline,1000,-0.043023188540588994,-0.03169307380514998,0.303,0.57,92,20261102,10,easy,additive
observed_gain,1000,0.21299447155012954,0.1817677512239269,0.303,0.57,92,20261102,10,easy,additive
post_score,1000,0.293245764495515,0.2847639228750083,0.303,0.57,92,20261102,10,easy,additive
baseline,1000,-0.03825131280793534,-0.03147067732194108,0.283,0.529,92,20261102,15,easy,additive
observed_gain,1000,0.20448816603235714,0.177347768238342,0.283,0.529,92,20261102,15,easy,additive
post_score,1000,0.3070682643038804,0.29248833759452203,0.283,0.529,92,20261102,15,easy,additive
baseline,1000,-0.04180082219605597,-0.03517684857193157,0.206,0.377,92,20261102,30,easy,additive
observed_gain,1000,0.22748352819846915,0.19024938961377383,0.206,0.377,92,20261102,30,easy,additive
post_score,1000,0.3231066083843567,0.29744754244728283,0.206,0.377,92,20261102,30,easy,additive
baseline,1000,-0.046271569294914314,-0.038982443165919915,0.323,0.583,92,20261102,5,broad,additive
observed_gain,1000,0.22148462886423376,0.1934214279533561,0.323,0.583,92,20261102,5,broad,additive
post_score,1000,0.24567187723927802,0.22161933597056796,0.323,0.583,92,20261102,5,broad,additive
baseline,1000,-0.032572697907313083,-0.028720464582212602,0.089,0.167,92,20261102,10,broad,additive
observed_gain,1000,0.2885235791208281,0.260902533217302,0.089,0.167,92,20261102,10,broad,additive
post_score,1000,0.2890388096683112,0.2692857268830998,0.089,0.167,92,20261102,10,broad,additive
baseline,1000,-0.04110567895200085,-0.03473516426449747,0.081,0.151,92,20261102,15,broad,additive
observed_gain,1000,0.34035372561942506,0.3055138623243354,0.081,0.151,92,20261102,15,broad,additive
post_score,1000,0.322128492228106,0.29479885253688004,0.081,0.151,92,20261102,15,broad,additive
baseline,1000,-0.03516324193911969,-0.029037625044361897,0.035,0.06,92,20261102,30,broad,additive
observed_gain,1000,0.3768574177277975,0.33303486433774915,0.035,0.06,92,20261102,30,broad,additive
post_score,1000,0.344712263039871,0.31329244804271383,0.035,0.06,92,20261102,30,broad,additive
baseline,1000,-0.6646739627078944,-0.7398417078578375,0.513,0.96,92,20261102,5,easy,catch_up
observed_gain,1000,0.6669488027087218,0.7339831305829899,0.513,0.96,92,20261102,5,easy,catch_up
post_score,1000,0.06955715822951487,0.03310732100039416,0.513,0.96,92,20261102,5,easy,catch_up
baseline,1000,-0.6890978092638639,-0.8043439480607061,0.303,0.8,92,20261102,10,easy,catch_up
observed_gain,1000,0.7055260761726289,0.7973700652447382,0.303,0.8,92,20261102,10,easy,catch_up
post_score,1000,0.1870881955780292,0.12693247015051096,0.303,0.8,92,20261102,10,easy,catch_up
baseline,1000,-0.7077255991477348,-0.8226240303443658,0.283,0.772,92,20261102,15,easy,catch_up
observed_gain,1000,0.7240398894609676,0.8169841266974289,0.283,0.772,92,20261102,15,easy,catch_up
post_score,1000,0.19890787337056184,0.13439768241611627,0.283,0.772,92,20261102,15,easy,catch_up
baseline,1000,-0.7307921830677531,-0.851823262389242,0.206,0.609,92,20261102,30,easy,catch_up
observed_gain,1000,0.7497966858106712,0.8523128729441136,0.206,0.609,92,20261102,30,easy,catch_up
post_score,1000,0.24217107078493308,0.16202938143982448,0.206,0.609,92,20261102,30,easy,catch_up
baseline,1000,-0.6338139751847863,-0.74920086352732,0.323,0.82,92,20261102,5,broad,catch_up
observed_gain,1000,0.6516445667841871,0.7454228828036412,0.323,0.82,92,20261102,5,broad,catch_up
post_score,1000,0.17042549890511305,0.12291774545476951,0.323,0.82,92,20261102,5,broad,catch_up
baseline,1000,-0.6326261668037682,-0.7804009421415096,0.089,0.311,92,20261102,10,broad,catch_up
observed_gain,1000,0.7122467030722642,0.7846586843999711,0.089,0.311,92,20261102,10,broad,catch_up
post_score,1000,0.33040468675110807,0.2051563029085427,0.089,0.311,92,20261102,10,broad,catch_up
baseline,1000,-0.6629244114952189,-0.8214960381895643,0.081,0.281,92,20261102,15,broad,catch_up
observed_gain,1000,0.7369986680804771,0.8323593990660607,0.081,0.281,92,20261102,15,broad,catch_up
post_score,1000,0.3334294687174452,0.206521816387903,0.081,0.281,92,20261102,15,broad,catch_up
baseline,1000,-0.691356768062374,-0.8411676575938694,0.035,0.11,92,20261102,30,broad,catch_up
observed_gain,1000,0.7880230624063552,0.8703532946771457,0.035,0.11,92,20261102,30,broad,catch_up
post_score,1000,0.3990509993732628,0.2247970914657718,0.035,0.11,92,20261102,30,broad,catch_up
baseline,1000,0.5079437363786615,0.7424949777478448,0.37,0.513,93,20261103,5,easy,proportional
observed_gain,1000,-0.09660345002820012,-0.09989021001110937,0.37,0.513,93,20261103,5,easy,proportional
post_score,1000,0.4877270549347581,0.7983834321698486,0.37,0.513,93,20261103,5,easy,proportional
baseline,1000,0.5535448893089046,0.8111252371578769,0.284,0.431,93,20261103,10,easy,proportional
observed_gain,1000,-0.13105659576020062,-0.1338674763261034,0.284,0.431,93,20261103,10,easy,proportional
post_score,1000,0.5250621086112242,0.8579661894394799,0.284,0.431,93,20261103,10,easy,proportional
baseline,1000,0.5547390247620915,0.8249584206950328,0.243,0.391,93,20261103,15,easy,proportional
observed_gain,1000,-0.1419999701158558,-0.12615895530954238,0.243,0.391,93,20261103,15,easy,proportional
post_score,1000,0.5277734276542767,0.8807623505753506,0.243,0.391,93,20261103,15,easy,proportional
baseline,1000,0.5683559819705537,0.8556296672722635,0.178,0.316,93,20261103,30,easy,proportional
observed_gain,1000,-0.1770478214893008,-0.15771186077759924,0.178,0.316,93,20261103,30,easy,proportional
post_score,1000,0.5304483545070754,0.9082982886527843,0.178,0.316,93,20261103,30,easy,proportional
baseline,1000,0.5340798964070447,0.6418496201024962,0.131,0.239,93,20261103,5,broad,proportional
observed_gain,1000,0.038960013071370064,0.08038879379902766,0.131,0.239,93,20261103,5,broad,proportional
post_score,1000,0.5713157844915545,0.7417438061707048,0.131,0.239,93,20261103,5,broad,proportional
baseline,1000,0.6096163275233213,0.7358994263185219,0.075,0.165,93,20261103,10,broad,proportional
observed_gain,1000,0.05034601415019523,0.14038830835636149,0.075,0.165,93,20261103,10,broad,proportional
post_score,1000,0.6344402429259854,0.8394229582685352,0.075,0.165,93,20261103,10,broad,proportional
baseline,1000,0.620642571315905,0.7812836940491447,0.043,0.119,93,20261103,15,broad,proportional
observed_gain,1000,0.07061125468211372,0.15910872968508508,0.043,0.119,93,20261103,15,broad,proportional
post_score,1000,0.6486364173792318,0.8718361652559976,0.043,0.119,93,20261103,15,broad,proportional
baseline,1000,0.6517064704489546,0.8406716966774241,0.02,0.068,93,20261103,30,broad,proportional
observed_gain,1000,0.09248303911859308,0.2086395239122354,0.02,0.068,93,20261103,30,broad,proportional
post_score,1000,0.6636731222943523,0.9110461454444405,0.02,0.068,93,20261103,30,broad,proportional
baseline,1000,-0.015342192221174325,-0.017107715040962083,0.37,0.639,93,20261103,5,easy,additive
observed_gain,1000,0.18565766534024405,0.16168484900805036,0.37,0.639,93,20261103,5,easy,additive
post_score,1000,0.23826494165117706,0.23917078172270467,0.37,0.639,93,20261103,5,easy,additive
baseline,1000,-0.013508499413790537,-0.012722723192792716,0.284,0.509,93,20261103,10,easy,additive
observed_gain,1000,0.22056453662752531,0.1935668181671112,0.284,0.509,93,20261103,10,easy,additive
post_score,1000,0.28220520406585964,0.27474393745572556,0.284,0.509,93,20261103,10,easy,additive
baseline,1000,-0.024684662182838026,-0.028993111865340152,0.243,0.442,93,20261103,15,easy,additive
observed_gain,1000,0.23753544990332973,0.20396569010753265,0.243,0.442,93,20261103,15,easy,additive
post_score,1000,0.2956844260488589,0.2808431282437247,0.243,0.442,93,20261103,15,easy,additive
baseline,1000,-0.02024296024859291,-0.029882855959666554,0.178,0.331,93,20261103,30,easy,additive
observed_gain,1000,0.2545007011699718,0.2267158871356344,0.178,0.331,93,20261103,30,easy,additive
post_score,1000,0.32355157647620186,0.3096136908304367,0.178,0.331,93,20261103,30,easy,additive
baseline,1000,-0.028056865617726166,-0.04505432188781426,0.131,0.229,93,20261103,5,broad,additive
observed_gain,1000,0.2094397613518031,0.18521034867639105,0.131,0.229,93,20261103,5,broad,additive
post_score,1000,0.2124764991792668,0.1711610312101624,0.131,0.229,93,20261103,5,broad,additive
baseline,1000,-0.0313716363390068,-0.0421801995445972,0.075,0.138,93,20261103,10,broad,additive
observed_gain,1000,0.3126105317426837,0.27917437563242237,0.075,0.138,93,20261103,10,broad,additive
post_score,1000,0.26559514789333694,0.22072647584958854,0.075,0.138,93,20261103,10,broad,additive
baseline,1000,-0.03782968758197988,-0.04989415044871247,0.043,0.092,93,20261103,15,broad,additive
observed_gain,1000,0.32705409434836785,0.29535261693733117,0.043,0.092,93,20261103,15,broad,additive
post_score,1000,0.270791494697461,0.22974677784327477,0.043,0.092,93,20261103,15,broad,additive
baseline,1000,-0.026977754188362686,-0.032311771118038284,0.02,0.044,93,20261103,30,broad,additive
observed_gain,1000,0.39450729962369085,0.35247212096647823,0.02,0.044,93,20261103,30,broad,additive
post_score,1000,0.3142044769085203,0.2733494298879431,0.02,0.044,93,20261103,30,broad,additive
baseline,1000,-0.5901802349322495,-0.7378340261596624,0.37,0.865,93,20261103,5,easy,catch_up
observed_gain,1000,0.605211570104924,0.7292685715229233,0.37,0.865,93,20261103,5,easy,catch_up
post_score,1000,0.1235789995615655,0.06961376552795119,0.37,0.865,93,20261103,5,easy,catch_up
baseline,1000,-0.6399130641691232,-0.8011816859534443,0.284,0.782,93,20261103,10,easy,catch_up
observed_gain,1000,0.6636014959281051,0.802039754304483,0.284,0.782,93,20261103,10,easy,catch_up
post_score,1000,0.15962369462811518,0.10630776002023576,0.284,0.782,93,20261103,10,easy,catch_up
baseline,1000,-0.6680212412700285,-0.8274465550293714,0.243,0.707,93,20261103,15,easy,catch_up
observed_gain,1000,0.6912175602614163,0.8273339092422558,0.243,0.707,93,20261103,15,easy,catch_up
post_score,1000,0.18057472571976596,0.10433028690480291,0.243,0.707,93,20261103,15,easy,catch_up
baseline,1000,-0.6891213497518033,-0.8554428584206535,0.178,0.555,93,20261103,30,easy,catch_up
observed_gain,1000,0.714883737668466,0.8634612096192882,0.178,0.555,93,20261103,30,easy,catch_up
post_score,1000,0.22454298310848556,0.1561796752217681,0.178,0.555,93,20261103,30,easy,catch_up
baseline,1000,-0.5021043134777475,-0.6610461116586601,0.131,0.369,93,20261103,5,broad,catch_up
observed_gain,1000,0.5759285879389231,0.640145471684987,0.131,0.369,93,20261103,5,broad,catch_up
post_score,1000,0.24589260623969067,0.10746690402241503,0.131,0.369,93,20261103,5,broad,catch_up
baseline,1000,-0.5575766972217142,-0.7527921795934346,0.075,0.244,93,20261103,10,broad,catch_up
observed_gain,1000,0.6635455341508504,0.7639469823177598,0.075,0.244,93,20261103,10,broad,catch_up
post_score,1000,0.28969775028936123,0.1308506823517672,0.075,0.244,93,20261103,10,broad,catch_up
baseline,1000,-0.6169777621001846,-0.7978036994338406,0.043,0.15,93,20261103,15,broad,catch_up
observed_gain,1000,0.716678548693128,0.7948830257614152,0.043,0.15,93,20261103,15,broad,catch_up
post_score,1000,0.31176154529911704,0.12648332019963673,0.043,0.15,93,20261103,15,broad,catch_up
baseline,1000,-0.6528624798526435,-0.840377597405813,0.02,0.066,93,20261103,30,broad,catch_up
observed_gain,1000,0.7714785202444688,0.8662292336439519,0.02,0.066,93,20261103,30,broad,catch_up
post_score,1000,0.3529349138328418,0.14537180321405838,0.02,0.066,93,20261103,30,broad,catch_up
baseline,1000,0.49117435207569105,0.7922760357797981,0.472,0.599,94,20261104,5,easy,proportional
observed_gain,1000,-0.16416781663312463,-0.1991649681171581,0.472,0.599,94,20261104,5,easy,proportional
post_score,1000,0.4385909806068759,0.7899491873835153,0.472,0.599,94,20261104,5,easy,proportional
baseline,1000,0.5364270608982478,0.8443337221743304,0.332,0.488,94,20261104,10,easy,proportional
observed_gain,1000,-0.175644508400405,-0.19415782259472486,0.332,0.488,94,20261104,10,easy,proportional
post_score,1000,0.48520277228565506,0.8533439682489862,0.332,0.488,94,20261104,10,easy,proportional
baseline,1000,0.547049817160293,0.8545627555900052,0.269,0.437,94,20261104,15,easy,proportional
observed_gain,1000,-0.17920685203429196,-0.18304354406355466,0.269,0.437,94,20261104,15,easy,proportional
post_score,1000,0.5000496222059488,0.8760073139519967,0.269,0.437,94,20261104,15,easy,proportional
baseline,1000,0.578776019250235,0.8800536107995547,0.178,0.327,94,20261104,30,easy,proportional
observed_gain,1000,-0.20418249050667597,-0.19004677255421654,0.178,0.327,94,20261104,30,easy,proportional
post_score,1000,0.5254841600882444,0.9092149244038804,0.178,0.327,94,20261104,30,easy,proportional
baseline,1000,0.5506991596557484,0.7690661757730423,0.289,0.406,94,20261104,5,broad,proportional
observed_gain,1000,-0.0796535719064706,-0.04007005957346408,0.289,0.406,94,20261104,5,broad,proportional
post_score,1000,0.5362791003327375,0.8328795659823062,0.289,0.406,94,20261104,5,broad,proportional
baseline,1000,0.6026154402068133,0.8184025439713328,0.128,0.248,94,20261104,10,broad,proportional
observed_gain,1000,-0.03241880346104247,0.025038079520310022,0.128,0.248,94,20261104,10,broad,proportional
post_score,1000,0.5990208792854701,0.8793797333477337,0.128,0.248,94,20261104,10,broad,proportional
baseline,1000,0.62033881863908,0.8377587412412313,0.066,0.182,94,20261104,15,broad,proportional
observed_gain,1000,-0.012154164487913649,0.05568564746279519,0.066,0.182,94,20261104,15,broad,proportional
post_score,1000,0.6204168838053535,0.902922863056863,0.066,0.182,94,20261104,15,broad,proportional
baseline,1000,0.6662449289996636,0.8702932571042341,0.022,0.081,94,20261104,30,broad,proportional
observed_gain,1000,0.04535132156300379,0.17395736850739243,0.022,0.081,94,20261104,30,broad,proportional
post_score,1000,0.6564245719969621,0.9308879127619705,0.022,0.081,94,20261104,30,broad,proportional
baseline,1000,0.021456220275703725,0.01300903911032895,0.472,0.766,94,20261104,5,easy,additive
observed_gain,1000,0.11192333744662465,0.1475874858138186,0.472,0.766,94,20261104,5,easy,additive
post_score,1000,0.26309364990331074,0.29308702343265985,0.472,0.766,94,20261104,5,easy,additive
baseline,1000,0.027916334550733217,0.01636712231746157,0.332,0.592,94,20261104,10,easy,additive
observed_gain,1000,0.1412824657014001,0.1539948041084775,0.332,0.592,94,20261104,10,easy,additive
post_score,1000,0.3054719377770902,0.30620834110902967,0.332,0.592,94,20261104,10,easy,additive
baseline,1000,0.018072200489306724,-0.0016454570666644198,0.269,0.504,94,20261104,15,easy,additive
observed_gain,1000,0.16198465455033367,0.18412103512188163,0.269,0.504,94,20261104,15,easy,additive
post_score,1000,0.3183930567856242,0.3059908538688811,0.269,0.504,94,20261104,15,easy,additive
baseline,1000,0.019531978784970407,-1.7451868380590502e-4,0.178,0.34,94,20261104,30,easy,additive
observed_gain,1000,0.19816893285063916,0.20106470871230367,0.178,0.34,94,20261104,30,easy,additive
post_score,1000,0.34099013017683255,0.3182014629197483,0.178,0.34,94,20261104,30,easy,additive
baseline,1000,0.03517661858672672,0.018591969396615095,0.289,0.461,94,20261104,5,broad,additive
observed_gain,1000,0.1770540096375338,0.1858261120554209,0.289,0.461,94,20261104,5,broad,additive
post_score,1000,0.2872537528328296,0.28279566949211665,0.289,0.461,94,20261104,5,broad,additive
baseline,1000,0.03834994677567777,0.014609657410027375,0.128,0.224,94,20261104,10,broad,additive
observed_gain,1000,0.22469569499185812,0.23549636190322448,0.128,0.224,94,20261104,10,broad,additive
post_score,1000,0.31442457499860543,0.28783548761086464,0.128,0.224,94,20261104,10,broad,additive
baseline,1000,0.024921178504804298,0.002617398641226133,0.066,0.145,94,20261104,15,broad,additive
observed_gain,1000,0.2696027125864467,0.27208199237257047,0.066,0.145,94,20261104,15,broad,additive
post_score,1000,0.3325666169144073,0.3008148504215292,0.066,0.145,94,20261104,15,broad,additive
baseline,1000,0.02589770584962922,0.0012534397347936704,0.022,0.05,94,20261104,30,broad,additive
observed_gain,1000,0.3570781298591319,0.35837889216600644,0.022,0.05,94,20261104,30,broad,additive
post_score,1000,0.3399259453192161,0.3033698457554123,0.022,0.05,94,20261104,30,broad,additive
baseline,1000,-0.6877449193302615,-0.7542824536209144,0.472,0.939,94,20261104,5,easy,catch_up
observed_gain,1000,0.6904591921482123,0.7517978171618318,0.472,0.939,94,20261104,5,easy,catch_up
post_score,1000,0.0971533655976193,0.0785922702676184,0.472,0.939,94,20261104,5,easy,catch_up
baseline,1000,-0.7112777987686639,-0.8047335581628824,0.332,0.834,94,20261104,10,easy,catch_up
observed_gain,1000,0.7288805071144371,0.8040079721800197,0.332,0.834,94,20261104,10,easy,catch_up
post_score,1000,0.15170330005452448,0.07995473135247194,0.332,0.834,94,20261104,10,easy,catch_up
baseline,1000,-0.7360771979708247,-0.8305388101560555,0.269,0.759,94,20261104,15,easy,catch_up
observed_gain,1000,0.7575941872800963,0.8319307014808922,0.269,0.759,94,20261104,15,easy,catch_up
post_score,1000,0.18306004613946544,0.09941843033374634,0.269,0.759,94,20261104,15,easy,catch_up
baseline,1000,-0.755738337778793,-0.8573304262990018,0.178,0.582,94,20261104,30,easy,catch_up
observed_gain,1000,0.7849584974587738,0.8674415394512917,0.178,0.582,94,20261104,30,easy,catch_up
post_score,1000,0.24011613733023432,0.15359194173126725,0.178,0.582,94,20261104,30,easy,catch_up
baseline,1000,-0.6303321430159637,-0.7370913240750322,0.289,0.699,94,20261104,5,broad,catch_up
observed_gain,1000,0.6683169761305044,0.734905302790153,0.289,0.699,94,20261104,5,broad,catch_up
post_score,1000,0.22059578867276794,0.14926462323823475,0.289,0.699,94,20261104,5,broad,catch_up
baseline,1000,-0.6605300013613977,-0.7851136005931824,0.128,0.402,94,20261104,10,broad,catch_up
observed_gain,1000,0.7272814839101596,0.7868988663382375,0.128,0.402,94,20261104,10,broad,catch_up
post_score,1000,0.2945067953152312,0.1800952674302969,0.128,0.402,94,20261104,10,broad,catch_up
baseline,1000,-0.6917134758800634,-0.8139650826484647,0.066,0.242,94,20261104,15,broad,catch_up
observed_gain,1000,0.7745612114331204,0.8189285658285955,0.066,0.242,94,20261104,15,broad,catch_up
post_score,1000,0.3353237004777996,0.1908876266077015,0.066,0.242,94,20261104,15,broad,catch_up
baseline,1000,-0.7018422495163508,-0.8497382074246701,0.022,0.098,94,20261104,30,broad,catch_up
observed_gain,1000,0.815937888736919,0.8791219583666293,0.022,0.098,94,20261104,30,broad,catch_up
post_score,1000,0.3900852609087657,0.22112772762079105,0.022,0.098,94,20261104,30,broad,catch_up
baseline,1000,0.5115345928260986,0.7726935361588879,0.411,0.561,95,20261105,5,easy,proportional
observed_gain,1000,-0.15693633943907637,-0.20079504734346038,0.411,0.561,95,20261105,5,easy,proportional
post_score,1000,0.45629821091171696,0.7624189856543633,0.411,0.561,95,20261105,5,easy,proportional
baseline,1000,0.5776102128781909,0.8315395267157618,0.256,0.411,95,20261105,10,easy,proportional
observed_gain,1000,-0.1524167469667698,-0.1338120981348146,0.256,0.411,95,20261105,10,easy,proportional
post_score,1000,0.5243766046085595,0.8499300266177586,0.256,0.411,95,20261105,10,easy,proportional
baseline,1000,0.5798887856735748,0.8502531926194127,0.231,0.372,95,20261105,15,easy,proportional
observed_gain,1000,-0.1736193496645768,-0.15509012375566011,0.231,0.372,95,20261105,15,easy,proportional
post_score,1000,0.5237010111637233,0.8756604480456078,0.231,0.372,95,20261105,15,easy,proportional
baseline,1000,0.570056358710628,0.8686491797258122,0.198,0.33,95,20261105,30,easy,proportional
observed_gain,1000,-0.24613264990818598,-0.2477381413162772,0.198,0.33,95,20261105,30,easy,proportional
post_score,1000,0.5108817889337005,0.8949818216644376,0.198,0.33,95,20261105,30,easy,proportional
baseline,1000,0.5337651268133211,0.7308819477621391,0.181,0.272,95,20261105,5,broad,proportional
observed_gain,1000,-0.04011467971199942,-0.04822905473879517,0.181,0.272,95,20261105,5,broad,proportional
post_score,1000,0.5388436664902633,0.768006357367928,0.181,0.272,95,20261105,5,broad,proportional
baseline,1000,0.607573087923538,0.7764894782647221,0.052,0.126,95,20261105,10,broad,proportional
observed_gain,1000,0.05612204263204011,0.12240639411128072,0.052,0.126,95,20261105,10,broad,proportional
post_score,1000,0.6260303741175942,0.8420478355206167,0.052,0.126,95,20261105,10,broad,proportional
baseline,1000,0.6333131640751329,0.8149766349870928,0.041,0.107,95,20261105,15,broad,proportional
observed_gain,1000,0.04166673295323218,0.13189017513057574,0.041,0.107,95,20261105,15,broad,proportional
post_score,1000,0.6389273729051392,0.8879330601983102,0.041,0.107,95,20261105,15,broad,proportional
baseline,1000,0.6517831549623944,0.8647460061097914,0.027,0.087,95,20261105,30,broad,proportional
observed_gain,1000,-0.0307670746371249,0.08809619734247316,0.027,0.087,95,20261105,30,broad,proportional
post_score,1000,0.6325772293889088,0.9204758397357853,0.027,0.087,95,20261105,30,broad,proportional
baseline,1000,0.005120178883583606,0.010275893995322164,0.411,0.692,95,20261105,5,easy,additive
observed_gain,1000,0.13364289077825758,0.10943073107231768,0.411,0.692,95,20261105,5,easy,additive
post_score,1000,0.2619129980484599,0.2628826033621524,0.411,0.692,95,20261105,5,easy,additive
baseline,1000,0.00640593658538323,0.006546011961848556,0.256,0.475,95,20261105,10,easy,additive
observed_gain,1000,0.19666869328322276,0.17856180176589417,0.256,0.475,95,20261105,10,easy,additive
post_score,1000,0.30538918440648105,0.28072833882688597,0.256,0.475,95,20261105,10,easy,additive
baseline,1000,8.105193287752707e-4,0.006939706460322883,0.231,0.426,95,20261105,15,easy,additive
observed_gain,1000,0.20435211580850687,0.17511201423418074,0.231,0.426,95,20261105,15,easy,additive
post_score,1000,0.3219605904317274,0.2997286370667328,0.231,0.426,95,20261105,15,easy,additive
baseline,1000,-0.007611714210428113,-0.0031247275348514018,0.198,0.357,95,20261105,30,easy,additive
observed_gain,1000,0.1900858037068425,0.15469020605465608,0.198,0.357,95,20261105,30,easy,additive
post_score,1000,0.3300591178792009,0.30613324140500525,0.198,0.357,95,20261105,30,easy,additive
baseline,1000,-0.014873322518199967,-0.010805704851263387,0.181,0.291,95,20261105,5,broad,additive
observed_gain,1000,0.17702226813785904,0.14957810363569674,0.181,0.291,95,20261105,5,broad,additive
post_score,1000,0.2361044156553667,0.20315453332244343,0.181,0.291,95,20261105,5,broad,additive
baseline,1000,-0.021168200918633844,-0.022172552625582372,0.052,0.092,95,20261105,10,broad,additive
observed_gain,1000,0.27091889636834876,0.2514908497721949,0.052,0.092,95,20261105,10,broad,additive
post_score,1000,0.2666813023738726,0.24012704378156363,0.052,0.092,95,20261105,10,broad,additive
baseline,1000,-0.022844910742726668,-0.019944293223480864,0.041,0.068,95,20261105,15,broad,additive
observed_gain,1000,0.319625786117738,0.2965206305364142,0.041,0.068,95,20261105,15,broad,additive
post_score,1000,0.3026992138704271,0.27328506288085286,0.041,0.068,95,20261105,15,broad,additive
baseline,1000,-0.014253052151000747,-0.01402651223670823,0.027,0.048,95,20261105,30,broad,additive
observed_gain,1000,0.33818914787867493,0.31344361443561397,0.027,0.048,95,20261105,30,broad,additive
post_score,1000,0.33421826336283184,0.30331385930619087,0.027,0.048,95,20261105,30,broad,additive
baseline,1000,-0.6469728000319623,-0.7393751536583735,0.411,0.88,95,20261105,5,easy,catch_up
observed_gain,1000,0.6598208333354432,0.7310472271298526,0.411,0.88,95,20261105,5,easy,catch_up
post_score,1000,0.13709238286680023,0.08707606409094262,0.411,0.88,95,20261105,5,easy,catch_up
baseline,1000,-0.6710359907975255,-0.7993802414589627,0.256,0.739,95,20261105,10,easy,catch_up
observed_gain,1000,0.701774309254281,0.8057859010686197,0.256,0.739,95,20261105,10,easy,catch_up
post_score,1000,0.19364497886168036,0.13401877810507296,0.256,0.739,95,20261105,10,easy,catch_up
baseline,1000,-0.6984293098663734,-0.8148670176163874,0.231,0.69,95,20261105,15,easy,catch_up
observed_gain,1000,0.7274935531714003,0.8252335410253832,0.231,0.69,95,20261105,15,easy,catch_up
post_score,1000,0.21434993536155209,0.157211722970615,0.231,0.69,95,20261105,15,easy,catch_up
baseline,1000,-0.7299299366068147,-0.8366028042676475,0.198,0.596,95,20261105,30,easy,catch_up
observed_gain,1000,0.7540373688617565,0.8458091248037083,0.198,0.596,95,20261105,30,easy,catch_up
post_score,1000,0.23066016174521808,0.15173817440210013,0.198,0.596,95,20261105,30,easy,catch_up
baseline,1000,-0.618552878891514,-0.715461998012948,0.181,0.434,95,20261105,5,broad,catch_up
observed_gain,1000,0.6536940870945857,0.6977834938074963,0.181,0.434,95,20261105,5,broad,catch_up
post_score,1000,0.2540794826201827,0.15056825604635335,0.181,0.434,95,20261105,5,broad,catch_up
baseline,1000,-0.6193103208833973,-0.775003358240087,0.052,0.171,95,20261105,10,broad,catch_up
observed_gain,1000,0.7147257295529742,0.7713540637406895,0.052,0.171,95,20261105,10,broad,catch_up
post_score,1000,0.3378823370436564,0.17997443869500956,0.052,0.171,95,20261105,10,broad,catch_up
baseline,1000,-0.6587344139157537,-0.8093950382157571,0.041,0.142,95,20261105,15,broad,catch_up
observed_gain,1000,0.7545115109600244,0.8149970974964913,0.041,0.142,95,20261105,15,broad,catch_up
post_score,1000,0.3616399766142433,0.18954991244662747,0.041,0.142,95,20261105,15,broad,catch_up
baseline,1000,-0.708661790887793,-0.8454262907834712,0.027,0.104,95,20261105,30,broad,catch_up
observed_gain,1000,0.7937007604212465,0.8721836786147303,0.027,0.104,95,20261105,30,broad,catch_up
post_score,1000,0.3848052394893741,0.20987113999355908,0.027,0.104,95,20261105,30,broad,catch_up
baseline,1000,0.4886987314888776,0.7606532320594928,0.456,0.573,96,20261106,5,easy,proportional
observed_gain,1000,-0.12835409719193808,-0.16442654162334805,0.456,0.573,96,20261106,5,easy,proportional
post_score,1000,0.4485585004726964,0.7672470863660749,0.456,0.573,96,20261106,5,easy,proportional
baseline,1000,0.5523764620500681,0.8325610506699451,0.322,0.47,96,20261106,10,easy,proportional
observed_gain,1000,-0.1585402267905573,-0.18170588173917704,0.322,0.47,96,20261106,10,easy,proportional
post_score,1000,0.5061575756287636,0.8597426248095849,0.322,0.47,96,20261106,10,easy,proportional
baseline,1000,0.5682323125131671,0.8624353282309712,0.261,0.415,96,20261106,15,easy,proportional
observed_gain,1000,-0.19819558201590062,-0.22577357441820756,0.261,0.415,96,20261106,15,easy,proportional
post_score,1000,0.5157821985761234,0.8783578700606648,0.261,0.415,96,20261106,15,easy,proportional
baseline,1000,0.574045629197551,0.8853203692025168,0.181,0.343,96,20261106,30,easy,proportional
observed_gain,1000,-0.2622918626962136,-0.2929464225086828,0.181,0.343,96,20261106,30,easy,proportional
post_score,1000,0.5173881662982711,0.903989074214593,0.181,0.343,96,20261106,30,easy,proportional
baseline,1000,0.5436979024372,0.7338070199005007,0.238,0.362,96,20261106,5,broad,proportional
observed_gain,1000,-0.047904462212725346,-0.04058049231342633,0.238,0.362,96,20261106,5,broad,proportional
post_score,1000,0.5233649692856952,0.757432322665046,0.238,0.362,96,20261106,5,broad,proportional
baseline,1000,0.6355384982572333,0.8141094877737933,0.117,0.222,96,20261106,10,broad,proportional
observed_gain,1000,-0.03358868251087769,0.04571151104336906,0.117,0.222,96,20261106,10,broad,proportional
post_score,1000,0.613453757953825,0.8677552433369258,0.117,0.222,96,20261106,10,broad,proportional
baseline,1000,0.6553425835279514,0.8490089502564164,0.082,0.172,96,20261106,15,broad,proportional
observed_gain,1000,-0.030749265950503646,0.05004215731922816,0.082,0.172,96,20261106,15,broad,proportional
post_score,1000,0.6335880250972922,0.8983153840470549,0.082,0.172,96,20261106,15,broad,proportional
baseline,1000,0.6628887047851906,0.8793800299547267,0.044,0.116,96,20261106,30,broad,proportional
observed_gain,1000,-0.060552623547270965,0.015177868258176448,0.044,0.116,96,20261106,30,broad,proportional
post_score,1000,0.638359835510829,0.9247868373593041,0.044,0.116,96,20261106,30,broad,proportional
baseline,1000,-0.014394098562353538,-0.024433930942324086,0.456,0.716,96,20261106,5,easy,additive
observed_gain,1000,0.11913099844234327,0.12464339253143579,0.456,0.716,96,20261106,5,easy,additive
post_score,1000,0.2065717525861799,0.21927947578399615,0.456,0.716,96,20261106,5,easy,additive
baseline,1000,-0.009500856127168642,-0.014637747566618394,0.322,0.571,96,20261106,10,easy,additive
observed_gain,1000,0.16499775078275303,0.15688577296617404,0.322,0.571,96,20261106,10,easy,additive
post_score,1000,0.28011695798889047,0.26965697661802146,0.322,0.571,96,20261106,10,easy,additive
baseline,1000,-0.009158667345897827,-0.010324545230235179,0.261,0.488,96,20261106,15,easy,additive
observed_gain,1000,0.1726055114198583,0.1554311893003299,0.261,0.488,96,20261106,15,easy,additive
post_score,1000,0.3059752376607358,0.287634296588937,0.261,0.488,96,20261106,15,easy,additive
baseline,1000,-0.017144899374495058,-0.013544428351590199,0.181,0.371,96,20261106,30,easy,additive
observed_gain,1000,0.1806524760516977,0.15045405196888237,0.181,0.371,96,20261106,30,easy,additive
post_score,1000,0.3303528122773344,0.3037186226493691,0.181,0.371,96,20261106,30,easy,additive
baseline,1000,0.009649557724062063,-0.00818484739406116,0.238,0.397,96,20261106,5,broad,additive
observed_gain,1000,0.13224155124834122,0.14189532281306363,0.238,0.397,96,20261106,5,broad,additive
post_score,1000,0.21205183796970625,0.1950800572358076,0.238,0.397,96,20261106,5,broad,additive
baseline,1000,0.004951737192730772,-0.011030507215507317,0.117,0.201,96,20261106,10,broad,additive
observed_gain,1000,0.2381529189210419,0.2370638186774375,0.117,0.201,96,20261106,10,broad,additive
post_score,1000,0.2842287990446555,0.2582123070568236,0.117,0.201,96,20261106,10,broad,additive
baseline,1000,-0.007568773400923478,-0.021731083931123666,0.082,0.142,96,20261106,15,broad,additive
observed_gain,1000,0.2927357488002328,0.2870825539930978,0.082,0.142,96,20261106,15,broad,additive
post_score,1000,0.3135262904450897,0.2836205495549311,0.082,0.142,96,20261106,15,broad,additive
baseline,1000,-0.014798384506566658,-0.023771088266562455,0.044,0.083,96,20261106,30,broad,additive
observed_gain,1000,0.30569468189114174,0.28923537547700817,0.044,0.083,96,20261106,30,broad,additive
post_score,1000,0.32340129631440706,0.28743358788163437,0.044,0.083,96,20261106,30,broad,additive
baseline,1000,-0.656356822589,-0.7242696479059109,0.456,0.899,96,20261106,5,easy,catch_up
observed_gain,1000,0.6657178142878446,0.7097819497502074,0.456,0.899,96,20261106,5,easy,catch_up
post_score,1000,0.11514200775870982,0.059121329673310345,0.456,0.899,96,20261106,5,easy,catch_up
baseline,1000,-0.71110678304805,-0.797739872919552,0.322,0.815,96,20261106,10,easy,catch_up
observed_gain,1000,0.7306807633246195,0.7925629018033717,0.322,0.815,96,20261106,10,easy,catch_up
post_score,1000,0.16931236893384558,0.09925624256109285,0.322,0.815,96,20261106,10,easy,catch_up
baseline,1000,-0.7404650301232948,-0.8202278496424725,0.261,0.758,96,20261106,15,easy,catch_up
observed_gain,1000,0.7597256585887682,0.8179587312017821,0.261,0.758,96,20261106,15,easy,catch_up
post_score,1000,0.19947807177703514,0.13352392091148177,0.261,0.758,96,20261106,15,easy,catch_up
baseline,1000,-0.7660037010901609,-0.8471407063709414,0.181,0.625,96,20261106,30,easy,catch_up
observed_gain,1000,0.7862360184315133,0.8482826793526402,0.181,0.625,96,20261106,30,easy,catch_up
post_score,1000,0.2571076063708945,0.18245889056389258,0.181,0.625,96,20261106,30,easy,catch_up
baseline,1000,-0.6040207944460964,-0.685792498065307,0.238,0.59,96,20261106,5,broad,catch_up
observed_gain,1000,0.6287023277969274,0.6528771965651681,0.238,0.59,96,20261106,5,broad,catch_up
post_score,1000,0.23785368365935727,0.14498972549161962,0.238,0.59,96,20261106,5,broad,catch_up
baseline,1000,-0.6471517102652653,-0.7794990935728385,0.117,0.369,96,20261106,10,broad,catch_up
observed_gain,1000,0.7240891773776886,0.7921020596889168,0.117,0.369,96,20261106,10,broad,catch_up
post_score,1000,0.334134450785002,0.22326028892181862,0.117,0.369,96,20261106,10,broad,catch_up
baseline,1000,-0.6896724762368129,-0.8223406400188384,0.082,0.278,96,20261106,15,broad,catch_up
observed_gain,1000,0.7694452432889738,0.8379919660286177,0.082,0.278,96,20261106,15,broad,catch_up
post_score,1000,0.3697410928995437,0.24777615455491814,0.082,0.278,96,20261106,15,broad,catch_up
baseline,1000,-0.735559288465157,-0.8502754228284785,0.044,0.169,96,20261106,30,broad,catch_up
observed_gain,1000,0.8178579561445768,0.8749519060834461,0.044,0.169,96,20261106,30,broad,catch_up
post_score,1000,0.41497737075920593,0.2737453322473384,0.044,0.169,96,20261106,30,broad,catch_up
baseline,1000,0.4853700050298215,0.74879210721434,0.485,0.601,97,20261107,5,easy,proportional
observed_gain,1000,-0.1233030863999372,-0.15579501325755354,0.485,0.601,97,20261107,5,easy,proportional
post_score,1000,0.4509498795124017,0.7675419214534722,0.485,0.601,97,20261107,5,easy,proportional
baseline,1000,0.5422334318446581,0.81807446725845,0.336,0.48,97,20261107,10,easy,proportional
observed_gain,1000,-0.1591819962600118,-0.1684968097309938,0.336,0.48,97,20261107,10,easy,proportional
post_score,1000,0.497365329062385,0.8356427033007536,0.336,0.48,97,20261107,10,easy,proportional
baseline,1000,0.5595745639080468,0.8423243576606312,0.28,0.418,97,20261107,15,easy,proportional
observed_gain,1000,-0.17835794538982816,-0.19024597014944467,0.28,0.418,97,20261107,15,easy,proportional
post_score,1000,0.5148136437795189,0.863865812843403,0.28,0.418,97,20261107,15,easy,proportional
baseline,1000,0.583831819067625,0.8711641575550614,0.201,0.334,97,20261107,30,easy,proportional
observed_gain,1000,-0.2104682013558023,-0.19300534490242663,0.201,0.334,97,20261107,30,easy,proportional
post_score,1000,0.5335961682899278,0.9024731845914432,0.201,0.334,97,20261107,30,easy,proportional
baseline,1000,0.5517269716211007,0.7368972826014691,0.287,0.403,97,20261107,5,broad,proportional
observed_gain,1000,-0.042315948706261645,-0.002257966530182843,0.287,0.403,97,20261107,5,broad,proportional
post_score,1000,0.5418108977350433,0.7975722271801429,0.287,0.403,97,20261107,5,broad,proportional
baseline,1000,0.6220504122152956,0.8229943859712684,0.128,0.216,97,20261107,10,broad,proportional
observed_gain,1000,-0.033168435139778275,0.027840179333313692,0.128,0.216,97,20261107,10,broad,proportional
post_score,1000,0.6043719334467551,0.8645669755216031,0.128,0.216,97,20261107,10,broad,proportional
baseline,1000,0.6401300417141677,0.8443514513714999,0.064,0.151,97,20261107,15,broad,proportional
observed_gain,1000,-0.00484121544305504,0.046736733894038006,0.064,0.151,97,20261107,15,broad,proportional
post_score,1000,0.6297962731243215,0.8897708850432233,0.064,0.151,97,20261107,15,broad,proportional
baseline,1000,0.6750627111946225,0.8725810253917758,0.028,0.091,97,20261107,30,broad,proportional
observed_gain,1000,0.02072460207271603,0.12866339819406156,0.028,0.091,97,20261107,30,broad,proportional
post_score,1000,0.6594306244180509,0.9258080295252601,0.028,0.091,97,20261107,30,broad,proportional
baseline,1000,-0.06145591283065898,-0.056531746512247016,0.485,0.757,97,20261107,5,easy,additive
observed_gain,1000,0.19521981511048123,0.16920220884763915,0.485,0.757,97,20261107,5,easy,additive
post_score,1000,0.24969460111445058,0.2863822225804541,0.485,0.757,97,20261107,5,easy,additive
baseline,1000,-0.06511267583990756,-0.06404656423337049,0.336,0.586,97,20261107,10,easy,additive
observed_gain,1000,0.2294783989560705,0.19763952658593067,0.336,0.586,97,20261107,10,easy,additive
post_score,1000,0.27512436642588334,0.26645824311201144,0.336,0.586,97,20261107,10,easy,additive
baseline,1000,-0.06696883108077407,-0.06039390790776544,0.28,0.497,97,20261107,15,easy,additive
observed_gain,1000,0.2491641791156228,0.20366173484741912,0.28,0.497,97,20261107,15,easy,additive
post_score,1000,0.28275188151662034,0.2497631923140315,0.28,0.497,97,20261107,15,easy,additive
baseline,1000,-0.0692413430909855,-0.06031758322636342,0.201,0.354,97,20261107,30,easy,additive
observed_gain,1000,0.2810402420987136,0.22703641481078926,0.201,0.354,97,20261107,30,easy,additive
post_score,1000,0.3108336016678915,0.2741850429936061,0.201,0.354,97,20261107,30,easy,additive
baseline,1000,-0.05156877620929311,-0.039138980506666754,0.287,0.47,97,20261107,5,broad,additive
observed_gain,1000,0.24931110263716696,0.23447953629824597,0.287,0.47,97,20261107,5,broad,additive
post_score,1000,0.2511558191453544,0.25357936123069513,0.287,0.47,97,20261107,5,broad,additive
baseline,1000,-0.05084029044459918,-0.04513377237725956,0.128,0.205,97,20261107,10,broad,additive
observed_gain,1000,0.2851316065212853,0.2752444004783924,0.128,0.205,97,20261107,10,broad,additive
post_score,1000,0.258379733492151,0.24061761589812947,0.128,0.205,97,20261107,10,broad,additive
baseline,1000,-0.06481450958163487,-0.05464959165044324,0.064,0.127,97,20261107,15,broad,additive
observed_gain,1000,0.32965798215325554,0.28606918465750464,0.064,0.127,97,20261107,15,broad,additive
post_score,1000,0.2608140244709237,0.22932719064078003,0.064,0.127,97,20261107,15,broad,additive
baseline,1000,-0.07148893191678955,-0.05787764585854792,0.028,0.061,97,20261107,30,broad,additive
observed_gain,1000,0.4381594248316008,0.3882296938800013,0.028,0.061,97,20261107,30,broad,additive
post_score,1000,0.29774209877132324,0.2674974597944263,0.028,0.061,97,20261107,30,broad,additive
baseline,1000,-0.5995213530031055,-0.7444646930520445,0.485,0.923,97,20261107,5,easy,catch_up
observed_gain,1000,0.6052717419065832,0.727612100780356,0.485,0.923,97,20261107,5,easy,catch_up
post_score,1000,0.11341249802132762,0.07642739131858635,0.485,0.923,97,20261107,5,easy,catch_up
baseline,1000,-0.6557054256586086,-0.8153173376612148,0.336,0.837,97,20261107,10,easy,catch_up
observed_gain,1000,0.6688918380469968,0.8035802918866496,0.336,0.837,97,20261107,10,easy,catch_up
post_score,1000,0.15048477132240326,0.08825590091818107,0.336,0.837,97,20261107,10,easy,catch_up
baseline,1000,-0.6727649653616143,-0.8369152605210842,0.28,0.748,97,20261107,15,easy,catch_up
observed_gain,1000,0.6901195584389705,0.8215336184895047,0.28,0.748,97,20261107,15,easy,catch_up
post_score,1000,0.16169632913586438,0.07225460028213455,0.28,0.748,97,20261107,15,easy,catch_up
baseline,1000,-0.6983332615670911,-0.8619531806687163,0.201,0.587,97,20261107,30,easy,catch_up
observed_gain,1000,0.7214457334210926,0.8601411435864409,0.201,0.587,97,20261107,30,easy,catch_up
post_score,1000,0.208816436463392,0.103475990324112,0.201,0.587,97,20261107,30,easy,catch_up
baseline,1000,-0.5401317019069383,-0.7127790625320525,0.287,0.693,97,20261107,5,broad,catch_up
observed_gain,1000,0.5793585428635254,0.706204828211404,0.287,0.693,97,20261107,5,broad,catch_up
post_score,1000,0.19736767884893833,0.10762277179526142,0.287,0.693,97,20261107,5,broad,catch_up
baseline,1000,-0.612007632000303,-0.7947944759949754,0.128,0.349,97,20261107,10,broad,catch_up
observed_gain,1000,0.6821034133842271,0.7847357659765569,0.128,0.349,97,20261107,10,broad,catch_up
post_score,1000,0.2807464924411976,0.12027621773852192,0.128,0.349,97,20261107,10,broad,catch_up
baseline,1000,-0.6353335140278411,-0.8251951885391179,0.064,0.225,97,20261107,15,broad,catch_up
observed_gain,1000,0.720045557252747,0.810256699571118,0.064,0.225,97,20261107,15,broad,catch_up
post_score,1000,0.3028043141098299,0.10340849822657407,0.064,0.225,97,20261107,15,broad,catch_up
baseline,1000,-0.6537916968368597,-0.8580898730729879,0.028,0.111,97,20261107,30,broad,catch_up
observed_gain,1000,0.7646793403461203,0.8822145947787586,0.028,0.111,97,20261107,30,broad,catch_up
post_score,1000,0.3575856258477617,0.14907381956382343,0.028,0.111,97,20261107,30,broad,catch_up
baseline,1000,0.50905094873176,0.7484935289870452,0.32,0.448,98,20261108,5,easy,proportional
observed_gain,1000,-0.05194177198313834,-0.019815293861931257,0.32,0.448,98,20261108,5,easy,proportional
post_score,1000,0.49263391978080195,0.8123575719857439,0.32,0.448,98,20261108,5,easy,proportional
baseline,1000,0.5121310821226541,0.8182772046641751,0.297,0.433,98,20261108,10,easy,proportional
observed_gain,1000,-0.13673968825277508,-0.12258583897140572,0.297,0.433,98,20261108,10,easy,proportional
post_score,1000,0.46625961586050535,0.8497864572867235,0.297,0.433,98,20261108,10,easy,proportional
baseline,1000,0.5190943640650068,0.8399098445779077,0.246,0.387,98,20261108,15,easy,proportional
observed_gain,1000,-0.1579869121821738,-0.16137946264347844,0.246,0.387,98,20261108,15,easy,proportional
post_score,1000,0.4718540770055784,0.8747278248529969,0.246,0.387,98,20261108,15,easy,proportional
baseline,1000,0.5037891383185205,0.8642547086609782,0.198,0.357,98,20261108,30,easy,proportional
observed_gain,1000,-0.25503938112362884,-0.2996307207748914,0.198,0.357,98,20261108,30,easy,proportional
post_score,1000,0.450467160084438,0.8948818497473174,0.198,0.357,98,20261108,30,easy,proportional
baseline,1000,0.5285801185543761,0.602101409014664,0.103,0.182,98,20261108,5,broad,proportional
observed_gain,1000,0.0918801508247618,0.1511220705080103,0.103,0.182,98,20261108,5,broad,proportional
post_score,1000,0.5894390376610799,0.7420665204344036,0.103,0.182,98,20261108,5,broad,proportional
baseline,1000,0.5857712431371195,0.793997128416651,0.092,0.175,98,20261108,10,broad,proportional
observed_gain,1000,0.004153420198753547,0.08929060076190594,0.092,0.175,98,20261108,10,broad,proportional
post_score,1000,0.5828586578992081,0.8658889135415712,0.092,0.175,98,20261108,10,broad,proportional
baseline,1000,0.599405117296554,0.8294543134597999,0.072,0.15,98,20261108,15,broad,proportional
observed_gain,1000,-0.013484620305820679,0.0668654903317542,0.072,0.15,98,20261108,15,broad,proportional
post_score,1000,0.5908845107595693,0.894332789954545,0.072,0.15,98,20261108,15,broad,proportional
baseline,1000,0.593795299289197,0.8683662888542711,0.055,0.132,98,20261108,30,broad,proportional
observed_gain,1000,-0.11763045016302802,-0.04394823151942396,0.055,0.132,98,20261108,30,broad,proportional
post_score,1000,0.5659033564213314,0.9244783022128956,0.055,0.132,98,20261108,30,broad,proportional
baseline,1000,0.03369920446034928,0.05860219720412041,0.32,0.543,98,20261108,5,easy,additive
observed_gain,1000,0.20175356038135941,0.16817612432319473,0.32,0.543,98,20261108,5,easy,additive
post_score,1000,0.3068544559024954,0.3217243090984871,0.32,0.543,98,20261108,5,easy,additive
baseline,1000,0.03795360566599466,0.050134879283157956,0.297,0.517,98,20261108,10,easy,additive
observed_gain,1000,0.1536600829561623,0.1314624105356813,0.297,0.517,98,20261108,10,easy,additive
post_score,1000,0.32272656976539943,0.3379381015357981,0.297,0.517,98,20261108,10,easy,additive
baseline,1000,0.04637368181673095,0.05849606858989304,0.246,0.45,98,20261108,15,easy,additive
observed_gain,1000,0.14581552286513874,0.11530679392187947,0.246,0.45,98,20261108,15,easy,additive
post_score,1000,0.3380504119679536,0.3519254868444341,0.246,0.45,98,20261108,15,easy,additive
baseline,1000,0.05274618906180724,0.06281193331936641,0.198,0.397,98,20261108,30,easy,additive
observed_gain,1000,0.09609502886818483,0.07497495665784276,0.198,0.397,98,20261108,30,easy,additive
post_score,1000,0.3461986593963518,0.35990566838590426,0.198,0.397,98,20261108,30,easy,additive
baseline,1000,0.03179422073212841,0.055430575615383025,0.103,0.162,98,20261108,5,broad,additive
observed_gain,1000,0.20377103073046943,0.1541113688667487,0.103,0.162,98,20261108,5,broad,additive
post_score,1000,0.26358204310459354,0.24707208573014722,0.103,0.162,98,20261108,5,broad,additive
baseline,1000,0.035023775041245216,0.0501279238682442,0.092,0.151,98,20261108,10,broad,additive
observed_gain,1000,0.23182812454077648,0.19996157235881082,0.092,0.151,98,20261108,10,broad,additive
post_score,1000,0.31485766707983265,0.3071166294936444,0.092,0.151,98,20261108,10,broad,additive
baseline,1000,0.04855036516357793,0.06137119087127579,0.072,0.114,98,20261108,15,broad,additive
observed_gain,1000,0.22971779300061082,0.19829103426742622,0.072,0.114,98,20261108,15,broad,additive
post_score,1000,0.3374016647761173,0.33141250406483586,0.072,0.114,98,20261108,15,broad,additive
baseline,1000,0.053793380430266144,0.06707286263689025,0.055,0.09,98,20261108,30,broad,additive
observed_gain,1000,0.2086772912783333,0.1744285464820758,0.055,0.09,98,20261108,30,broad,additive
post_score,1000,0.36876315608076143,0.36898450127483007,0.055,0.09,98,20261108,30,broad,additive
baseline,1000,-0.6012288861042794,-0.7307188369876856,0.32,0.797,98,20261108,5,easy,catch_up
observed_gain,1000,0.6245473178225357,0.7298876084834582,0.32,0.797,98,20261108,5,easy,catch_up
post_score,1000,0.16279995767251065,0.11378274817399543,0.32,0.797,98,20261108,5,easy,catch_up
baseline,1000,-0.6853728448630133,-0.8054016995591529,0.297,0.784,98,20261108,10,easy,catch_up
observed_gain,1000,0.7027895737939585,0.8040974121479082,0.297,0.784,98,20261108,10,easy,catch_up
post_score,1000,0.16857791390055168,0.11853395904844757,0.297,0.784,98,20261108,10,easy,catch_up
baseline,1000,-0.6910706020853109,-0.8178753332015769,0.246,0.715,98,20261108,15,easy,catch_up
observed_gain,1000,0.7121654492902607,0.8193107797121305,0.246,0.715,98,20261108,15,easy,catch_up
post_score,1000,0.19898657188246546,0.139843481483082,0.246,0.715,98,20261108,15,easy,catch_up
baseline,1000,-0.7031916889409285,-0.8382320166342517,0.198,0.66,98,20261108,30,easy,catch_up
observed_gain,1000,0.7184739608791341,0.83967857977600735,0.198,0.66,98,20261108,30,easy,catch_up
post_score,1000,0.21386308984559055,0.1437184029531321,0.198,0.66,98,20261108,30,easy,catch_up
baseline,1000,-0.45332706498818326,-0.5818586651495629,0.103,0.268,98,20261108,5,broad,catch_up
observed_gain,1000,0.5646155254525768,0.5788486949807286,0.103,0.268,98,20261108,5,broad,catch_up
post_score,1000,0.28568307158413525,0.13386568170477114,0.103,0.268,98,20261108,5,broad,catch_up
baseline,1000,-0.6426698658441258,-0.7851480117642132,0.092,0.255,98,20261108,10,broad,catch_up
observed_gain,1000,0.7137343220048592,0.782708623005541,0.092,0.255,98,20261108,10,broad,catch_up
post_score,1000,0.29483589413152755,0.15060872255831412,0.092,0.255,98,20261108,10,broad,catch_up
baseline,1000,-0.6638368049573693,-0.8096411625564903,0.072,0.195,98,20261108,15,broad,catch_up
observed_gain,1000,0.7435185353733661,0.8155419196058468,0.072,0.195,98,20261108,15,broad,catch_up
post_score,1000,0.31896082238317564,0.16362628880787197,0.072,0.195,98,20261108,15,broad,catch_up
baseline,1000,-0.7015354062340482,-0.8459034082352396,0.055,0.161,98,20261108,30,broad,catch_up
observed_gain,1000,0.7673304259527991,0.8670176589417508,0.055,0.161,98,20261108,30,broad,catch_up
post_score,1000,0.35445564084963677,0.19725314538604086,0.055,0.161,98,20261108,30,broad,catch_up
baseline,1000,0.5597752717056187,0.7782838053626013,0.335,0.505,99,20261109,5,easy,proportional
observed_gain,1000,-0.06460122410387074,-0.04821760903086306,0.335,0.505,99,20261109,5,easy,proportional
post_score,1000,0.5325017422429291,0.8201926329667337,0.335,0.505,99,20261109,5,easy,proportional
baseline,1000,0.6062720286417103,0.8315917597574257,0.259,0.409,99,20261109,10,easy,proportional
observed_gain,1000,-0.11342105649181515,-0.07970023523755422,0.259,0.409,99,20261109,10,easy,proportional
post_score,1000,0.5687765472569188,0.8746694082685992,0.259,0.409,99,20261109,10,easy,proportional
baseline,1000,0.6145005202294292,0.8441217029197563,0.231,0.374,99,20261109,15,easy,proportional
observed_gain,1000,-0.13915711352210458,-0.08707413576756913,0.231,0.374,99,20261109,15,easy,proportional
post_score,1000,0.5725694736007256,0.8906069050846929,0.231,0.374,99,20261109,15,easy,proportional
baseline,1000,0.618312505084859,0.8688468131680732,0.178,0.32,99,20261109,30,easy,proportional
observed_gain,1000,-0.18896748566257965,-0.14900944797180163,0.178,0.32,99,20261109,30,easy,proportional
post_score,1000,0.5706376117797799,0.911587259471239,0.178,0.32,99,20261109,30,easy,proportional
baseline,1000,0.5728769854831203,0.6971093835839336,0.129,0.223,99,20261109,5,broad,proportional
observed_gain,1000,0.1016344264378475,0.14243467767666787,0.129,0.223,99,20261109,5,broad,proportional
post_score,1000,0.631626832023172,0.802023606387743,0.129,0.223,99,20261109,5,broad,proportional
baseline,1000,0.6366764806246991,0.7588734759378594,0.073,0.148,99,20261109,10,broad,proportional
observed_gain,1000,0.10595342137488208,0.18102454806480706,0.073,0.148,99,20261109,10,broad,proportional
post_score,1000,0.6824699925914125,0.8654187948504617,0.073,0.148,99,20261109,10,broad,proportional
baseline,1000,0.667137443205984,0.7893070089689157,0.053,0.126,99,20261109,15,broad,proportional
observed_gain,1000,0.11315687698601183,0.2349291136655634,0.053,0.126,99,20261109,15,broad,proportional
post_score,1000,0.6938983138571452,0.8868089675502949,0.053,0.126,99,20261109,15,broad,proportional
baseline,1000,0.6931419465677306,0.8496043183846851,0.033,0.097,99,20261109,30,broad,proportional
observed_gain,1000,0.0949209849042692,0.23156372109629492,0.033,0.097,99,20261109,30,broad,proportional
post_score,1000,0.6983977937686618,0.9229959322659234,0.033,0.097,99,20261109,30,broad,proportional
baseline,1000,3.5191758473238294e-4,-0.0156726303273677,0.335,0.623,99,20261109,5,easy,additive
observed_gain,1000,0.18940440021729926,0.1974761864309595,0.335,0.623,99,20261109,5,easy,additive
post_score,1000,0.27496407955903523,0.2629345471425787,0.335,0.623,99,20261109,5,easy,additive
baseline,1000,0.006423243725167411,-0.0024341216670603688,0.259,0.483,99,20261109,10,easy,additive
observed_gain,1000,0.2071951058169876,0.1848008745863765,0.259,0.483,99,20261109,10,easy,additive
post_score,1000,0.3116614242809014,0.2837929695964031,0.259,0.483,99,20261109,10,easy,additive
baseline,1000,0.0010817213368233393,-0.012422011480007255,0.231,0.428,99,20261109,15,easy,additive
observed_gain,1000,0.23098370235749788,0.22426097513915713,0.231,0.428,99,20261109,15,easy,additive
post_score,1000,0.337219379927656,0.30714997811146083,0.231,0.428,99,20261109,15,easy,additive
baseline,1000,-0.0011184517150838078,-0.02286573630654154,0.178,0.351,99,20261109,30,easy,additive
observed_gain,1000,0.22565417757123007,0.21992723134007566,0.178,0.351,99,20261109,30,easy,additive
post_score,1000,0.3573029206907719,0.31816596448357104,0.178,0.351,99,20261109,30,easy,additive
baseline,1000,-0.01764526628779039,-0.02662752464392824,0.129,0.21,99,20261109,5,broad,additive
observed_gain,1000,0.26235582454868356,0.24945123051961882,0.129,0.21,99,20261109,5,broad,additive
post_score,1000,0.26655680090159867,0.24148701337876008,0.129,0.21,99,20261109,5,broad,additive
baseline,1000,-0.025681540024239724,-0.03360146473119907,0.073,0.12,99,20261109,10,broad,additive
observed_gain,1000,0.33586745839957494,0.316123760828986,0.073,0.12,99,20261109,10,broad,additive
post_score,1000,0.29598404559086045,0.2602049710098775,0.073,0.12,99,20261109,10,broad,additive
baseline,1000,-0.027555216996736888,-0.033786934843080915,0.053,0.093,99,20261109,15,broad,additive
observed_gain,1000,0.41279126993524656,0.38581905295312036,0.053,0.093,99,20261109,15,broad,additive
post_score,1000,0.32351797617595957,0.28007489887101467,0.053,0.093,99,20261109,15,broad,additive
baseline,1000,-0.02731043874666395,-0.0383437080777264,0.033,0.063,99,20261109,30,broad,additive
observed_gain,1000,0.4499342198592575,0.4374019056762548,0.033,0.063,99,20261109,30,broad,additive
post_score,1000,0.3509985414582923,0.3063332100970642,0.033,0.063,99,20261109,30,broad,additive
baseline,1000,-0.6116434950400905,-0.755941281226169,0.335,0.853,99,20261109,5,easy,catch_up
observed_gain,1000,0.630883451833828,0.7515073974332831,0.335,0.853,99,20261109,5,easy,catch_up
post_score,1000,0.1301618747830289,0.06763449678303449,0.335,0.853,99,20261109,5,easy,catch_up
baseline,1000,-0.6584374167867931,-0.79239604497276,0.259,0.754,99,20261109,10,easy,catch_up
observed_gain,1000,0.6849434046576598,0.7943486836309573,0.259,0.754,99,20261109,10,easy,catch_up
post_score,1000,0.17137368657525756,0.10787968368605558,0.259,0.754,99,20261109,10,easy,catch_up
baseline,1000,-0.6758118741842274,-0.8160872674525687,0.231,0.692,99,20261109,15,easy,catch_up
observed_gain,1000,0.7038608839722782,0.8246666766518291,0.231,0.692,99,20261109,15,easy,catch_up
post_score,1000,0.19694383878879715,0.14126944477439873,0.231,0.692,99,20261109,15,easy,catch_up
baseline,1000,-0.7078767924871363,-0.8393200793753411,0.178,0.598,99,20261109,30,easy,catch_up
observed_gain,1000,0.7360478292083246,0.8511883914577627,0.178,0.598,99,20261109,30,easy,catch_up
post_score,1000,0.23302112596956556,0.17006609669070138,0.178,0.598,99,20261109,30,easy,catch_up
baseline,1000,-0.5207759840287736,-0.6886218287758391,0.129,0.38,99,20261109,5,broad,catch_up
observed_gain,1000,0.6166497572501792,0.6971720948540205,0.129,0.38,99,20261109,5,broad,catch_up
post_score,1000,0.3002587608914489,0.19288817195514613,0.129,0.38,99,20261109,5,broad,catch_up
baseline,1000,-0.5734535396238575,-0.7551581562582921,0.073,0.232,99,20261109,10,broad,catch_up
observed_gain,1000,0.6990138553915357,0.7945963418360342,0.073,0.232,99,20261109,10,broad,catch_up
post_score,1000,0.358364470311911,0.22048754732558912,0.073,0.232,99,20261109,10,broad,catch_up
baseline,1000,-0.5948402758401532,-0.7893847300250718,0.053,0.188,99,20261109,15,broad,catch_up
observed_gain,1000,0.7324603577889295,0.8456340621897362,0.053,0.188,99,20261109,15,broad,catch_up
post_score,1000,0.3735915611229614,0.23145848925319412,0.053,0.188,99,20261109,15,broad,catch_up
baseline,1000,-0.6571309265662842,-0.836027904988183,0.033,0.121,99,20261109,30,broad,catch_up
observed_gain,1000,0.7860170921862416,0.8943671333248736,0.033,0.121,99,20261109,30,broad,catch_up
post_score,1000,0.40182146705484917,0.24839311176323703,0.033,0.121,99,20261109,30,broad,catch_up
baseline,1000,0.4336510169743244,0.776645512281815,0.491,0.635,100,20261110,5,easy,proportional
observed_gain,1000,-0.15038591698740922,-0.19848943024229124,0.491,0.635,100,20261110,5,easy,proportional
post_score,1000,0.37490180335337203,0.7597479208680278,0.491,0.635,100,20261110,5,easy,proportional
baseline,1000,0.47843770075155256,0.8144093113966733,0.313,0.441,100,20261110,10,easy,proportional
observed_gain,1000,-0.1303512535869872,-0.1292654919765145,0.313,0.441,100,20261110,10,easy,proportional
post_score,1000,0.44083937474017776,0.8500834637665965,0.313,0.441,100,20261110,10,easy,proportional
baseline,1000,0.48683230417500356,0.8351391309135587,0.266,0.399,100,20261110,15,easy,proportional
observed_gain,1000,-0.14858918287747383,-0.1559862224503451,0.266,0.399,100,20261110,15,easy,proportional
post_score,1000,0.44716785739910575,0.8758555609262412,0.266,0.399,100,20261110,15,easy,proportional
baseline,1000,0.5108730291962266,0.8642929345686441,0.17,0.315,100,20261110,30,easy,proportional
observed_gain,1000,-0.16193196084650585,-0.1315803892946017,0.17,0.315,100,20261110,30,easy,proportional
post_score,1000,0.4641699031425845,0.906342029092985,0.17,0.315,100,20261110,30,easy,proportional
baseline,1000,0.5030735672193997,0.7741442281288333,0.304,0.451,100,20261110,5,broad,proportional
observed_gain,1000,-0.09294482434704587,-0.049627010839982034,0.304,0.451,100,20261110,5,broad,proportional
post_score,1000,0.46500033620278264,0.8101752710333008,0.304,0.451,100,20261110,5,broad,proportional
baseline,1000,0.5554298888772584,0.7971657485431743,0.099,0.199,100,20261110,10,broad,proportional
observed_gain,1000,-0.00460576388393694,0.08530717207883508,0.099,0.199,100,20261110,10,broad,proportional
post_score,1000,0.5486647726732788,0.8712575749997438,0.099,0.199,100,20261110,10,broad,proportional
baseline,1000,0.5674120844285833,0.8253133196852416,0.069,0.155,100,20261110,15,broad,proportional
observed_gain,1000,-0.0023035379449653187,0.09231235359703654,0.069,0.155,100,20261110,15,broad,proportional
post_score,1000,0.5603110535007173,0.894823177556376,0.069,0.155,100,20261110,15,broad,proportional
baseline,1000,0.6009476520433407,0.8628806960152792,0.027,0.082,100,20261110,30,broad,proportional
observed_gain,1000,0.047362993407432503,0.1907942756734302,0.027,0.082,100,20261110,30,broad,proportional
post_score,1000,0.5899763894114647,0.9276205288448337,0.027,0.082,100,20261110,30,broad,proportional
baseline,1000,0.04069775390972744,0.03677251749699147,0.491,0.784,100,20261110,5,easy,additive
observed_gain,1000,0.08100333304887737,0.08134771647324542,0.491,0.784,100,20261110,5,easy,additive
post_score,1000,0.2507699533681039,0.2880080864269243,0.491,0.784,100,20261110,5,easy,additive
baseline,1000,0.033013780646398504,0.029045025225431512,0.313,0.54,100,20261110,10,easy,additive
observed_gain,1000,0.15795694483688194,0.1525942099991415,0.313,0.54,100,20261110,10,easy,additive
post_score,1000,0.32423693688404503,0.34436241688499897,0.313,0.54,100,20261110,10,easy,additive
baseline,1000,0.04655202090923686,0.04161024215727086,0.266,0.459,100,20261110,15,easy,additive
observed_gain,1000,0.1482600047439875,0.1409010051483872,0.266,0.459,100,20261110,15,easy,additive
post_score,1000,0.34273282967916757,0.3622109220847803,0.266,0.459,100,20261110,15,easy,additive
baseline,1000,0.04032746380642577,0.040704898455583644,0.17,0.328,100,20261110,30,easy,additive
observed_gain,1000,0.18172399649279133,0.15648240195592542,0.17,0.328,100,20261110,30,easy,additive
post_score,1000,0.36303676614939556,0.3706735837102533,0.17,0.328,100,20261110,30,easy,additive
baseline,1000,0.045579661749250266,0.04658877553379348,0.304,0.539,100,20261110,5,broad,additive
observed_gain,1000,0.16400695632619489,0.16539292427574376,0.304,0.539,100,20261110,5,broad,additive
post_score,1000,0.2868242591207192,0.2965816218348375,0.304,0.539,100,20261110,5,broad,additive
baseline,1000,0.0403765497818075,0.03611611506283639,0.099,0.175,100,20261110,10,broad,additive
observed_gain,1000,0.23491785463483658,0.23384151766714417,0.099,0.175,100,20261110,10,broad,additive
post_score,1000,0.31952978894973916,0.3167002538452734,0.099,0.175,100,20261110,10,broad,additive
baseline,1000,0.05206911882301673,0.048851594938922584,0.069,0.12,100,20261110,15,broad,additive
observed_gain,1000,0.23910898149094253,0.24125589076376092,0.069,0.12,100,20261110,15,broad,additive
post_score,1000,0.3400374136839089,0.3412785250110352,0.069,0.12,100,20261110,15,broad,additive
baseline,1000,0.04227037937287273,0.047499049087177406,0.027,0.046,100,20261110,30,broad,additive
observed_gain,1000,0.3413088575779069,0.31889174291270916,0.027,0.046,100,20261110,30,broad,additive
post_score,1000,0.3828583875601066,0.3754959513693276,0.027,0.046,100,20261110,30,broad,additive
baseline,1000,-0.6596507569448685,-0.7500674882222089,0.491,0.946,100,20261110,5,easy,catch_up
observed_gain,1000,0.6620122896574736,0.7490918081036426,0.491,0.946,100,20261110,5,easy,catch_up
post_score,1000,0.08120210574560426,0.07389541860691873,0.491,0.946,100,20261110,5,easy,catch_up
baseline,1000,-0.6850754038298572,-0.8007374010883551,0.313,0.792,100,20261110,10,easy,catch_up
observed_gain,1000,0.7025031465963707,0.8033978712831398,0.313,0.792,100,20261110,10,easy,catch_up
post_score,1000,0.18177508331169842,0.14465424821629783,0.313,0.792,100,20261110,10,easy,catch_up
baseline,1000,-0.6873033276676561,-0.8092632878796335,0.266,0.726,100,20261110,15,easy,catch_up
observed_gain,1000,0.7085392698335621,0.8132178892103719,0.266,0.726,100,20261110,15,easy,catch_up
post_score,1000,0.2136816524186504,0.16833972111130502,0.266,0.726,100,20261110,15,easy,catch_up
baseline,1000,-0.7194782362477607,-0.8386175093766561,0.17,0.547,100,20261110,30,easy,catch_up
observed_gain,1000,0.7449165908265133,0.8467797940376893,0.17,0.547,100,20261110,30,easy,catch_up
post_score,1000,0.23746963307706168,0.15437085314740123,0.17,0.547,100,20261110,30,easy,catch_up
baseline,1000,-0.6307820501290684,-0.7425342758619857,0.304,0.761,100,20261110,5,broad,catch_up
observed_gain,1000,0.6521044567460316,0.7395045298731957,0.304,0.761,100,20261110,5,broad,catch_up
post_score,1000,0.14190402215604417,0.08468337214443201,0.304,0.761,100,20261110,5,broad,catch_up
baseline,1000,-0.6403676760208308,-0.7762922966438188,0.099,0.3,100,20261110,10,broad,catch_up
observed_gain,1000,0.7160276635880386,0.7838749800655448,0.099,0.3,100,20261110,10,broad,catch_up
post_score,1000,0.297796283787982,0.17149341325355275,0.099,0.3,100,20261110,10,broad,catch_up
baseline,1000,-0.6534850631828533,-0.7901639766264839,0.069,0.206,100,20261110,15,broad,catch_up
observed_gain,1000,0.74273761617979706,0.8001145444837388,0.069,0.206,100,20261110,15,broad,catch_up
post_score,1000,0.32071372064588405,0.16536302599970598,0.069,0.206,100,20261110,15,broad,catch_up
baseline,1000,-0.6892578307687848,-0.8314901913988944,0.027,0.085,100,20261110,30,broad,catch_up
observed_gain,1000,0.8047484692285635,0.8716012780259248,0.027,0.085,100,20261110,30,broad,catch_up
post_score,1000,0.38713969933818027,0.21592311373639655,0.027,0.085,100,20261110,30,broad,catch_up
